village_name,location_code,area_ha,population,households,primary_school,middle_school,secondary_school,senior_secondary_school,chc,phc,phs,hospital_allopathic,dispensary,medicine_shop,tap_water,well_water,hand_pump,tube_well,river_canal,pond_lake,community_toilet_bath,community_toilet,mobile_coverage,internet_csc,bus_service,railway_station,auto,taxi,national_highway,state_highway,major_district_road,other_district_road,pucca_roads,kutcha_roads,footpaths,bank,atm,agricultural_credit_society,pds_shop,icds,anganwadi,asha,electricity_domestic,electricity_agricultural,electricity_commercial,electricity_all_uses,forest_ha,non_agricultural_ha,barren_uncultivable_ha,pasture_ha,culturable_waste_ha,fallow_ha,current_fallow_ha,net_area_sown_ha,irrigated_ha,unirrigated_ha
Chawolkhowa Charaihabi Gaon,291066,132.6,519,93,1,a,a,c,,,,,,1.0,No,No,No,Yes,No,No,No,Yes,Yes,c,a,b,a,a,a,a,a,Yes,a,Yes,Yes,b,c,b,Yes,c,Yes,Yes,Yes,No,No,No,0.0,8.0,0.0,0.0,20.1,0.0,0.0,104.5,0.0,104.5
Chawolkhowa N.C.,291067,375.7,1668,291,3,3,a,a,,,,,,1.0,No,No,Yes,Yes,No,No,No,Yes,Yes,c,Yes,b,Yes,Yes,a,a,a,Yes,Yes,Yes,Yes,c,c,c,Yes,c,Yes,Yes,Yes,No,No,No,0.0,26.7,20.1,0.0,20.0,0.0,0.0,294.8,0.0,294.8
Shahjan Gaon No.2,291069,111.6,58,10,a,a,a,c,,,,,,1.0,Yes,No,No,Yes,No,No,Yes,No,c,c,Yes,c,a,a,c,c,c,c,a,a,Yes,c,c,c,Yes,c,c,a,No,No,No,No,0.0,48.7,0.0,40.0,3.4,1.8,0.0,15.4,0.0,15.4
Jagalani Grant No.43 F.S.,291070,498.6,1553,303,2,2,1,c,,,,,,1.0,Yes,Yes,No,Yes,Yes,No,No,Yes,c,Yes,Yes,Yes,c,Yes,c,c,c,Yes,Yes,Yes,Yes,c,c,c,Yes,c,Yes,Yes,Yes,No,No,No,0.0,66.9,0.0,0.0,80.3,13.4,0.0,307.8,0.0,307.8
Walkhabi Gaon No.1,291072,175.8,170,34,a,a,a,c,,,,,,1.0,No,Yes,Yes,No,No,No,No,Yes,Yes,c,Yes,c,c,Yes,c,c,c,Yes,b,Yes,Yes,b,c,b,Yes,c,c,a,Yes,No,No,No,0.0,47.1,40.0,0.0,0.0,0.0,0.0,68.6,0.0,68.6
Walkhabi Gaon No.2,291073,289.2,772,147,1,1,1,c,,,,,,1.0,No,No,Yes,No,No,No,No,Yes,Yes,c,Yes,c,c,c,c,c,c,Yes,b,Yes,Yes,c,c,c,a,c,Yes,Yes,Yes,No,No,No,0.0,37.1,79.6,0.0,0.0,15.0,0.0,151.8,0.0,151.8
Gabharujan Gaon,291074,129.7,328,63,1,1,b,c,,,,,,1.0,No,Yes,Yes,No,No,No,No,Yes,Yes,c,Yes,c,c,b,c,c,c,Yes,a,Yes,Yes,c,c,c,a,c,Yes,a,Yes,No,No,No,0.0,17.3,0.0,0.0,0.0,0.0,0.0,109.3,0.0,109.3
Shajan Gaon No.1,291075,46.0,58,12,a,a,a,c,,,,,,1.0,No,Yes,Yes,No,No,No,Yes,No,c,c,Yes,c,c,c,c,c,c,c,a,a,Yes,c,c,c,Yes,c,a,a,No,No,No,No,0.0,2.8,0.0,0.0,14.2,2.9,0.0,26.0,0.0,26.0
Hiloibam Gaon,291076,10.1,181,38,1,a,b,c,,,,,,1.0,No,Yes,Yes,Yes,No,No,No,Yes,Yes,c,Yes,a,b,b,a,a,a,Yes,b,Yes,Yes,c,c,c,a,c,Yes,b,Yes,No,No,No,0.0,0.1,0.0,6.3,2.1,0.0,0.0,1.6,0.0,1.6
Kalatomoni Gaon,291077,352.9,95,19,a,a,a,b,,,1.0,,,1.0,No,No,Yes,Yes,No,No,No,Yes,c,c,Yes,Yes,b,b,a,a,a,a,b,Yes,Yes,b,b,b,Yes,c,a,b,Yes,No,No,No,0.0,17.2,0.0,0.8,26.8,1.3,0.0,304.0,0.0,304.0
Hapekhati Gaon,291078,187.9,210,45,1,a,a,b,,,,,,1.0,No,Yes,Yes,No,No,No,No,No,c,c,b,c,b,c,b,b,b,Yes,a,Yes,Yes,b,b,b,a,c,Yes,b,No,No,No,No,0.0,28.3,0.0,8.4,7.1,0.0,0.0,141.0,0.0,141.0
Lengapather Gaon,291079,114.7,396,64,2,,b,c,,,,,,1.0,No,No,Yes,No,No,No,No,Yes,Yes,c,a,c,a,a,c,c,c,Yes,a,Yes,Yes,b,c,b,Yes,c,Yes,c,Yes,No,No,No,0.0,44.8,16.0,0.0,0.0,0.0,50.4,0.0,0.0,0.0
Bagibill Gaon,291080,253.2,495,85,1,a,a,b,,,,,,1.0,No,No,Yes,No,No,No,No,Yes,Yes,b,a,b,b,b,b,b,b,Yes,a,Yes,Yes,c,b,c,Yes,b,a,Yes,Yes,No,No,No,0.0,82.1,0.0,0.0,6.7,3.3,0.0,149.0,0.0,149.0
Mahmari Pather,291081,167.9,1354,265,3,2,a,a,,,,,,1.0,No,Yes,Yes,No,No,No,No,No,Yes,b,Yes,b,a,a,a,a,a,Yes,b,Yes,Yes,b,a,b,a,b,Yes,Yes,Yes,No,No,No,0.0,21.0,0.0,0.0,7.7,0.0,0.0,135.8,0.0,135.8
Changamari Habi,291082,232.9,399,76,1,a,a,b,,,,,,1.0,No,Yes,Yes,Yes,No,No,No,Yes,c,b,Yes,b,a,a,b,b,b,Yes,b,Yes,Yes,b,b,b,Yes,b,Yes,b,No,No,No,No,0.0,105.0,0.0,56.3,0.0,0.0,0.0,58.3,0.0,58.3
Changamari Tekela Gaon,291083,218.9,654,124,1,a,a,b,,,1.0,,,1.0,No,Yes,Yes,No,No,No,No,Yes,Yes,b,a,b,a,a,b,b,b,Yes,b,Yes,Yes,b,b,b,a,b,Yes,Yes,Yes,No,No,No,0.0,17.4,0.0,0.0,0.0,0.0,2.0,190.2,0.0,190.2
Dighala Gaon,291084,259.1,548,101,1,b,b,b,,,1.0,,,1.0,No,Yes,Yes,Yes,Yes,No,No,No,Yes,b,b,b,b,b,b,b,b,Yes,a,Yes,Yes,b,b,b,Yes,b,Yes,Yes,Yes,No,No,No,0.0,55.0,0.0,0.0,7.0,10.0,0.0,187.1,0.0,187.1
Tingkhong Gaon,291085,331.7,1358,255,2,2,a,a,,,1.0,,,1.0,Yes,Yes,Yes,Yes,Yes,No,No,Yes,Yes,b,b,b,Yes,b,a,a,a,Yes,b,Yes,Yes,a,a,a,a,b,Yes,Yes,Yes,No,No,No,0.0,115.0,0.0,0.0,4.1,8.0,0.0,195.0,0.0,195.0
Nagakhalia Gaon,291086,0.0,423,89,1,a,a,a,,,1.0,,,1.0,No,No,Yes,Yes,No,No,No,No,Yes,a,a,a,a,a,a,a,a,Yes,b,Yes,Yes,a,a,a,Yes,a,Yes,a,Yes,No,No,No,0.0,0.0,0.0,0.0,0.0,0.0,0.0,0.0,0.0,0.0
Konwar Handiqui Gaon,291087,192.0,1197,230,1,a,a,a,,,,,,1.0,Yes,Yes,Yes,No,No,No,Yes,No,Yes,b,a,b,Yes,a,a,a,a,Yes,b,Yes,Yes,a,a,a,Yes,b,Yes,Yes,Yes,No,No,No,75.0,0.0,0.0,0.0,8.0,5.0,0.0,97.0,0.0,97.0
Kamar Gaon,291088,242.2,3437,747,3,3,a,a,,,1.0,,,1.0,Yes,Yes,Yes,Yes,No,No,No,Yes,Yes,a,Yes,a,Yes,Yes,a,a,a,Yes,Yes,Yes,Yes,a,a,a,a,a,Yes,Yes,Yes,No,No,No,0.0,130.0,0.0,0.0,20.1,5.1,0.0,63.0,0.0,63.0
Chring Gaon,291089,123.2,1380,325,1,a,a,a,,,,,,1.0,Yes,Yes,Yes,Yes,No,No,No,Yes,Yes,a,a,a,Yes,a,a,a,a,Yes,b,Yes,Yes,b,a,c,a,a,Yes,Yes,Yes,No,No,No,0.0,83.0,0.0,0.0,0.0,0.0,0.0,19.9,0.0,19.9
Mankata T.E. 1/159 Rra (A),291090,256.0,5461,1288,1,a,a,a,,,1.0,,,1.0,Yes,Yes,Yes,Yes,No,No,Yes,No,Yes,a,Yes,a,Yes,Yes,a,a,a,Yes,Yes,Yes,Yes,Yes,a,a,Yes,a,Yes,Yes,Yes,No,Yes,No,0.0,80.4,0.0,0.0,0.0,0.0,0.0,165.2,0.0,165.2
Tepargaon,291091,251.0,4304,966,1,3,a,a,,,1.0,,,1.0,Yes,Yes,Yes,Yes,No,No,Yes,No,Yes,a,Yes,a,Yes,Yes,a,a,a,Yes,Yes,Yes,Yes,b,a,b,Yes,a,Yes,Yes,Yes,No,Yes,No,0.0,183.9,0.0,4.0,0.0,0.0,0.0,57.1,0.0,57.1
Boiragimoth Kachari Gaon,291092,156.4,3665,817,2,3,a,a,,,,,,1.0,Yes,Yes,Yes,Yes,No,No,Yes,Yes,Yes,a,Yes,Yes,Yes,Yes,a,a,a,Yes,Yes,Yes,Yes,b,a,b,b,a,Yes,Yes,Yes,No,No,No,0.0,122.6,0.0,0.0,0.0,0.0,0.0,26.8,0.0,26.8
Hatimora Gaon,291093,195.7,893,172,1,a,a,a,,,1.0,,,1.0,Yes,No,Yes,Yes,No,No,No,Yes,Yes,b,b,a,Yes,Yes,a,a,a,Yes,b,Yes,Yes,b,b,b,Yes,b,Yes,Yes,Yes,No,Yes,No,0.0,97.4,0.0,1.4,0.0,0.0,0.0,70.6,0.0,70.6
Suta Bogpara 10/165 (B),291094,236.3,1066,221,1,2,b,b,,,1.0,,,1.0,Yes,Yes,Yes,Yes,No,No,No,No,Yes,a,Yes,b,Yes,Yes,b,b,b,Yes,b,Yes,Yes,b,b,b,Yes,b,Yes,Yes,Yes,No,No,No,0.0,81.4,0.0,0.0,0.0,0.0,0.0,139.6,0.0,139.6
Dhakeri Gaon,291095,156.2,3585,815,1,3,1,a,,,1.0,,,1.0,Yes,Yes,Yes,No,No,No,No,Yes,Yes,a,Yes,Yes,Yes,Yes,Yes,Yes,Yes,Yes,Yes,Yes,Yes,b,a,b,a,a,Yes,Yes,Yes,No,Yes,No,0.0,101.2,0.0,8.5,0.0,0.0,0.0,30.3,0.0,30.3
Gharbondi Chuk Jarua Gaon,291096,230.7,4409,894,3,1,2,a,,,1.0,,,1.0,Yes,Yes,Yes,Yes,No,No,No,Yes,Yes,a,Yes,Yes,Yes,Yes,Yes,Yes,Yes,Yes,Yes,Yes,Yes,a,a,a,Yes,a,Yes,Yes,Yes,No,Yes,No,0.0,126.6,0.0,6.4,0.0,0.0,0.0,82.6,0.0,82.6
Kuchia Khana Gaon,291097,192.5,562,129,1,1,1,b,,,,,,1.0,No,Yes,Yes,No,No,No,No,Yes,Yes,b,a,a,a,Yes,a,a,a,Yes,b,Yes,Yes,a,b,a,Yes,b,Yes,Yes,Yes,No,No,No,0.0,5.7,0.0,4.8,180.3,0.0,0.0,0.0,0.0,0.0
Bora Bogpara T.E.8/185 Orr Grant,291099,261.4,840,187,1,a,a,a,,,,,,1.0,Yes,Yes,Yes,Yes,Yes,No,No,Yes,Yes,b,Yes,b,a,Yes,a,a,a,Yes,b,Yes,Yes,a,b,a,a,b,Yes,Yes,Yes,No,No,No,0.0,4.6,0.0,0.0,3.4,0.0,0.0,251.2,0.0,251.2
Bogpara Gaon,291100,243.1,983,209,2,1,a,b,,,1.0,,,1.0,Yes,Yes,Yes,No,No,No,No,Yes,Yes,b,b,a,a,Yes,a,a,a,Yes,b,Yes,Yes,a,b,a,Yes,b,Yes,Yes,Yes,No,No,No,0.0,33.9,0.0,28.3,4.9,1.1,0.0,168.2,0.0,168.2
Suta Bogpar T.E.10/165 O.R(A) Grant,291101,235.6,1582,322,1,a,a,b,,,,,,1.0,Yes,No,Yes,Yes,No,No,No,Yes,Yes,b,Yes,a,a,a,a,a,a,Yes,Yes,Yes,Yes,a,b,a,Yes,b,Yes,Yes,Yes,No,No,No,0.0,19.5,0.0,0.0,0.8,0.0,0.0,211.5,0.0,211.5
Khanikar T.E.32/31 N.L.R.Grant,291102,124.8,1052,210,1,a,b,b,,,,,,1.0,No,No,Yes,No,No,No,Yes,No,Yes,b,a,b,Yes,Yes,a,a,a,Yes,b,Yes,Yes,b,b,b,Yes,b,Yes,Yes,Yes,No,No,No,0.0,0.3,0.0,0.0,0.0,1.1,0.0,122.2,0.0,122.2
Lakai Gaon,291103,291.2,2584,480,1,b,b,b,,,1.0,,,3.0,Yes,Yes,Yes,Yes,No,No,No,Yes,Yes,b,Yes,b,Yes,Yes,a,a,a,Yes,Yes,Yes,Yes,a,b,a,Yes,b,Yes,Yes,Yes,No,No,No,0.0,16.2,0.0,2.1,26.8,4.8,0.0,224.4,0.0,224.4
Sessakuch N.C.,291104,2.2,384,81,1,a,b,b,,,,,,1.0,No,Yes,Yes,Yes,No,No,No,Yes,Yes,b,Yes,b,a,a,b,b,b,Yes,a,Yes,Yes,b,b,b,a,b,a,a,Yes,No,No,No,0.0,0.1,0.0,0.0,0.7,0.0,0.0,0.7,0.0,0.7
Nij Khanikar Gaon,291105,162.1,893,201,1,a,b,b,,,1.0,,,1.0,Yes,Yes,Yes,No,No,No,No,Yes,Yes,b,Yes,b,Yes,Yes,a,a,a,Yes,b,Yes,Yes,b,a,b,Yes,b,Yes,Yes,Yes,No,No,No,0.0,19.2,0.0,9.8,0.8,0.0,0.9,124.5,0.0,124.5
Khanikar T.E. 2 L.C.R. Grant,291106,250.8,171,33,1,a,b,b,,,,,,1.0,No,No,Yes,Yes,No,No,No,Yes,b,b,Yes,b,a,a,a,a,a,Yes,a,Yes,Yes,b,a,b,a,b,Yes,a,No,No,No,No,0.0,1.1,0.0,0.0,0.0,1.6,0.0,245.8,0.0,245.8
Mankatta T.E. 1/159 Rr(B)Grant,291107,197.8,1693,339,1,2,1,a,,,,,,1.0,No,Yes,Yes,Yes,No,No,Yes,No,Yes,b,Yes,b,a,Yes,a,a,a,Yes,Yes,Yes,Yes,b,a,b,a,b,Yes,Yes,Yes,No,No,No,0.0,190.2,0.0,0.0,0.0,0.0,0.0,7.5,0.0,7.5
Ghoramora Gaon,291108,111.9,302,62,1,1,b,b,,,,,,1.0,No,Yes,No,Yes,No,No,No,No,Yes,b,Yes,b,a,a,b,b,b,Yes,a,Yes,Yes,b,b,b,Yes,b,Yes,a,Yes,No,No,No,0.0,30.7,0.0,10.0,9.4,1.1,0.0,58.8,0.0,58.8
Japara Gaon,291109,132.9,920,215,1,1,1,a,,,,,,1.0,Yes,Yes,Yes,Yes,No,No,No,Yes,b,b,Yes,b,Yes,Yes,a,a,a,Yes,a,Yes,Yes,b,a,b,a,b,Yes,Yes,Yes,No,No,No,0.0,103.2,0.0,0.0,0.0,6.0,0.0,23.7,0.0,23.7
Dainijan Gaon,291110,176.7,774,156,1,b,b,b,,,1.0,,,1.0,Yes,Yes,Yes,No,No,No,No,Yes,Yes,c,Yes,c,b,Yes,a,a,a,Yes,a,Yes,Yes,b,b,b,Yes,c,Yes,Yes,Yes,No,No,No,0.0,122.8,0.0,14.0,0.0,0.0,0.0,36.4,0.0,36.4
Borpather Konwar Gaon,291111,349.4,1630,340,3,2,1,a,,,1.0,,,1.0,Yes,Yes,Yes,Yes,No,Yes,No,Yes,Yes,b,Yes,b,Yes,Yes,Yes,Yes,Yes,Yes,Yes,Yes,Yes,b,a,b,Yes,b,Yes,Yes,Yes,No,Yes,No,0.0,60.6,0.0,3.4,2.0,3.9,0.0,268.2,0.0,268.2
Handiqui Chuk Gaon,291112,190.8,1033,211,3,2,b,b,,,,,,1.0,Yes,Yes,Yes,Yes,No,No,No,No,Yes,b,a,b,Yes,Yes,a,a,a,Yes,b,Yes,Yes,c,b,c,Yes,b,Yes,Yes,Yes,No,No,No,0.0,13.6,0.0,0.0,25.2,0.0,4.2,137.4,0.0,137.4
Behiating T.E.,291113,221.5,1173,250,1,a,a,a,,,,,,4.0,Yes,Yes,Yes,Yes,No,No,No,Yes,Yes,c,a,c,a,Yes,a,a,a,Yes,b,Yes,Yes,c,a,c,Yes,c,Yes,Yes,Yes,No,Yes,No,0.0,0.0,25.8,0.0,2.6,0.0,0.0,193.1,0.0,193.1
Kachari Gaon,291114,199.8,583,119,1,a,b,b,,,,,,1.0,No,Yes,Yes,Yes,No,No,No,Yes,Yes,b,Yes,b,Yes,Yes,b,b,b,Yes,b,Yes,Yes,c,b,c,a,b,Yes,Yes,Yes,No,No,No,0.0,14.8,0.0,0.0,0.0,0.0,0.0,183.0,0.0,183.0
Dibuwal Dihingia Gaon,291115,226.5,2906,615,3,2,1,a,,1.0,,,,1.0,Yes,Yes,Yes,Yes,No,No,Yes,No,Yes,a,Yes,b,Yes,Yes,a,a,a,Yes,Yes,Yes,Yes,c,a,c,Yes,b,Yes,Yes,Yes,No,Yes,No,0.0,55.9,0.0,3.2,0.0,0.0,0.0,164.4,0.0,164.4
Matak Gaon,291116,179.0,2838,591,5,2,1,a,,,1.0,,,1.0,Yes,Yes,Yes,Yes,No,No,Yes,Yes,b,b,Yes,a,a,Yes,a,a,a,Yes,Yes,Yes,Yes,c,a,c,Yes,b,Yes,Yes,Yes,No,No,No,0.0,113.8,0.0,0.0,0.0,0.0,0.0,58.5,0.0,58.5
Rawomari Gaon,291117,274.4,1300,249,2,2,b,b,,,,,,1.0,Yes,Yes,Yes,Yes,No,No,No,No,Yes,b,Yes,b,b,b,b,b,b,Yes,b,Yes,Yes,b,b,b,Yes,b,Yes,Yes,Yes,No,Yes,No,0.0,175.6,0.0,0.0,0.0,0.0,0.0,95.4,0.0,95.4
Kapwotepor Gaon,291118,283.0,2908,582,3,2,b,b,,,,,,1.0,Yes,Yes,Yes,No,No,No,No,No,Yes,c,a,a,Yes,c,b,b,b,Yes,a,Yes,Yes,b,b,b,Yes,c,Yes,Yes,Yes,No,No,No,0.0,160.6,0.0,0.0,0.0,0.0,0.0,97.4,0.0,97.4
Tepar Pather Gaon,291119,223.7,349,65,1,a,a,c,,,,,,1.0,No,Yes,Yes,No,No,No,No,No,c,c,a,a,a,a,b,b,b,Yes,a,Yes,Yes,c,c,c,Yes,c,a,a,No,No,No,No,0.0,17.8,0.0,0.0,25.1,1.7,0.0,176.5,0.0,176.5
Subachuk  Gaon,291120,197.4,1345,273,2,2,1,b,,,1.0,,,1.0,Yes,Yes,Yes,Yes,No,No,No,Yes,Yes,c,a,a,Yes,b,a,a,a,Yes,b,Yes,Yes,b,c,b,Yes,c,Yes,Yes,Yes,No,No,No,0.0,3.0,0.0,4.0,0.0,1.8,0.0,185.3,0.0,185.3
Thangal Gaon,291121,119.3,1056,219,1,a,a,b,,,1.0,,,1.0,No,Yes,Yes,Yes,No,No,No,Yes,Yes,c,a,a,Yes,b,a,a,a,Yes,a,Yes,Yes,b,b,b,Yes,c,Yes,Yes,Yes,No,No,No,0.0,6.4,0.0,0.0,11.8,1.3,0.0,97.4,0.0,97.4
Digali Dalani Gaon,291122,351.7,739,148,2,1,a,b,,,1.0,,,1.0,No,Yes,Yes,Yes,No,No,No,No,Yes,c,Yes,a,Yes,b,a,a,a,Yes,b,Yes,Yes,b,b,b,Yes,c,Yes,Yes,Yes,No,No,No,0.0,6.2,0.0,179.4,83.8,3.7,0.0,77.3,0.0,77.3
No.2 Garudharia Gaon,291123,758.5,980,190,1,a,a,b,,,,,,1.0,Yes,Yes,Yes,Yes,No,No,No,No,c,c,Yes,,b,b,Yes,b,Yes,Yes,b,Yes,Yes,b,b,b,Yes,c,Yes,Yes,Yes,No,No,No,0.0,155.2,0.0,0.0,3.2,1.5,0.0,581.9,0.0,581.9
Garudharia Charaihabi Gaon,291124,84.5,492,89,1,a,a,b,,,,,,1.0,Yes,Yes,Yes,Yes,No,No,No,Yes,Yes,c,a,b,a,b,b,b,b,Yes,a,Yes,Yes,a,b,a,a,c,Yes,Yes,Yes,No,No,No,0.0,2.3,0.0,2.0,11.4,1.4,0.0,65.4,0.0,65.4
No.1 Garudharia Gaon,291125,27.0,436,73,1,2,1,b,,,1.0,,,1.0,No,Yes,Yes,Yes,No,No,No,Yes,Yes,c,Yes,a,Yes,b,b,b,b,Yes,b,Yes,Yes,c,b,c,a,c,Yes,a,Yes,No,No,No,0.0,1.3,0.0,4.3,3.2,0.0,0.0,17.6,0.0,17.6
Dewanbari Gaon,291126,72.8,230,49,1,a,a,a,,,1.0,,,1.0,No,Yes,Yes,No,No,No,No,No,c,c,a,c,a,a,a,a,a,Yes,a,Yes,Yes,b,c,b,Yes,c,Yes,a,No,No,No,No,0.0,26.2,0.0,0.0,0.0,0.0,0.0,42.1,0.0,42.1
Dewanbari Bagisha 24/149 No.Grant,291127,109.4,347,72,1,a,a,a,,,,,,1.0,No,No,Yes,Yes,No,No,No,Yes,Yes,c,Yes,c,a,a,a,a,a,Yes,a,Yes,Yes,b,c,b,Yes,c,Yes,a,Yes,No,No,No,0.0,79.4,0.0,0.0,0.0,0.0,0.0,26.7,0.0,26.7
Metekani Gaon,291128,93.2,835,167,1,b,b,b,,,,,,1.0,No,Yes,Yes,No,No,No,No,No,c,c,a,c,a,a,a,a,a,Yes,b,Yes,Yes,a,b,b,Yes,c,Yes,Yes,No,No,No,No,0.0,3.5,0.0,0.0,0.0,1.5,0.2,87.2,0.0,87.2
Dewanbari Bagisha,291129,143.0,543,112,1,a,a,a,,,,,,1.0,No,No,Yes,No,No,No,No,No,Yes,c,a,c,b,b,b,b,b,Yes,a,Yes,Yes,a,a,a,Yes,c,Yes,Yes,Yes,No,No,No,0.0,123.0,0.0,0.0,0.0,0.0,0.0,16.5,0.0,16.5
Tinchukia Gaon,291130,330.8,1447,286,3,a,a,c,,,1.0,,1.0,1.0,No,Yes,Yes,Yes,No,No,No,No,Yes,c,a,b,Yes,Yes,a,a,a,Yes,a,Yes,Yes,a,b,a,Yes,c,Yes,Yes,Yes,No,No,No,0.0,140.5,0.0,0.0,8.2,0.0,0.0,159.7,0.0,159.7
Binoigutia Gaon,291131,474.9,3228,626,5,3,1,b,,,1.0,,,1.0,Yes,Yes,Yes,Yes,No,No,Yes,No,Yes,b,Yes,c,a,a,a,a,a,Yes,Yes,Yes,Yes,b,b,b,a,c,Yes,Yes,Yes,No,No,No,0.0,112.4,0.0,24.8,5.7,0.0,0.0,311.6,0.0,311.6
Medela Grant No.3,291132,429.3,2149,431,3,2,b,b,,,,,,1.0,Yes,Yes,Yes,No,No,No,No,No,Yes,a,Yes,b,Yes,Yes,b,b,b,Yes,Yes,Yes,Yes,a,b,b,Yes,c,Yes,Yes,Yes,No,No,No,0.0,141.2,0.0,0.0,0.0,0.0,0.0,257.6,0.0,257.6
Lepetkatta 60 No-Fs 71 No.Nlr,291133,72.9,337,73,1,a,a,a,,,,,,1.0,No,Yes,Yes,No,No,No,No,No,c,c,a,b,a,a,a,a,a,Yes,a,Yes,Yes,b,b,b,Yes,c,a,a,No,No,No,No,0.0,7.1,0.0,0.0,0.0,0.0,0.0,62.4,0.0,62.4
Lepetkatta Gaon,291134,289.9,1944,401,1,a,a,a,,,,,,1.0,No,Yes,Yes,Yes,No,No,No,No,Yes,a,Yes,b,Yes,Yes,a,a,a,Yes,Yes,Yes,Yes,b,a,c,Yes,c,Yes,Yes,Yes,No,No,No,0.0,60.8,0.0,0.0,0.0,0.0,0.0,209.0,0.0,209.0
Lepetkatta Bangla Block,291135,18.7,152,44,a,a,b,b,,,,,,1.0,Yes,No,Yes,Yes,No,No,No,No,Yes,c,a,b,b,b,a,a,a,Yes,a,Yes,Yes,c,b,c,Yes,c,a,a,Yes,No,No,No,0.0,2.0,0.0,0.0,0.7,0.0,0.0,16.0,0.0,16.0
Lepetkatta Bagisha,291136,62.6,515,106,1,a,a,a,,,,,,1.0,No,Yes,Yes,No,No,No,No,No,c,c,a,a,b,b,a,a,a,Yes,a,Yes,Yes,b,a,c,a,c,Yes,Yes,No,No,No,No,0.0,2.4,0.0,0.0,0.0,0.0,0.0,58.9,0.0,58.9
Changmai Gohain Gaon,291137,204.5,1374,298,1,2,1,a,,,1.0,,,1.0,Yes,Yes,Yes,Yes,No,No,Yes,Yes,Yes,a,a,c,Yes,Yes,a,a,a,Yes,b,Yes,Yes,c,a,c,a,c,Yes,Yes,Yes,No,No,No,0.0,34.6,0.0,1.3,0.0,0.0,0.0,167.1,0.0,167.1
No-Hazar Konwar Gaon,291138,185.6,538,120,1,1,a,a,,,,,,1.0,No,Yes,Yes,Yes,No,No,No,Yes,Yes,a,a,c,Yes,Yes,a,a,a,Yes,a,Yes,Yes,b,a,b,a,c,Yes,Yes,Yes,No,No,No,0.0,31.4,0.0,4.5,0.0,0.0,0.0,133.3,0.0,133.3
Patra Gaon,291139,191.2,818,176,1,a,a,a,,,,,,1.0,Yes,Yes,Yes,No,No,No,No,Yes,Yes,b,Yes,Yes,a,a,a,a,a,Yes,b,Yes,Yes,b,a,b,Yes,b,Yes,Yes,Yes,No,No,No,0.0,105.0,0.0,0.0,12.7,0.0,0.0,47.8,0.0,47.8
Borahajer Konwar Gaon,291140,184.2,2098,446,1,2,1,b,,,,,,1.0,Yes,Yes,Yes,Yes,No,No,Yes,No,Yes,b,Yes,b,a,a,a,a,a,Yes,Yes,Yes,Yes,c,b,c,a,b,Yes,Yes,Yes,No,No,No,0.0,40.6,0.0,6.8,0.0,0.9,0.0,109.8,0.0,109.8
Lepetkatta Kachari Gaon,291141,327.9,1219,244,2,2,a,1,,,1.0,,,1.0,Yes,Yes,Yes,Yes,No,Yes,No,Yes,Yes,b,a,b,Yes,a,a,a,a,Yes,a,Yes,Yes,b,a,b,a,b,Yes,Yes,Yes,No,No,No,0.0,220.8,0.0,12.8,0.0,0.0,0.0,90.9,0.0,90.9
Changmai Garia Gaon,291142,245.0,1882,407,1,2,a,a,,,,,,1.0,Yes,Yes,Yes,Yes,No,No,No,Yes,Yes,c,Yes,c,Yes,a,a,a,a,Yes,Yes,Yes,Yes,b,a,b,Yes,c,Yes,Yes,Yes,No,No,No,0.0,34.0,0.0,0.0,5.0,0.0,0.0,199.0,0.0,199.0
Borborua T.E. 13/76 Orr Grant,291143,119.1,2324,455,1,2,a,a,,,,,,1.0,Yes,Yes,Yes,Yes,No,No,No,Yes,Yes,b,Yes,c,a,Yes,Yes,Yes,Yes,Yes,Yes,Yes,Yes,c,a,c,a,b,Yes,Yes,Yes,No,Yes,No,0.0,9.4,0.0,0.0,0.0,0.0,0.0,102.9,0.0,102.9
Dulia Gaon,291144,187.4,872,189,1,a,a,a,,,,,,1.0,Yes,Yes,Yes,Yes,No,No,No,Yes,Yes,c,a,c,Yes,Yes,a,a,a,Yes,a,Yes,Yes,c,a,c,a,c,Yes,Yes,Yes,No,No,No,0.0,85.2,0.0,15.4,0.0,0.0,0.0,81.8,0.0,81.8
Dulia Mahorani Gaon,291145,108.6,352,80,1,a,a,a,,,,,,1.0,No,Yes,Yes,No,No,No,No,Yes,Yes,c,a,c,a,a,a,a,a,Yes,a,Yes,Yes,c,a,c,Yes,c,Yes,a,Yes,No,No,No,0.0,7.4,0.0,1.2,0.4,0.9,0.0,97.0,0.0,97.0
Sessa T.E. 14/153 Orr Grant,291146,575.8,3331,607,1,a,a,b,,,1.0,,,1.0,Yes,Yes,Yes,No,No,No,No,Yes,Yes,b,Yes,b,b,Yes,b,b,b,Yes,Yes,Yes,Yes,c,b,c,Yes,b,Yes,Yes,Yes,No,No,No,0.0,25.7,286.9,0.0,23.1,0.0,0.0,240.0,0.0,240.0
Mohmari Gaon No.1,291147,231.8,1129,228,1,2,a,b,,,1.0,,,1.0,Yes,Yes,Yes,No,No,No,No,Yes,Yes,b,b,b,b,Yes,b,b,b,Yes,a,Yes,Yes,c,b,c,Yes,b,Yes,Yes,Yes,No,No,No,0.0,8.2,0.0,36.4,0.0,0.0,0.0,72.4,0.0,72.4
Mohmari Gaon No.2,291148,77.2,1174,242,1,a,a,c,,,,,,1.0,No,Yes,Yes,No,No,No,No,No,c,c,c,c,b,Yes,c,c,c,Yes,b,Yes,Yes,c,c,c,Yes,c,Yes,Yes,No,No,No,No,0.0,1.6,0.0,0.0,3.3,0.2,0.0,68.8,0.0,68.8
Jakai T.E. No.-1 L.C.R.,291149,817.1,1403,280,1,c,a,c,,,,,,1.0,Yes,Yes,Yes,Yes,No,Yes,No,No,c,c,c,b,b,Yes,c,c,c,Yes,b,Yes,Yes,b,c,b,a,c,Yes,Yes,Yes,No,No,No,0.0,15.1,0.0,0.0,15.5,0.0,0.0,785.3,0.0,785.3
Bhurbhuri Gaon No.1,291152,106.9,215,44,1,a,b,c,,,,,,0.0,No,No,Yes,Yes,No,No,No,Yes,c,c,b,c,b,b,b,b,b,Yes,b,Yes,Yes,c,c,c,a,c,Yes,a,No,No,No,No,0.0,19.6,2.1,0.0,8.8,3.4,0.0,68.3,0.0,68.3
Kamakhya Gaon,291153,284.6,829,178,1,b,b,c,,,1.0,,,1.0,Yes,No,Yes,Yes,No,No,No,No,Yes,c,b,b,b,b,b,b,b,Yes,b,Yes,Yes,c,c,c,Yes,c,Yes,Yes,Yes,No,No,No,0.0,15.0,0.0,4.8,10.5,0.0,0.0,254.4,0.0,254.4
Maju Temtow Bagisha,291154,220.6,1255,261,1,a,a,c,,,,,,1.0,No,No,Yes,No,No,No,No,No,Yes,c,c,c,b,Yes,c,c,c,Yes,b,Yes,Yes,c,c,c,Yes,c,Yes,Yes,Yes,No,No,No,0.0,0.8,0.0,0.0,1.8,0.0,0.0,215.9,0.0,215.9
Bor Temtow Gaon,291155,159.9,310,70,1,1,a,c,,,1.0,,,1.0,No,Yes,Yes,No,No,Yes,No,Yes,Yes,c,c,c,Yes,Yes,b,c,c,Yes,a,Yes,Yes,b,b,b,Yes,c,Yes,a,Yes,No,No,No,0.0,5.4,0.0,0.0,3.9,0.0,0.0,96.8,0.0,96.8
Koliani No.Gaon,291156,148.4,795,163,1,1,1,b,,,,,,1.0,Yes,Yes,Yes,Yes,No,No,No,Yes,Yes,b,b,b,Yes,Yes,b,b,b,Yes,b,Yes,Yes,c,b,c,Yes,c,Yes,Yes,Yes,No,No,No,0.0,9.3,0.0,3.8,10.7,0.0,0.0,89.2,0.0,89.2
Chamoguri Kachari Gaon,291157,151.8,576,115,1,a,a,c,,,,,,1.0,No,Yes,Yes,No,No,No,No,Yes,Yes,c,c,c,Yes,Yes,c,c,c,Yes,a,Yes,Yes,c,b,c,Yes,c,Yes,Yes,Yes,No,No,No,0.0,3.9,0.0,2.9,0.0,0.0,0.0,98.8,0.0,98.8
Harok Pather Gaon,291158,77.8,363,69,1,1,a,c,,,1.0,,,1.0,No,Yes,Yes,Yes,No,No,No,Yes,Yes,c,c,c,Yes,Yes,c,c,c,Yes,b,Yes,Yes,c,b,c,a,c,Yes,a,Yes,No,No,No,0.0,9.0,0.0,13.4,0.0,0.0,0.0,35.0,0.0,35.0
Bolai T.E. 42/137 Rr Grant,291159,95.5,419,83,1,a,a,a,,,,,,1.0,No,No,Yes,Yes,No,No,No,Yes,Yes,c,a,c,a,a,a,a,a,Yes,a,Yes,Yes,a,a,c,a,c,Yes,a,Yes,No,No,No,0.0,35.4,0.0,0.0,0.0,0.0,0.0,54.5,0.0,54.5
Bolaibari Gaon,291160,129.5,1022,230,1,b,b,b,,,,,,1.0,Yes,Yes,Yes,Yes,No,No,No,Yes,Yes,c,b,c,Yes,b,b,b,b,Yes,b,Yes,Yes,b,c,b,Yes,c,Yes,Yes,Yes,No,No,No,0.0,25.3,0.0,4.0,0.0,0.0,0.0,80.0,0.0,80.0
Bolai T.E. (A) No-45-Grant,291161,285.2,450,94,1,a,a,a,,,,,,1.0,Yes,Yes,Yes,Yes,No,No,No,Yes,Yes,c,Yes,c,Yes,Yes,a,a,a,Yes,a,Yes,Yes,b,a,b,a,c,Yes,Yes,Yes,No,No,No,0.0,264.2,0.0,0.0,0.0,0.0,0.0,21.0,0.0,21.0
Bolai T.E. (B) No-45-Grant,291162,275.4,1334,256,1,a,a,a,,,,,,1.0,No,Yes,Yes,No,No,No,No,Yes,c,c,a,a,Yes,a,a,a,a,Yes,a,Yes,Yes,a,a,b,Yes,c,Yes,Yes,Yes,No,No,No,0.0,260.2,0.0,0.0,0.0,0.0,0.0,15.2,0.0,15.2
Borpather Kakoti Gaon,291163,260.4,2320,475,1,a,a,a,,,1.0,,,1.0,Yes,Yes,Yes,Yes,No,No,No,Yes,Yes,c,Yes,c,Yes,Yes,a,a,a,Yes,Yes,Yes,Yes,a,a,b,Yes,c,Yes,Yes,Yes,No,No,No,0.0,123.4,0.0,25.8,0.0,0.0,0.0,104.5,0.0,104.5
Lepetkatta Bangali Gaon,291164,267.5,1040,226,1,2,1,a,,,1.0,,,1.0,Yes,Yes,Yes,No,No,No,No,Yes,Yes,c,Yes,c,a,a,a,a,a,Yes,a,Yes,Yes,b,a,b,a,c,Yes,Yes,Yes,No,No,No,0.0,237.2,0.0,0.0,0.0,0.0,0.0,20.3,0.0,20.3
"Ghorania T.E.81,184,91/94No.Nlr",291165,146.5,497,101,1,a,a,a,,,,,,1.0,Yes,No,No,Yes,No,No,No,Yes,Yes,c,Yes,c,Yes,Yes,a,a,a,Yes,b,Yes,Yes,b,c,b,Yes,c,Yes,Yes,Yes,No,No,No,0.0,122.4,0.0,0.0,0.0,0.0,17.0,0.0,0.0,0.0
Sessakuch Gaon No.4,291166,86.1,213,47,1,a,b,b,,,,,,1.0,No,Yes,Yes,No,No,No,No,No,Yes,c,a,c,a,a,a,a,a,Yes,a,Yes,Yes,a,b,b,Yes,c,Yes,a,Yes,No,No,No,0.0,7.2,0.0,0.0,10.4,2.5,0.0,64.7,0.0,64.7
Sessakuch Gaon No.3,291167,80.3,26,7,a,a,c,c,,,,,,1.0,No,No,Yes,No,No,No,No,No,Yes,c,a,c,a,a,a,a,a,a,a,a,Yes,b,b,b,Yes,c,a,a,Yes,No,No,No,0.0,11.2,0.0,19.4,6.7,3.3,0.0,37.4,0.0,37.4
Aliachuk Gaon,291168,245.1,307,65,1,a,a,b,,,,,,1.0,No,Yes,Yes,No,No,No,No,Yes,c,c,a,c,a,a,a,a,a,Yes,a,Yes,Yes,b,c,b,Yes,c,Yes,a,Yes,No,No,No,0.0,45.8,0.0,0.0,11.5,2.2,0.0,178.9,0.0,178.9
Sessakuch Gaon No.2,291169,35.8,256,56,1,a,b,b,,,,,,1.0,Yes,No,Yes,No,No,No,No,No,Yes,c,a,c,a,a,a,a,a,Yes,a,Yes,Yes,b,c,b,Yes,c,Yes,a,Yes,No,No,No,0.0,13.1,0.0,4.1,0.0,0.0,0.0,16.1,0.0,16.1
Sessakuch Gaon No.1,291170,34.3,213,44,1,b,a,a,,,,,,1.0,Yes,Yes,Yes,No,No,No,No,No,Yes,c,a,c,b,a,a,a,a,Yes,a,Yes,Yes,a,b,a,Yes,c,Yes,a,Yes,No,No,No,0.0,12.1,0.0,0.0,0.0,0.0,0.0,20.8,0.0,20.8
Dewanbari Kaibatra Gaon No.1,291171,125.4,573,120,1,a,a,a,,,1.0,,,1.0,Yes,Yes,Yes,No,No,No,No,Yes,Yes,c,a,c,b,b,a,a,a,Yes,a,Yes,Yes,a,a,c,a,c,Yes,Yes,Yes,No,No,No,0.0,35.7,0.0,16.7,2.2,0.0,0.0,66.2,0.0,66.2
Dewanbari Kaibatra Gaon No.2,291172,50.9,930,190,1,a,a,a,,,,,,1.0,No,Yes,Yes,No,No,No,No,Yes,Yes,c,Yes,c,a,a,a,a,a,Yes,b,Yes,Yes,a,a,c,a,c,Yes,Yes,Yes,No,No,No,0.0,12.2,0.0,0.0,1.2,0.0,0.0,35.7,0.0,35.7
Bhogamur Gaon,291173,253.6,726,150,1,1,b,b,,,,,,1.0,No,Yes,Yes,Yes,Yes,No,No,Yes,Yes,c,b,c,Yes,b,b,b,b,Yes,b,Yes,Yes,b,c,c,Yes,c,Yes,Yes,Yes,No,No,No,0.0,56.2,0.0,16.2,0.0,0.0,0.0,181.1,0.0,181.1
Sonowal Gaon,291175,50.6,502,102,1,1,a,a,,,,,,1.0,No,No,Yes,No,Yes,No,Yes,No,Yes,c,a,c,Yes,Yes,a,a,a,Yes,a,Yes,Yes,a,c,c,a,c,Yes,Yes,Yes,No,No,No,0.0,12.6,0.0,0.0,0.0,0.0,0.0,38.0,0.0,38.0
Lazai Gaon,291176,255.2,1102,231,1,2,1,1,,,,,,1.0,Yes,No,Yes,Yes,Yes,No,Yes,No,Yes,c,Yes,c,Yes,Yes,Yes,Yes,Yes,Yes,b,Yes,Yes,Yes,Yes,c,Yes,c,Yes,Yes,Yes,No,No,No,0.0,38.2,0.0,0.0,0.0,0.0,0.0,217.0,0.0,217.0
Lazai Gaon Pather,291177,65.2,534,106,1,a,a,a,,,,,,1.0,No,Yes,Yes,Yes,No,No,Yes,No,Yes,c,a,c,a,a,a,a,a,Yes,b,Yes,Yes,a,c,c,a,c,Yes,Yes,Yes,No,No,No,0.0,5.2,0.0,0.0,43.4,0.0,0.0,16.6,0.0,16.6
Bordoibam Bridhi Blook,291178,12.9,439,89,1,1,b,b,,,,,,1.0,No,Yes,Yes,Yes,Yes,No,No,No,Yes,c,a,c,a,a,a,a,a,Yes,a,Yes,Yes,a,c,c,Yes,c,Yes,a,Yes,No,No,No,0.0,2.9,0.0,0.0,0.0,0.0,0.0,10.0,0.0,10.0
Sessakiner  Bridhi Blook,291179,55.9,108,22,a,a,b,b,,,,,,0.0,No,No,Yes,No,Yes,No,No,No,c,c,a,c,a,a,a,a,a,Yes,a,a,Yes,a,c,c,Yes,c,a,a,No,No,No,No,0.0,25.0,0.0,0.0,0.0,0.0,0.0,30.9,0.0,30.9
Bordoibam Gaon,291180,409.7,851,173,2,a,a,a,,,,,,1.0,Yes,Yes,Yes,No,No,Yes,No,No,Yes,c,a,c,a,a,a,a,a,Yes,a,Yes,Yes,c,c,c,Yes,c,Yes,Yes,Yes,No,No,No,0.0,142.8,0.0,128.6,0.0,0.0,0.0,138.2,0.0,138.2
Sessakiner Gaon,291181,186.8,553,97,1,a,b,b,,,,,,1.0,No,No,Yes,No,No,No,No,Yes,c,c,b,c,b,b,b,b,b,Yes,b,Yes,Yes,a,c,c,Yes,c,Yes,Yes,No,No,No,No,0.0,21.0,0.0,0.0,0.0,0.0,0.0,165.9,0.0,165.9
Lezai Miri Pather Gaon,291182,214.5,1123,222,2,2,1,b,,,1.0,,,1.0,Yes,Yes,Yes,Yes,No,Yes,No,Yes,c,c,b,b,Yes,b,b,b,b,Yes,b,Yes,Yes,a,b,c,Yes,c,Yes,Yes,Yes,No,No,No,0.0,35.5,0.0,0.0,0.0,0.0,0.0,179.0,0.0,179.0
Chakoi Pathar Bridhi Blook,291184,11.1,369,79,1,a,a,b,,,,,,1.0,Yes,No,Yes,Yes,No,Yes,No,Yes,Yes,c,Yes,c,a,a,b,b,b,Yes,a,Yes,Yes,a,c,b,a,c,Yes,a,Yes,No,No,No,0.0,0.0,0.0,0.0,0.0,0.0,0.0,11.1,0.0,11.1
Sessamukh Gaon,291185,176.5,145,27,1,a,a,c,,,,,,1.0,No,No,No,Yes,No,No,No,Yes,Yes,c,b,c,a,c,c,c,c,Yes,a,a,Yes,a,c,c,a,c,Yes,b,Yes,No,No,No,0.0,65.4,0.0,0.0,28.1,5.4,0.0,77.7,0.0,77.7
29 No-Nelami Grant,291188,110.4,319,51,1,a,a,c,,,,,,1.0,No,No,Yes,No,Yes,No,No,Yes,Yes,c,a,c,a,a,c,c,c,Yes,a,Yes,Yes,b,c,c,Yes,c,Yes,b,Yes,No,No,No,0.0,5.4,0.0,0.0,0.0,0.0,0.0,105.0,0.0,105.0
Burisuti Kaibatra Gaon,291189,35.3,318,63,1,a,a,b,,,,,,1.0,Yes,No,No,Yes,No,No,No,Yes,Yes,c,a,c,a,c,c,c,c,Yes,a,Yes,Yes,b,c,c,Yes,c,Yes,c,Yes,No,No,No,0.0,15.8,0.0,0.0,0.0,0.0,0.0,19.5,0.0,19.5
102 No-Nelami Grant,291190,86.6,158,30,1,a,a,c,,,,,,1.0,No,No,Yes,Yes,Yes,No,No,Yes,Yes,c,b,c,a,c,c,c,c,Yes,a,Yes,Yes,a,c,b,Yes,a,Yes,c,Yes,No,No,No,0.0,2.1,0.0,0.0,10.0,0.0,0.0,74.5,0.0,74.5
Motak Kaibatra Gaon,291191,133.2,979,176,1,1,1,b,,,,,,1.0,Yes,No,Yes,No,Yes,No,No,Yes,Yes,c,b,c,c,c,c,c,c,Yes,a,Yes,Yes,a,c,c,Yes,c,Yes,Yes,Yes,No,No,No,0.0,8.7,0.0,13.5,6.7,0.0,0.0,103.0,0.0,103.0
Chari Banhi Hingari Gaon,291194,58.0,268,60,1,a,a,c,,,,,,1.0,No,No,Yes,No,No,No,No,Yes,c,c,b,c,b,c,c,c,c,Yes,b,Yes,Yes,a,c,c,Yes,c,Yes,c,No,No,No,No,0.0,19.2,0.0,25.0,0.0,0.0,0.0,13.9,0.0,13.9
Chari Banhi Gaon,291195,344.2,290,63,1,a,a,b,,,,,,1.0,No,No,Yes,No,No,Yes,No,Yes,Yes,c,a,c,b,c,c,c,c,Yes,a,Yes,Yes,a,c,b,Yes,c,Yes,c,Yes,No,No,No,0.0,89.5,0.0,0.0,23.1,7.1,0.0,212.3,0.0,212.3
Motak Gaon,291196,140.5,497,100,1,1,1,b,,,,,,1.0,Yes,No,Yes,No,No,No,No,Yes,Yes,c,a,c,a,c,c,c,c,Yes,b,Yes,Yes,a,c,c,a,c,Yes,Yes,Yes,No,No,No,0.0,84.7,0.0,0.0,0.0,6.1,0.0,49.8,0.0,49.8
Kolakhowa Gozal Gaon,291197,319.8,1103,200,3,1,b,c,,,,,,1.0,Yes,Yes,Yes,Yes,Yes,Yes,No,No,Yes,c,a,c,Yes,a,c,c,c,Yes,a,Yes,Yes,a,c,c,Yes,c,Yes,Yes,Yes,No,No,No,0.0,54.9,0.0,35.0,20.1,6.7,33.5,166.2,0.0,166.2
Nogachuk Pather Gaon,291198,55.2,99,17,1,a,,a,,1.0,,,,0.0,No,No,No,Yes,No,No,No,No,Yes,c,a,c,a,a,c,c,c,c,b,a,Yes,b,c,c,Yes,c,Yes,c,Yes,No,No,No,0.0,3.3,0.0,0.0,6.7,0.0,0.0,41.8,0.0,41.8
182 No.Banhbari Grant,291199,85.7,558,106,1,1,a,a,,,,,,1.0,Yes,No,Yes,Yes,No,Yes,No,Yes,Yes,c,a,c,a,Yes,a,a,a,Yes,b,Yes,Yes,a,c,c,a,c,Yes,Yes,Yes,No,No,No,0.0,10.7,0.0,0.0,0.0,0.0,0.0,75.0,0.0,75.0
Banhbari Gaon No.2,291200,38.7,7,2,a,a,a,a,,,,,,0.0,No,No,Yes,No,No,No,No,No,Yes,c,a,c,a,a,a,a,a,a,a,a,Yes,a,c,b,Yes,c,a,c,Yes,No,No,No,0.0,0.0,0.0,0.0,0.0,36.9,0.0,0.0,0.0,0.0
Banhbari Gaon No.1,291201,129.0,460,94,1,1,a,a,,,,,,1.0,No,No,Yes,No,Yes,No,No,Yes,Yes,c,a,c,c,a,a,a,a,Yes,a,Yes,Yes,a,c,b,a,c,Yes,Yes,Yes,No,No,No,0.0,14.2,0.0,0.0,11.2,5.4,0.0,98.3,0.0,98.3
Janzi Mukh N.C.,291202,67.0,79,17,1,a,a,a,,,,,,1.0,No,No,Yes,Yes,No,No,No,No,Yes,c,Yes,c,a,a,b,b,b,b,a,a,Yes,a,c,b,a,c,Yes,a,Yes,No,No,No,0.0,10.0,0.0,0.0,0.0,0.0,0.0,57.0,0.0,57.0
Janzimukh Gaon,291203,90.3,575,99,1,a,a,a,,,,,,1.0,No,No,Yes,No,Yes,Yes,No,Yes,Yes,c,a,c,b,b,b,b,b,Yes,b,Yes,Yes,a,b,b,a,c,Yes,Yes,Yes,No,No,No,0.0,15.3,0.0,0.0,0.0,0.0,0.0,75.0,0.0,75.0
Lazai Miri Gaon,291204,160.4,1830,316,2,a,a,a,,,,,,1.0,Yes,Yes,Yes,Yes,No,No,No,Yes,Yes,c,b,c,Yes,b,b,b,b,Yes,b,Yes,Yes,a,b,b,a,c,Yes,Yes,Yes,No,No,No,0.0,40.4,0.0,0.0,0.0,0.0,0.0,120.0,0.0,120.0
Pani Gaon No.1,291205,151.9,398,83,1,b,b,b,,,,,,1.0,No,No,Yes,No,No,Yes,No,Yes,b,c,b,c,b,b,b,b,b,Yes,b,Yes,Yes,a,b,b,Yes,c,Yes,a,No,No,No,No,0.0,35.4,0.0,0.0,0.0,0.0,0.0,116.5,0.0,116.5
Pani Gaon No.2,291206,49.3,82,20,1,a,a,a,,,,,,1.0,No,No,Yes,No,Yes,No,No,Yes,a,c,a,c,b,b,a,a,a,a,a,a,Yes,c,a,c,Yes,c,Yes,a,No,No,No,No,0.0,28.0,0.0,0.0,0.0,0.0,0.0,21.3,0.0,21.3
Bhogamur Gaon No.1,291207,167.3,321,67,1,a,b,b,,,,,,1.0,No,No,Yes,No,No,No,Yes,No,a,c,b,c,b,b,b,b,b,Yes,b,Yes,Yes,c,c,c,a,c,Yes,a,No,No,No,No,0.0,45.6,0.0,0.0,11.8,0.0,0.0,110.0,0.0,110.0
Bhogamur Tiniali Gaon,291208,177.4,556,117,1,1,b,b,,,,,,0.0,No,No,Yes,No,No,No,No,Yes,a,c,b,b,b,Yes,b,b,b,Yes,b,Yes,Yes,c,c,c,a,c,Yes,Yes,No,No,No,No,0.0,34.8,0.0,0.0,3.2,0.0,0.0,137.3,0.0,137.3
Bhogamur Gaon No.3,291209,146.3,55,12,a,a,a,a,,,,,,1.0,No,No,Yes,No,Yes,No,No,Yes,a,c,a,c,a,a,a,a,a,a,a,a,Yes,c,c,c,b,c,a,a,No,No,No,No,0.0,24.2,0.0,0.0,3.2,0.0,0.0,105.5,0.0,105.5
Bali Gaon,291210,275.8,843,179,1,1,a,a,,,,,,1.0,Yes,No,Yes,No,No,No,Yes,No,Yes,c,a,b,Yes,Yes,a,a,a,Yes,b,Yes,Yes,c,c,c,Yes,c,Yes,Yes,Yes,No,No,No,0.0,20.0,0.0,0.0,9.6,0.0,0.0,236.2,0.0,236.2
Kotoha Bangali Gaon,291211,126.5,903,182,1,1,1,a,,,,,,1.0,Yes,Yes,Yes,Yes,No,No,No,Yes,Yes,c,c,a,a,Yes,b,b,b,Yes,a,Yes,Yes,a,b,c,Yes,c,Yes,Yes,Yes,No,No,No,0.0,23.6,9.0,28.2,8.0,0.0,0.0,41.4,0.0,41.4
Kawoimari N.C.,291212,161.7,1132,246,1,a,a,a,,,,,,1.0,Yes,Yes,Yes,Yes,Yes,No,No,No,Yes,c,c,a,Yes,a,b,b,b,Yes,b,Yes,Yes,c,c,c,Yes,c,Yes,Yes,Yes,No,No,No,0.0,48.0,6.1,0.0,3.0,0.0,0.0,105.0,0.0,105.0
Simoluguri Gaon,291213,19.4,25,6,1,a,a,a,,,,,,1.0,No,No,No,Yes,No,No,No,Yes,Yes,c,a,a,a,a,a,a,a,a,a,a,Yes,c,c,c,Yes,c,Yes,a,Yes,No,No,No,0.0,17.8,0.0,0.0,0.0,0.0,0.0,1.5,0.0,1.5
Dihing Kaibatra Gaon,291214,21.1,435,88,1,b,b,b,,,,,,1.0,Yes,Yes,Yes,Yes,Yes,No,No,Yes,Yes,c,c,c,Yes,a,a,a,a,Yes,a,Yes,Yes,a,c,b,Yes,c,a,a,Yes,No,No,No,0.0,5.1,0.6,0.0,0.0,0.0,0.0,15.0,0.0,15.0
Kotoha Gaon,291215,214.7,903,202,2,1,1,b,,,1.0,,,1.0,Yes,Yes,Yes,No,No,No,No,Yes,Yes,c,Yes,c,Yes,Yes,Yes,Yes,Yes,Yes,b,Yes,Yes,Yes,c,c,Yes,c,Yes,Yes,Yes,No,No,No,0.0,39.6,0.0,3.0,0.3,0.0,0.0,151.8,0.0,151.8
53 No-F.C. Grant,291216,41.5,185,44,a,a,b,b,,,,,,1.0,Yes,No,Yes,No,No,No,Yes,No,Yes,c,c,b,b,b,a,a,a,Yes,a,a,Yes,b,b,c,Yes,c,a,a,Yes,No,No,No,0.0,24.6,0.0,0.0,0.0,0.0,0.0,16.9,0.0,16.9
Nibuk Gaon,291217,150.5,270,64,1,c,a,b,,,,,,1.0,Yes,No,Yes,No,No,No,No,Yes,Yes,c,a,b,a,a,Yes,Yes,b,Yes,b,Yes,Yes,a,b,b,Yes,c,Yes,a,Yes,No,No,No,0.0,21.2,0.0,0.0,6.7,2.5,0.0,116.8,0.0,116.8
Nowjan Salmari N.C.,291218,35.2,106,26,a,a,b,b,,,,,,1.0,No,No,Yes,No,No,No,No,Yes,Yes,c,c,b,b,b,a,a,a,Yes,a,a,Yes,b,c,b,a,c,a,a,Yes,No,No,No,0.0,11.5,0.0,0.0,0.0,0.0,0.0,21.6,0.0,21.6
Nowjan Gaon No.1,291219,214.6,534,118,1,a,a,a,,,,,,1.0,Yes,No,Yes,No,Yes,No,No,Yes,Yes,c,a,b,a,Yes,a,a,a,Yes,a,Yes,Yes,b,b,b,Yes,c,Yes,Yes,Yes,No,No,No,0.0,41.1,0.0,4.0,0.0,0.0,0.0,164.4,0.0,164.4
Bolai Gaon,291220,275.4,717,134,1,a,b,b,,,,,,1.0,Yes,No,No,Yes,No,No,Yes,Yes,Yes,c,a,b,a,a,c,a,a,Yes,a,Yes,Yes,b,c,b,Yes,c,Yes,Yes,Yes,No,Yes,No,0.0,55.9,0.0,30.4,0.0,0.0,0.0,186.6,0.0,186.6
Nowjan Gaon No.2,291221,43.3,698,150,1,a,a,a,,,,,,1.0,Yes,Yes,Yes,Yes,Yes,Yes,Yes,No,Yes,c,a,a,a,Yes,a,a,a,Yes,a,Yes,Yes,b,b,c,Yes,c,Yes,Yes,Yes,No,No,No,0.0,7.8,0.0,0.0,0.0,0.0,0.0,33.4,0.0,33.4
Bolai No-Gaon,291222,103.9,653,140,1,1,1,b,,,1.0,,,1.0,Yes,No,Yes,Yes,No,No,No,Yes,Yes,c,a,b,Yes,c,a,a,a,Yes,a,Yes,Yes,b,c,b,Yes,c,Yes,Yes,Yes,No,No,No,0.0,26.8,0.0,0.0,0.0,0.0,0.0,72.4,0.0,72.4
Deori Gaon,291223,350.2,192,39,1,a,b,b,,,,,,1.0,No,No,Yes,Yes,No,No,No,Yes,Yes,c,a,b,a,a,a,a,a,Yes,a,Yes,Yes,c,c,c,Yes,c,Yes,a,Yes,No,No,No,0.0,172.8,60.5,0.0,19.5,0.0,0.0,91.2,0.0,91.2
Kachomari Deori N.C.,291224,42.8,12,2,1,a,a,c,,,,,,1.0,No,No,No,Yes,No,No,Yes,No,Yes,c,c,c,a,a,c,c,c,c,a,Yes,a,c,c,c,a,c,Yes,a,Yes,No,No,No,0.0,3.4,0.0,0.0,2.2,0.0,0.0,23.8,0.0,23.8
Kachomari Deori Gaon,291225,107.2,162,28,1,a,c,c,,,,,,1.0,Yes,No,No,Yes,No,No,No,Yes,Yes,c,Yes,c,c,Yes,a,c,c,Yes,a,Yes,Yes,b,c,b,Yes,c,Yes,a,Yes,No,No,No,0.0,6.7,0.0,0.0,3.4,0.0,0.0,22.3,0.0,22.3
Dihing Thakerani Gaon,291226,207.4,378,75,1,1,a,c,,,,,,1.0,Yes,No,Yes,Yes,No,No,No,No,Yes,c,c,Yes,Yes,b,b,a,c,Yes,b,Yes,Yes,c,c,c,Yes,c,Yes,a,Yes,No,No,No,0.0,13.9,0.0,19.1,4.4,0.0,0.0,118.0,0.0,118.0
Kachomari Hatigar Gaon,291227,57.6,283,59,1,a,a,c,,,1.0,,,1.0,No,No,Yes,No,No,No,No,Yes,Yes,c,c,c,c,Yes,c,c,c,Yes,a,Yes,Yes,c,c,c,Yes,c,Yes,a,Yes,No,No,No,0.0,12.2,0.0,0.0,0.3,0.0,0.0,43.4,0.0,43.4
Kowar Kharoni Gaon,291228,59.5,630,129,1,a,a,c,,,,,,1.0,No,Yes,Yes,No,No,No,No,No,Yes,c,c,c,Yes,Yes,b,a,b,Yes,b,Yes,Yes,c,c,c,a,c,Yes,Yes,Yes,No,No,No,0.0,2.9,0.0,3.1,0.0,0.0,0.0,8.9,0.0,8.9
Panitola Konwar Gaon,291229,190.7,606,122,1,a,a,c,,,1.0,,,1.0,No,Yes,Yes,Yes,No,No,Yes,No,Yes,c,c,c,Yes,Yes,c,c,c,Yes,a,Yes,Yes,c,c,c,Yes,c,Yes,Yes,Yes,No,No,No,0.0,2.7,0.0,7.9,0.0,0.0,0.0,146.5,0.0,146.5
Ghetira Pather Gaon,291230,115.0,332,60,1,a,c,c,,,,,,1.0,Yes,No,Yes,No,No,No,No,No,Yes,c,c,c,c,a,c,a,c,Yes,a,Yes,Yes,c,c,c,Yes,c,a,a,Yes,No,No,No,0.0,3.2,0.0,0.0,0.0,0.0,0.0,101.6,0.0,101.6
Dihing Khamtighat Gaon,291231,55.4,245,46,1,a,,c,,,,,,0.0,No,No,Yes,No,No,No,No,Yes,Yes,c,c,c,b,Yes,c,c,c,Yes,b,Yes,Yes,c,c,c,a,c,Yes,a,Yes,No,No,No,0.0,0.0,0.0,0.0,0.0,0.0,0.0,55.4,0.0,55.4
Borbill Gaon No.2,291232,113.3,105,20,a,a,b,c,,,1.0,,,1.0,No,No,Yes,No,No,No,No,Yes,Yes,c,c,c,a,a,a,a,a,Yes,a,Yes,Yes,c,c,c,Yes,c,a,a,Yes,No,No,No,9.8,9.8,0.0,0.0,6.7,0.0,0.0,83.5,0.0,83.5
Borbill Gaon No.1,291233,204.7,644,131,1,a,b,c,,,,,,1.0,No,No,Yes,No,No,No,No,Yes,Yes,c,c,c,Yes,Yes,a,a,a,Yes,a,Yes,Yes,c,c,c,Yes,c,Yes,Yes,Yes,No,No,No,0.0,32.2,0.0,0.0,6.1,0.0,0.0,161.8,0.0,161.8
Chamoguri Bangali Gaon,291234,114.1,517,113,1,a,a,c,,,1.0,,,1.0,Yes,Yes,Yes,No,No,No,No,Yes,Yes,c,c,c,Yes,Yes,c,c,c,Yes,c,Yes,Yes,c,c,c,Yes,c,Yes,Yes,Yes,No,No,No,0.0,8.8,0.0,35.1,0.0,0.0,0.0,19.5,0.0,19.5
Hanchara Pather Gaon,291235,70.8,118,25,1,a,a,c,,,,,,1.0,Yes,No,Yes,Yes,No,No,No,Yes,Yes,c,c,c,c,b,b,b,b,Yes,b,Yes,Yes,c,c,c,Yes,c,Yes,a,Yes,No,No,No,0.0,1.6,0.0,0.0,4.7,0.0,0.0,63.2,0.0,63.2
Hanchara Gaon,291236,56.8,425,90,1,a,c,c,,,,,,1.0,Yes,Yes,Yes,Yes,No,No,No,Yes,Yes,c,c,c,Yes,c,b,b,b,Yes,b,Yes,Yes,c,c,c,Yes,c,Yes,a,Yes,No,No,No,0.0,1.5,0.0,0.0,1.1,0.0,0.0,49.4,0.0,49.4
Bhorbhuri Nogaon No.3,291237,124.2,262,55,1,a,b,c,,,,,,1.0,No,Yes,Yes,No,No,Yes,No,Yes,Yes,c,c,c,a,c,b,b,b,Yes,b,Yes,Yes,c,c,c,Yes,c,Yes,a,Yes,No,No,No,0.0,21.8,0.0,0.0,8.7,2.0,0.0,86.8,0.0,86.8
Bhorbhuri Nogaon No.2,291238,149.7,331,58,1,1,b,c,,,,,,1.0,No,Yes,Yes,Yes,No,No,No,No,a,c,c,c,c,c,c,c,c,Yes,b,Yes,Yes,c,b,c,Yes,c,Yes,a,No,No,No,No,0.0,4.6,0.0,0.0,9.5,2.0,0.0,130.0,0.0,130.0
Changamari Gaon,291239,180.2,542,114,1,a,b,c,,,,,,1.0,Yes,No,Yes,Yes,No,Yes,No,Yes,Yes,c,c,c,c,a,b,b,b,Yes,b,Yes,Yes,b,c,b,a,c,Yes,Yes,Yes,No,No,No,0.0,3.9,0.0,0.0,4.9,0.0,0.0,166.7,0.0,166.7
Ulom Pather Gaon,291240,78.0,372,70,1,1,a,c,,,1.0,,,1.0,Yes,No,Yes,Yes,No,No,No,No,Yes,c,c,c,a,c,c,c,c,Yes,b,Yes,Yes,b,b,c,a,c,Yes,a,Yes,No,No,No,0.0,6.1,0.0,0.0,2.9,1.1,0.0,64.5,0.0,64.5
Jokai Komar Gaon F.V.,291241,49.6,350,81,1,1,a,c,,,1.0,,,1.0,No,No,Yes,Yes,No,No,No,Yes,Yes,c,a,c,a,a,b,b,b,Yes,b,Yes,Yes,b,c,c,a,c,Yes,a,Yes,No,No,No,0.0,8.3,0.0,0.0,0.0,0.0,0.0,41.3,0.0,41.3
Jokai Kachari Gaon F.V.,291242,32.0,166,34,a,a,a,c,,,,,,1.0,No,No,Yes,Yes,No,No,No,Yes,a,c,a,c,a,a,b,b,b,Yes,b,Yes,Yes,b,c,c,a,c,b,a,No,No,No,No,0.0,5.3,0.0,0.0,0.0,0.0,0.0,26.7,0.0,26.7
Jokai Noghaaria Gaon Fv.Kaibarta,291243,14.4,270,50,1,a,a,c,,,,,,1.0,No,Yes,Yes,Yes,No,No,No,Yes,b,c,a,c,a,a,b,b,b,Yes,b,Yes,Yes,a,c,c,Yes,c,Yes,a,No,No,No,No,0.0,2.4,0.0,0.0,0.0,0.0,0.0,12.0,0.0,12.0
Jokai 36 Gharia Gaon F.V.,291244,57.6,693,135,1,a,a,c,,,,,,1.0,No,Yes,Yes,Yes,No,No,No,Yes,Yes,c,Yes,c,b,b,b,b,Yes,Yes,b,Yes,Yes,a,c,c,a,c,Yes,Yes,Yes,No,No,No,0.0,9.6,0.0,0.0,0.0,0.0,0.0,48.0,0.0,48.0
Jokai 28 Gharia Gaon F.V.,291245,43.2,688,132,1,a,a,c,,,1.0,,,1.0,No,No,Yes,Yes,No,No,No,Yes,Yes,c,b,c,b,b,c,c,c,Yes,c,Yes,Yes,c,c,c,a,c,Yes,Yes,Yes,No,No,No,0.0,7.2,0.0,0.0,0.0,0.0,0.0,36.0,0.0,36.0
Modhupur Paroliguri F.V.,291246,28.0,356,69,1,a,a,c,,,,,,1.0,Yes,Yes,Yes,No,No,No,No,Yes,Yes,c,Yes,,Yes,Yes,c,c,c,Yes,a,Yes,Yes,b,c,c,Yes,c,Yes,a,Yes,No,No,No,0.0,3.6,0.0,0.0,0.0,0.0,0.0,24.4,0.0,24.4
Modhupur Nepali F.V.,291247,126.0,562,107,1,2,1,c,,1.0,,,,1.0,No,Yes,Yes,Yes,No,No,No,No,Yes,c,Yes,b,Yes,Yes,c,c,c,Yes,b,Yes,Yes,a,c,c,a,c,Yes,Yes,Yes,No,No,No,0.0,20.8,0.0,0.0,0.0,0.0,0.0,105.2,0.0,105.2
Modhupur Baragharia F.V.,291248,19.2,311,48,2,a,a,c,,,,,,1.0,No,Yes,Yes,Yes,No,No,No,Yes,Yes,c,Yes,b,Yes,Yes,c,c,c,Yes,b,Yes,Yes,a,c,b,a,c,Yes,a,Yes,No,No,No,0.0,3.2,0.0,0.0,0.0,0.0,0.0,16.0,0.0,16.0
Modhupur Thakera Pukhuri F.V.,291249,144.0,836,145,1,1,a,c,,,,,,1.0,Yes,Yes,Yes,Yes,No,No,No,Yes,Yes,c,Yes,b,Yes,Yes,c,c,c,Yes,a,Yes,Yes,b,b,b,Yes,c,Yes,Yes,Yes,No,No,No,0.0,21.6,0.0,0.0,0.0,0.0,0.0,122.4,0.0,122.4
Modhupur Tinchukia F.V.,291250,124.0,414,76,1,a,a,c,,,,,,1.0,Yes,Yes,Yes,Yes,No,No,No,Yes,Yes,c,Yes,b,Yes,Yes,c,c,c,Yes,a,Yes,Yes,c,c,c,a,c,Yes,a,Yes,No,No,No,0.0,17.0,0.0,0.0,0.0,0.0,0.0,107.0,0.0,107.0
Modhupur Nahoroni F.V.,291251,144.0,159,29,1,a,a,c,,,,,,1.0,No,Yes,Yes,Yes,No,No,No,Yes,Yes,c,Yes,b,b,Yes,c,c,c,Yes,b,Yes,Yes,c,c,c,Yes,c,Yes,a,Yes,No,No,No,0.0,21.6,0.0,0.0,0.0,0.0,0.0,122.4,0.0,122.4
Modhupur Deori F.V.,291252,147.0,505,86,1,a,a,c,,,,,,1.0,Yes,No,Yes,Yes,No,No,No,Yes,Yes,c,Yes,b,Yes,Yes,c,c,c,Yes,b,Yes,Yes,b,c,b,Yes,c,Yes,Yes,Yes,No,No,No,0.0,36.0,0.0,0.0,0.0,0.0,0.0,111.0,0.0,111.0
Behia Chetia Gaon,291255,103.7,955,196,1,a,a,a,,,,,,1.0,Yes,No,No,Yes,No,No,No,No,Yes,a,a,b,a,a,a,a,a,Yes,a,Yes,Yes,c,a,c,Yes,a,a,Yes,Yes,No,No,No,0.0,65.6,38.1,0.0,0.0,0.0,0.0,0.0,0.0,0.0
Japara Gaon,291256,44.8,1967,406,1,a,a,a,,,,,,1.0,Yes,Yes,Yes,No,No,No,No,Yes,Yes,a,Yes,a,Yes,Yes,Yes,Yes,Yes,Yes,Yes,Yes,Yes,c,a,c,Yes,a,Yes,Yes,Yes,No,No,No,0.0,39.2,0.0,0.0,0.0,0.0,0.0,5.6,0.0,5.6
Rajabheta 135 F.S.,291257,102.0,464,106,1,a,a,a,,,1.0,,,1.0,Yes,Yes,Yes,No,No,No,No,No,Yes,a,Yes,c,Yes,Yes,Yes,Yes,Yes,Yes,b,Yes,Yes,c,Yes,c,a,c,Yes,Yes,Yes,No,No,No,0.0,75.2,0.0,0.0,0.0,0.0,0.0,26.8,0.0,26.8
Kath Gaon,291098,210.2,194,45,1,a,a,b,,,,,,0.0,No,Yes,Yes,No,No,No,No,Yes,Yes,b,a,a,b,Yes,a,a,a,Yes,b,Yes,Yes,a,b,a,Yes,b,Yes,a,Yes,No,No,No,0.0,6.8,0.0,1.2,3.4,0.9,0.0,197.2,0.0,197.2
Palonia Gaon,291150,82.6,300,65,1,a,a,c,,,1.0,,,1.0,No,Yes,No,Yes,No,No,No,No,Yes,c,b,b,b,Yes,b,b,b,Yes,b,Yes,Yes,c,c,c,Yes,c,Yes,b,Yes,No,No,No,0.0,5.4,0.0,0.0,10.1,2.2,0.0,52.9,0.0,52.9
Dhariatoli Gaon,291151,48.1,135,24,a,a,a,c,,,,,,1.0,Yes,No,Yes,No,No,No,No,No,Yes,c,b,b,b,b,b,b,b,Yes,a,Yes,Yes,c,c,c,a,c,a,b,Yes,No,No,No,0.0,3.8,0.0,0.0,5.0,2.2,0.0,24.0,0.0,24.0
Longsoo,291261,185.0,1218,256,3,1,a,b,,,1.0,,,1.0,Yes,Yes,No,Yes,No,Yes,No,Yes,Yes,c,Yes,a,a,Yes,Yes,Yes,Yes,Yes,b,Yes,Yes,b,c,c,Yes,c,Yes,Yes,Yes,No,No,No,0.0,77.2,0.0,0.0,12.1,0.0,10.2,73.0,0.0,73.0
Nogaghuli 7/180 Orr,291262,216.4,349,73,1,a,a,c,,,1.0,,,1.0,No,No,Yes,No,No,No,No,Yes,Yes,c,c,c,b,b,c,c,c,Yes,b,Yes,Yes,b,b,b,a,c,Yes,a,Yes,No,No,No,0.0,3.3,25.0,0.0,0.0,164.9,0.0,20.0,0.0,20.0
Mothola 5/142 Orr,291263,6.3,554,137,1,b,b,b,,,1.0,,,1.0,Yes,No,No,Yes,No,No,No,Yes,Yes,b,b,b,b,b,b,b,b,Yes,b,Yes,Yes,b,b,b,a,b,a,Yes,Yes,No,No,No,0.0,3.3,0.0,0.0,0.4,0.4,0.3,1.5,0.0,1.5
Borsaikia Gaon,291264,180.6,1486,305,1,a,a,b,,,2.0,,,1.0,No,Yes,Yes,No,No,No,No,Yes,Yes,b,a,b,Yes,Yes,b,b,b,Yes,b,Yes,Yes,b,a,c,Yes,b,Yes,Yes,Yes,No,No,No,0.0,64.0,116.5,0.0,0.0,0.0,0.0,0.0,0.0,0.0
Saguni Bari Gaon,291265,178.0,2133,433,1,a,a,a,,,,,,1.0,Yes,Yes,Yes,No,No,No,No,Yes,Yes,b,Yes,b,Yes,a,a,a,a,Yes,Yes,Yes,Yes,b,a,c,Yes,b,Yes,Yes,Yes,No,Yes,No,0.0,35.0,0.0,0.0,0.0,0.0,0.0,16.8,0.0,16.8
Barbari 12/141 Orr,291266,225.9,1366,278,2,a,a,a,,,,,,1.0,Yes,No,Yes,No,No,No,No,No,Yes,a,Yes,a,a,a,a,a,a,Yes,a,Yes,Yes,a,a,c,a,a,a,Yes,Yes,No,Yes,No,0.0,55.8,0.0,0.0,0.0,0.0,0.0,0.0,0.0,0.0
Bongal Gaon,291267,137.5,1920,385,1,a,a,b,,,1.0,,,1.0,Yes,Yes,Yes,No,No,No,No,No,Yes,b,Yes,b,Yes,Yes,Yes,Yes,Yes,Yes,a,Yes,Yes,a,b,a,Yes,b,Yes,Yes,Yes,No,Yes,No,0.0,112.0,0.0,1.6,0.0,0.0,0.0,14.3,0.0,14.3
Hiloidhari Chandoi Gaon,291268,278.0,695,142,1,b,b,b,,,1.0,,,1.0,Yes,No,Yes,No,No,No,No,Yes,Yes,b,a,b,Yes,Yes,b,b,b,Yes,b,Yes,Yes,a,a,a,Yes,b,Yes,Yes,Yes,No,No,No,0.0,65.7,0.0,0.0,0.0,0.0,0.0,62.7,0.0,62.7
Maijan Grant Gaon,291269,215.0,1454,296,2,a,a,b,,,,,,1.0,Yes,Yes,Yes,No,No,No,No,Yes,Yes,b,a,b,Yes,Yes,b,b,b,Yes,b,Yes,Yes,a,a,a,Yes,b,Yes,Yes,Yes,No,No,No,0.0,84.9,20.1,0.0,0.4,0.0,0.0,59.9,0.0,59.9
Filnuguri Grant 4/152,291270,478.0,5912,1158,4,1,a,b,,,,,,1.0,Yes,Yes,Yes,No,No,No,No,Yes,Yes,b,Yes,b,b,b,b,b,b,Yes,Yes,Yes,Yes,Yes,b,b,Yes,b,a,Yes,Yes,No,No,No,0.0,80.0,0.0,0.0,1.0,10.0,5.0,370.0,0.0,370.0
Harabari Grant 115 F/S,291271,142.5,712,139,1,a,1,b,,,,,,1.0,Yes,Yes,Yes,No,No,No,No,Yes,b,c,b,b,b,b,b,b,b,Yes,a,Yes,Yes,a,a,a,Yes,c,a,Yes,No,No,No,No,0.0,76.7,0.0,0.0,1.0,0.0,0.0,39.0,0.0,39.0
Nogaghuli 16/177 Orr,291272,218.0,1137,218,2,a,a,c,,,,,,1.0,No,No,Yes,Yes,No,No,No,Yes,Yes,c,b,c,Yes,c,c,c,c,Yes,b,Yes,Yes,a,b,a,Yes,c,a,Yes,Yes,No,No,No,0.0,60.2,5.4,0.0,0.0,60.0,15.0,47.0,0.0,47.0
Niz Kanai Gaon,291273,217.4,1169,243,2,a,a,c,,,1.0,,,1.0,No,Yes,No,Yes,No,No,No,Yes,Yes,c,c,c,Yes,Yes,c,c,c,Yes,a,Yes,Yes,a,b,a,Yes,c,Yes,Yes,Yes,No,No,No,0.0,25.4,7.4,7.5,0.0,0.0,0.0,163.9,0.0,163.9
Kanai Gaon,291274,206.9,670,139,2,1,a,c,,,1.0,,,1.0,Yes,Yes,No,Yes,No,No,No,Yes,Yes,c,b,c,Yes,Yes,c,c,c,Yes,a,Yes,Yes,b,b,b,Yes,c,Yes,Yes,Yes,No,No,No,0.0,32.4,7.6,7.5,1.4,0.0,0.0,148.0,0.0,148.0
Kholajan Grant 34 No N.C.,291275,160.7,1623,324,1,a,b,c,,,,,,1.0,No,Yes,Yes,Yes,No,No,No,Yes,Yes,c,b,b,Yes,b,b,b,b,Yes,a,Yes,Yes,a,b,a,a,c,a,Yes,Yes,No,No,No,0.0,18.6,3.9,0.0,0.0,0.0,0.0,134.8,0.0,134.8
Kadamani Grant Gaon No.39,291276,197.8,71,16,1,a,a,c,,,,,,1.0,No,No,Yes,Yes,No,No,No,No,b,c,b,b,a,a,b,b,b,a,a,Yes,Yes,b,b,b,Yes,c,Yes,a,No,No,No,No,0.0,5.8,2.4,0.0,1.6,0.0,0.0,185.5,0.0,185.5
Garuchur Gaon,291277,232.2,1077,219,2,a,a,c,,,,,,1.0,Yes,Yes,Yes,Yes,No,No,No,Yes,Yes,c,c,c,Yes,a,c,c,c,Yes,a,Yes,Yes,b,b,b,Yes,c,a,Yes,Yes,No,No,No,0.0,27.1,6.2,1.2,0.0,0.0,0.0,195.2,0.0,195.2
Kandulibari Grant 4 No.F.S.16 NLR,291278,936.7,4405,901,5,a,a,c,,,,,,1.0,Yes,Yes,Yes,Yes,No,Yes,No,Yes,Yes,c,Yes,c,Yes,Yes,c,c,c,Yes,Yes,Yes,Yes,b,b,b,Yes,c,a,Yes,Yes,No,Yes,No,0.0,50.2,20.4,0.0,2.4,0.0,0.0,848.5,0.0,848.5
Titadimoru Gaon,291279,309.4,1472,307,2,a,a,b,,,,,,1.0,Yes,Yes,Yes,No,No,No,No,Yes,Yes,c,b,b,a,Yes,b,b,b,Yes,b,Yes,Yes,b,a,b,Yes,c,a,Yes,Yes,No,Yes,No,0.0,40.2,0.0,55.0,1.0,2.0,8.0,192.4,0.0,192.4
Harabari Konwar Gaon,291280,216.3,1010,222,2,2,1,b,,,,,,1.0,Yes,Yes,Yes,Yes,No,No,No,Yes,Yes,c,b,b,a,Yes,b,b,b,Yes,b,Yes,Yes,b,a,b,Yes,c,Yes,Yes,Yes,No,No,No,0.0,67.0,0.0,2.0,0.0,0.0,0.0,120.5,0.0,120.5
Japi Sajia Gaon,291281,192.6,2133,489,1,a,a,a,,,1.0,,,3.0,Yes,Yes,Yes,Yes,No,No,No,Yes,Yes,b,Yes,a,Yes,Yes,Yes,Yes,Yes,Yes,Yes,Yes,Yes,c,b,c,Yes,b,Yes,Yes,Yes,No,Yes,No,0.0,56.1,0.0,27.0,0.0,0.0,0.0,103.3,0.0,103.3
Bebejia Gaon,291282,233.9,1242,261,1,a,a,b,,,,,,1.0,Yes,Yes,Yes,Yes,No,No,No,Yes,Yes,b,a,b,Yes,Yes,a,a,a,Yes,a,Yes,Yes,b,b,b,Yes,b,a,Yes,Yes,No,No,No,0.0,81.7,0.0,0.0,0.0,0.0,0.0,125.1,0.0,125.1
Chaulkhowa Grant Gaon,291283,312.2,1373,290,1,2,1,b,,,1.0,,,1.0,Yes,Yes,Yes,No,No,No,No,Yes,Yes,b,Yes,b,Yes,Yes,Yes,Yes,Yes,Yes,a,Yes,Yes,c,b,c,Yes,b,Yes,Yes,Yes,No,No,No,0.0,195.6,6.6,0.0,0.0,0.0,0.0,38.4,0.0,38.4
Bashbari Gaon,291284,227.4,822,178,1,1,a,b,,,1.0,,,1.0,No,Yes,Yes,Yes,No,No,No,Yes,Yes,c,b,b,a,a,b,b,b,Yes,b,Yes,Yes,c,a,b,Yes,c,Yes,Yes,Yes,No,No,No,0.0,80.3,0.0,3.0,1.0,3.0,4.2,105.3,0.0,105.3
Bakulbari 26/147 Orr,291285,79.1,795,181,2,1,1,a,,,,,,1.0,Yes,Yes,No,Yes,No,No,No,Yes,Yes,b,Yes,a,Yes,a,a,a,a,Yes,a,Yes,Yes,b,b,b,Yes,b,Yes,Yes,Yes,No,No,No,0.0,52.3,0.0,0.0,0.0,0.0,0.0,26.8,0.0,26.8
Niz Lahoal,291286,272.6,2686,600,1,2,a,a,,,1.0,,,1.0,Yes,Yes,Yes,Yes,No,Yes,No,Yes,Yes,b,Yes,a,Yes,Yes,Yes,Yes,Yes,Yes,Yes,Yes,Yes,Yes,b,b,Yes,b,Yes,Yes,Yes,No,Yes,No,0.0,81.3,0.0,25.5,0.0,0.0,0.0,160.7,0.0,160.7
Athabari Gaon,291287,264.7,2299,503,1,a,a,a,,,1.0,,,2.0,Yes,Yes,Yes,Yes,No,No,No,Yes,Yes,c,Yes,a,Yes,Yes,a,a,a,Yes,Yes,Yes,Yes,c,Yes,c,a,c,Yes,Yes,Yes,No,No,No,0.0,215.2,0.0,0.0,0.0,0.0,0.0,23.5,0.0,23.5
Miripothar. 16 No.F.S,291288,282.4,756,158,1,a,b,b,,,,,,1.0,No,No,Yes,No,No,No,No,Yes,b,c,a,b,a,a,b,b,b,Yes,a,Yes,Yes,b,a,b,a,c,a,Yes,No,No,No,No,0.0,96.4,0.0,0.0,1.0,2.0,5.0,152.0,0.0,152.0
Miripothar  Gaon,291289,213.0,3745,744,1,3,b,b,,,1.0,,,1.0,Yes,Yes,Yes,No,No,No,No,Yes,Yes,c,Yes,b,a,a,b,b,b,Yes,Yes,Yes,Yes,b,a,b,a,c,Yes,Yes,Yes,No,No,No,0.0,71.9,0.0,2.1,0.4,2.0,0.0,134.0,0.0,134.0
Sarupothar Gaon,291290,289.8,2848,569,2,2,b,b,,,,,,1.0,Yes,Yes,Yes,Yes,No,No,No,Yes,Yes,c,b,b,Yes,Yes,b,b,b,Yes,a,Yes,Yes,b,b,c,Yes,c,Yes,Yes,Yes,No,Yes,No,0.0,32.2,9.7,35.6,1.3,0.0,0.0,200.8,0.0,200.8
Sani Potia,291291,258.3,770,161,1,1,1,b,,,1.0,,,1.0,Yes,Yes,Yes,Yes,No,No,No,Yes,Yes,c,b,b,b,b,b,b,b,Yes,a,Yes,Yes,c,b,c,a,c,Yes,Yes,Yes,No,No,No,0.0,26.8,3.3,0.0,2.7,0.0,0.0,220.2,0.0,220.2
Maijan Hindu Kodomoni,291292,771.8,3551,723,3,b,b,b,,,,,,1.0,Yes,Yes,Yes,Yes,No,No,No,Yes,Yes,c,Yes,a,a,a,a,a,a,Yes,Yes,Yes,Yes,b,b,c,Yes,c,a,Yes,Yes,No,No,No,0.0,358.7,0.0,0.0,11.8,0.0,15.6,300.8,0.0,300.8
Godabahar Gaon,291293,97.9,755,159,1,a,a,b,,,1.0,,,1.0,Yes,Yes,Yes,Yes,No,No,No,Yes,Yes,c,Yes,a,a,a,Yes,Yes,Yes,Yes,a,Yes,Yes,b,c,b,Yes,c,Yes,Yes,Yes,No,No,No,0.0,46.4,0.0,0.0,5.4,0.0,0.0,40.5,0.0,40.5
Ekoratoli Chiristian,291294,123.7,389,77,1,a,b,b,,,,,,1.0,No,No,Yes,Yes,No,No,No,Yes,Yes,c,a,b,a,b,a,a,a,Yes,a,Yes,Yes,b,b,c,Yes,c,Yes,a,Yes,No,No,No,0.0,58.7,0.0,0.0,7.5,0.0,0.0,50.1,0.0,50.1
Ekoratoli Binoigutia,291295,187.7,1217,272,1,a,a,b,,,1.0,,,1.0,Yes,Yes,Yes,Yes,No,No,No,Yes,Yes,c,Yes,a,b,Yes,Yes,Yes,Yes,Yes,b,Yes,Yes,b,c,b,Yes,c,Yes,Yes,Yes,Yes,No,No,0.0,79.2,0.0,0.0,9.6,0.0,10.0,76.6,0.0,76.6
Handique Gaon,291296,99.8,59,13,1,a,b,b,,,,,,1.0,No,No,Yes,Yes,No,No,No,Yes,b,c,a,a,a,a,a,a,a,a,a,Yes,Yes,b,a,b,Yes,c,Yes,a,No,No,No,No,0.0,45.2,0.0,0.0,0.0,0.0,5.2,40.4,0.0,40.4
Mohanbari 31/160 Orr,291297,302.9,2094,415,3,a,b,b,,,,,,1.0,Yes,Yes,Yes,Yes,No,No,Yes,No,Yes,c,a,a,Yes,a,a,a,a,Yes,a,Yes,Yes,c,a,c,Yes,c,a,Yes,Yes,Yes,No,No,0.0,135.8,0.0,0.0,7.0,0.0,9.0,131.0,0.0,131.0
Mohanbari Hindu Gaon,291298,160.1,714,153,1,a,a,a,,,,,,1.0,Yes,Yes,No,Yes,No,No,No,Yes,Yes,b,Yes,a,a,a,Yes,Yes,Yes,Yes,a,Yes,Yes,b,a,b,Yes,b,Yes,Yes,Yes,Yes,Yes,No,0.0,70.1,0.0,0.0,6.7,0.0,4.8,66.4,0.0,66.4
Niz Moidomia,291299,213.4,2104,463,1,a,a,a,,,,,,2.0,Yes,Yes,Yes,Yes,No,No,No,No,Yes,c,Yes,a,Yes,Yes,Yes,Yes,Yes,Yes,Yes,Yes,Yes,c,a,c,a,c,Yes,Yes,Yes,Yes,No,No,0.0,100.3,0.0,0.0,0.0,8.5,0.0,95.6,0.0,95.6
Lahoal Patra,291300,197.5,1644,363,2,2,1,a,,1.0,1.0,,1.0,1.0,Yes,No,Yes,Yes,No,No,No,No,Yes,b,Yes,Yes,Yes,Yes,Yes,Yes,Yes,Yes,Yes,Yes,Yes,c,b,c,Yes,b,Yes,Yes,Yes,No,Yes,No,0.0,54.2,0.0,2.4,0.0,0.0,0.0,105.4,0.0,105.4
Bokul Maj Gaon,291301,316.2,1765,391,3,1,1,b,,,1.0,,,1.0,Yes,Yes,Yes,Yes,No,Yes,No,Yes,Yes,b,Yes,a,Yes,Yes,Yes,Yes,Yes,Yes,Yes,Yes,Yes,c,b,c,Yes,b,Yes,Yes,Yes,No,Yes,No,0.0,80.6,0.0,13.5,0.0,0.0,0.0,175.1,0.0,175.1
"Bokul T.E. 6 No.L,C,R",291302,122.5,3353,707,3,a,a,a,,,,,,1.0,Yes,Yes,Yes,Yes,No,No,No,Yes,Yes,b,Yes,a,a,a,a,a,a,Yes,Yes,Yes,Yes,b,b,b,Yes,b,a,Yes,Yes,No,No,No,0.0,51.5,0.0,0.0,0.0,0.0,0.0,50.9,0.0,50.9
Dibrual Changmai,291303,104.2,1300,300,1,a,1,1,,,,,,1.0,Yes,Yes,Yes,Yes,No,No,No,No,Yes,c,a,a,Yes,Yes,a,a,a,Yes,b,Yes,Yes,b,c,b,Yes,c,a,Yes,Yes,No,No,No,0.0,25.1,0.0,0.0,0.0,0.0,0.0,69.0,0.0,69.0
Lahoal T.E. 27/148 Orr,291304,651.5,4086,850,4,3,1,1,,,,,,1.0,Yes,Yes,Yes,Yes,No,Yes,No,Yes,Yes,c,Yes,a,a,a,a,a,a,Yes,Yes,Yes,Yes,b,c,b,Yes,c,Yes,Yes,Yes,No,No,No,0.0,107.8,0.0,0.0,0.3,0.0,0.0,268.9,0.0,268.9
Lahoal 19/150 Orr (27 No.LC),291305,271.1,423,99,1,a,a,a,,,,,,1.0,Yes,No,No,Yes,No,No,No,Yes,Yes,b,Yes,Yes,Yes,a,a,a,a,Yes,b,Yes,Yes,b,b,b,Yes,b,Yes,a,Yes,No,Yes,No,0.0,37.8,26.7,0.0,0.0,0.0,0.0,28.9,0.0,28.9
Kharikatia Gaon,291306,150.0,477,95,1,a,a,a,,,,,,1.0,Yes,Yes,Yes,No,No,No,No,No,Yes,c,Yes,a,Yes,Yes,b,b,b,Yes,a,Yes,Yes,a,c,a,a,c,Yes,Yes,Yes,No,No,No,0.0,65.9,0.0,0.0,6.8,0.0,10.3,57.8,0.0,57.8
Khanikar Gaon,291307,238.0,484,97,1,a,a,b,,,,,,1.0,No,Yes,Yes,Yes,No,No,No,Yes,Yes,c,Yes,a,b,Yes,Yes,Yes,Yes,Yes,a,Yes,Yes,b,c,b,Yes,c,Yes,Yes,Yes,No,No,No,0.0,105.8,0.0,0.0,7.6,0.0,8.8,100.5,0.0,100.5
Hatkhula Gaon,291308,223.0,1355,290,1,a,a,a,,,1.0,,,1.0,Yes,Yes,Yes,Yes,No,Yes,No,Yes,Yes,c,Yes,b,Yes,Yes,b,b,b,Yes,a,Yes,Yes,c,c,c,Yes,c,Yes,Yes,Yes,No,No,No,0.0,27.0,0.0,9.8,2.0,5.0,4.0,165.2,0.0,165.2
Gohain Gaon,291309,245.1,666,132,1,1,b,b,,,1.0,,,1.0,No,No,Yes,Yes,No,No,No,Yes,Yes,c,b,b,b,Yes,b,b,b,Yes,a,Yes,Yes,b,c,b,a,c,Yes,Yes,Yes,No,No,No,0.0,113.3,0.0,8.1,3.2,0.0,0.0,112.4,0.0,112.4
Meleingal Gaon,291310,262.7,1180,244,1,a,a,a,,,,,,1.0,Yes,Yes,Yes,Yes,No,No,No,Yes,Yes,c,Yes,a,Yes,Yes,a,a,a,Yes,a,Yes,Yes,b,c,b,Yes,c,Yes,Yes,Yes,No,No,No,0.0,32.2,0.0,33.6,1.5,3.1,2.0,165.4,0.0,165.4
Habi Chuk,291311,239.1,574,123,1,a,a,a,,,,,,1.0,Yes,No,Yes,Yes,No,No,No,Yes,Yes,c,Yes,b,Yes,Yes,b,b,b,Yes,a,Yes,Yes,c,c,c,a,c,Yes,Yes,Yes,No,No,No,0.0,30.0,0.0,0.0,6.0,4.0,2.0,182.1,0.0,182.1
Tamulbari T.E.,291312,282.8,1181,229,1,a,a,b,,,,,,1.0,No,No,Yes,Yes,No,No,No,Yes,Yes,c,b,b,Yes,b,b,b,b,Yes,b,Yes,Yes,c,c,c,Yes,c,Yes,Yes,Yes,No,Yes,No,0.0,32.8,0.0,0.0,1.3,0.0,2.9,228.6,0.0,228.6
Agni Pothar Gaon,291313,219.0,860,171,1,a,a,a,,,,,,1.0,No,Yes,Yes,Yes,No,No,No,Yes,Yes,c,a,a,a,a,a,a,a,Yes,a,Yes,Yes,c,c,c,Yes,c,Yes,Yes,Yes,No,No,No,0.0,20.0,0.0,3.0,4.0,0.0,2.0,182.8,0.0,182.8
Jokai T.E. Co 29/143 Orr,291314,199.2,795,160,1,a,a,b,,,,,,1.0,Yes,Yes,Yes,Yes,No,No,No,Yes,Yes,b,a,b,a,a,a,a,a,Yes,a,Yes,Yes,c,b,c,Yes,b,a,Yes,Yes,No,Yes,No,0.0,14.6,0.0,0.0,1.8,3.2,2.0,169.6,0.0,169.6
Timona Gaon,291315,225.1,814,187,1,1,1,b,,,,,,1.0,No,Yes,Yes,Yes,No,No,No,No,Yes,c,a,a,Yes,a,a,a,a,Yes,b,Yes,Yes,c,c,c,Yes,c,Yes,Yes,Yes,No,No,No,0.0,23.0,0.0,0.0,2.0,5.0,3.0,171.1,0.0,171.1
Nunpuria,291316,286.0,567,118,1,b,b,b,,,,,,1.0,Yes,Yes,Yes,Yes,No,No,No,No,Yes,c,b,b,a,a,b,b,b,Yes,a,Yes,Yes,c,c,c,Yes,c,Yes,Yes,Yes,No,No,No,0.0,48.0,0.0,0.0,3.0,50.0,2.0,153.0,0.0,153.0
Tamulbari T.E.90/93 Nlr,291317,100.1,562,113,1,a,a,a,,,,,,1.0,Yes,No,Yes,Yes,No,No,No,Yes,Yes,c,a,b,a,a,b,b,b,Yes,a,Yes,Yes,c,c,c,a,c,a,Yes,Yes,No,No,No,0.0,7.2,0.0,0.0,1.0,1.9,3.0,83.0,0.0,83.0
Tamulbari T.E.40/43 Nlr,291318,51.3,260,49,1,b,b,b,,,,,,1.0,No,No,Yes,Yes,No,No,No,Yes,Yes,c,b,b,b,b,b,b,b,Yes,a,Yes,Yes,c,c,c,a,c,Yes,a,Yes,No,No,No,0.0,5.2,0.0,0.0,1.1,0.0,2.0,35.8,0.0,35.8
Tamulbari T.E.43/46 Nlr,291319,96.0,777,149,1,a,a,a,,,,,,1.0,No,Yes,Yes,Yes,No,No,No,Yes,Yes,c,b,b,b,b,b,b,b,Yes,a,Yes,Yes,c,c,c,Yes,c,Yes,Yes,Yes,No,No,No,0.0,4.7,0.0,0.0,2.0,2.4,1.5,82.3,0.0,82.3
Niz Moderkhat,291320,219.0,578,120,2,a,a,a,,,,,,1.0,Yes,Yes,Yes,No,No,No,No,Yes,Yes,c,a,b,Yes,Yes,b,b,b,Yes,a,Yes,Yes,c,c,c,Yes,c,Yes,Yes,Yes,No,No,No,0.0,99.8,0.0,0.0,7.2,0.0,5.8,90.0,0.0,90.0
Dikom Sessa 15/154 Orr,291321,480.6,2607,563,1,2,1,1,,,1.0,,,1.0,Yes,Yes,Yes,Yes,No,No,No,Yes,Yes,c,Yes,b,Yes,Yes,b,b,b,Yes,Yes,Yes,Yes,c,c,c,a,c,Yes,Yes,Yes,No,No,No,0.0,223.7,0.0,0.0,5.6,0.0,10.0,217.6,0.0,217.6
Dikom Sessa Gaon,291322,724.8,3227,645,3,1,b,c,,,1.0,,,1.0,Yes,Yes,Yes,No,No,No,No,Yes,Yes,c,Yes,b,b,b,b,b,b,Yes,Yes,Yes,Yes,c,c,c,Yes,c,Yes,Yes,Yes,No,No,No,0.0,50.3,0.0,16.2,10.1,10.9,15.2,220.5,0.0,220.5
Bocha Gaon,291323,37.6,1345,269,2,a,a,a,,,,,,1.0,No,Yes,Yes,Yes,No,No,No,Yes,Yes,c,Yes,b,a,a,b,b,b,Yes,a,Yes,Yes,c,c,c,a,c,Yes,Yes,Yes,Yes,No,No,0.0,5.8,0.0,0.0,1.0,2.8,1.9,18.7,0.0,18.7
Alimur Gaon,291324,290.3,1859,360,4,1,1,b,,,1.0,,,1.0,Yes,Yes,Yes,No,No,No,No,Yes,Yes,c,Yes,b,Yes,Yes,b,b,b,Yes,Yes,Yes,Yes,c,c,c,Yes,c,Yes,Yes,Yes,No,Yes,No,0.0,50.2,0.0,7.3,1.0,3.0,2.7,185.2,0.0,185.2
26 No.F.S. Grant (Chenglijan),291325,233.8,357,82,1,a,a,a,,,,,,1.0,No,No,No,Yes,No,No,No,Yes,b,c,a,b,Yes,Yes,b,b,b,Yes,a,Yes,Yes,c,c,c,Yes,c,Yes,a,No,No,No,No,0.0,102.9,0.0,0.0,0.0,0.0,17.0,95.2,0.0,95.2
Rongliting No.2,291326,47.2,1558,323,2,a,a,a,,,,,,1.0,Yes,Yes,Yes,Yes,No,No,No,Yes,Yes,c,Yes,a,a,b,b,b,b,Yes,Yes,Yes,Yes,c,c,c,a,c,a,Yes,Yes,No,Yes,No,0.0,5.6,0.0,0.0,0.0,0.0,2.4,36.1,0.0,36.1
Rongpuria,291327,304.0,1538,316,1,2,4,1,,,,,1.0,2.0,Yes,Yes,Yes,Yes,No,No,No,Yes,Yes,c,Yes,b,Yes,Yes,b,b,b,Yes,Yes,Yes,Yes,Yes,c,c,Yes,c,Yes,Yes,Yes,No,Yes,No,0.0,158.8,0.0,0.0,0.0,0.0,0.0,129.1,0.0,129.1
Chenglijan,291328,236.7,1690,342,2,1,a,a,,,,,,1.0,Yes,Yes,Yes,Yes,No,No,No,Yes,Yes,c,a,b,a,Yes,b,b,b,Yes,a,Yes,Yes,c,c,c,a,c,Yes,Yes,Yes,No,Yes,No,0.0,35.2,0.0,0.0,0.0,5.0,6.0,178.1,0.0,178.1
Moderkhat T.E.,291329,325.4,1317,279,1,a,b,b,,,,,,1.0,Yes,Yes,No,Yes,No,No,No,Yes,Yes,c,a,b,a,Yes,a,a,a,Yes,b,Yes,Yes,c,c,c,Yes,c,Yes,Yes,Yes,No,Yes,No,0.0,4.2,0.0,0.0,0.4,0.6,0.5,100.0,0.0,100.0
Bhimpara,291330,76.1,149,29,1,a,a,a,,,,,,1.0,No,No,No,Yes,No,No,No,No,b,c,b,b,b,b,b,b,b,Yes,b,Yes,Yes,c,c,c,a,c,a,a,No,No,No,No,0.0,15.0,0.0,0.0,0.0,0.0,2.0,39.1,0.0,39.1
Jilliguri Gaon,291331,207.9,946,198,2,1,b,b,,,1.0,,,1.0,No,Yes,Yes,Yes,No,Yes,No,Yes,Yes,c,a,b,b,b,b,b,b,Yes,a,Yes,Yes,c,c,c,a,c,Yes,Yes,Yes,No,No,No,0.0,40.0,0.0,12.1,2.0,0.0,0.0,148.9,0.0,148.9
Ghograjan,291332,126.7,899,168,1,a,a,a,,,,,,1.0,Yes,No,Yes,Yes,No,No,No,Yes,Yes,c,a,c,a,Yes,c,c,c,Yes,a,Yes,Yes,c,c,c,a,c,a,Yes,Yes,No,Yes,No,0.0,19.0,0.0,6.5,1.0,3.0,0.0,82.2,0.0,82.2
Romai Gaon,291333,249.3,1048,222,2,a,a,a,,,,,1.0,1.0,No,Yes,Yes,Yes,No,No,No,Yes,Yes,c,a,c,Yes,Yes,c,c,c,Yes,b,Yes,Yes,b,c,b,Yes,c,Yes,Yes,Yes,No,No,No,0.0,120.1,0.0,15.9,6.1,0.0,0.0,99.2,0.0,99.2
Romai Bongali,291334,185.6,788,167,1,a,a,a,,,1.0,,,1.0,Yes,Yes,Yes,No,No,No,No,Yes,Yes,c,Yes,b,Yes,Yes,b,b,b,Yes,b,Yes,Yes,c,c,Yes,Yes,c,Yes,Yes,Yes,No,No,No,0.0,86.0,0.0,0.0,8.0,0.0,0.0,71.5,0.0,71.5
Chiring Hula No.2,291335,147.2,925,190,1,1,a,a,,,,,,1.0,Yes,Yes,Yes,Yes,No,Yes,No,Yes,Yes,c,Yes,b,Yes,Yes,b,b,b,Yes,a,Yes,Yes,c,c,c,Yes,c,Yes,Yes,Yes,No,No,No,0.0,25.9,0.0,0.0,0.8,3.2,2.2,95.2,0.0,95.2
Chiring Hula No.1,291336,259.7,1103,215,2,3,1,b,,,1.0,,,1.0,Yes,Yes,Yes,Yes,No,No,No,No,b,c,Yes,c,c,a,c,c,c,Yes,b,Yes,Yes,c,c,c,Yes,Yes,Yes,Yes,Yes,No,No,No,0.0,117.2,0.0,21.7,6.0,0.0,0.0,109.1,0.0,109.1
Nahar Haku Gaon,291337,209.8,699,158,1,b,b,b,,,,,,1.0,Yes,No,No,Yes,No,No,No,Yes,Yes,c,Yes,c,a,a,c,c,c,Yes,b,Yes,Yes,c,c,c,Yes,c,Yes,Yes,Yes,No,No,No,0.0,99.6,0.0,13.8,0.0,0.0,6.0,82.3,0.0,82.3
Nahar Haku Block Gaon,291338,33.4,550,115,1,2,b,b,,,,,,1.0,Yes,Yes,No,Yes,No,No,No,Yes,Yes,c,Yes,c,a,a,c,c,c,Yes,b,Yes,Yes,c,c,c,Yes,c,Yes,Yes,Yes,No,No,No,0.0,8.4,0.0,0.0,0.3,2.0,0.0,15.5,0.0,15.5
Tepor Chali,291339,228.6,542,107,1,b,b,b,,,,,,1.0,Yes,Yes,No,Yes,No,No,No,Yes,Yes,c,a,c,a,a,c,c,c,Yes,a,Yes,Yes,c,c,c,a,c,Yes,Yes,Yes,Yes,No,No,0.0,0.0,98.9,20.8,0.0,0.0,7.1,95.1,0.0,95.1
Garukhunda,291340,160.1,827,180,1,1,1,b,,,,,,1.0,Yes,Yes,Yes,Yes,No,No,No,Yes,Yes,c,b,c,Yes,Yes,b,b,b,Yes,a,Yes,Yes,c,c,c,a,c,Yes,Yes,Yes,Yes,No,No,0.0,32.9,0.0,0.0,2.3,2.6,0.8,80.5,0.0,80.5
123/244 No. NLR. Grant,291341,329.0,1647,335,2,b,b,b,,,,,,1.0,No,Yes,Yes,No,No,Yes,No,No,Yes,c,Yes,c,Yes,Yes,c,c,c,Yes,Yes,Yes,Yes,c,c,c,a,c,a,Yes,Yes,No,Yes,No,0.0,145.2,0.0,0.0,5.0,7.6,0.0,136.3,0.0,136.3
219/217 Nlr Grant,291342,112.9,1629,317,2,b,c,c,,,,,,1.0,Yes,Yes,Yes,Yes,No,No,No,Yes,Yes,c,a,c,Yes,Yes,c,c,c,Yes,a,Yes,Yes,c,c,c,Yes,c,Yes,Yes,Yes,No,No,No,0.0,60.1,0.0,0.0,4.0,0.0,1.6,41.1,0.0,41.1
Phutahula,291343,309.6,1249,267,2,2,1,b,,,1.0,,,1.0,Yes,No,Yes,Yes,No,No,No,Yes,Yes,c,b,c,Yes,Yes,c,c,c,Yes,b,Yes,Yes,c,c,c,a,c,Yes,Yes,Yes,No,No,No,0.0,140.0,0.0,14.2,8.4,0.0,0.0,135.8,0.0,135.8
Saglikata,291344,154.2,1055,219,1,a,b,b,,,1.0,,,1.0,No,Yes,Yes,Yes,No,No,No,No,Yes,c,b,b,Yes,b,b,b,b,Yes,b,Yes,Yes,c,c,c,Yes,c,Yes,Yes,Yes,Yes,No,No,0.0,18.4,0.0,6.6,2.0,0.0,0.0,112.2,0.0,112.2
Dangar Pothar No.1,291345,184.6,677,142,2,1,b,b,,,,,,1.0,Yes,Yes,Yes,Yes,No,No,No,No,Yes,c,b,b,b,b,b,b,b,Yes,b,Yes,Yes,c,c,c,Yes,c,Yes,Yes,Yes,No,No,No,0.0,26.2,0.0,9.8,2.1,3.2,0.0,126.1,0.0,126.1
Dangar Pothar No.2,291346,95.9,555,118,1,a,b,b,,,,,,1.0,No,No,No,Yes,No,No,No,No,b,c,b,b,b,b,b,b,b,Yes,b,Yes,Yes,c,c,c,Yes,c,a,Yes,No,No,No,No,0.0,13.6,0.0,0.0,1.0,2.0,0.0,63.8,0.0,63.8
Na-Gaon,291347,239.9,989,207,1,a,a,b,,,,,,1.0,No,Yes,Yes,Yes,No,No,No,Yes,Yes,c,a,c,Yes,Yes,c,c,c,Yes,a,Yes,Yes,c,c,c,a,c,Yes,Yes,Yes,No,No,No,0.0,116.1,0.0,14.4,5.1,0.0,0.0,98.2,0.0,98.2
Rajgarh No.2,291348,138.8,268,62,1,a,a,b,,,,,,1.0,No,No,No,Yes,No,No,No,Yes,Yes,c,b,b,b,Yes,c,c,c,Yes,a,Yes,Yes,c,c,c,a,c,Yes,a,Yes,No,No,No,0.0,61.8,0.0,1.6,10.0,0.0,0.0,50.8,0.0,50.8
Rajgarh No.1,291349,110.6,973,192,1,a,a,b,,,,,,1.0,No,Yes,Yes,Yes,No,No,No,Yes,Yes,c,b,c,Yes,Yes,c,c,c,Yes,a,Yes,Yes,c,c,c,Yes,c,Yes,Yes,Yes,No,No,No,0.0,50.7,0.0,0.0,7.6,0.0,0.0,41.1,0.0,41.1
Kanai Gaon,291350,197.4,1034,228,2,1,a,b,,,1.0,,,1.0,No,Yes,Yes,Yes,No,No,No,Yes,Yes,c,c,c,Yes,Yes,c,c,c,Yes,a,Yes,Yes,c,c,c,a,c,Yes,Yes,Yes,No,No,No,0.0,90.3,0.0,8.1,6.2,0.0,0.0,85.8,0.0,85.8
Telpani Block Gaon,291351,63.6,236,48,1,a,a,b,,,,,,1.0,No,No,Yes,Yes,No,No,No,No,b,c,c,c,a,a,c,c,c,Yes,a,Yes,Yes,c,c,c,a,c,Yes,a,No,No,No,No,0.0,7.6,0.0,0.0,0.4,0.0,1.3,45.2,0.0,45.2
Juktoli Bam Gaon,291352,131.7,527,101,1,a,a,b,,,,,,1.0,No,No,Yes,Yes,No,No,No,Yes,c,c,b,c,a,a,c,c,c,Yes,a,Yes,Yes,c,c,c,a,c,a,Yes,No,No,No,No,0.0,45.3,0.0,0.0,1.2,3.1,3.2,62.8,0.0,62.8
Basmotia,291353,37.6,164,31,a,a,a,b,,,,,,1.0,No,No,Yes,Yes,No,No,No,Yes,c,c,Yes,c,a,a,c,c,c,Yes,a,Yes,Yes,c,c,c,Yes,c,b,b,No,No,No,No,0.0,8.1,0.0,0.0,1.0,2.1,2.0,15.4,0.0,15.4
Basmotia T.E.,291354,56.0,434,90,1,a,a,b,,,,,,1.0,No,No,Yes,Yes,No,No,No,Yes,Yes,c,Yes,c,a,a,c,c,c,Yes,a,Yes,Yes,c,c,c,a,c,b,b,Yes,No,No,No,0.0,3.2,0.0,0.0,0.0,0.0,0.0,52.8,0.0,52.8
Laimekuri Chapori,291357,0.0,349,52,1,c,c,c,,,,,,0.0,No,No,No,Yes,Yes,No,No,No,c,c,c,c,c,c,c,c,c,Yes,c,Yes,Yes,c,c,c,a,Yes,b,a,No,No,No,No,0.0,0.0,0.0,0.0,0.0,0.0,0.0,0.0,0.0,0.0
Charkhalia Chapori,291358,2003.5,602,85,1,c,c,c,,,,,,0.0,No,Yes,Yes,No,Yes,No,No,No,c,c,c,c,c,c,c,c,c,Yes,c,Yes,Yes,a,c,c,Yes,Yes,Yes,Yes,No,No,No,No,16.1,0.0,0.0,267.7,0.0,0.0,0.0,1719.7,0.0,1719.7
Charkhalia Chapori,291360,2007.0,516,69,1,c,c,c,,,,,,0.0,Yes,Yes,No,Yes,No,No,No,No,Yes,c,b,c,c,b,c,c,c,Yes,c,Yes,Yes,c,c,c,a,Yes,b,Yes,Yes,No,No,No,0.0,500.0,0.0,0.0,544.0,0.0,0.0,963.0,0.0,963.0
Simal Chapori,291363,0.0,89,23,1,b,b,b,,,,,,0.0,No,No,Yes,No,No,No,No,No,c,a,Yes,b,b,b,c,b,Yes,c,b,Yes,Yes,c,c,c,a,c,Yes,a,No,No,No,No,0.0,0.0,0.0,0.0,0.0,0.0,0.0,0.0,0.0,0.0
Charaki Chapori,291364,0.0,696,97,1,a,a,a,,,,,,0.0,No,No,No,Yes,No,No,No,No,c,b,Yes,b,b,b,c,b,Yes,Yes,b,Yes,Yes,c,c,c,a,c,Yes,Yes,No,No,No,No,0.0,0.0,0.0,0.0,0.0,0.0,0.0,0.0,0.0,0.0
Kasuwani Gaon,291365,179.4,126,25,1,a,a,a,,,1.0,,,0.0,No,No,Yes,No,No,No,No,No,c,c,Yes,c,b,Yes,c,c,Yes,Yes,b,Yes,Yes,c,c,c,a,c,Yes,a,Yes,No,No,No,0.0,24.4,15.0,0.0,0.0,42.0,0.0,57.5,0.0,57.5
Garpara Gaon,291366,212.7,412,79,1,a,a,a,,,,,,0.0,Yes,No,Yes,Yes,No,No,No,No,Yes,c,Yes,c,b,Yes,c,b,Yes,Yes,b,Yes,Yes,c,c,c,a,c,Yes,a,Yes,No,No,No,0.0,25.6,20.8,0.0,0.0,66.0,0.0,100.3,0.0,100.3
Kachuwani Gaon,291367,152.5,690,128,1,1,a,a,,,,,,0.0,No,No,No,Yes,No,No,No,No,Yes,b,Yes,b,b,Yes,b,b,Yes,Yes,a,Yes,Yes,c,c,c,a,c,Yes,Yes,Yes,No,No,No,0.0,45.1,20.2,15.2,0.0,0.0,0.0,72.1,0.0,72.1
Garapara Konwar,291368,204.2,1154,236,1,c,a,a,,,,,,1.0,Yes,Yes,Yes,Yes,No,No,No,No,Yes,c,a,c,c,Yes,c,c,c,Yes,b,Yes,Yes,c,c,b,Yes,c,Yes,Yes,Yes,No,No,No,0.0,22.8,1.9,15.2,0.0,0.0,0.0,164.3,0.0,164.3
Baratichuk,291369,199.0,1376,265,2,2,1,1,,1.0,,,,1.0,No,Yes,Yes,Yes,No,No,No,No,c,c,Yes,c,c,Yes,c,c,Yes,Yes,b,Yes,Yes,c,c,c,Yes,c,Yes,Yes,Yes,No,No,No,0.0,69.2,20.0,0.0,0.0,39.5,0.0,70.3,0.0,70.3
Niz-Rahmoria,291370,290.9,1364,268,4,1,a,a,,,,,,1.0,Yes,Yes,Yes,No,No,No,No,No,Yes,c,Yes,c,b,b,b,b,Yes,Yes,b,Yes,Yes,c,c,c,a,c,Yes,Yes,Yes,No,No,No,0.0,89.5,0.0,17.5,2.6,0.0,0.0,160.2,0.0,160.2
Rahmoria,291371,247.1,579,118,1,1,1,a,,,,,,0.0,Yes,No,Yes,No,No,No,No,No,Yes,c,c,c,c,a,b,Yes,c,Yes,a,Yes,Yes,c,c,c,a,c,Yes,Yes,Yes,No,No,No,0.0,5.6,0.0,10.6,0.0,193.6,0.0,37.4,0.0,37.4
Lacachani,291372,177.2,26,7,1,a,a,a,,,,,,0.0,No,No,Yes,No,No,No,No,No,c,c,Yes,b,b,b,b,Yes,Yes,b,b,Yes,a,c,c,c,a,c,Yes,a,Yes,No,No,No,0.0,70.4,0.0,0.0,26.3,0.0,0.0,80.5,0.0,80.5
Genichuk,291373,267.7,1523,323,3,2,a,a,,,1.0,,,1.0,No,Yes,Yes,Yes,No,No,No,No,Yes,c,Yes,c,a,a,b,Yes,Yes,Yes,Yes,Yes,Yes,c,c,c,a,c,Yes,Yes,Yes,No,No,No,0.0,52.4,0.0,14.0,0.0,0.0,0.0,180.3,0.0,180.3
Bagaritolia,291374,184.4,536,120,1,a,a,a,,,1.0,,,0.0,Yes,Yes,No,Yes,No,No,No,No,b,b,Yes,b,a,a,b,Yes,Yes,Yes,b,Yes,Yes,b,b,b,Yes,c,Yes,Yes,Yes,No,No,No,0.0,74.6,0.0,4.0,0.0,0.0,0.0,91.4,0.0,91.4
Barahi-Da-Pathar,291375,279.7,623,124,2,2,1,a,,,,,,0.0,No,Yes,Yes,No,No,No,No,No,Yes,b,Yes,b,a,a,b,Yes,Yes,Yes,b,Yes,Yes,c,c,c,a,c,Yes,Yes,Yes,No,No,No,0.0,59.2,0.0,0.0,2.4,0.0,0.0,157.7,0.0,157.7
Chamoni Gaon,291376,165.3,863,177,2,1,a,c,,,,,,0.0,No,Yes,Yes,No,No,No,No,No,Yes,c,Yes,b,b,Yes,b,b,Yes,Yes,b,Yes,Yes,c,b,c,a,b,Yes,Yes,Yes,No,No,No,0.0,21.8,6.7,14.8,0.0,0.0,0.0,120.3,0.0,120.3
Lukhurakhania,291377,168.3,589,113,1,a,a,b,,,,,,0.0,No,No,Yes,No,No,No,No,No,Yes,c,Yes,b,b,Yes,b,b,Yes,Yes,b,Yes,Yes,c,b,c,a,b,Yes,Yes,Yes,No,No,No,0.0,16.2,3.1,0.0,0.0,0.0,0.0,149.0,0.0,149.0
Nakoidhara,291378,195.9,265,54,1,a,a,a,,,,,,0.0,No,Yes,Yes,Yes,No,No,No,No,Yes,c,b,c,b,Yes,c,a,a,Yes,a,Yes,Yes,c,c,c,a,b,Yes,a,Yes,No,Yes,No,0.0,12.8,0.0,102.6,0.0,0.0,73.6,7.0,0.0,7.0
Chengdhora,291379,223.7,314,67,1,1,b,c,,,1.0,,,0.0,No,Yes,Yes,No,No,No,No,No,Yes,b,Yes,b,b,Yes,b,b,Yes,Yes,b,Yes,Yes,c,c,c,Yes,b,Yes,a,Yes,No,No,No,0.0,14.6,12.7,0.0,0.0,0.0,0.0,67.2,0.0,67.2
Mukalbari T.E.,291380,76.0,3198,663,2,3,1,c,,,,,,1.0,Yes,Yes,Yes,No,No,No,No,No,c,c,Yes,b,b,Yes,b,b,Yes,Yes,Yes,Yes,Yes,c,c,c,c,c,Yes,Yes,Yes,Yes,No,No,0.0,0.0,0.0,0.0,0.0,0.0,0.0,76.0,0.0,76.0
Chengdhora T.E.,291381,103.0,666,131,1,b,b,c,,,,,,0.0,No,No,Yes,No,No,No,No,No,Yes,c,Yes,b,b,Yes,b,b,Yes,Yes,b,Yes,Yes,c,c,c,Yes,c,Yes,Yes,Yes,No,No,No,0.0,0.0,0.0,0.0,0.0,0.0,0.0,103.0,0.0,103.0
Phukanar Khat,291382,280.4,884,188,1,b,b,c,,,1.0,,,0.0,Yes,Yes,Yes,No,No,No,No,No,Yes,c,Yes,b,b,Yes,b,b,Yes,Yes,b,Yes,Yes,c,c,c,a,c,Yes,Yes,Yes,No,No,No,0.0,30.7,9.8,8.2,0.0,0.0,0.0,130.5,0.0,130.5
Maijan,291383,169.5,1619,336,1,2,a,a,,,,,,1.0,Yes,Yes,Yes,Yes,No,No,No,No,Yes,c,Yes,b,Yes,Yes,a,a,Yes,Yes,b,Yes,Yes,c,b,c,a,c,Yes,Yes,Yes,No,No,No,0.0,20.9,28.7,8.5,0.0,0.0,0.0,98.8,0.0,98.8
Thanai T.E.,291384,556.0,4732,988,2,3,a,a,,,,,,1.0,Yes,Yes,Yes,No,No,No,No,No,c,c,Yes,b,b,b,b,b,Yes,Yes,Yes,Yes,Yes,c,c,c,Yes,c,Yes,Yes,Yes,No,No,No,0.0,125.0,0.0,0.0,204.0,0.0,0.0,227.0,0.0,227.0
Mekahiguri,291385,211.7,140,26,1,,a,a,,,,,,0.0,No,No,Yes,No,No,No,No,No,Yes,b,Yes,b,b,b,b,a,Yes,Yes,b,Yes,Yes,b,b,b,a,c,b,a,Yes,No,No,No,0.0,29.5,0.0,0.0,1.2,0.0,0.0,170.1,0.0,170.1
Thanaichuk,291386,174.1,179,36,2,a,b,b,,,,,,0.0,Yes,No,No,Yes,No,No,No,No,Yes,b,Yes,b,a,b,b,a,Yes,Yes,b,a,Yes,c,b,c,Yes,c,Yes,a,Yes,No,No,No,0.0,15.8,0.0,0.0,0.0,0.0,0.0,149.4,0.0,149.4
Dhopabor Gaon,291387,237.4,743,148,2,2,a,b,,,1.0,,,0.0,Yes,Yes,Yes,No,No,No,No,No,Yes,b,Yes,b,a,a,b,Yes,Yes,Yes,b,Yes,Yes,c,b,a,a,b,Yes,Yes,Yes,No,No,No,0.0,37.7,0.0,11.5,0.0,0.0,0.0,172.8,0.0,172.8
Mohabir Bari,291412,362.8,96,18,1,b,b,b,,,,,,0.0,No,Yes,No,Yes,No,No,No,No,Yes,a,a,a,a,a,c,c,b,b,b,Yes,Yes,c,b,c,Yes,c,Yes,c,Yes,No,No,No,0.0,173.0,0.0,0.0,62.6,0.0,0.0,127.1,0.0,127.1
Mohmara Chapori,291477,0.0,284,45,a,a,a,a,,,,,,0.0,No,No,Yes,No,Yes,No,No,No,b,c,a,a,b,a,a,Yes,a,Yes,a,Yes,Yes,a,a,a,Yes,c,b,c,No,No,No,No,0.0,0.0,0.0,0.0,0.0,0.0,0.0,0.0,0.0,0.0
Rongmala Gaon,291478,362.8,663,124,1,b,b,c,,,,,,0.0,No,No,Yes,Yes,No,No,No,No,b,c,c,c,c,b,c,c,c,Yes,b,Yes,Yes,a,c,a,a,c,Yes,Yes,No,No,No,No,0.0,6.8,0.0,12.5,0.0,133.0,0.0,210.5,0.0,210.5
Kath Gaon,291388,144.0,293,59,1,a,a,b,,,,,,0.0,No,No,Yes,Yes,No,No,No,No,Yes,b,b,b,a,a,b,b,b,Yes,b,Yes,Yes,a,b,a,Yes,c,Yes,a,Yes,No,No,No,0.0,24.4,0.0,0.0,0.0,0.0,0.0,106.4,0.0,106.4
Balijan Bangali,291389,46.6,400,93,1,a,b,b,,,,,,0.0,No,Yes,No,Yes,No,No,No,No,Yes,b,b,b,b,b,b,c,c,Yes,b,Yes,Yes,c,b,c,Yes,b,Yes,a,Yes,No,No,No,0.0,2.9,0.0,0.0,0.0,0.0,0.0,43.7,0.0,43.7
Raidang,291390,1511.0,480,95,1,b,b,c,,,,,,0.0,Yes,No,Yes,Yes,No,No,No,No,Yes,c,c,c,c,c,c,c,c,Yes,a,Yes,Yes,c,b,c,a,b,Yes,Yes,Yes,No,No,No,0.0,5.6,0.0,37.5,0.0,107.1,0.0,1360.8,0.0,1360.8
Piporatoli,291391,114.3,57,13,b,b,b,c,,,,,,0.0,No,No,Yes,Yes,No,No,No,No,Yes,b,b,b,b,b,b,Yes,b,b,a,Yes,Yes,c,b,c,a,b,a,a,Yes,No,No,No,0.0,5.5,0.0,0.0,0.0,70.1,0.0,38.6,0.0,38.6
Bindhakota Gaon,291392,264.5,658,130,1,1,1,c,,,,,,0.0,Yes,Yes,Yes,Yes,No,Yes,No,No,Yes,c,c,c,Yes,Yes,c,Yes,c,Yes,b,Yes,Yes,c,a,c,a,c,Yes,Yes,Yes,No,No,No,0.0,15.0,0.0,14.3,0.0,100.0,0.0,131.2,0.0,131.2
Muluk Gaon,291393,173.4,113,18,1,a,a,c,,,1.0,,,0.0,Yes,No,Yes,Yes,No,No,No,No,Yes,c,c,c,b,Yes,c,Yes,c,Yes,b,Yes,Yes,c,a,c,a,c,Yes,b,Yes,No,No,No,0.0,13.4,0.0,4.6,0.0,73.0,0.0,78.5,0.0,78.5
Miri Gaon,291394,264.5,1398,274,5,1,b,c,,,1.0,,,1.0,No,Yes,Yes,Yes,No,No,No,No,Yes,c,c,c,Yes,c,c,c,c,Yes,b,Yes,Yes,c,c,c,a,c,Yes,Yes,Yes,No,No,No,0.0,16.5,0.0,0.0,0.0,67.0,0.0,179.5,0.0,179.5
Gereki Nepali,291395,133.0,244,57,1,a,a,b,,,,,,0.0,No,No,No,Yes,Yes,No,No,No,c,c,a,b,a,a,b,b,a,Yes,b,Yes,Yes,b,c,b,a,Yes,Yes,b,No,No,No,No,0.0,36.0,2.0,0.0,0.0,0.0,0.0,95.0,0.0,95.0
Gereki Gaon,291396,73.0,490,106,1,a,b,b,,,,,,0.0,No,Yes,No,Yes,Yes,No,No,No,c,b,Yes,b,Yes,Yes,b,b,b,Yes,b,Yes,Yes,c,c,c,Yes,Yes,Yes,Yes,No,No,No,No,0.0,1.5,0.0,0.0,0.0,0.0,0.0,71.5,0.0,71.5
Dinjan T.E.,291397,219.1,8038,1554,3,2,1,1,,,,,,1.0,Yes,Yes,Yes,Yes,No,No,No,No,Yes,a,Yes,b,b,b,b,b,b,Yes,Yes,Yes,Yes,Yes,c,Yes,Yes,c,Yes,Yes,Yes,No,Yes,Yes,0.0,147.5,0.0,0.0,0.0,0.0,0.0,28.4,0.0,28.4
Udalguri Gaon,291398,161.0,569,108,1,b,b,b,,,,,,0.0,No,No,Yes,No,No,No,No,No,Yes,b,a,a,Yes,Yes,a,a,a,Yes,b,Yes,Yes,c,b,c,Yes,Yes,Yes,Yes,Yes,No,No,No,0.0,60.0,0.0,0.0,0.0,0.0,0.0,24.0,0.0,24.0
Udalguri T.E.,291399,147.2,1504,273,2,1,a,b,,,,,,1.0,No,Yes,Yes,No,No,No,No,No,Yes,b,Yes,b,Yes,Yes,b,b,b,Yes,Yes,Yes,Yes,c,b,c,Yes,c,Yes,Yes,Yes,No,No,No,0.0,0.0,0.0,0.0,0.0,0.0,0.0,147.2,0.0,147.2
Na-Gaon,291400,267.0,349,70,1,a,a,b,,,,,,0.0,No,No,Yes,No,Yes,No,No,No,Yes,c,a,a,Yes,Yes,a,a,a,Yes,b,Yes,Yes,c,b,c,Yes,Yes,Yes,c,Yes,No,No,No,0.0,225.0,0.0,0.0,0.0,0.0,0.0,19.0,0.0,19.0
Kharjan Grant,291401,422.3,1431,287,1,b,b,b,,,1.0,,,1.0,Yes,Yes,Yes,Yes,No,No,No,No,Yes,b,Yes,b,Yes,Yes,b,Yes,Yes,Yes,b,Yes,Yes,c,b,c,a,b,Yes,Yes,Yes,No,Yes,Yes,0.0,40.0,35.2,0.0,112.0,29.1,0.0,206.0,0.0,206.0
Kharjan Gaon,291402,32.2,562,105,1,a,a,c,,,,,,0.0,No,No,Yes,Yes,No,No,No,No,b,b,Yes,c,c,a,b,Yes,Yes,Yes,a,Yes,Yes,c,b,c,a,c,a,Yes,Yes,No,No,No,0.0,20.0,0.0,0.0,9.6,0.0,0.0,2.7,0.0,2.7
Boragadhoi Gaon,291403,237.9,1389,282,4,2,1,c,,,1.0,,,1.0,No,Yes,Yes,Yes,No,No,No,No,Yes,c,c,c,c,Yes,c,Yes,c,Yes,b,Yes,Yes,c,a,c,Yes,c,Yes,Yes,Yes,No,No,No,0.0,10.5,0.0,20.6,0.0,0.0,0.0,155.7,0.0,155.7
Pakharigan,291404,90.5,1247,266,2,2,b,c,,,1.0,,,1.0,Yes,Yes,Yes,Yes,No,No,No,No,Yes,c,c,c,Yes,Yes,c,Yes,c,Yes,a,Yes,Yes,c,c,c,Yes,c,Yes,Yes,Yes,No,No,No,0.0,4.0,0.0,2.2,0.0,0.0,0.0,60.9,0.0,60.9
Balijan T.E.,291405,131.0,5859,1160,1,a,a,a,,,1.0,,,1.0,Yes,Yes,Yes,Yes,No,Yes,No,No,Yes,c,Yes,b,Yes,b,b,b,b,Yes,Yes,Yes,Yes,Yes,b,c,Yes,c,Yes,Yes,Yes,No,Yes,No,0.0,16.1,0.0,0.0,0.0,0.0,0.0,106.7,0.0,106.7
Kharjan T.E.,291406,407.5,1267,253,2,b,b,b,,,,,,1.0,Yes,Yes,Yes,Yes,No,No,No,No,b,b,b,b,Yes,b,b,b,a,Yes,b,Yes,Yes,a,b,a,Yes,c,Yes,Yes,Yes,Yes,Yes,Yes,0.0,67.2,0.0,0.0,76.9,0.0,0.0,263.4,0.0,263.4
Balijan T.E.,291407,1008.8,2765,536,1,b,b,b,,,,,,1.0,Yes,Yes,Yes,Yes,No,No,No,No,Yes,b,Yes,b,a,b,b,b,b,Yes,Yes,Yes,Yes,c,b,c,Yes,c,Yes,Yes,Yes,No,No,No,0.0,101.1,0.0,0.0,0.0,0.0,0.0,907.7,0.0,907.7
Balijan Gaon,291408,111.3,505,117,1,a,a,a,,,1.0,,,0.0,Yes,Yes,Yes,Yes,No,No,No,No,Yes,b,b,a,a,b,b,b,b,Yes,b,Yes,Yes,c,b,c,Yes,c,Yes,Yes,Yes,No,No,No,0.0,39.5,0.0,0.0,0.0,0.0,0.0,54.7,0.0,54.7
Balijan Pani Era,291409,225.0,1412,298,3,2,a,a,,,1.0,,,1.0,Yes,Yes,Yes,Yes,No,No,No,No,Yes,b,b,b,Yes,b,b,Yes,b,Yes,b,Yes,Yes,c,b,c,a,b,Yes,Yes,Yes,No,No,No,0.0,60.9,0.0,11.4,0.0,0.0,0.0,133.6,0.0,133.6
Maricha Gaon,291410,148.1,2232,467,1,a,a,a,,,,,,1.0,Yes,Yes,Yes,No,No,No,No,No,b,b,Yes,b,b,b,b,Yes,Yes,Yes,Yes,Yes,Yes,c,b,c,Yes,Yes,Yes,Yes,Yes,No,No,No,0.0,54.3,0.0,0.0,0.0,0.0,0.0,83.7,0.0,83.7
Bamuni Hiloidhari,291411,217.6,1436,294,1,2,b,b,,,1.0,,,1.0,No,Yes,Yes,No,No,No,No,No,Yes,c,Yes,b,a,a,a,a,Yes,Yes,b,Yes,Yes,c,b,c,Yes,c,Yes,Yes,Yes,No,No,No,0.0,38.4,0.0,9.1,0.0,5.0,0.0,140.0,0.0,140.0
Hatigadhoi,291413,271.6,590,132,1,a,b,b,,,1.0,,,0.0,Yes,Yes,Yes,No,No,No,No,No,Yes,b,b,b,a,a,a,Yes,c,Yes,b,Yes,Yes,c,b,c,a,b,Yes,Yes,Yes,No,No,No,0.0,52.0,0.0,15.5,2.0,27.0,0.0,132.0,0.0,132.0
Naduwa T.E.,291414,80.0,2158,411,1,2,b,b,,,,,,1.0,Yes,Yes,Yes,Yes,No,No,No,No,Yes,b,Yes,b,b,b,b,Yes,c,Yes,Yes,Yes,Yes,c,b,c,Yes,c,Yes,Yes,Yes,No,No,No,0.0,0.0,0.0,0.0,0.0,0.0,0.0,80.0,0.0,80.0
Naduwa Grant Gaon,291415,209.8,677,145,1,1,b,b,,,,,,0.0,Yes,Yes,Yes,No,No,Yes,No,No,Yes,b,Yes,b,b,b,a,b,Yes,Yes,a,Yes,Yes,c,b,c,Yes,c,Yes,Yes,Yes,No,No,No,0.0,71.1,0.0,0.0,0.0,5.2,0.0,119.4,0.0,119.4
Naduwa Gohain Gaon,291416,354.4,1335,281,3,b,b,b,,,,,,1.0,Yes,Yes,Yes,No,No,No,No,No,Yes,c,b,b,Yes,a,a,Yes,c,Yes,b,Yes,Yes,c,b,c,a,c,Yes,Yes,Yes,No,No,No,0.0,48.2,0.0,23.7,2.0,15.0,0.0,205.2,0.0,205.2
Changmai Barua Pathar,291417,171.8,864,181,1,a,b,b,,,,,,0.0,Yes,Yes,Yes,Yes,No,No,Yes,No,Yes,b,b,b,Yes,b,a,Yes,c,Yes,b,Yes,Yes,c,b,c,Yes,c,Yes,Yes,Yes,No,No,No,0.0,51.4,0.0,0.0,0.0,5.2,4.0,71.0,0.0,71.0
Chetia Gaon,291418,194.4,720,146,1,1,1,b,,,1.0,,,0.0,No,No,Yes,No,No,No,No,No,Yes,b,Yes,a,b,b,a,b,Yes,Yes,b,Yes,Yes,c,b,c,a,b,Yes,Yes,Yes,No,No,No,0.0,24.1,0.0,3.1,0.0,0.0,0.0,162.2,0.0,162.2
Dinjoy Satra,291419,146.7,869,175,1,a,a,c,,1.0,1.0,,,0.0,Yes,Yes,Yes,Yes,No,No,No,No,Yes,a,a,a,a,a,a,a,a,Yes,b,Yes,Yes,c,a,c,Yes,b,Yes,Yes,Yes,No,Yes,No,0.0,30.8,0.0,0.0,0.0,0.0,0.0,109.7,0.0,109.7
Dinjoy Chapori,291420,247.1,299,61,1,1,,c,,,,,,0.0,No,No,No,Yes,No,No,No,No,Yes,a,Yes,a,b,Yes,a,a,Yes,Yes,b,Yes,Yes,c,a,c,Yes,a,Yes,c,Yes,No,Yes,Yes,0.0,28.0,13.0,0.0,40.2,0.0,0.0,115.9,0.0,115.9
Dangar Chuk,291421,219.6,785,164,1,a,a,a,,,,,,0.0,Yes,Yes,Yes,Yes,No,No,No,No,Yes,a,Yes,a,Yes,Yes,a,a,Yes,Yes,b,Yes,Yes,c,a,c,Yes,a,Yes,Yes,Yes,No,Yes,No,0.0,9.0,25.0,26.0,13.1,0.0,0.0,112.7,0.0,112.7
Bharalua,291422,203.2,1349,270,1,b,b,b,,,1.0,,,1.0,No,Yes,No,Yes,No,No,No,No,Yes,a,Yes,a,Yes,Yes,a,a,Yes,Yes,b,Yes,Yes,c,a,c,a,a,Yes,Yes,Yes,Yes,Yes,No,0.0,30.0,83.0,26.0,0.0,0.0,0.0,24.0,0.0,24.0
Mudai Gaon,291423,271.0,1611,312,2,2,b,c,,,,,,1.0,No,No,Yes,Yes,No,No,No,No,Yes,b,Yes,b,Yes,Yes,a,a,Yes,Yes,Yes,Yes,Yes,c,b,c,Yes,a,Yes,Yes,Yes,No,No,Yes,0.0,12.1,9.7,12.2,37.1,0.0,0.0,160.0,0.0,160.0
Kharjan T.E.,291424,75.3,794,163,1,2,b,b,,,,,,0.0,Yes,Yes,Yes,Yes,No,No,No,No,Yes,b,Yes,b,Yes,Yes,a,a,Yes,Yes,b,Yes,Yes,c,c,c,a,b,Yes,Yes,Yes,No,No,Yes,0.0,14.6,0.0,0.0,18.2,0.0,0.0,42.5,0.0,42.5
Jogipathar,291425,386.6,1670,364,3,1,b,b,,,,,,1.0,No,Yes,Yes,Yes,No,No,No,No,Yes,b,Yes,b,Yes,Yes,b,b,Yes,Yes,Yes,Yes,Yes,c,b,c,Yes,b,Yes,Yes,Yes,No,Yes,No,0.0,30.0,38.0,45.1,9.1,0.0,0.0,214.4,0.0,214.4
Bogdungkinar,291426,35.0,312,68,1,b,b,b,,,,,,0.0,No,Yes,Yes,No,No,No,No,No,Yes,c,a,b,Yes,Yes,b,b,b,Yes,b,Yes,Yes,c,c,c,a,b,Yes,c,Yes,No,No,No,0.0,17.0,0.7,0.0,0.0,0.0,0.0,0.3,0.0,0.3
Dighalibari,291427,651.0,2329,461,3,2,b,b,,,1.0,,,1.0,Yes,Yes,Yes,No,No,Yes,No,No,Yes,b,Yes,b,b,Yes,b,b,b,Yes,Yes,Yes,Yes,c,b,c,a,Yes,Yes,Yes,Yes,No,No,No,0.0,151.4,0.0,43.5,0.0,0.0,0.0,287.5,0.0,287.5
Chakali Bharia,291428,317.0,1672,345,3,1,a,a,,,,,,1.0,Yes,Yes,Yes,No,No,Yes,No,No,Yes,b,Yes,a,a,a,a,a,a,Yes,Yes,Yes,Yes,c,b,c,a,Yes,Yes,Yes,Yes,No,No,No,0.0,19.0,0.0,1.2,0.0,0.0,0.0,186.3,0.0,186.3
Nalani Hulla,291429,350.0,1328,282,1,a,a,a,,,,,,1.0,Yes,Yes,Yes,No,No,No,No,No,Yes,b,Yes,a,a,a,a,a,Yes,Yes,b,Yes,Yes,c,b,c,a,b,Yes,Yes,Yes,No,No,No,0.0,9.5,5.0,0.0,0.0,0.0,0.0,111.7,0.0,111.7
Jerai,291430,365.2,1664,362,2,b,b,c,,,1.0,,,1.0,Yes,Yes,Yes,Yes,Yes,Yes,No,No,Yes,b,Yes,b,Yes,Yes,a,Yes,Yes,Yes,Yes,Yes,Yes,c,b,c,a,b,Yes,Yes,Yes,No,Yes,Yes,0.0,10.0,9.1,20.4,19.6,0.0,0.0,176.1,0.0,176.1
Kanjikhowa,291431,190.0,1233,267,2,1,b,b,,,1.0,,,1.0,Yes,Yes,Yes,Yes,No,Yes,No,No,Yes,b,Yes,b,Yes,Yes,b,Yes,Yes,Yes,b,Yes,Yes,c,b,c,a,b,Yes,Yes,Yes,No,No,No,0.0,14.1,20.0,0.0,6.0,0.0,0.0,130.0,0.0,130.0
Chungichuk,291432,195.8,1027,215,2,2,c,c,,,1.0,,,1.0,Yes,Yes,Yes,Yes,No,No,No,No,Yes,a,Yes,a,Yes,Yes,a,a,Yes,Yes,b,Yes,Yes,c,a,c,a,b,Yes,Yes,Yes,No,No,Yes,0.0,12.8,3.1,3.0,20.1,0.0,0.0,150.0,0.0,150.0
Borbaribongali,291433,258.4,1692,352,1,a,a,c,,,,,,1.0,Yes,Yes,Yes,Yes,No,No,No,No,Yes,a,Yes,a,Yes,Yes,c,c,Yes,Yes,Yes,Yes,Yes,c,a,c,a,b,Yes,Yes,Yes,No,Yes,Yes,0.0,7.3,12.0,22.0,23.0,0.0,0.0,180.0,0.0,180.0
Mereli Pathar,291434,174.6,2645,551,2,2,c,c,,,1.0,,,1.0,Yes,No,Yes,Yes,No,No,No,No,a,a,Yes,a,a,a,a,a,Yes,Yes,Yes,Yes,Yes,a,a,a,a,c,Yes,Yes,Yes,No,Yes,Yes,0.0,5.8,0.1,3.2,2.6,0.0,0.0,85.0,0.0,85.0
Deodhai Kopowhuwa,291435,228.3,1003,201,2,a,a,c,,,,,,1.0,Yes,Yes,Yes,Yes,No,No,No,No,Yes,a,a,a,Yes,a,a,a,a,Yes,b,Yes,Yes,c,a,c,a,b,Yes,Yes,Yes,No,Yes,No,0.0,45.8,0.0,5.0,0.0,0.0,0.0,159.6,0.0,159.6
Hatkhula Bongali,291436,207.8,2520,537,1,2,1,a,,,,,,2.0,Yes,Yes,Yes,Yes,No,Yes,No,No,Yes,a,Yes,a,a,a,a,a,a,Yes,Yes,Yes,Yes,c,a,c,a,b,Yes,Yes,Yes,No,No,No,0.0,47.3,0.0,4.8,0.0,0.0,0.0,128.6,0.0,128.6
Khailabari Bagan Gaon,291437,307.7,848,169,1,2,2,a,,,1.0,,,0.0,Yes,Yes,Yes,No,No,No,No,No,Yes,c,a,a,a,a,a,a,a,Yes,b,Yes,Yes,c,a,c,a,c,Yes,Yes,Yes,No,No,No,0.0,35.6,0.0,0.0,0.0,0.0,0.0,248.7,0.0,248.7
Tiyahjalia Gaon,291438,185.9,856,180,1,1,a,a,,,,,,0.0,Yes,Yes,Yes,No,No,No,No,No,Yes,c,Yes,,Yes,Yes,Yes,Yes,c,Yes,b,Yes,Yes,c,b,c,a,c,Yes,Yes,Yes,No,No,No,0.0,35.6,0.0,0.0,0.0,0.0,0.0,98.2,0.0,98.2
Hiloidhari T.E. Grant,291439,143.5,285,63,1,1,a,a,,,,,,0.0,Yes,No,No,Yes,No,Yes,No,No,Yes,c,Yes,b,b,Yes,Yes,Yes,c,Yes,b,Yes,Yes,c,b,c,a,c,Yes,c,Yes,No,Yes,No,0.0,11.1,0.0,0.0,0.0,0.0,0.0,7.2,0.0,7.2
Nahartoli T.E. Grant,291440,362.1,3627,774,1,3,1,1,,,,,,1.0,Yes,Yes,Yes,No,No,No,No,No,Yes,b,Yes,Yes,Yes,Yes,Yes,Yes,c,Yes,Yes,Yes,Yes,c,c,a,a,c,Yes,Yes,Yes,No,Yes,No,0.0,45.1,0.0,0.0,0.0,0.0,0.0,18.5,0.0,18.5
Dikam T.E.,291441,553.8,4913,1013,2,3,1,c,,,,,,1.0,Yes,Yes,Yes,Yes,No,Yes,No,No,Yes,a,Yes,a,a,a,a,a,a,Yes,Yes,Yes,Yes,Yes,c,a,Yes,c,Yes,Yes,Yes,Yes,Yes,No,0.0,19.5,0.0,0.0,0.0,0.0,0.0,221.5,0.0,221.5
Nahatoli T.E.,291442,413.0,1339,279,2,b,b,c,,,,,,1.0,Yes,No,Yes,No,No,No,No,No,a,b,a,a,Yes,a,a,a,a,Yes,b,Yes,Yes,c,b,c,a,c,Yes,Yes,Yes,No,Yes,Yes,0.0,348.4,0.0,0.0,0.0,0.0,0.0,26.0,0.0,26.0
Hatiali Grant,291443,613.8,3943,830,3,2,b,c,,1.0,1.0,1.0,,1.0,Yes,Yes,Yes,Yes,No,No,No,No,Yes,b,Yes,b,b,b,b,b,b,Yes,Yes,Yes,Yes,c,b,c,a,b,Yes,Yes,Yes,No,Yes,Yes,0.0,134.2,0.0,0.0,0.0,0.0,0.0,149.0,0.0,149.0
Sialkati Grant (T.E.),291444,540.6,552,105,1,a,a,c,,1.0,,,,0.0,No,Yes,Yes,Yes,No,No,No,No,Yes,a,a,a,a,a,a,a,a,Yes,b,Yes,Yes,c,a,c,a,a,Yes,Yes,Yes,No,Yes,Yes,0.0,5.6,0.0,0.0,0.0,0.0,0.0,98.8,0.0,98.8
Chabua Grant (T.E.),291445,438.2,1482,316,1,b,b,c,,1.0,1.0,,,1.0,Yes,Yes,Yes,Yes,No,No,No,No,Yes,b,Yes,b,Yes,Yes,b,b,Yes,Yes,b,Yes,Yes,c,b,c,a,b,Yes,Yes,Yes,No,No,No,0.0,13.1,0.0,0.0,0.0,0.0,0.0,94.2,0.0,94.2
Kadamoni Gaon,291446,81.0,901,215,1,b,a,c,,,,,,1.0,Yes,Yes,Yes,No,No,No,No,No,a,a,a,a,a,a,a,a,a,Yes,b,Yes,Yes,Yes,Yes,c,Yes,c,a,Yes,Yes,No,No,No,0.0,2.0,0.0,0.0,0.0,0.0,0.0,49.0,0.0,49.0
Niz Chabua,291447,197.1,2217,480,3,3,1,c,,,,,,1.0,Yes,Yes,Yes,Yes,No,No,No,No,a,a,Yes,a,a,a,a,a,a,Yes,Yes,Yes,Yes,c,a,c,a,c,Yes,Yes,Yes,No,Yes,No,0.0,25.2,0.0,6.2,0.0,0.0,0.0,81.0,0.0,81.0
Morankari Gaon,291448,78.3,520,114,1,a,a,c,,,1.0,,,0.0,No,No,Yes,No,No,No,No,No,a,a,Yes,a,a,a,a,b,Yes,Yes,b,Yes,Yes,Yes,Yes,c,a,c,Yes,Yes,Yes,No,No,No,0.0,4.3,0.0,0.0,0.0,0.0,0.0,39.2,0.0,39.2
Betmela Gaon,291449,148.8,1099,252,1,a,1,c,,,,,,1.0,Yes,Yes,Yes,Yes,No,No,No,No,Yes,a,a,a,Yes,a,a,a,a,Yes,b,Yes,Yes,c,a,c,a,c,Yes,Yes,Yes,No,No,No,0.0,6.0,0.0,11.4,0.0,0.0,0.0,66.6,0.0,66.6
Bhardhora Bongali,291450,309.1,1335,289,1,b,b,c,,1.0,,,,1.0,Yes,Yes,Yes,Yes,No,No,No,No,Yes,b,b,b,Yes,b,b,b,b,Yes,b,Yes,Yes,c,b,c,a,c,Yes,Yes,Yes,No,No,No,0.0,10.3,0.0,0.0,0.0,0.0,0.0,244.8,0.0,244.8
Rajabari Gaon,291451,149.1,896,194,1,1,a,c,,,,,,0.0,No,Yes,Yes,No,No,No,No,No,b,b,b,b,b,b,c,c,c,Yes,b,Yes,Yes,c,b,c,a,c,Yes,Yes,Yes,No,No,No,0.0,9.2,0.0,41.5,0.0,0.0,0.0,98.4,0.0,98.4
Komar Gaon,291452,224.4,1178,243,2,2,a,c,,,,,,1.0,No,Yes,Yes,No,No,No,No,No,a,a,a,a,Yes,a,a,a,a,Yes,b,Yes,Yes,c,a,a,a,c,Yes,Yes,Yes,No,No,No,0.0,5.0,0.0,7.8,0.0,0.0,0.0,161.7,0.0,161.7
Polonga Gaon,291453,334.3,1901,391,4,2,a,c,,,,,,1.0,Yes,Yes,Yes,No,No,No,No,No,a,a,Yes,a,a,a,a,a,a,Yes,Yes,Yes,Yes,Yes,a,a,Yes,c,Yes,Yes,Yes,No,No,No,0.0,12.5,0.0,10.7,0.0,0.0,0.0,247.4,0.0,247.4
Chetia Pathar,291454,197.2,780,164,1,1,1,a,,,,,,0.0,Yes,Yes,Yes,No,No,No,No,No,Yes,c,a,a,a,a,a,Yes,a,Yes,a,Yes,Yes,c,a,c,a,a,Yes,Yes,Yes,No,No,No,0.0,44.4,0.0,19.6,0.0,0.0,0.0,107.2,0.0,107.2
Sarupathar Bongali,291455,40.2,536,110,1,a,a,a,,,,,,0.0,Yes,No,Yes,No,Yes,No,No,No,Yes,a,a,a,a,Yes,a,a,a,Yes,b,Yes,Yes,c,a,c,a,Yes,Yes,Yes,Yes,No,No,No,0.0,2.2,0.0,0.0,0.0,0.0,0.0,19.2,0.0,19.2
Chabua T.E.,291456,844.8,5576,1101,2,a,a,c,,1.0,1.0,,,1.0,Yes,Yes,Yes,Yes,No,No,No,No,Yes,a,Yes,a,a,a,a,a,a,Yes,Yes,Yes,Yes,Yes,a,c,Yes,a,Yes,Yes,Yes,No,No,Yes,0.0,11.9,0.0,0.0,0.0,0.0,0.0,212.0,0.0,212.0
Sarupathar Gaon,291457,74.6,192,39,1,a,a,a,,,,,,0.0,No,No,Yes,No,Yes,No,No,No,Yes,a,a,a,b,Yes,a,a,a,Yes,b,Yes,Yes,b,a,b,a,Yes,Yes,c,Yes,No,No,No,0.0,2.2,0.0,0.0,0.0,0.0,0.0,52.4,0.0,52.4
Udalguri Gaon,291458,136.1,1163,228,1,2,b,b,,,1.0,,,1.0,No,Yes,No,Yes,No,Yes,No,No,Yes,b,c,c,Yes,Yes,c,c,c,Yes,b,Yes,Yes,b,b,b,a,Yes,Yes,Yes,Yes,No,No,No,0.0,22.8,0.0,20.6,0.0,0.0,0.0,88.4,0.0,88.4
Kamhatar Habi,291459,407.5,1543,316,2,a,a,b,,,,,,1.0,No,Yes,Yes,Yes,No,Yes,No,No,Yes,b,Yes,b,Yes,Yes,b,b,b,Yes,Yes,Yes,Yes,b,b,c,a,Yes,Yes,Yes,Yes,No,No,No,0.0,0.9,0.0,3.3,0.0,0.0,0.0,373.3,0.0,373.3
Sealkati T.E. 252 No.Nlr,291460,174.0,5825,1186,1,b,b,b,,,,,,5.0,Yes,Yes,Yes,No,Yes,Yes,No,No,b,b,Yes,b,b,Yes,b,b,b,Yes,Yes,Yes,Yes,Yes,b,c,Yes,Yes,Yes,Yes,Yes,No,No,No,0.0,1.6,0.0,0.0,0.0,0.0,0.0,111.6,0.0,111.6
Sealkati T.E. 206/253 Nlr,291461,342.2,444,95,1,b,a,b,,,1.0,,,0.0,No,Yes,No,Yes,No,No,No,No,Yes,b,b,b,b,b,b,b,b,Yes,b,Yes,Yes,b,b,c,a,Yes,b,c,Yes,No,Yes,No,0.0,16.3,0.0,0.0,0.0,0.0,0.0,259.1,0.0,259.1
Dikom Naharani,291462,89.5,1104,214,1,a,a,b,,,,,,1.0,Yes,Yes,No,Yes,No,No,No,No,Yes,b,b,b,b,Yes,b,b,b,Yes,b,Yes,Yes,b,b,b,Yes,Yes,Yes,Yes,Yes,No,No,No,0.0,2.9,0.0,3.5,0.0,0.0,0.0,53.4,0.0,53.4
Charai Chungi Habi,291463,162.5,673,136,1,a,a,a,,,,,,1.0,No,Yes,Yes,No,No,Yes,No,No,Yes,b,b,b,b,Yes,b,b,b,Yes,b,Yes,Yes,b,b,b,Yes,Yes,Yes,Yes,Yes,No,No,No,0.0,4.9,0.0,0.0,0.0,0.0,0.0,150.8,0.0,150.8
Rang Chungi,291464,231.2,623,136,1,1,1,b,,,1.0,,,0.0,Yes,Yes,Yes,No,No,No,No,No,Yes,b,Yes,b,c,Yes,b,b,Yes,Yes,b,Yes,Yes,c,b,c,Yes,Yes,Yes,Yes,Yes,No,No,No,0.0,10.6,0.0,3.6,0.0,0.0,0.0,186.9,0.0,186.9
Murani Pathar,291465,127.4,285,63,1,a,a,a,,,,,,0.0,No,No,Yes,No,No,No,No,No,Yes,c,a,a,a,a,a,Yes,a,Yes,b,Yes,Yes,b,a,b,b,a,Yes,c,Yes,No,No,No,0.0,8.9,0.0,0.0,0.0,0.0,0.0,108.3,0.0,108.3
Moud T.E.,291466,355.2,510,99,1,a,a,b,,,,,,0.0,No,No,Yes,No,No,No,No,No,Yes,c,Yes,b,b,b,a,a,Yes,Yes,b,Yes,Yes,b,b,c,a,c,Yes,Yes,Yes,No,No,No,0.0,50.0,0.0,0.0,201.0,0.0,0.0,104.2,0.0,104.2
Murani Amguri,291467,355.2,1067,234,2,a,a,b,,,,,,1.0,Yes,Yes,Yes,No,No,No,No,No,Yes,c,Yes,b,a,b,b,Yes,Yes,Yes,b,Yes,Yes,b,b,b,a,b,Yes,Yes,Yes,No,No,No,0.0,53.4,0.0,37.0,0.0,0.0,0.0,213.2,0.0,213.2
Miri Hulla,291468,68.7,211,45,1,a,a,b,,,,,,0.0,Yes,Yes,Yes,No,No,Yes,No,No,Yes,b,b,b,b,Yes,b,b,a,Yes,b,Yes,Yes,a,b,a,Yes,Yes,Yes,c,Yes,No,No,No,0.0,2.4,0.0,9.2,0.0,0.0,0.0,37.1,0.0,37.1
Charai Chungi,291469,70.0,336,73,1,a,a,b,,,,,,0.0,Yes,Yes,Yes,No,No,Yes,No,No,Yes,b,b,b,b,b,b,b,b,Yes,b,Yes,Yes,b,b,b,Yes,Yes,Yes,c,Yes,No,No,No,0.0,3.0,0.0,0.0,0.0,0.0,0.0,66.9,0.0,66.9
Patlungmora,291470,60.0,533,109,1,a,a,b,,,,,,0.0,Yes,Yes,No,Yes,Yes,Yes,No,No,Yes,b,b,b,b,Yes,b,b,a,Yes,b,Yes,Yes,b,b,b,Yes,Yes,Yes,Yes,Yes,No,No,No,0.0,2.3,0.0,0.0,0.0,0.0,0.0,37.5,0.0,37.5
Lengrai T.E. 13 No. F.S.,291471,325.1,1848,382,1,a,a,a,,,,,,1.0,Yes,Yes,Yes,No,Yes,Yes,No,No,Yes,b,Yes,b,b,Yes,b,b,a,Yes,Yes,Yes,Yes,b,b,c,a,Yes,Yes,Yes,Yes,No,No,No,0.0,2.3,0.0,0.0,0.0,0.0,0.0,192.3,0.0,192.3
Kopowhuwa Gaon,291472,295.2,959,199,1,a,a,a,,,1.0,,,1.0,Yes,Yes,Yes,No,Yes,Yes,No,No,Yes,b,b,b,b,Yes,b,b,b,Yes,b,Yes,Yes,a,a,b,a,Yes,Yes,Yes,Yes,No,No,No,0.0,12.6,0.0,21.0,0.0,0.0,0.0,229.9,0.0,229.9
Tipamia Gaon,291473,289.9,886,178,1,1,a,a,,,,,,0.0,Yes,Yes,Yes,No,No,No,No,No,Yes,b,Yes,b,Yes,b,b,Yes,Yes,Yes,b,Yes,Yes,a,b,a,Yes,b,Yes,Yes,Yes,No,No,No,0.0,40.7,0.0,0.0,0.0,0.0,0.0,169.3,0.0,169.3
Pakharigania,291474,215.2,993,214,4,1,b,c,,,,,,1.0,Yes,Yes,Yes,No,No,Yes,No,No,Yes,c,b,b,b,b,b,Yes,b,Yes,b,Yes,Yes,a,b,a,Yes,b,Yes,Yes,Yes,No,No,No,0.0,44.4,0.0,2.2,0.0,0.0,0.0,119.2,0.0,119.2
Lohali Gaon,291475,258.3,1150,234,4,2,a,b,,,,,,1.0,Yes,Yes,Yes,No,No,No,No,No,Yes,c,b,b,Yes,b,b,Yes,b,Yes,a,Yes,Yes,a,b,a,Yes,b,Yes,Yes,Yes,No,No,No,0.0,44.1,0.0,0.0,0.0,0.0,0.0,121.7,0.0,121.7
Sessa Kasa,291476,71.0,371,77,1,1,1,a,,,,,,0.0,No,Yes,Yes,No,Yes,No,No,No,Yes,c,a,a,a,a,a,Yes,a,Yes,b,Yes,Yes,a,a,a,Yes,a,Yes,c,Yes,No,No,No,0.0,17.4,0.0,9.9,0.0,0.0,0.0,24.5,0.0,24.5
Dadhia F.V.,291479,362.7,3379,570,3,3,b,c,,,1.0,,,1.0,Yes,Yes,Yes,Yes,No,Yes,No,No,Yes,c,Yes,c,b,b,c,b,c,Yes,Yes,Yes,Yes,a,c,a,Yes,c,Yes,Yes,Yes,No,No,No,0.0,120.6,0.0,0.0,30.0,0.0,0.0,212.0,0.0,212.0
L.C.R. Grant No.11,291480,335.0,451,103,1,1,a,b,,,,,,0.0,No,Yes,Yes,No,No,No,No,No,Yes,c,b,,b,b,c,c,b,Yes,b,Yes,Yes,b,c,b,Yes,Yes,Yes,Yes,Yes,No,No,No,0.0,100.0,0.0,20.0,0.0,0.0,0.0,205.0,0.0,205.0
Wilton 22/157 Orr,291481,1621.0,6536,1212,4,2,1,b,,,1.0,,,1.0,Yes,Yes,Yes,No,No,No,No,No,Yes,c,Yes,Yes,Yes,Yes,Yes,c,c,Yes,Yes,Yes,Yes,Yes,Yes,Yes,Yes,Yes,Yes,Yes,Yes,No,No,No,0.0,200.0,0.0,50.0,0.0,0.0,0.0,350.0,0.0,350.0
Ramkanai (Ramkani),291482,58.0,160,28,1,a,a,a,,,,,,0.0,No,Yes,Yes,No,No,No,No,No,Yes,c,a,c,b,b,c,c,b,Yes,b,Yes,Yes,b,c,b,Yes,Yes,Yes,c,Yes,No,No,No,0.0,25.0,0.0,0.0,0.0,0.0,0.0,23.0,0.0,23.0
Bhajoni,291483,221.0,948,204,2,a,a,1,,,,,,1.0,No,Yes,Yes,No,No,No,No,No,Yes,a,Yes,c,Yes,Yes,c,b,Yes,Yes,b,Yes,Yes,a,c,Yes,Yes,Yes,Yes,Yes,Yes,No,No,No,0.0,50.0,0.0,20.1,0.0,0.0,51.0,0.0,0.0,0.0
Kachagaon,291484,269.4,1390,288,1,2,1,a,,,1.0,,,1.0,No,Yes,Yes,No,No,No,No,No,Yes,c,a,c,a,Yes,b,a,a,Yes,b,Yes,Yes,Yes,c,a,Yes,Yes,Yes,Yes,Yes,No,No,No,0.0,62.4,0.0,3.0,0.0,0.0,0.0,100.0,0.0,100.0
Gandhia,291485,203.1,787,166,1,1,1,1,,,,,,0.0,Yes,Yes,Yes,Yes,No,No,No,No,Yes,c,a,c,a,Yes,b,c,a,Yes,b,Yes,Yes,a,a,a,Yes,Yes,Yes,Yes,Yes,No,No,No,0.0,70.0,0.0,100.0,0.0,0.0,0.0,33.1,0.0,33.1
Chungigaon,291486,271.0,2027,434,1,2,1,a,,,,,,1.0,Yes,Yes,Yes,No,No,Yes,No,No,Yes,a,Yes,c,Yes,Yes,c,b,Yes,Yes,Yes,Yes,Yes,b,c,b,a,Yes,Yes,Yes,Yes,No,No,No,0.0,70.0,0.0,0.0,36.0,0.0,0.0,100.0,0.0,100.0
Tinikuria,291487,33.0,239,53,1,1,b,b,,,,,,0.0,No,Yes,Yes,No,No,No,No,No,b,b,Yes,c,b,b,c,b,Yes,Yes,b,Yes,Yes,a,c,a,Yes,b,Yes,c,Yes,No,No,No,0.0,15.0,0.0,4.0,0.0,0.0,0.0,14.0,0.0,14.0
Lengraigaon,291488,200.0,644,139,2,c,a,a,,,,,,0.0,No,Yes,Yes,No,No,No,No,No,a,a,Yes,c,b,b,c,b,Yes,Yes,b,Yes,Yes,a,c,Yes,Yes,b,Yes,Yes,Yes,No,No,No,0.0,23.0,0.0,0.0,0.0,0.0,0.0,97.0,0.0,97.0
Ghahi Gaon,291489,88.0,749,151,1,a,b,a,,,1.0,,,0.0,Yes,Yes,Yes,No,No,No,No,No,Yes,b,Yes,c,b,Yes,c,b,Yes,Yes,b,Yes,Yes,a,c,a,Yes,Yes,Yes,Yes,Yes,No,No,No,0.0,20.0,0.0,0.0,0.0,0.0,0.0,20.0,0.0,20.0
Abhoipuria,291490,256.0,1115,237,2,a,1,a,,,,,,1.0,Yes,Yes,Yes,No,No,No,No,No,Yes,a,Yes,c,Yes,Yes,c,b,Yes,Yes,b,Yes,Yes,b,c,b,a,Yes,Yes,Yes,Yes,No,No,No,0.0,60.0,0.0,0.0,0.0,0.0,0.0,140.0,0.0,140.0
Niz Bhekulajan,291491,310.0,1461,295,1,2,a,a,,,1.0,,,1.0,Yes,Yes,Yes,No,No,No,No,No,a,a,Yes,c,a,Yes,c,c,Yes,Yes,b,Yes,Yes,b,c,a,Yes,b,Yes,Yes,Yes,No,No,No,0.0,100.0,0.0,30.0,0.0,0.0,0.0,140.0,0.0,140.0
Deogharia,291492,195.0,547,131,1,1,1,b,,,,,,0.0,Yes,Yes,Yes,No,No,No,No,No,b,b,Yes,c,b,b,c,b,Yes,Yes,b,Yes,Yes,a,c,a,a,b,Yes,Yes,Yes,No,No,No,0.0,55.0,0.0,15.0,0.0,0.0,0.0,121.0,0.0,121.0
Borhula Kachari,291493,190.0,725,142,1,1,1,b,,,,,,0.0,No,Yes,Yes,No,No,No,No,No,b,b,Yes,c,b,b,c,b,Yes,Yes,b,Yes,Yes,a,c,a,a,b,Yes,Yes,Yes,No,No,No,0.0,90.0,0.0,25.0,0.0,0.0,0.0,41.0,0.0,41.0
Nakari,291494,209.0,458,103,1,1,1,b,,,,,,0.0,Yes,Yes,Yes,No,No,No,No,No,b,b,Yes,,b,b,c,b,Yes,Yes,b,Yes,Yes,c,c,c,a,b,Yes,Yes,Yes,No,No,No,0.0,69.0,0.0,35.0,0.0,0.0,0.0,105.0,0.0,105.0
Bayanchuk (Bhoyn Chuk),291495,75.0,455,96,1,b,b,b,,,,,,0.0,Yes,Yes,Yes,No,No,No,No,No,b,b,Yes,a,a,b,c,c,Yes,Yes,b,Yes,Yes,b,c,b,b,b,Yes,Yes,Yes,No,No,No,0.0,30.0,0.0,5.0,0.0,0.0,0.0,37.0,0.0,37.0
Tingrai Borhula,291496,232.0,767,146,1,b,b,b,,,,,,0.0,No,Yes,Yes,No,No,No,No,No,b,b,Yes,c,b,b,c,c,Yes,Yes,b,Yes,Yes,b,c,b,b,c,Yes,Yes,Yes,No,No,No,0.0,60.0,0.0,4.0,0.0,0.0,0.0,160.0,0.0,160.0
Amulguri Chah Bagan,291497,25.0,276,52,1,b,b,b,,,,,,0.0,Yes,No,Yes,No,No,No,No,No,b,b,Yes,c,b,b,c,b,Yes,Yes,b,Yes,Yes,b,c,b,Yes,c,Yes,c,Yes,No,No,No,0.0,10.0,0.0,2.0,0.0,0.0,0.0,11.0,0.0,11.0
Phukonbari 196/197 Grant,291498,244.0,293,63,1,b,b,b,,,,,,0.0,No,No,Yes,No,No,No,No,No,a,a,Yes,c,b,b,c,b,Yes,Yes,b,Yes,Yes,b,c,b,b,c,Yes,c,Yes,No,No,No,0.0,50.0,0.0,10.0,0.0,0.0,0.0,168.0,0.0,168.0
Matia Khawa,291499,8.0,378,87,1,b,b,b,,,,,,0.0,Yes,Yes,Yes,No,No,No,No,No,Yes,b,Yes,c,b,b,c,b,Yes,Yes,b,Yes,Yes,b,c,b,Yes,c,Yes,b,Yes,No,No,No,0.0,8.0,0.0,0.0,0.0,0.0,0.0,0.0,0.0,0.0
Balijan Chah Bagan,291500,301.3,1283,236,1,a,a,c,,,,,,1.0,No,No,Yes,No,No,No,No,No,Yes,c,Yes,Yes,c,c,c,Yes,Yes,Yes,b,Yes,Yes,c,c,c,Yes,c,Yes,Yes,Yes,No,No,No,0.0,23.5,3.1,0.0,0.0,0.0,0.0,10.3,0.0,10.3
Balijan 240 Wl,291501,48.3,560,113,1,a,a,c,,,,,,0.0,No,Yes,Yes,No,No,No,No,No,a,a,a,a,c,c,c,a,a,Yes,b,Yes,Yes,b,c,b,b,c,b,Yes,Yes,No,No,No,0.0,16.5,1.0,0.0,0.0,0.0,0.0,0.8,0.0,1.0
Hoogrijan T.E.116/64 & 66 Nlr,291502,727.0,4094,853,2,b,b,b,,,,,,1.0,Yes,Yes,Yes,No,No,No,No,No,Yes,c,Yes,b,Yes,b,c,a,b,Yes,Yes,Yes,Yes,b,b,b,b,Yes,Yes,Yes,Yes,No,No,No,0.0,300.0,0.0,29.0,0.0,0.0,0.0,298.0,0.0,298.0
Balijangaon,291503,47.8,1000,193,1,1,a,c,,,,,,1.0,Yes,Yes,Yes,No,No,No,Yes,No,Yes,c,Yes,c,c,Yes,c,Yes,Yes,Yes,b,Yes,Yes,b,c,b,b,c,Yes,Yes,Yes,No,No,No,0.0,18.3,0.0,0.0,1.0,0.0,0.0,28.5,0.0,28.5
Balijan 173/174 Nlr Grant,291504,360.6,1086,223,1,a,a,c,,,,,,1.0,Yes,No,Yes,No,No,No,No,No,Yes,c,Yes,c,c,c,c,Yes,Yes,Yes,b,Yes,Yes,b,c,c,Yes,c,Yes,Yes,Yes,No,No,No,0.0,40.2,5.8,0.0,0.0,0.0,0.0,5.0,0.0,5.0
Balijan T.E. 5/54 No.,291505,79.4,781,148,1,a,a,c,,,,,,0.0,No,No,Yes,No,No,No,No,No,Yes,c,Yes,c,c,c,c,a,Yes,Yes,b,Yes,Yes,b,c,b,b,c,Yes,Yes,Yes,No,No,No,0.0,13.5,0.0,0.0,0.0,0.0,0.0,1.7,0.0,1.8
Chiringkhat,291506,249.0,1266,261,2,a,b,b,,1.0,1.0,,,1.0,No,Yes,Yes,Yes,No,No,No,No,Yes,b,b,b,Yes,b,c,a,a,Yes,b,Yes,Yes,b,b,b,Yes,Yes,Yes,Yes,Yes,No,No,No,0.0,65.0,0.0,10.0,0.0,0.0,0.0,154.0,144.0,10.0
Bolimora (Balimora),291507,219.0,1304,261,1,2,b,b,,,,,,1.0,No,Yes,Yes,Yes,No,Yes,No,No,Yes,b,b,b,Yes,b,c,c,b,Yes,b,Yes,Yes,a,b,a,Yes,Yes,Yes,Yes,Yes,No,No,No,0.0,60.0,0.0,10.0,0.0,19.0,0.0,100.0,0.0,100.0
Hoogrijan,291508,19.0,324,66,1,a,b,b,,,,,,0.0,No,Yes,Yes,No,No,No,No,No,Yes,b,a,b,b,b,c,a,b,Yes,b,Yes,Yes,b,b,a,Yes,c,Yes,b,Yes,No,No,No,0.0,6.0,0.0,4.0,0.0,0.0,0.0,7.0,0.0,7.0
Gulimora No.2,291509,84.0,796,160,1,1,b,b,,,,,,0.0,No,Yes,Yes,No,No,No,No,No,b,b,b,b,b,b,c,c,b,Yes,b,Yes,Yes,b,b,b,Yes,Yes,Yes,Yes,Yes,No,No,No,0.0,20.0,0.0,5.0,0.0,0.0,14.0,35.0,0.0,35.0
Gulimora No.1,291510,45.0,134,25,1,a,a,b,,,,,,0.0,No,Yes,Yes,No,No,No,No,No,b,b,b,b,b,b,c,c,b,Yes,b,Yes,Yes,c,b,b,Yes,Yes,Yes,b,Yes,No,No,No,0.0,15.0,0.0,2.0,0.0,0.0,0.0,24.0,0.0,24.0
Gulimora No.3,291511,11.0,30,6,a,b,b,b,,,,,,0.0,No,Yes,Yes,No,No,No,No,No,a,b,b,b,b,b,c,c,a,b,b,Yes,Yes,a,b,a,Yes,c,b,b,Yes,No,No,No,0.0,5.0,0.0,1.0,0.0,0.0,0.0,3.0,0.0,3.0
Gulimora T.E.No.24,291512,113.0,123,32,2,a,a,b,,,,,,0.0,No,Yes,Yes,No,No,No,No,No,a,b,Yes,a,b,a,c,b,Yes,Yes,b,Yes,Yes,b,a,b,Yes,Yes,Yes,b,Yes,No,Yes,No,0.0,13.0,0.0,0.0,5.0,0.0,0.0,90.0,0.0,90.0
Bordubi No.1,291513,175.0,1136,227,1,a,a,a,1.0,,,,,1.0,No,No,No,Yes,No,No,No,No,Yes,b,Yes,a,a,a,Yes,Yes,Yes,Yes,b,Yes,Yes,Yes,a,b,Yes,c,Yes,Yes,Yes,No,No,No,0.0,25.0,0.0,20.0,0.0,0.0,0.0,125.0,0.0,125.0
Tingri T.E. Co-Darkhasta,291514,274.0,2188,423,2,b,b,b,,,,,,1.0,Yes,Yes,Yes,No,No,No,No,No,Yes,b,Yes,b,b,b,c,Yes,Yes,Yes,Yes,Yes,Yes,b,b,b,b,Yes,Yes,Yes,Yes,No,Yes,No,0.0,74.0,0.0,10.0,0.0,0.0,0.0,160.0,0.0,160.0
Duliajan No.1,291515,44.8,612,128,1,b,b,b,,,,,,0.0,Yes,No,Yes,Yes,No,Yes,No,No,Yes,a,Yes,a,Yes,Yes,c,a,Yes,Yes,b,Yes,Yes,b,b,b,Yes,Yes,Yes,Yes,Yes,No,No,No,0.0,10.8,0.0,0.0,0.0,0.0,0.0,33.5,0.0,33.5
Bijulibari T.E.,291516,178.0,2482,510,1,a,a,a,,,,,,1.0,Yes,No,Yes,Yes,No,No,No,No,Yes,a,Yes,a,Yes,Yes,c,b,Yes,Yes,Yes,Yes,Yes,c,a,b,Yes,c,Yes,Yes,Yes,No,No,No,0.0,10.0,0.0,0.0,0.0,0.0,0.0,68.0,0.0,68.0
Sarupather Gaon,291517,65.0,310,74,1,a,a,a,,,,,,0.0,Yes,No,Yes,Yes,No,No,No,No,a,a,Yes,a,b,b,a,b,Yes,Yes,b,Yes,Yes,b,a,b,Yes,c,Yes,b,Yes,No,No,No,0.0,10.0,0.0,0.0,0.0,0.0,0.0,5.0,0.0,5.0
Duliajan No.2,291518,30.8,1917,413,1,2,1,a,,,1.0,,,1.0,Yes,Yes,Yes,Yes,No,No,No,No,Yes,Yes,Yes,a,a,Yes,c,b,a,Yes,Yes,Yes,Yes,a,a,b,Yes,Yes,Yes,Yes,Yes,No,No,Yes,0.0,25.0,0.0,0.0,0.0,0.0,0.0,5.0,0.0,5.0
Jaloni T.E. 263/282 Nlr,291519,274.0,720,141,1,a,a,a,,,,,,0.0,Yes,Yes,Yes,No,No,No,No,No,a,a,Yes,a,a,a,c,b,Yes,Yes,b,Yes,Yes,a,a,b,Yes,c,Yes,Yes,Yes,No,No,No,0.0,14.0,0.0,0.0,0.0,0.0,0.0,10.0,0.0,10.0
Borguri Gaon,291520,160.0,1152,235,1,a,a,a,,,,,,1.0,Yes,Yes,Yes,No,No,Yes,No,No,Yes,a,Yes,a,Yes,Yes,c,b,Yes,Yes,b,Yes,Yes,a,a,b,b,Yes,Yes,Yes,Yes,No,No,No,0.0,23.0,0.0,3.0,0.0,0.0,0.0,10.0,0.0,10.0
Borpather No.1,291521,176.0,1444,284,1,a,a,a,,,,,,1.0,Yes,Yes,Yes,No,No,No,No,No,Yes,a,Yes,b,Yes,Yes,c,b,Yes,Yes,b,Yes,Yes,b,a,b,b,Yes,Yes,Yes,Yes,No,No,No,0.0,20.0,0.0,15.0,0.0,0.0,0.0,10.0,0.0,10.0
Naohalia No.3,291522,29.0,1190,276,1,a,a,a,,,,,,1.0,Yes,Yes,Yes,No,No,No,No,No,a,a,Yes,a,Yes,a,c,b,Yes,Yes,b,Yes,Yes,b,a,b,Yes,c,Yes,Yes,Yes,No,Yes,No,0.0,9.0,0.0,3.0,0.0,0.0,0.0,0.0,0.0,0.0
Naohalia No.1,291523,147.0,565,107,1,a,a,a,,,,,,0.0,Yes,No,Yes,No,No,No,No,No,Yes,a,Yes,b,Yes,Yes,c,b,Yes,Yes,b,Yes,Yes,Yes,a,b,a,Yes,Yes,Yes,Yes,No,No,No,0.0,20.0,0.0,6.0,0.0,0.0,0.0,121.0,0.0,121.0
Jutlibari Borhula,291524,107.0,2449,499,1,a,a,a,,,,,,1.0,Yes,Yes,Yes,No,No,No,No,No,Yes,a,Yes,a,a,a,c,b,Yes,Yes,Yes,Yes,Yes,a,a,b,Yes,Yes,Yes,Yes,Yes,No,No,No,0.0,25.0,0.0,0.0,70.0,0.0,0.0,10.0,0.0,10.0
Jutlibari T.E. 303/310 Nlr,291525,786.0,691,127,1,a,a,a,,,,,,0.0,Yes,Yes,Yes,No,No,No,No,No,Yes,a,Yes,b,b,Yes,c,b,Yes,Yes,b,Yes,Yes,a,b,b,a,c,Yes,Yes,Yes,No,No,No,0.0,80.0,0.0,0.0,0.0,0.0,0.0,6.0,0.0,6.0
Jutlibari T.E.28,291526,75.0,3728,675,1,a,a,a,,,,,,1.0,Yes,Yes,Yes,No,No,No,No,No,Yes,a,Yes,b,Yes,b,c,b,Yes,Yes,Yes,Yes,Yes,a,b,b,a,c,Yes,Yes,Yes,No,No,No,0.0,5.0,0.0,0.0,0.0,0.0,0.0,0.0,0.0,0.0
Jaliabosti,291527,179.3,1430,288,1,2,a,b,,,,,,1.0,No,Yes,Yes,No,No,No,No,No,Yes,b,a,b,Yes,a,c,c,a,Yes,b,Yes,Yes,a,b,a,a,c,Yes,Yes,Yes,No,No,No,0.0,30.3,0.0,0.0,0.0,0.0,0.0,42.8,0.0,42.8
Jaloni Naohalia,291528,168.0,943,185,1,1,a,a,,,,,,1.0,Yes,No,Yes,No,No,No,No,No,a,a,a,a,Yes,Yes,c,b,a,Yes,b,Yes,Yes,a,a,a,Yes,c,Yes,Yes,Yes,No,No,No,0.0,23.0,0.0,0.0,0.0,0.0,0.0,38.0,0.0,38.0
Madhuting T.E. 37/139,291529,44.5,1436,298,1,2,a,a,,,,,,1.0,Yes,Yes,Yes,No,No,No,No,No,Yes,a,Yes,a,a,Yes,c,b,Yes,Yes,a,Yes,Yes,a,a,a,a,c,Yes,Yes,Yes,No,Yes,No,0.0,10.1,0.0,0.0,0.0,0.0,0.0,4.0,0.0,4.0
Madhuting T.E. 51 Appl,291530,237.0,401,86,1,c,c,c,,,,,,0.0,Yes,Yes,Yes,No,No,No,No,No,Yes,c,Yes,c,Yes,Yes,c,c,Yes,Yes,b,Yes,Yes,a,a,b,Yes,c,c,b,Yes,No,No,No,17.0,0.0,2.0,218.0,0.0,0.0,0.0,0.0,0.0,0.0
Kamini T.E. No.27,291531,211.0,1346,267,1,a,c,c,,,,,,1.0,No,No,Yes,No,No,No,No,No,Yes,c,Yes,c,Yes,Yes,c,c,Yes,Yes,b,Yes,Yes,a,c,b,Yes,c,Yes,Yes,Yes,No,No,No,0.0,40.0,0.0,10.0,0.0,0.0,0.0,94.0,0.0,94.0
Anandabari T.E.,291532,226.0,672,127,1,c,c,c,,,,,,0.0,Yes,No,Yes,Yes,No,No,No,No,Yes,b,Yes,c,b,Yes,c,c,Yes,Yes,b,Yes,Yes,a,c,b,a,c,Yes,Yes,Yes,No,No,No,0.0,80.0,0.0,5.0,0.0,0.0,0.0,26.0,0.0,26.0
Mahabirbari 765/348,291533,248.0,411,78,1,b,b,b,,,,,,0.0,No,Yes,Yes,No,No,No,No,No,Yes,b,Yes,b,b,Yes,a,a,Yes,Yes,b,Yes,Yes,b,b,b,b,c,Yes,b,Yes,No,No,No,0.0,80.0,0.0,3.0,0.0,0.0,0.0,48.0,0.0,48.0
Hatiali Gaon,291534,156.0,219,47,1,b,b,b,,,,,,0.0,Yes,No,Yes,No,No,No,No,No,Yes,c,Yes,c,b,b,c,c,c,Yes,b,Yes,Yes,b,c,b,b,Yes,Yes,b,Yes,No,No,No,0.0,35.0,0.0,3.0,0.0,0.0,58.0,20.0,0.0,20.0
Haatijan T.E. 110 Appl,291535,225.0,838,158,2,1,c,c,,,,,,0.0,Yes,No,Yes,No,No,No,No,No,Yes,c,Yes,c,Yes,Yes,c,c,Yes,Yes,b,Yes,Yes,b,c,b,b,c,Yes,Yes,Yes,No,No,No,0.0,45.0,0.0,2.0,0.0,0.0,0.0,0.0,0.0,0.0
Kathalguri T.E. 35 Grant,291536,88.0,553,104,1,1,c,c,,,1.0,,,0.0,Yes,Yes,Yes,No,No,Yes,No,No,b,b,Yes,Yes,Yes,Yes,b,c,Yes,Yes,b,Yes,Yes,b,b,b,Yes,c,Yes,Yes,Yes,No,No,No,0.0,10.0,0.0,20.0,0.0,0.0,0.0,28.0,0.0,28.0
Kathalguri No.1,291537,266.0,809,151,1,b,b,b,,,,,,0.0,No,Yes,Yes,No,No,No,No,No,Yes,b,Yes,b,Yes,Yes,b,c,Yes,Yes,b,Yes,Yes,a,b,b,Yes,c,Yes,Yes,Yes,Yes,No,No,0.0,150.0,0.0,5.0,0.0,0.0,0.0,66.0,0.0,66.0
Nagaajan Gaon,291538,196.0,1527,297,1,c,c,c,,,,,,1.0,Yes,No,Yes,No,No,No,No,No,Yes,b,Yes,b,Yes,Yes,c,c,Yes,Yes,Yes,Yes,Yes,a,c,a,Yes,Yes,Yes,Yes,Yes,No,No,No,0.0,21.0,0.0,25.0,0.0,0.0,0.0,60.0,0.0,60.0
Kathalguri T.E. 69 Appl,291539,162.0,820,158,1,1,a,a,,,,,,0.0,No,No,No,Yes,No,No,No,No,Yes,c,Yes,c,Yes,Yes,Yes,b,Yes,Yes,b,Yes,Yes,a,c,a,Yes,Yes,Yes,Yes,Yes,No,No,No,0.0,25.0,0.0,6.0,0.0,0.0,0.0,70.0,0.0,70.0
Dhekiajan Gaon No.1,291540,236.0,1023,219,1,2,c,c,,,,,,1.0,Yes,Yes,Yes,Yes,No,Yes,No,No,Yes,c,Yes,c,Yes,Yes,c,Yes,Yes,Yes,b,Yes,Yes,a,c,a,Yes,Yes,Yes,Yes,Yes,No,No,No,0.0,90.0,0.0,5.0,0.0,0.0,0.0,36.0,0.0,36.0
Dhekiajan Gaon No.2,291541,64.0,456,94,1,1,c,c,,,,,,0.0,No,No,Yes,No,No,No,No,No,Yes,b,Yes,b,Yes,Yes,b,c,Yes,Yes,b,Yes,Yes,b,c,b,a,Yes,Yes,Yes,Yes,No,No,No,0.0,20.0,0.0,4.0,0.0,0.0,0.0,30.0,0.0,30.0
Kathalguri T.E. 109,291542,85.0,669,124,1,a,c,c,,,,,,0.0,Yes,No,Yes,No,No,No,No,No,Yes,c,Yes,c,Yes,Yes,c,a,Yes,Yes,b,Yes,Yes,b,c,c,Yes,c,c,Yes,Yes,No,No,No,0.0,10.0,0.0,2.0,0.0,0.0,0.0,0.0,0.0,0.0
Borpather No.2,291543,368.0,998,214,1,a,c,b,,,,,,1.0,Yes,Yes,Yes,Yes,No,No,No,No,Yes,c,Yes,c,Yes,Yes,c,b,Yes,Yes,b,Yes,Yes,a,c,a,Yes,Yes,Yes,Yes,Yes,No,No,No,0.0,160.0,0.0,0.0,0.0,0.0,0.0,108.0,0.0,108.0
Kerkoni No.1 (Kekuri No.2),291544,80.0,740,166,1,a,a,c,,,,,,0.0,Yes,No,No,Yes,No,No,No,No,Yes,c,Yes,c,Yes,Yes,c,b,Yes,Yes,b,Yes,Yes,c,c,c,a,c,c,Yes,Yes,Yes,No,No,0.0,30.0,0.0,5.0,0.0,0.0,0.0,20.0,0.0,20.0
Kathalguri No.2,291545,181.0,1235,255,1,2,c,c,,,,,,1.0,Yes,Yes,Yes,No,No,Yes,No,No,Yes,b,Yes,b,Yes,Yes,b,c,Yes,Yes,b,Yes,Yes,a,b,a,a,Yes,Yes,Yes,Yes,No,No,No,0.0,25.0,0.0,6.0,0.0,0.0,0.0,100.0,0.0,100.0
Bokuloni No.2,291546,106.0,1899,399,1,2,b,b,,1.0,,,1.0,1.0,Yes,No,Yes,No,No,No,No,No,Yes,b,Yes,c,Yes,Yes,b,c,Yes,Yes,Yes,Yes,Yes,c,b,c,Yes,Yes,Yes,Yes,Yes,No,No,No,0.0,25.0,0.0,6.0,0.0,0.0,0.0,40.0,0.0,40.0
Bokuloni Gaon No.1,291547,187.0,869,183,2,1,b,b,,,,,,0.0,Yes,Yes,Yes,Yes,No,No,No,No,Yes,c,Yes,c,Yes,Yes,c,b,Yes,Yes,b,Yes,Yes,b,c,b,a,Yes,Yes,Yes,Yes,No,No,No,0.0,62.0,0.0,5.0,0.0,0.0,0.0,87.0,0.0,87.0
Kerekoni No.1 (Kekuri No.1),291548,88.0,253,54,1,a,c,b,,,,,,0.0,No,Yes,Yes,Yes,No,No,No,No,Yes,c,Yes,c,b,Yes,c,c,Yes,Yes,b,Yes,Yes,a,a,b,a,c,Yes,b,Yes,Yes,No,No,0.0,28.0,0.0,2.0,0.0,0.0,0.0,48.0,0.0,48.0
1 No. Bahoni Gaon,291549,71.0,358,76,1,a,c,c,,,,,,0.0,No,Yes,Yes,No,No,No,No,No,Yes,c,Yes,c,Yes,Yes,c,b,Yes,Yes,b,Yes,Yes,c,a,c,Yes,c,Yes,b,Yes,No,No,No,0.0,20.0,5.0,0.0,0.0,0.0,0.0,30.0,0.0,30.0
Bahoni Pather,291550,71.0,517,104,1,a,c,c,,,,,,0.0,Yes,No,Yes,No,No,No,No,No,c,c,Yes,Yes,c,Yes,c,c,Yes,Yes,b,Yes,Yes,a,a,b,a,c,Yes,Yes,Yes,No,No,No,0.0,20.0,0.0,3.0,0.0,0.0,0.0,21.0,0.0,21.0
Tipomia Gaon,291551,127.0,342,68,2,a,b,b,,,,,,0.0,No,No,Yes,No,No,No,No,No,Yes,a,Yes,b,Yes,Yes,c,b,Yes,Yes,b,Yes,Yes,a,b,b,Yes,Yes,Yes,b,Yes,No,No,No,0.0,25.0,0.0,15.0,0.0,0.0,0.0,27.0,0.0,27.0
Bakuloni No.3,291552,203.0,1756,455,2,a,b,b,,,,,,1.0,Yes,Yes,Yes,No,No,Yes,No,No,Yes,b,Yes,,Yes,Yes,c,b,Yes,Yes,Yes,Yes,Yes,Yes,b,Yes,Yes,c,Yes,Yes,Yes,No,No,No,0.0,80.0,0.0,3.0,0.0,0.0,0.0,100.0,0.0,100.0
2 No Rangajan Bongali(Rongajan,291553,43.0,1127,211,1,a,b,b,,,,,,1.0,No,Yes,Yes,No,No,No,No,No,Yes,b,Yes,b,Yes,Yes,c,b,Yes,Yes,b,Yes,Yes,b,b,b,a,c,Yes,Yes,Yes,No,No,No,0.0,13.0,0.0,5.0,0.0,0.0,0.0,13.0,0.0,13.0
Madhuting Gaon,291555,45.7,318,64,1,1,a,a,,,,,,0.0,No,Yes,Yes,No,No,No,No,No,a,a,a,a,a,a,c,c,a,Yes,b,Yes,Yes,b,a,b,Yes,c,Yes,b,Yes,No,No,No,0.0,0.0,0.0,0.0,0.0,0.0,0.0,25.4,0.0,25.4
Madhuting No.2,291556,65.0,697,147,1,1,a,a,,,,,,0.0,Yes,No,Yes,No,No,No,No,No,Yes,a,a,a,a,a,c,c,a,Yes,a,Yes,Yes,b,a,b,a,c,Yes,Yes,Yes,No,No,No,0.0,13.0,0.0,0.0,0.0,0.0,0.0,31.9,0.0,31.9
Madhuting Bongali,291557,183.7,822,163,1,1,1,b,,,1.0,,,0.0,Yes,Yes,Yes,No,No,No,No,No,Yes,b,a,b,a,a,c,c,a,Yes,a,Yes,Yes,b,b,b,a,c,Yes,Yes,Yes,No,No,No,0.0,50.2,0.0,0.0,0.0,0.0,0.0,80.1,0.0,80.1
Madhuting 24 Nlr,291558,32.0,80,16,1,a,c,c,,,,,,0.0,No,No,Yes,No,No,No,No,No,Yes,c,Yes,b,b,b,c,b,Yes,Yes,b,Yes,Yes,b,a,b,Yes,c,Yes,b,Yes,No,No,No,0.0,0.0,0.0,0.0,0.0,0.0,0.0,0.0,0.0,0.0
Padumoni Gaon,291559,212.0,1190,237,1,a,a,b,,,,,,1.0,Yes,Yes,No,Yes,No,No,No,No,Yes,b,Yes,b,Yes,Yes,c,c,Yes,Yes,b,Yes,Yes,b,b,b,a,Yes,Yes,Yes,Yes,No,No,No,0.0,92.0,0.0,5.0,0.0,0.0,0.0,15.0,0.0,15.0
Ronga Gorah No.1(Rangajan N0.1,291560,166.0,906,187,1,1,1,b,,,1.0,,,1.0,Yes,Yes,Yes,No,No,Yes,No,No,Yes,b,Yes,b,Yes,Yes,b,b,Yes,Yes,b,Yes,Yes,a,b,a,Yes,c,Yes,Yes,Yes,No,No,No,0.0,50.1,0.0,0.0,0.0,0.0,0.0,100.5,0.0,100.5
Ronga Gorah No.1(Rangajan No.2,291561,254.5,1086,224,1,2,1,b,,,,,,1.0,Yes,No,Yes,No,No,No,No,No,Yes,b,a,b,Yes,a,c,c,a,Yes,a,Yes,Yes,c,b,c,a,c,Yes,Yes,Yes,No,No,No,0.0,50.0,0.0,0.0,0.0,0.0,0.0,193.2,0.0,193.2
Joloni T.E. 25 Appl,291562,17.0,402,82,1,a,a,b,,,,,,0.0,No,No,No,Yes,No,No,No,No,Yes,b,a,b,a,a,c,c,a,Yes,a,Yes,Yes,c,b,c,Yes,c,c,b,Yes,No,No,No,0.0,2.0,0.0,0.0,0.0,0.0,0.0,0.0,0.0,0.0
Joloni T.E. 138 Appl,291563,183.7,83,22,1,a,a,b,,,,,,0.0,No,No,No,Yes,No,No,No,No,Yes,b,a,b,a,a,c,c,a,a,b,Yes,Yes,b,b,b,Yes,c,Yes,b,Yes,No,No,No,0.0,20.4,0.0,0.0,0.0,0.0,0.0,50.8,0.0,50.8
Joloni T.E.259 Nlr,291564,37.1,628,155,1,1,1,a,,,,,,0.0,Yes,Yes,Yes,Yes,No,No,No,No,Yes,a,Yes,a,b,Yes,c,c,Yes,Yes,b,Yes,Yes,b,a,b,a,Yes,Yes,Yes,Yes,No,No,No,0.0,10.1,0.0,0.0,0.0,0.0,0.0,7.2,0.0,7.2
Rangajan No.1,291565,166.0,266,58,a,a,b,b,,,,,,0.0,No,No,Yes,No,Yes,No,No,No,Yes,b,Yes,b,b,Yes,Yes,c,Yes,Yes,b,Yes,Yes,b,b,b,a,c,c,b,Yes,Yes,No,No,0.0,40.0,0.0,5.0,0.0,0.0,0.0,66.0,0.0,66.0
Jaloni No.1 (Jaloni Chah Bagan No.1),291566,173.0,182,37,a,a,a,b,,,,,,0.0,No,No,Yes,No,No,No,No,No,Yes,b,a,b,a,a,c,c,a,Yes,a,Yes,Yes,b,b,b,a,c,c,b,Yes,No,No,No,0.0,29.0,0.0,0.0,0.0,0.0,0.0,17.4,0.0,17.4
Rangajan No.3,291567,147.0,519,104,1,1,b,b,,,,,,0.0,Yes,Yes,No,Yes,No,No,No,No,Yes,b,Yes,b,Yes,Yes,c,b,Yes,Yes,b,Yes,Yes,b,b,b,Yes,c,Yes,Yes,Yes,No,No,No,0.0,47.0,0.0,3.0,0.0,0.0,0.0,47.0,0.0,47.0
Madhuting 335 Nlr (Madhuban Chah Bagan),291568,65.0,239,48,1,a,a,a,,,,,,0.0,No,Yes,Yes,No,No,No,No,No,Yes,a,Yes,a,a,a,c,c,Yes,Yes,b,Yes,Yes,b,a,c,Yes,c,Yes,a,Yes,No,No,No,0.0,3.0,0.0,0.0,0.0,0.0,0.0,1.9,0.0,1.9
Jaloni 273 Nlr (Jaloni Chah Bagan),291569,96.3,849,178,2,a,a,b,,,,,,0.0,Yes,Yes,Yes,No,No,No,No,No,Yes,b,a,b,a,a,c,c,a,Yes,b,Yes,Yes,b,b,c,Yes,c,Yes,Yes,Yes,No,No,No,0.0,10.0,0.0,0.0,0.0,0.0,0.0,7.0,0.0,7.0
Jaloni 274 Nlr (Jaloni Chah Bagan),291570,90.2,561,119,1,a,a,b,,,,,,0.0,Yes,No,Yes,No,No,No,No,No,Yes,b,a,b,a,a,c,b,a,Yes,b,Yes,Yes,b,b,b,Yes,c,Yes,Yes,Yes,No,No,No,0.0,27.1,0.0,0.0,0.0,0.0,0.0,2.3,0.0,2.3
2 No. Naohalia,291571,296.2,2432,476,3,2,1,a,,,1.0,,,1.0,Yes,Yes,Yes,No,No,Yes,No,No,Yes,Yes,Yes,Yes,a,Yes,c,a,Yes,Yes,Yes,Yes,Yes,a,c,a,Yes,c,Yes,Yes,Yes,No,Yes,No,0.0,50.0,0.0,0.0,0.0,0.0,0.0,90.0,0.0,90.0
Borkula (Naohalia No.2 Borkula,291572,86.7,507,103,1,a,a,a,,,,,,0.0,No,No,Yes,Yes,No,No,No,No,Yes,a,Yes,a,Yes,Yes,c,c,Yes,Yes,b,Yes,Yes,c,a,c,Yes,c,Yes,Yes,Yes,No,No,No,0.0,30.1,0.0,0.0,0.0,0.0,46.4,0.0,0.0,0.0
Naoholia Tipling,291573,103.2,793,183,1,a,a,b,,,,,,0.0,No,Yes,Yes,No,No,No,No,No,Yes,b,a,b,a,a,b,c,a,Yes,a,Yes,Yes,c,b,c,Yes,c,Yes,Yes,Yes,No,No,No,0.0,9.8,0.0,0.0,0.0,0.0,0.0,12.5,0.0,12.5
Hukuta,291574,191.0,2423,570,1,2,1,a,,,,,,1.0,Yes,Yes,Yes,No,No,No,No,No,Yes,a,Yes,a,Yes,Yes,c,b,Yes,Yes,Yes,Yes,Yes,c,a,c,a,Yes,Yes,Yes,Yes,No,Yes,No,0.0,40.0,0.0,5.0,0.0,0.0,0.0,6.0,0.0,6.0
Jaloni No.81,291575,123.4,900,190,1,a,a,a,,,,,,0.0,Yes,No,Yes,No,No,No,No,No,Yes,a,a,a,a,a,c,c,a,Yes,a,Yes,Yes,b,a,c,Yes,c,Yes,Yes,Yes,No,No,No,0.0,16.5,0.0,0.0,0.0,0.0,0.0,10.1,0.0,10.1
Da-Hukuta,291576,168.0,2283,474,1,2,a,a,,,,,,1.0,Yes,Yes,Yes,No,No,No,No,No,Yes,a,Yes,a,Yes,Yes,c,b,Yes,Yes,Yes,Yes,Yes,a,a,c,Yes,Yes,Yes,Yes,Yes,No,No,No,0.0,28.0,0.0,15.0,0.0,0.0,0.0,120.0,0.0,120.0
Jaloni Gt 15,291577,661.0,3715,759,1,3,1,a,,,,,,1.0,Yes,Yes,Yes,Yes,No,Yes,No,No,Yes,a,Yes,a,Yes,Yes,c,c,Yes,Yes,Yes,Yes,Yes,c,b,c,a,Yes,Yes,Yes,Yes,No,No,No,0.0,88.0,0.0,32.0,30.0,0.0,61.0,360.0,0.0,360.0
Boragadhai,291578,173.0,5213,1280,1,3,1,a,,,,,,1.0,Yes,Yes,Yes,No,No,Yes,No,No,Yes,a,Yes,a,Yes,Yes,c,b,Yes,Yes,Yes,Yes,Yes,Yes,a,c,Yes,Yes,Yes,Yes,Yes,No,No,No,0.0,31.0,0.0,36.0,0.0,0.0,0.0,77.0,0.0,77.0
Noloni Pather,291579,82.0,722,143,1,a,a,a,,,,,,0.0,No,No,No,Yes,Yes,No,No,No,a,c,Yes,a,Yes,Yes,c,b,Yes,Yes,b,Yes,Yes,a,a,c,a,c,Yes,Yes,Yes,No,No,No,0.0,30.0,0.0,0.0,0.0,0.0,0.0,35.0,0.0,35.0
Chalakataki No.2,291580,108.3,3002,742,1,3,1,a,,,,,,1.0,Yes,Yes,Yes,No,No,Yes,No,No,Yes,c,Yes,a,a,a,a,a,a,Yes,Yes,Yes,Yes,a,a,a,a,Yes,Yes,Yes,Yes,No,No,No,0.0,50.0,0.0,0.0,0.0,0.0,0.0,50.0,0.0,50.0
Chalakataki No.1,291581,178.4,520,113,1,1,a,a,,,1.0,,,0.0,No,No,Yes,No,No,No,No,No,Yes,a,a,a,a,a,a,a,a,Yes,b,Yes,Yes,c,a,c,Yes,Yes,Yes,Yes,Yes,No,No,No,0.0,70.0,0.0,0.0,0.0,0.0,0.0,100.0,0.0,100.0
2 No. Dulia,291582,23.9,83,20,1,a,a,a,,,,,,0.0,No,No,Yes,No,No,No,No,No,Yes,a,a,a,a,a,c,a,a,Yes,b,c,Yes,c,a,c,a,Yes,Yes,a,Yes,No,No,No,0.0,3.9,0.0,0.0,0.0,0.0,0.0,20.0,0.0,20.0
1 No. Dulia,291583,176.0,1000,209,1,1,a,a,,,1.0,,,1.0,Yes,Yes,Yes,No,No,No,No,No,Yes,a,a,a,a,Yes,c,a,a,Yes,b,Yes,Yes,b,a,b,a,Yes,Yes,Yes,Yes,No,No,No,0.0,50.3,0.0,21.0,0.0,0.0,0.0,90.0,0.0,90.0
Puwali Pather,291584,161.1,714,146,1,1,a,a,,,1.0,,,0.0,Yes,Yes,Yes,No,No,No,No,No,a,a,a,a,a,a,c,a,a,Yes,b,Yes,Yes,a,a,c,Yes,Yes,Yes,Yes,Yes,No,No,No,0.0,61.0,0.0,0.0,0.0,0.0,0.0,100.0,0.0,100.0
Dirial Gaon,291585,38.0,225,51,1,a,b,b,,,,,,0.0,Yes,Yes,Yes,Yes,No,No,No,No,Yes,b,Yes,b,b,b,c,b,a,Yes,b,Yes,Yes,c,b,c,Yes,Yes,Yes,a,Yes,No,No,No,0.0,6.0,0.0,2.0,0.0,0.0,0.0,28.0,0.0,28.0
Raza Ali T.E. 42/17 Appl,291586,49.6,2007,410,1,2,a,b,,,,,,1.0,Yes,Yes,Yes,Yes,No,No,No,No,Yes,Yes,Yes,b,b,Yes,c,a,Yes,Yes,Yes,Yes,Yes,c,b,c,Yes,Yes,Yes,Yes,Yes,No,No,No,0.0,9.6,0.0,0.0,0.0,0.0,0.0,40.0,0.0,40.0
Pabhajan No.1,291587,175.9,729,156,1,1,1,b,,,1.0,,,0.0,Yes,Yes,Yes,No,No,No,No,No,b,b,Yes,b,Yes,b,c,Yes,Yes,Yes,b,Yes,Yes,b,b,c,Yes,Yes,Yes,Yes,Yes,No,No,No,0.0,0.9,0.0,23.0,0.0,0.0,0.0,152.0,0.0,152.0
Pabhajan No.2,291588,39.2,416,102,1,1,1,b,,,,,,0.0,Yes,No,Yes,Yes,No,No,No,No,b,b,b,b,b,Yes,c,b,a,Yes,b,Yes,Yes,a,b,b,Yes,Yes,Yes,a,Yes,No,No,No,0.0,0.2,0.0,0.0,0.0,0.0,0.0,19.0,0.0,19.0
Chetia Pather,291589,67.0,603,125,1,a,a,a,,,,,,0.0,No,Yes,No,Yes,No,No,No,No,Yes,b,Yes,b,a,Yes,c,a,a,Yes,b,Yes,Yes,c,b,c,a,Yes,Yes,Yes,Yes,No,No,No,0.0,17.0,0.0,0.0,0.0,0.0,0.0,40.0,0.0,40.0
Raja Ali 300 Nlr,291590,359.7,126,25,1,a,a,b,,,1.0,,,0.0,No,No,Yes,Yes,No,No,No,No,Yes,b,b,b,b,Yes,c,b,a,Yes,b,Yes,Yes,b,b,b,Yes,Yes,Yes,a,Yes,Yes,Yes,No,0.0,59.7,0.0,0.0,0.0,0.0,0.0,300.0,0.0,300.0
Kachari Pathar No.2,291591,43.0,315,71,1,1,b,b,,,,,,0.0,No,Yes,Yes,Yes,No,No,No,No,Yes,a,Yes,a,b,a,c,c,a,Yes,b,Yes,Yes,c,a,c,Yes,Yes,Yes,a,Yes,No,No,No,0.0,4.0,0.0,2.0,0.0,0.0,0.0,33.0,0.0,33.0
Kachari Pathar No.1,291592,193.0,652,138,1,1,1,a,,1.0,1.0,,1.0,0.0,No,Yes,Yes,No,No,Yes,No,No,Yes,b,Yes,,Yes,Yes,c,c,Yes,Yes,b,Yes,Yes,a,a,a,a,Yes,Yes,Yes,Yes,No,No,No,0.0,25.0,0.0,6.0,0.0,0.0,0.0,157.0,0.0,157.0
No.2 Chiring Khat,291593,249.0,504,110,1,a,b,b,,,,,,0.0,Yes,Yes,Yes,Yes,No,No,No,No,Yes,b,a,b,b,b,c,c,b,Yes,b,Yes,Yes,c,b,c,Yes,Yes,Yes,Yes,Yes,Yes,No,No,0.0,60.0,0.0,5.0,0.0,0.0,0.0,177.0,0.0,177.0
Kheremia Gaon,291594,183.5,1054,219,3,a,a,c,,,1.0,,,1.0,Yes,Yes,Yes,No,No,Yes,No,No,Yes,c,Yes,c,c,c,c,Yes,Yes,Yes,b,Yes,Yes,c,c,c,Yes,c,Yes,Yes,Yes,No,No,No,0.0,38.2,0.0,0.0,0.0,0.0,2.0,116.5,0.0,116.5
Chercheria Jan,291595,140.8,1043,222,2,1,1,b,,,,,,1.0,Yes,No,Yes,No,No,Yes,No,No,Yes,b,Yes,c,b,b,c,c,Yes,Yes,b,Yes,Yes,c,c,b,Yes,b,Yes,Yes,Yes,No,No,No,0.0,29.5,0.0,0.0,4.7,0.0,0.0,96.6,0.0,96.6
Hatigarh N.C.,291596,2.7,121,29,a,a,a,c,,,,,,0.0,No,No,No,Yes,No,No,No,No,b,b,a,c,b,b,c,a,a,Yes,a,Yes,Yes,c,c,c,Yes,c,a,a,No,No,No,No,0.0,0.0,2.7,0.0,0.0,0.0,0.0,0.0,0.0,0.0
Hatigarh Balijan,291597,72.3,1011,202,2,1,1,1,,,,,,1.0,Yes,No,No,Yes,No,No,No,No,Yes,c,Yes,c,c,c,c,Yes,Yes,Yes,b,Yes,Yes,a,c,a,Yes,c,Yes,Yes,Yes,No,No,No,0.0,28.2,0.0,0.0,0.0,0.0,41.4,0.0,0.0,0.0
Tingrai Chaariali,291598,192.1,1362,270,1,2,1,b,,,1.0,,,3.0,Yes,Yes,Yes,No,No,Yes,No,No,Yes,b,Yes,c,b,b,c,Yes,Yes,Yes,b,Yes,Yes,Yes,c,a,Yes,c,Yes,Yes,Yes,No,No,No,0.0,40.2,0.0,0.0,13.4,0.0,0.0,115.1,0.0,115.1
Tingrai N.C.,291599,3.2,71,14,a,a,a,a,,,,,,0.0,No,No,Yes,No,No,No,No,No,b,b,Yes,c,b,a,c,a,a,a,a,a,Yes,c,c,c,Yes,c,a,a,No,No,No,No,0.0,0.0,3.2,0.0,0.0,0.0,0.0,0.0,0.0,0.0
Gerakoni,291600,59.0,48,11,a,a,a,b,,,,,,0.0,No,No,Yes,No,No,Yes,No,No,b,b,Yes,c,b,b,c,Yes,Yes,a,b,Yes,c,c,c,c,a,a,b,a,No,No,No,No,0.0,15.6,0.0,0.0,0.0,0.0,0.0,43.3,0.0,43.3
Tingrai Holla,291601,401.0,1166,253,1,a,a,a,,,,,,1.0,No,Yes,Yes,No,No,No,No,No,b,b,b,a,a,Yes,c,c,c,Yes,b,Yes,Yes,c,c,c,Yes,a,Yes,Yes,Yes,No,No,No,0.0,100.0,0.0,14.0,0.0,0.0,0.0,275.0,0.0,275.0
Tingrai Gaon,291602,194.0,612,118,1,a,a,a,,,,,,0.0,No,No,Yes,No,No,No,No,No,a,a,Yes,c,b,b,c,b,Yes,Yes,b,Yes,Yes,b,c,c,Yes,a,Yes,Yes,Yes,No,No,No,0.0,2.0,0.0,37.0,0.0,0.0,0.0,153.0,0.0,153.0
Panimudi Gaon,291603,132.0,787,162,1,a,a,a,,,,,,0.0,Yes,Yes,Yes,No,No,No,No,No,Yes,a,Yes,c,b,Yes,c,b,Yes,Yes,b,Yes,Yes,c,c,c,Yes,b,Yes,Yes,Yes,No,No,No,0.0,60.0,0.0,20.0,0.0,0.0,0.0,40.0,0.0,40.0
Saru Abhoyapuria,291604,184.0,1159,250,1,a,a,a,,,,,,1.0,Yes,No,Yes,No,No,Yes,No,No,Yes,c,Yes,c,Yes,Yes,c,b,Yes,Yes,b,Yes,Yes,c,c,c,Yes,Yes,Yes,Yes,Yes,No,No,No,0.0,40.0,0.0,0.0,0.0,0.0,0.0,40.0,0.0,40.0
Chakali Bhoria Gaon,291605,132.0,900,193,2,1,1,a,,,,,,0.0,Yes,Yes,Yes,No,No,Yes,No,No,Yes,a,Yes,c,a,Yes,c,b,Yes,Yes,b,Yes,Yes,Yes,c,c,Yes,Yes,Yes,Yes,Yes,No,No,No,0.0,25.0,0.0,1.5,0.0,0.0,0.0,50.0,0.0,50.0
Niz-Tengakhat,291606,197.0,2533,554,4,2,1,a,,1.0,,,,2.0,Yes,Yes,Yes,Yes,No,No,No,No,Yes,c,Yes,c,Yes,Yes,c,b,Yes,Yes,Yes,Yes,Yes,Yes,c,c,Yes,Yes,Yes,Yes,Yes,No,Yes,No,0.0,84.5,0.0,0.0,0.0,0.0,52.0,0.0,0.0,0.0
Khongia Gaon,291607,169.0,227,50,1,a,a,b,,,1.0,,,0.0,No,Yes,Yes,No,No,No,No,No,Yes,a,a,c,a,Yes,c,b,c,Yes,b,Yes,Yes,c,c,c,a,Yes,Yes,a,Yes,No,No,No,0.0,0.0,62.0,0.0,57.0,0.0,0.0,50.0,0.0,50.0
Tamuli Khat,291608,248.0,820,175,1,a,a,a,,,,,,0.0,No,Yes,Yes,No,No,No,No,No,Yes,a,Yes,c,a,Yes,c,a,Yes,Yes,b,Yes,Yes,c,c,c,Yes,Yes,Yes,Yes,Yes,No,No,No,0.0,35.0,0.0,0.0,0.0,0.0,0.0,100.0,0.0,100.0
Chungi Pathar Gaon,291609,252.0,989,208,2,1,1,b,,,,,,1.0,Yes,Yes,Yes,No,No,Yes,No,No,Yes,b,Yes,c,Yes,Yes,c,b,Yes,Yes,b,Yes,Yes,c,c,c,a,Yes,Yes,Yes,Yes,No,No,No,0.0,80.0,0.0,5.5,0.0,0.0,0.0,76.5,0.0,76.5
Lejoni Gaon,291610,85.0,256,53,1,1,b,b,,,,,,0.0,No,No,Yes,No,No,No,No,No,Yes,c,c,c,b,b,c,c,b,Yes,b,Yes,Yes,c,c,c,a,Yes,Yes,b,Yes,No,No,No,0.0,19.0,0.0,5.0,0.0,0.0,0.0,31.0,0.0,31.0
Borbam Gaon No.2,291611,139.0,191,39,2,,1,b,,,1.0,,,0.0,No,Yes,Yes,No,No,No,No,No,Yes,c,Yes,c,b,b,c,b,Yes,Yes,b,Yes,Yes,a,c,b,a,b,Yes,b,Yes,No,No,No,0.0,25.0,25.0,25.0,3.0,0.0,8.0,50.0,0.0,50.0
Basmatia Grant No.2,291612,350.0,1338,279,1,a,a,b,,,,,,1.0,No,No,Yes,No,No,No,No,No,Yes,c,c,c,Yes,Yes,c,c,c,Yes,b,Yes,Yes,c,c,c,a,Yes,Yes,Yes,Yes,No,No,No,0.0,30.0,0.0,10.0,0.0,0.0,0.0,172.0,0.0,172.0
Deobil Gaon,291613,317.0,971,205,1,a,a,b,,,,,,1.0,No,Yes,Yes,No,No,No,No,No,Yes,c,b,c,b,b,b,c,b,Yes,b,Yes,Yes,a,c,a,a,Yes,Yes,Yes,Yes,No,No,No,0.0,70.0,0.0,20.0,0.0,0.0,0.0,130.0,0.0,130.0
Dighalia Hola Gaon,291614,309.0,1288,279,2,b,b,b,,,,,,1.0,Yes,Yes,Yes,No,No,No,No,No,Yes,c,b,c,Yes,Yes,c,c,b,Yes,b,Yes,Yes,a,c,a,a,Yes,Yes,Yes,Yes,No,No,No,0.0,105.0,0.0,37.0,0.0,0.0,0.0,127.0,0.0,127.0
Hati Ali Gaon,291615,158.0,727,144,1,a,b,b,,,,,,0.0,No,Yes,Yes,No,No,No,No,No,Yes,c,b,c,b,b,c,c,b,Yes,b,Yes,Yes,a,c,a,Yes,Yes,Yes,Yes,Yes,No,No,No,0.0,50.0,0.0,16.0,0.0,0.0,58.0,0.0,0.0,0.0
No.1 Naharani,291616,198.0,685,133,1,a,b,b,,,,,,0.0,Yes,Yes,Yes,No,No,No,No,No,Yes,c,a,c,a,b,c,c,c,Yes,b,Yes,Yes,a,c,a,a,Yes,Yes,Yes,Yes,No,No,No,0.0,98.0,0.0,4.0,0.0,0.0,0.0,91.0,0.0,91.0
Hatiali Habi,291617,20.0,161,33,1,a,b,b,,,,,,0.0,No,Yes,Yes,No,No,No,No,No,Yes,c,b,c,a,a,c,c,b,Yes,b,Yes,Yes,b,c,b,a,Yes,Yes,b,Yes,No,No,No,0.0,5.0,5.0,1.0,1.0,0.0,0.0,7.0,7.0,0.0
No.11 Willton Grant,291618,53.0,192,43,1,a,b,b,,,1.0,,,0.0,No,Yes,Yes,No,No,No,No,No,Yes,c,a,c,b,b,b,b,a,Yes,b,Yes,Yes,c,c,c,a,Yes,Yes,b,Yes,No,No,No,0.0,20.0,0.0,5.0,0.0,0.0,0.0,23.0,0.0,23.0
No.10 Willton Grant,291619,74.0,265,55,1,a,b,c,,,1.0,,,0.0,Yes,Yes,No,Yes,No,No,No,No,Yes,c,Yes,c,b,Yes,c,c,Yes,Yes,b,Yes,Yes,c,c,c,a,Yes,Yes,b,Yes,No,No,No,0.0,30.0,0.0,4.0,0.0,0.0,0.0,37.0,0.0,37.0
Naharani No.2,291620,73.0,289,53,1,a,a,b,,,,,,0.0,Yes,No,Yes,No,No,No,No,No,Yes,c,a,c,b,b,b,c,b,Yes,b,Yes,Yes,c,c,c,a,Yes,Yes,b,Yes,No,No,No,0.0,25.0,0.0,10.0,0.0,0.0,0.0,34.0,0.0,34.0
Dharia Gaon,291621,189.0,788,160,1,1,1,c,,,,,,0.0,No,Yes,Yes,No,No,No,No,No,Yes,c,b,c,c,c,c,c,a,Yes,b,Yes,Yes,a,c,a,a,Yes,Yes,Yes,Yes,No,No,No,0.0,79.0,0.0,10.0,0.0,0.0,0.0,90.0,0.0,90.0
Ikarani N.C.,291622,80.0,149,34,2,a,a,c,,,,,,0.0,No,No,Yes,No,No,No,No,No,Yes,c,b,c,b,b,c,c,b,Yes,b,Yes,Yes,b,c,b,a,c,Yes,b,Yes,No,No,No,0.0,20.0,0.0,14.0,0.0,0.0,0.0,30.0,0.0,30.0
Basmatia Grant No.7,291623,49.0,1405,283,2,2,b,c,,,,,,1.0,No,No,Yes,No,No,No,No,No,Yes,c,Yes,c,Yes,Yes,c,c,Yes,Yes,b,Yes,Yes,a,c,a,a,Yes,Yes,Yes,Yes,No,No,No,0.0,20.0,0.0,5.0,0.0,0.0,0.0,20.0,0.0,20.0
Basmatia Grant No.8,291624,360.0,770,155,1,1,a,a,,,,,,0.0,Yes,Yes,Yes,No,No,No,No,No,b,a,c,c,b,b,c,c,c,Yes,b,Yes,Yes,b,c,c,a,Yes,Yes,Yes,Yes,No,No,No,0.0,100.0,100.0,12.0,14.0,0.0,0.0,120.0,0.0,120.0
Ikarani No.1,291625,70.0,395,79,1,b,b,a,,,,,,0.0,Yes,Yes,Yes,No,No,No,No,No,Yes,c,c,c,a,b,b,c,c,Yes,b,Yes,Yes,b,c,b,b,Yes,Yes,b,Yes,No,No,No,0.0,30.0,0.0,0.0,0.0,0.0,0.0,40.0,0.0,40.0
Kathalani Gaon,291626,136.0,676,143,2,1,1,1,,,,,,0.0,Yes,Yes,Yes,No,No,Yes,No,No,Yes,c,Yes,c,a,a,c,c,Yes,Yes,b,Yes,Yes,a,c,a,a,Yes,Yes,Yes,Yes,No,No,No,0.0,36.0,0.0,10.0,0.0,0.0,0.0,53.0,0.0,53.0
Ghutung Bangali,291627,108.0,421,77,1,a,2,c,,,,,,0.0,No,No,Yes,No,No,No,No,No,Yes,c,c,c,c,c,c,c,b,Yes,b,Yes,Yes,b,c,c,Yes,c,Yes,b,Yes,No,No,No,0.0,50.0,0.0,8.0,0.0,0.0,0.0,40.0,0.0,40.0
Ikarani No.2,291628,151.0,32,4,1,a,,,,,,,,0.0,No,Yes,Yes,No,No,No,No,No,b,c,c,c,c,c,c,c,b,c,b,Yes,c,b,c,b,a,c,Yes,b,Yes,No,No,No,0.0,59.0,0.0,10.0,0.0,0.0,71.0,0.0,0.0,0.0
Basmatia No.2,291629,126.0,617,125,1,1,a,b,,,,,,0.0,No,No,Yes,No,No,No,No,No,Yes,c,c,c,b,b,c,c,c,Yes,b,Yes,Yes,c,c,c,Yes,Yes,Yes,Yes,Yes,No,No,No,0.0,26.0,0.0,71.0,0.0,0.0,0.0,29.0,0.0,29.0
Gulai Bam Gaon,291630,141.0,434,72,2,a,a,c,,,,,,0.0,Yes,No,Yes,No,No,No,No,No,Yes,c,c,c,c,c,c,c,c,Yes,c,Yes,Yes,c,c,c,Yes,a,Yes,b,Yes,No,No,No,0.0,41.0,0.0,0.0,0.0,0.0,0.0,90.0,0.0,90.0
Chahari Kata No.2,291631,96.0,391,71,1,b,a,c,,,,,,0.0,No,No,No,Yes,No,No,No,No,c,c,c,c,b,c,c,c,b,Yes,b,Yes,Yes,c,c,c,a,Yes,Yes,b,No,No,No,No,0.0,38.0,0.0,0.0,0.0,0.0,0.0,34.0,0.0,34.0
Chahari Kata No.1,291632,44.0,475,87,1,b,a,c,,,,,,0.0,No,No,No,Yes,No,No,No,No,c,c,c,c,c,b,c,b,c,Yes,c,Yes,Yes,b,c,b,Yes,Yes,Yes,Yes,No,No,No,No,0.0,25.0,0.0,0.0,0.0,0.0,0.0,17.0,0.0,17.0
Kenduguri No.3,291633,145.0,97,21,1,b,a,c,,,,,,0.0,No,Yes,Yes,No,No,No,No,No,Yes,c,c,c,c,c,c,c,c,c,b,Yes,Yes,a,c,a,Yes,c,Yes,b,Yes,No,No,No,0.0,45.0,0.0,0.0,0.0,0.0,0.0,45.0,0.0,45.0
Kenduguri No.2,291634,181.0,33,10,1,b,a,c,,,,,,0.0,No,No,No,Yes,Yes,No,No,No,Yes,c,c,c,c,c,c,c,c,c,b,Yes,c,a,c,a,a,c,Yes,b,Yes,No,No,No,0.0,20.0,40.0,0.0,0.0,0.0,0.0,50.0,0.0,50.0
Kenduguri No.1,291635,86.0,244,60,2,1,b,c,,,,,,0.0,Yes,Yes,No,Yes,No,No,No,No,Yes,c,c,c,c,c,c,b,c,Yes,b,Yes,Yes,b,c,c,Yes,c,Yes,b,Yes,No,No,No,0.0,20.0,0.0,20.0,0.0,0.0,0.0,28.0,0.0,28.0
Dihing Holla No.1,291636,342.0,1375,273,2,2,1,c,,,1.0,,,1.0,No,Yes,Yes,No,No,No,No,No,Yes,c,c,c,Yes,c,c,c,c,Yes,b,Yes,Yes,a,c,a,Yes,Yes,Yes,Yes,Yes,No,No,No,0.0,42.0,0.0,0.0,0.0,0.0,0.0,157.0,0.0,157.0
Bamuni Kuria No.1,291637,160.0,454,93,2,a,a,c,,,,,,0.0,No,No,Yes,No,No,No,No,No,Yes,c,c,c,c,c,c,c,b,Yes,b,Yes,Yes,b,c,b,Yes,Yes,Yes,Yes,Yes,No,No,No,0.0,30.0,0.0,40.0,0.0,0.0,0.0,80.0,0.0,80.0
Dihing Holla Gaon No.2,291638,134.0,407,81,1,1,a,c,,,,,,0.0,Yes,Yes,Yes,No,No,No,No,No,Yes,c,c,c,c,c,c,c,b,Yes,b,Yes,Yes,b,c,b,Yes,c,Yes,c,Yes,No,No,No,0.0,20.0,0.0,30.0,0.0,0.0,4.0,70.0,0.0,70.0
Guian Khati No.2,291639,183.0,689,130,2,a,a,a,,,,,,0.0,No,Yes,Yes,No,No,Yes,No,No,c,c,c,c,c,c,c,c,c,Yes,a,Yes,Yes,b,c,b,a,c,Yes,Yes,No,No,No,No,0.0,30.0,0.0,20.0,0.0,0.0,5.0,103.0,0.0,103.0
Guian Khati No.1,291640,34.0,15,4,a,a,a,b,,,,,,0.0,No,No,Yes,No,No,No,No,No,c,c,c,c,c,c,c,c,c,a,c,Yes,c,a,c,a,Yes,c,b,c,No,No,No,No,0.0,7.0,0.0,0.0,0.0,0.0,2.0,20.0,0.0,20.0
Chakalia Pather Gaon,291641,154.0,541,117,1,1,a,b,,,,,,0.0,No,No,Yes,No,No,No,No,No,Yes,c,Yes,c,b,b,c,b,Yes,Yes,b,Yes,Yes,b,c,b,a,b,Yes,Yes,Yes,No,No,No,0.0,20.0,0.0,0.0,0.0,0.0,5.0,104.0,0.0,104.0
Bamuni Kuria No.2,291642,50.0,340,71,2,1,a,c,,,,,,0.0,Yes,Yes,Yes,No,No,No,No,No,Yes,c,c,c,c,c,c,c,c,Yes,b,Yes,Yes,c,c,c,a,c,Yes,c,Yes,No,No,No,0.0,5.0,0.0,0.0,0.0,0.0,5.0,30.0,0.0,30.0
Pithu Nagar T.E.12 No.Appl,291643,18.0,133,26,1,b,a,b,,,,,,0.0,Yes,No,Yes,No,No,No,No,No,Yes,c,c,c,c,c,c,b,b,Yes,b,Yes,Yes,c,c,c,Yes,b,Yes,c,Yes,No,No,No,0.0,2.0,0.0,0.0,0.0,0.0,0.0,10.0,0.0,10.0
Borbam No.1,291644,312.0,1197,252,2,a,a,b,,,,,,1.0,No,No,Yes,No,No,No,No,No,Yes,c,Yes,c,Yes,Yes,c,c,Yes,Yes,b,Yes,Yes,c,c,c,a,b,Yes,Yes,Yes,No,No,No,0.0,30.0,0.0,72.0,0.0,0.0,200.0,0.0,0.0,0.0
Tikirabali,291645,223.0,471,93,1,1,a,b,,,,,,0.0,No,Yes,Yes,No,No,No,No,No,Yes,c,Yes,b,b,b,c,b,Yes,Yes,a,Yes,Yes,c,c,c,Yes,b,Yes,Yes,Yes,No,No,No,0.0,85.0,0.0,0.0,0.0,0.0,5.0,123.0,0.0,123.0
Tikirabali N.C.,291646,32.0,257,53,a,a,a,b,,,,,,0.0,No,Yes,Yes,No,No,No,No,No,c,c,Yes,c,b,b,c,b,Yes,Yes,a,Yes,Yes,c,c,c,a,b,b,b,Yes,No,No,No,0.0,5.0,0.0,0.0,0.0,0.0,2.0,20.0,0.0,20.0
Hatibandha No.2,291647,26.0,96,20,a,a,a,a,,,,,,0.0,Yes,No,No,Yes,No,No,No,No,Yes,c,b,c,b,b,c,b,b,Yes,b,Yes,Yes,c,c,c,Yes,b,b,b,Yes,No,No,No,0.0,4.0,4.0,0.0,0.0,0.0,2.0,16.0,0.0,16.0
Hatibandha No.1,291648,135.0,182,41,1,a,,b,,,1.0,,,0.0,No,Yes,Yes,No,No,No,No,No,Yes,b,b,b,b,b,c,b,b,Yes,b,Yes,Yes,c,c,c,a,c,Yes,a,Yes,No,No,No,0.0,3.0,0.0,13.0,0.0,2.0,0.0,110.0,0.0,110.0
Ghumtat Gaon,291649,164.0,662,129,2,1,a,a,,,1.0,,,0.0,No,Yes,Yes,No,No,No,No,No,Yes,b,Yes,c,b,b,c,b,Yes,Yes,a,Yes,Yes,c,c,c,a,b,Yes,Yes,Yes,No,No,No,0.0,25.0,0.0,0.0,0.0,0.0,5.0,104.0,0.0,104.0
Na-Khangia Bangali Gaon,291650,153.0,674,128,1,1,1,b,,,,,,0.0,No,Yes,Yes,No,No,Yes,No,No,Yes,b,Yes,c,b,b,c,c,Yes,Yes,b,Yes,Yes,b,c,c,a,b,Yes,Yes,Yes,No,No,No,0.0,20.0,20.0,0.0,5.0,0.0,5.0,98.0,0.0,98.0
Na-Khangia Gaon,291651,163.0,623,132,1,a,a,c,,,1.0,,,0.0,No,No,Yes,No,No,No,No,No,Yes,b,Yes,c,b,Yes,c,b,Yes,Yes,b,Yes,Yes,b,c,c,a,Yes,Yes,Yes,Yes,No,No,No,0.0,8.0,0.0,32.5,0.0,0.0,0.0,42.0,0.0,42.0
Kapahua Gaon,291652,202.0,1129,231,1,a,a,b,,,1.0,,,1.0,Yes,Yes,Yes,No,No,Yes,No,No,Yes,b,Yes,c,b,Yes,c,b,Yes,Yes,b,Yes,Yes,Yes,c,c,Yes,Yes,Yes,Yes,Yes,No,No,No,0.0,20.0,0.0,17.9,0.0,0.0,0.0,79.0,0.0,79.0
Bantana Gaon,291653,87.0,98,23,1,b,b,b,,,,,,0.0,No,No,Yes,No,No,No,No,No,Yes,b,Yes,c,b,b,c,b,Yes,Yes,b,b,Yes,b,c,c,a,b,b,a,Yes,No,No,No,0.0,12.0,0.0,0.0,0.0,0.0,5.0,60.0,0.0,60.0
Bhereki Bam Gaon,291654,18.0,180,35,a,a,b,b,,,,,,0.0,No,Yes,Yes,No,No,No,No,No,Yes,c,Yes,c,b,b,c,b,Yes,Yes,a,Yes,Yes,c,c,c,a,b,b,a,Yes,No,No,No,0.0,5.0,0.0,0.0,0.0,0.0,1.0,10.0,0.0,10.0
Bhaga Muria Gaon,291655,140.0,9,3,1,a,a,a,,,,,,0.0,No,No,Yes,No,No,No,No,No,c,c,Yes,,b,b,c,b,Yes,b,b,Yes,c,b,c,b,a,b,Yes,a,Yes,No,No,No,0.0,20.0,0.0,15.0,0.0,0.0,5.0,90.0,0.0,90.0
Dihing Kinar Bangali No.1,291656,136.0,193,36,1,a,a,b,,,,,,0.0,No,No,Yes,No,No,No,No,No,Yes,b,Yes,c,b,b,c,b,Yes,Yes,a,Yes,Yes,a,c,b,Yes,b,Yes,a,Yes,No,No,No,0.0,20.0,0.0,6.0,0.0,0.0,0.0,110.0,0.0,110.0
Dihing Kinar Bangali No.2,291657,136.0,71,14,a,a,a,b,,,,,,0.0,Yes,No,Yes,No,No,No,No,No,b,b,Yes,c,b,b,c,b,Yes,Yes,a,Yes,Yes,b,c,b,a,a,b,a,Yes,No,No,No,0.0,20.0,0.0,6.0,0.0,0.0,0.0,110.0,0.0,110.0
Pandhua Gaon,291658,174.0,14,3,1,a,a,b,,,,,,0.0,No,No,Yes,No,No,No,No,No,Yes,a,a,a,c,b,c,b,a,b,b,Yes,c,b,c,b,Yes,a,Yes,a,Yes,No,No,No,0.0,23.0,0.0,151.0,0.0,0.0,0.0,0.0,0.0,0.0
Chowdang Gaon,291659,224.0,1941,407,2,2,1,b,,,1.0,,,1.0,Yes,Yes,Yes,No,No,Yes,No,No,Yes,a,Yes,a,Yes,Yes,c,a,Yes,Yes,Yes,Yes,Yes,b,c,b,a,Yes,Yes,Yes,Yes,No,No,No,0.0,42.0,0.0,6.2,0.0,0.0,0.0,90.0,0.0,90.0
Phukan Bari T.E.No.25,291660,81.0,542,114,1,b,b,b,,,,,,0.0,No,Yes,Yes,No,No,No,No,No,b,b,Yes,c,b,b,c,b,Yes,Yes,b,Yes,Yes,a,c,b,Yes,b,Yes,Yes,Yes,No,No,No,0.0,5.0,0.0,0.0,0.0,0.0,0.0,11.0,0.0,11.0
Bhakalajan Gaon,291661,7.5,137,32,a,a,a,b,,,,,,0.0,No,Yes,Yes,No,No,No,No,No,Yes,c,Yes,c,b,b,c,Yes,Yes,Yes,b,Yes,Yes,a,c,a,a,b,b,a,Yes,No,No,No,0.0,0.0,6.5,0.0,0.0,0.0,0.3,0.7,0.0,0.7
Tingrai Dom Gaon,291662,112.8,509,83,1,a,a,b,,,,,,0.0,Yes,No,Yes,No,No,No,No,No,Yes,c,a,c,b,b,c,a,a,Yes,a,Yes,Yes,a,c,b,Yes,b,Yes,Yes,Yes,No,No,No,0.0,42.1,10.2,0.0,15.2,0.0,0.0,45.3,0.0,45.3
Tingrai Nepali No.2,291663,57.6,520,103,1,1,1,b,,,,,,0.0,Yes,No,Yes,No,No,No,No,No,Yes,c,Yes,b,b,b,c,a,Yes,Yes,b,Yes,Yes,a,c,a,Yes,b,b,Yes,Yes,No,No,No,0.0,8.7,0.0,0.0,0.0,0.0,0.7,48.1,0.0,48.1
Tingrai Nepali No.1,291664,127.7,974,201,2,2,2,b,,,,,,1.0,Yes,Yes,Yes,No,No,No,No,No,Yes,b,Yes,c,b,b,c,Yes,Yes,Yes,b,Yes,Yes,a,c,a,Yes,b,Yes,Yes,Yes,No,No,No,0.0,30.9,0.0,0.0,4.0,0.0,0.0,92.8,0.0,92.8
Ronga Gora Nepali,291665,17.7,21,5,a,a,a,c,,,,,,0.0,No,No,Yes,No,No,No,No,No,a,c,a,c,c,c,c,a,a,a,a,Yes,c,a,c,a,Yes,c,b,a,Yes,No,No,No,0.0,0.0,6.8,0.0,0.0,0.0,0.4,10.6,0.0,10.6
Dihing Erasuti N.C.,291666,29.6,121,20,a,a,a,c,,,,,,0.0,No,No,Yes,No,No,No,No,No,a,c,a,c,a,a,c,a,a,Yes,b,Yes,Yes,a,c,a,Yes,c,a,a,Yes,No,No,No,0.0,3.0,0.4,0.0,0.0,0.0,0.0,26.1,0.0,26.1
Dihing Erasuti,291667,118.2,522,106,2,1,a,b,,,,,,0.0,Yes,No,Yes,No,No,No,No,No,Yes,b,Yes,c,b,b,c,a,Yes,Yes,a,Yes,Yes,b,c,b,Yes,c,Yes,Yes,Yes,No,No,No,0.0,13.0,13.1,0.0,0.0,2.0,0.0,90.0,0.0,90.0
Panch Suti Barbali,291668,70.4,361,79,1,1,a,c,,,,,,0.0,No,No,No,Yes,No,No,No,No,Yes,b,a,c,b,b,c,a,a,Yes,a,Yes,Yes,b,c,b,Yes,b,Yes,a,Yes,No,No,No,0.0,22.4,0.0,0.0,1.4,0.0,0.0,46.7,0.0,46.7
Chetia Pather No.1,291669,35.3,138,29,a,b,b,c,,,,,,0.0,No,No,Yes,No,No,No,No,No,Yes,c,Yes,c,c,c,c,Yes,Yes,Yes,b,Yes,Yes,a,c,a,Yes,c,a,a,Yes,No,No,No,0.0,8.0,0.0,0.0,0.0,0.0,0.0,26.8,0.0,26.8
Bosajan,291670,43.4,347,73,1,a,a,a,,,,,,0.0,Yes,No,Yes,No,No,No,No,No,Yes,c,Yes,c,c,c,c,Yes,Yes,Yes,b,Yes,Yes,a,c,a,Yes,c,Yes,a,Yes,No,No,No,0.0,9.2,0.0,0.0,0.8,0.0,0.0,33.5,0.0,33.5
Panch Suti Gaon,291671,262.0,441,90,1,a,a,a,,,,,,1.0,Yes,No,No,Yes,Yes,No,No,No,Yes,b,a,b,a,Yes,c,b,a,Yes,b,Yes,Yes,b,c,b,a,Yes,Yes,a,Yes,No,No,No,0.0,82.0,14.0,52.0,0.0,0.0,0.0,102.0,0.0,102.0
Chirika Beel,291672,42.0,367,71,1,a,a,a,,,,,,0.0,Yes,Yes,Yes,Yes,No,No,No,No,Yes,b,Yes,b,Yes,Yes,c,c,Yes,Yes,b,Yes,Yes,b,b,b,a,Yes,Yes,a,Yes,No,No,No,0.0,12.0,0.0,9.0,0.0,0.0,0.0,15.0,0.0,15.0
Mohmari Gaon No.1,291673,426.0,1498,297,5,2,1,1,,,,,,1.0,Yes,Yes,Yes,Yes,No,Yes,No,No,Yes,c,a,c,Yes,Yes,c,c,a,Yes,b,Yes,Yes,b,c,b,Yes,Yes,Yes,Yes,Yes,No,No,No,0.0,112.0,28.0,86.0,0.0,0.0,0.0,176.0,0.0,176.0
Merbell Pather,291674,77.0,88,16,a,a,a,a,,,,,,0.0,No,No,Yes,Yes,No,No,No,No,Yes,c,a,c,b,a,c,c,c,a,b,Yes,Yes,b,b,b,Yes,Yes,a,a,Yes,No,No,No,0.0,8.0,0.0,6.0,0.0,0.0,0.0,51.0,0.0,51.0
Merbil Pabhajan,291675,96.0,785,158,1,a,a,a,,,1.0,,,1.0,Yes,No,Yes,Yes,No,No,No,No,Yes,b,Yes,b,a,Yes,c,c,Yes,Yes,b,Yes,Yes,b,b,b,Yes,Yes,Yes,Yes,Yes,No,No,No,0.0,23.0,0.0,14.0,0.0,0.0,0.0,45.0,0.0,45.0
Merbil Majuli No.2,291676,142.0,490,103,2,1,1,,,,,,,0.0,Yes,Yes,Yes,Yes,No,No,No,No,Yes,b,a,b,a,Yes,c,c,b,Yes,b,Yes,Yes,b,b,b,Yes,Yes,Yes,Yes,Yes,No,No,No,0.0,42.0,8.0,20.0,0.0,0.0,0.0,68.0,0.0,68.0
Mohmari Gaon No.2,291677,240.0,1059,215,2,1,1,a,,,,,,1.0,Yes,No,Yes,Yes,Yes,No,No,No,Yes,b,Yes,b,Yes,Yes,c,b,a,Yes,b,Yes,Yes,b,b,b,Yes,Yes,Yes,Yes,Yes,No,No,Yes,0.0,76.0,16.0,44.0,0.0,0.0,0.0,90.0,0.0,90.0
Merbil Majuli No.1,291678,180.0,342,73,2,,1,a,,,1.0,,,0.0,Yes,No,Yes,Yes,No,Yes,No,No,Yes,b,a,b,a,Yes,c,b,a,Yes,b,Yes,Yes,b,b,b,a,Yes,Yes,a,Yes,No,No,No,0.0,46.0,14.0,24.0,0.0,0.0,0.0,90.0,0.0,90.0
Jagun Pather No.2,291679,83.0,317,69,1,1,a,b,,,,,,0.0,No,Yes,Yes,No,No,No,No,No,Yes,b,a,b,Yes,Yes,c,c,a,Yes,b,Yes,Yes,a,b,b,Yes,Yes,Yes,a,Yes,No,No,No,0.0,28.0,2.0,13.0,0.0,0.0,0.0,34.0,0.0,34.0
Jagun Pather No.1,291680,72.0,416,98,1,a,a,a,,,,,,0.0,Yes,Yes,Yes,No,No,No,No,No,b,b,Yes,Yes,Yes,a,c,Yes,Yes,Yes,b,Yes,Yes,a,b,b,a,Yes,Yes,a,Yes,No,No,No,0.0,30.0,0.0,12.0,0.0,0.0,0.0,25.0,0.0,25.0
Tipling Purana Ghat,291681,24.0,705,148,1,1,a,a,,,,,,0.0,Yes,No,Yes,No,No,No,No,No,Yes,a,Yes,a,Yes,Yes,c,b,Yes,Yes,b,Yes,Yes,a,a,b,Yes,Yes,Yes,Yes,Yes,No,No,No,0.0,6.0,0.0,0.0,0.0,0.0,0.0,13.0,0.0,13.0
Naharkatia Na Gaon,291682,82.0,625,131,1,1,a,a,,,,,,0.0,Yes,No,Yes,No,No,No,No,No,a,a,Yes,a,b,b,c,b,Yes,Yes,b,Yes,Yes,b,b,b,a,Yes,Yes,Yes,Yes,No,No,No,22.0,0.0,0.0,20.0,0.0,0.0,0.0,40.0,0.0,40.0
Naharkatia Bamun Gaon,291683,246.0,1678,343,1,2,a,a,,,1.0,,,1.0,No,No,Yes,Yes,Yes,No,No,No,Yes,b,Yes,a,b,Yes,c,b,Yes,Yes,Yes,Yes,Yes,a,b,b,Yes,Yes,Yes,Yes,Yes,No,No,No,0.0,52.0,0.0,4.0,0.0,0.0,0.0,145.0,0.0,145.0
Naharkatia Kaibatra,291684,92.0,858,175,1,1,c,c,,,,,,0.0,No,No,Yes,No,No,No,No,No,a,a,Yes,a,b,a,c,b,Yes,Yes,b,Yes,Yes,b,a,c,Yes,Yes,Yes,Yes,Yes,No,No,No,0.0,20.0,0.0,0.0,0.0,0.0,0.0,57.0,0.0,57.0
Digboi Mukh,291685,90.0,1425,277,1,a,a,a,,,1.0,,,1.0,Yes,Yes,Yes,No,Yes,No,No,No,Yes,a,Yes,b,Yes,Yes,c,b,Yes,Yes,b,Yes,Yes,a,a,b,Yes,Yes,Yes,Yes,Yes,No,No,No,0.0,10.0,0.0,10.0,0.0,0.0,0.0,58.0,0.0,58.0
Jagunpam Gaon,291686,77.0,581,104,1,1,b,b,,,,,,0.0,No,Yes,Yes,No,No,No,No,No,b,b,Yes,b,b,Yes,c,b,Yes,Yes,b,Yes,Yes,b,b,b,Yes,Yes,Yes,Yes,Yes,Yes,No,No,0.0,22.0,0.0,0.0,0.0,0.0,0.0,38.0,0.0,38.0
Santi T.E. 78 Appl,291687,222.0,1046,208,1,a,c,c,,,,,,1.0,Yes,Yes,Yes,No,No,No,No,No,Yes,c,Yes,c,Yes,Yes,c,c,Yes,Yes,b,Yes,Yes,a,b,c,Yes,Yes,Yes,Yes,Yes,No,No,No,0.0,35.0,0.0,2.0,0.0,0.0,0.0,85.0,0.0,85.0
Chapatali No.2,291688,380.0,3067,660,1,a,a,b,,,,,,1.0,Yes,Yes,Yes,No,No,Yes,No,No,Yes,b,Yes,b,Yes,Yes,b,c,Yes,Yes,Yes,Yes,Yes,b,b,a,a,Yes,Yes,Yes,Yes,No,No,No,0.0,195.0,0.0,15.0,0.0,0.0,0.0,70.0,0.0,70.0
Chapatali No.4,291689,107.0,1123,248,1,2,1,c,,,,,,1.0,Yes,Yes,Yes,No,No,No,No,No,Yes,b,Yes,b,Yes,Yes,b,c,Yes,Yes,b,Yes,Yes,a,b,a,Yes,Yes,Yes,Yes,Yes,Yes,No,No,0.0,25.0,0.0,2.0,0.0,0.0,0.0,40.0,0.0,40.0
Erapather,291690,58.0,481,95,1,1,1,c,,,1.0,,,0.0,Yes,Yes,Yes,Yes,No,No,No,No,a,c,c,c,a,a,c,b,b,Yes,b,Yes,Yes,a,a,b,Yes,c,Yes,Yes,Yes,No,No,No,0.0,28.0,0.0,2.0,0.0,0.0,0.0,15.0,0.0,15.0
Bhadai Nagar,291691,158.0,604,128,1,1,1,c,,,,,,0.0,Yes,Yes,Yes,Yes,No,No,No,No,Yes,c,Yes,c,a,a,c,a,Yes,Yes,b,Yes,Yes,b,a,b,Yes,Yes,Yes,Yes,Yes,No,No,No,0.0,55.0,0.0,3.0,0.0,0.0,0.0,50.0,0.0,50.0
Chapatali No.1,291692,129.0,294,64,1,1,a,c,,,,,,0.0,Yes,No,Yes,No,No,No,No,No,Yes,b,Yes,b,b,Yes,b,c,Yes,Yes,b,Yes,Yes,b,c,c,Yes,Yes,Yes,a,Yes,No,No,No,0.0,29.0,0.0,4.0,0.0,0.0,0.0,46.0,0.0,46.0
Chapatali Na-Gaon,291693,129.0,732,165,1,1,1,c,,,,,,0.0,No,Yes,Yes,No,No,No,No,No,Yes,b,Yes,b,Yes,Yes,b,c,Yes,Yes,b,Yes,Yes,c,a,c,a,Yes,Yes,Yes,Yes,No,No,No,0.0,19.0,0.0,6.0,0.0,0.0,0.0,56.0,0.0,56.0
Digboi Pather,291694,56.0,108,20,1,a,a,c,,,1.0,,,0.0,Yes,No,No,Yes,No,Yes,No,No,Yes,b,Yes,c,b,Yes,c,c,Yes,Yes,b,Yes,Yes,b,c,c,Yes,c,Yes,a,Yes,No,No,No,0.0,40.0,0.0,6.0,0.0,0.0,0.0,10.0,0.0,10.0
Chapatali No.3,291695,317.0,1910,409,1,2,c,c,,,,,,1.0,Yes,Yes,Yes,No,No,No,No,No,Yes,b,Yes,b,Yes,Yes,b,c,Yes,Yes,Yes,Yes,Yes,b,b,c,Yes,Yes,Yes,Yes,Yes,No,No,No,0.0,190.0,0.0,20.0,0.0,0.0,0.0,60.0,0.0,60.0
Gelipung,291696,132.0,413,82,1,1,c,c,,,,,,0.0,Yes,Yes,Yes,Yes,No,Yes,No,No,Yes,b,Yes,,b,b,b,c,Yes,Yes,b,Yes,Yes,b,c,c,Yes,Yes,Yes,a,Yes,No,No,No,0.0,30.0,0.0,8.0,0.0,0.0,0.0,70.0,0.0,70.0
Fekelajan,291697,28.0,111,23,1,a,c,c,,,,,,0.0,Yes,Yes,No,Yes,No,No,No,No,Yes,b,Yes,b,b,b,b,Yes,Yes,Yes,b,Yes,Yes,b,c,c,a,c,Yes,a,Yes,No,No,No,0.0,10.0,0.0,2.0,11.0,0.0,0.0,5.0,0.0,5.0
Fekela Bangali,291698,70.0,206,43,1,a,c,c,,,,,,0.0,No,Yes,No,Yes,No,No,No,No,Yes,c,Yes,c,b,Yes,Yes,c,Yes,Yes,b,Yes,Yes,b,c,c,a,Yes,Yes,a,Yes,No,No,No,0.0,20.0,0.0,4.0,0.0,0.0,44.0,0.0,0.0,0.0
Chapatali Bangali,291699,66.0,406,86,1,1,c,c,,,,,,0.0,No,Yes,No,Yes,No,No,No,No,Yes,c,Yes,c,a,a,b,c,Yes,Yes,b,Yes,Yes,a,c,c,a,c,Yes,a,Yes,No,No,No,0.0,22.0,0.0,4.0,0.0,0.0,0.0,26.0,0.0,26.0
Telpani R/V,291700,77.6,480,92,1,a,c,b,,,,,,0.0,No,No,Yes,No,No,No,No,No,b,c,b,,b,b,Yes,b,b,Yes,b,Yes,Yes,c,c,c,a,c,Yes,Yes,Yes,No,No,No,0.0,2.0,0.0,0.0,2.0,0.0,0.0,73.6,0.0,73.6
Charai Pung F/V,291701,65.6,473,93,1,1,c,c,,,,,,0.0,Yes,Yes,Yes,Yes,No,No,No,No,Yes,c,Yes,c,b,b,b,c,Yes,Yes,b,Yes,Yes,b,c,c,Yes,c,Yes,Yes,Yes,No,No,No,0.0,0.3,0.0,0.0,0.7,0.0,0.0,64.5,0.0,64.5
Telpani Ban Gaon R/F,291702,113.8,705,136,1,a,c,c,,,,,,0.0,No,Yes,Yes,No,No,No,No,No,Yes,c,Yes,c,b,Yes,b,a,Yes,Yes,b,Yes,Yes,b,c,c,a,c,Yes,Yes,Yes,No,No,No,110.0,3.8,0.0,0.0,0.0,0.0,0.0,0.0,0.0,0.0
Moina Gaon No.1,291705,51.1,75,16,1,a,b,b,,,,,,0.0,No,No,No,Yes,No,No,No,No,c,c,b,c,a,a,b,a,b,c,a,Yes,Yes,b,c,c,Yes,c,Yes,a,No,No,No,No,0.0,1.5,2.2,0.0,8.0,0.0,0.5,36.7,0.0,36.7
Moina Gaon No.2,291706,214.2,82,16,1,a,b,b,,,,,,0.0,No,No,No,Yes,Yes,No,No,No,c,c,b,b,b,b,b,a,b,b,b,Yes,Yes,b,c,c,Yes,c,Yes,a,No,No,No,No,0.0,15.4,86.0,0.0,0.0,0.0,0.2,110.3,0.0,110.3
Chetia Gaon,291708,77.6,310,66,1,a,a,b,,,,,,0.0,Yes,No,No,Yes,No,Yes,No,No,Yes,c,b,c,b,a,b,a,b,Yes,a,Yes,Yes,b,c,c,Yes,c,Yes,a,Yes,No,No,No,0.0,17.6,1.1,0.0,0.3,0.0,0.4,55.8,0.0,55.8
Konwar Gaon No.1,291709,114.2,566,116,1,a,a,b,,,,,,0.0,No,No,Yes,Yes,No,Yes,No,No,c,c,b,c,b,a,b,a,b,Yes,b,Yes,Yes,b,c,c,a,c,Yes,Yes,Yes,No,No,No,0.0,20.4,0.8,0.0,0.0,0.0,0.0,90.5,0.0,90.5
Moina Block N.C.,291710,112.0,40,9,a,a,a,b,,,,,,0.0,No,Yes,No,Yes,Yes,No,No,No,c,c,b,c,b,a,b,a,b,b,a,Yes,c,a,c,c,Yes,c,a,a,No,No,No,No,0.0,2.3,12.3,0.0,0.0,0.0,0.7,94.5,0.0,94.5
Ahom Gaon,291711,152.2,6,2,a,a,a,b,,,,,,0.0,No,No,No,Yes,Yes,No,No,No,c,c,b,c,b,a,b,a,b,b,a,a,Yes,b,c,c,a,c,a,a,No,No,No,No,0.0,35.0,30.8,0.0,15.1,0.0,6.0,45.2,0.0,45.2
Dalanikur Gaon (Dalanikur Kuma,291712,33.0,33,8,1,a,b,b,,,,,,0.0,No,No,No,Yes,No,No,No,No,c,b,b,c,b,b,b,b,b,a,b,Yes,c,a,c,c,a,c,Yes,a,No,No,No,No,0.0,7.0,6.5,0.0,0.3,0.0,1.0,15.8,0.0,15.8
Dalanikur Kumar Gaon,291713,37.3,347,68,1,a,a,b,,,,,,0.0,Yes,No,No,Yes,Yes,Yes,No,No,c,c,b,c,b,b,c,a,c,Yes,a,Yes,Yes,a,c,a,Yes,c,Yes,a,Yes,No,No,No,0.0,14.2,14.8,0.0,0.0,0.0,0.0,6.8,0.0,6.8
Borbil Gergeri Gaon,291714,61.0,381,78,1,a,a,a,,,,,,0.0,No,No,No,Yes,No,No,No,No,Yes,a,a,a,a,a,a,a,a,Yes,a,Yes,Yes,a,b,a,a,b,Yes,a,Yes,No,No,No,0.0,28.1,4.7,0.0,3.2,1.4,0.0,15.1,0.0,15.1
Borbil Khaliamari Gaon,291715,29.0,410,90,2,,b,b,,,,,,0.0,Yes,No,Yes,Yes,No,No,No,No,Yes,c,b,c,b,b,b,b,b,Yes,b,Yes,Yes,a,b,b,Yes,a,Yes,a,Yes,No,No,No,0.0,0.0,0.0,0.0,0.0,0.0,0.0,29.0,0.0,29.0
Garoimari Gaon,291716,21.3,1110,236,1,2,a,a,,,,,,1.0,Yes,No,Yes,Yes,Yes,Yes,No,No,Yes,a,Yes,b,b,b,b,b,Yes,Yes,b,Yes,Yes,b,b,b,Yes,Yes,Yes,Yes,Yes,No,No,No,0.0,2.0,2.2,0.0,0.3,0.0,1.2,12.4,0.0,12.4
Borbil Block (Borbil Gaon),291717,133.5,33,8,a,a,a,a,,,,,,0.0,Yes,Yes,Yes,Yes,Yes,Yes,No,No,Yes,a,a,b,b,b,a,a,a,a,a,Yes,c,a,c,b,Yes,a,a,a,Yes,No,No,No,0.0,11.5,8.1,0.0,1.6,0.0,0.0,109.8,0.0,109.8
Borbil Block Gaon,291718,133.7,132,27,a,a,a,a,,,,,,0.0,No,No,Yes,Yes,Yes,Yes,No,No,Yes,a,a,b,b,b,a,a,b,Yes,a,Yes,Yes,a,c,c,Yes,a,a,a,Yes,No,No,No,0.0,9.6,6.0,0.0,0.6,0.0,1.2,113.2,0.0,113.2
Khowang Sonowal Bongali Gaon,291719,237.9,1828,380,1,2,1,1,,1.0,1.0,1.0,1.0,1.0,Yes,Yes,Yes,Yes,Yes,Yes,No,No,Yes,Yes,Yes,b,Yes,Yes,Yes,Yes,c,Yes,Yes,Yes,Yes,Yes,b,b,Yes,Yes,Yes,Yes,Yes,No,No,No,0.0,18.0,12.6,0.0,3.5,0.0,26.2,155.5,0.0,155.5
Athabari Gaon,291720,101.1,1198,260,1,2,1,b,,,,,,1.0,Yes,Yes,Yes,Yes,No,No,No,No,c,c,Yes,c,a,Yes,a,a,a,Yes,b,Yes,Yes,a,c,b,Yes,b,Yes,Yes,Yes,No,No,No,0.0,11.8,3.8,0.0,1.8,1.0,1.1,70.5,0.0,70.5
Niz Khowang,291721,151.1,2004,427,2,2,1,1,,,,,,1.0,Yes,Yes,Yes,Yes,No,Yes,No,No,Yes,c,Yes,c,a,a,Yes,Yes,Yes,Yes,Yes,Yes,Yes,a,c,c,Yes,Yes,Yes,Yes,Yes,No,No,No,0.0,15.6,0.0,0.0,0.4,0.0,0.9,129.9,0.0,129.9
Padumoni Na-Gaon,291722,153.8,245,53,a,a,a,a,,,,,,0.0,No,No,Yes,Yes,No,Yes,No,No,Yes,c,Yes,c,a,a,Yes,Yes,Yes,Yes,b,Yes,Yes,a,c,c,a,c,a,a,Yes,No,No,No,0.0,21.2,6.6,60.3,0.1,0.0,2.7,58.3,0.0,58.3
Niz Khowang Domar Hula,291723,83.1,102,24,a,a,a,a,,,,,,0.0,No,No,Yes,No,No,Yes,No,No,Yes,c,Yes,c,a,a,a,a,Yes,Yes,a,a,Yes,b,c,b,Yes,c,a,a,Yes,No,No,No,0.0,13.1,16.9,0.0,0.0,0.0,0.0,51.0,0.0,51.0
Chenimari Gaon,291724,193.9,1076,210,2,a,a,a,,,,,,1.0,Yes,No,Yes,Yes,No,Yes,No,No,Yes,c,Yes,c,a,a,Yes,Yes,Yes,Yes,b,Yes,Yes,b,c,b,Yes,c,Yes,Yes,Yes,No,No,No,0.0,33.9,23.0,93.3,0.1,0.0,0.2,38.3,0.0,38.3
Halmari Nlr Grant No.330,291726,278.6,488,104,1,a,a,b,,,,,,0.0,No,Yes,Yes,No,No,No,No,No,Yes,c,a,a,a,a,a,a,a,Yes,b,Yes,Yes,c,c,c,Yes,Yes,Yes,Yes,Yes,No,No,No,0.0,27.6,1.0,0.0,1.4,2.1,0.0,82.5,0.0,82.5
Kolowlowa Deori Gaon,291728,193.0,877,153,2,1,1,b,,,,,,0.0,No,No,Yes,Yes,Yes,No,No,No,Yes,c,a,c,Yes,Yes,a,c,a,Yes,a,Yes,Yes,c,c,c,Yes,c,Yes,Yes,Yes,No,No,No,0.0,18.0,11.1,0.0,1.5,2.6,0.0,157.6,0.0,157.6
No.2 Burikhowang (No.2 Khowang,291729,127.9,434,82,1,1,b,b,,,1.0,,,0.0,No,Yes,Yes,Yes,No,No,No,No,Yes,c,Yes,a,a,a,a,b,Yes,Yes,b,Yes,Yes,c,c,c,a,Yes,Yes,a,Yes,No,No,No,0.0,18.0,0.0,0.0,0.0,0.0,0.0,89.1,0.0,89.1
Niz Khowang Betoni,291730,118.9,526,100,1,a,a,a,,,,,,0.0,Yes,Yes,Yes,Yes,No,Yes,No,No,Yes,b,Yes,b,a,a,Yes,Yes,Yes,Yes,b,Yes,Yes,c,b,c,a,b,Yes,Yes,Yes,No,No,No,0.0,16.4,1.0,0.0,0.1,0.0,1.3,93.9,0.0,93.9
No.1 Burikhowang,291731,126.4,521,104,1,a,a,a,,,,,,0.0,No,No,No,Yes,No,Yes,No,No,Yes,b,Yes,b,a,a,Yes,Yes,Yes,Yes,b,Yes,Yes,c,b,c,a,b,Yes,Yes,Yes,No,No,No,0.0,28.4,0.0,0.0,0.1,0.0,3.1,89.7,0.0,89.7
No.3 Burikhowang,291732,302.8,877,178,1,1,a,a,,,,,,0.0,No,Yes,Yes,Yes,Yes,No,No,No,Yes,c,Yes,a,a,a,a,b,Yes,Yes,b,Yes,Yes,c,c,c,Yes,c,Yes,Yes,Yes,No,No,No,0.0,38.8,4.5,0.0,3.3,0.0,0.0,120.2,0.0,120.2
No.2 Rowmari,291733,66.2,115,24,a,a,a,c,,,,,,0.0,No,No,Yes,Yes,No,No,No,No,Yes,c,b,c,b,Yes,b,c,b,Yes,b,Yes,Yes,c,c,c,Yes,b,a,a,Yes,No,No,No,0.0,6.2,0.0,0.0,0.0,0.0,0.3,50.3,0.0,50.3
No.1 Rowmari,291734,87.0,177,35,1,a,a,c,,,,,,0.0,No,Yes,Yes,Yes,No,No,No,No,Yes,c,b,c,b,Yes,b,c,b,Yes,b,Yes,Yes,c,c,c,a,c,Yes,a,Yes,No,No,No,0.0,4.3,0.0,0.0,0.1,0.0,0.5,79.7,0.0,79.7
Kolowlowa Gaon,291735,143.0,707,136,1,1,a,c,,,1.0,,,0.0,No,No,Yes,Yes,No,No,No,No,Yes,c,a,c,Yes,Yes,a,c,a,Yes,b,Yes,Yes,b,c,b,Yes,c,Yes,Yes,Yes,No,No,No,0.0,11.2,9.8,0.0,1.0,3.3,0.0,105.1,0.0,105.1
Mowamora Gaon No.1,291737,497.0,118,24,2,a,a,c,,,,,,0.0,No,No,Yes,Yes,No,No,No,No,Yes,c,b,c,c,Yes,b,c,b,Yes,b,Yes,Yes,c,c,c,a,c,Yes,a,Yes,No,No,No,0.0,26.7,24.3,92.7,0.1,0.0,3.1,347.4,0.0,347.4
Mowamora Gaon No.2,291738,74.8,455,89,1,a,a,c,,,,,,0.0,No,No,Yes,No,No,No,No,No,c,c,b,c,Yes,Yes,b,c,b,Yes,b,Yes,Yes,c,c,c,a,c,a,Yes,Yes,No,No,No,0.0,7.4,0.5,43.5,0.0,0.0,0.1,22.9,0.0,22.9
Charaihabi Gaon No.1,291739,105.0,389,77,1,a,a,b,,,,,,0.0,Yes,No,Yes,Yes,No,Yes,No,No,Yes,c,b,c,b,b,b,c,b,Yes,a,Yes,Yes,a,c,c,a,c,Yes,a,Yes,No,No,No,0.0,11.0,7.0,0.0,1.1,0.7,0.0,81.7,0.0,81.7
Charaihabi Gaon No.3,291740,105.0,117,20,1,a,,c,,,1.0,,,0.0,No,No,Yes,Yes,No,No,No,No,Yes,c,Yes,c,b,Yes,b,c,Yes,Yes,a,Yes,Yes,b,c,c,Yes,Yes,Yes,a,Yes,No,No,No,0.0,11.0,7.0,0.0,1.1,0.7,0.0,81.7,0.0,81.7
No.2 Charaihabi,291741,159.7,736,140,1,a,a,b,,,,,,0.0,No,Yes,Yes,Yes,No,No,No,No,c,c,Yes,,b,b,Yes,b,Yes,Yes,b,Yes,Yes,a,c,c,a,c,Yes,Yes,Yes,No,No,No,0.0,17.0,11.0,0.0,1.3,4.1,1.1,106.2,0.0,106.2
Rowmari No.3,291742,49.6,104,20,1,a,,c,,,1.0,,,0.0,No,No,Yes,Yes,No,No,No,No,Yes,c,b,c,b,Yes,b,c,b,Yes,b,Yes,Yes,a,c,c,Yes,c,Yes,b,Yes,No,No,No,0.0,7.8,4.4,0.0,0.0,1.3,0.0,32.8,0.0,32.8
Garmara Hatigarh,291743,120.0,670,134,1,a,a,c,,,1.0,,,0.0,No,Yes,No,Yes,No,No,No,No,Yes,c,b,c,Yes,Yes,b,c,b,Yes,a,Yes,Yes,a,c,c,Yes,c,Yes,Yes,Yes,No,No,No,0.0,19.0,12.2,0.0,2.0,3.3,1.2,49.1,0.0,49.1
Bharalibari No.1,291744,202.4,1052,199,1,2,b,b,,,1.0,,,1.0,No,No,Yes,Yes,No,Yes,No,No,b,c,b,c,Yes,b,b,b,b,Yes,b,Yes,Yes,a,c,c,Yes,c,Yes,Yes,Yes,No,No,No,0.0,15.0,14.6,0.0,0.0,0.0,2.2,166.6,0.0,166.6
Bharalibari No.2,291745,207.0,250,53,1,1,c,c,,,,,,0.0,Yes,No,Yes,Yes,No,No,No,No,b,c,b,c,b,b,b,b,b,Yes,b,Yes,Yes,c,c,c,a,c,Yes,a,Yes,No,No,No,0.0,12.0,14.6,0.0,1.3,0.0,2.0,172.7,0.0,172.7
Bharalibari No.3,291746,233.0,81,19,1,a,b,b,,,,,,0.0,No,No,Yes,Yes,Yes,No,No,No,b,c,b,c,c,b,b,b,b,b,b,Yes,Yes,b,c,c,a,c,Yes,a,Yes,No,No,No,0.0,8.0,13.4,0.0,0.0,5.6,0.0,198.8,0.0,198.8
Ramani Bharali,291747,95.0,61,10,1,a,c,c,,,,,,0.0,No,No,No,Yes,No,Yes,No,No,c,c,c,c,c,c,c,b,c,c,c,Yes,Yes,b,c,c,a,c,Yes,a,Yes,No,No,No,0.0,6.6,5.6,0.0,0.3,0.0,1.4,78.0,0.0,78.0
Erameslow No.1,291748,73.0,188,36,1,a,c,c,,,,,,0.0,No,No,Yes,Yes,No,Yes,No,No,c,c,c,c,c,c,c,c,c,Yes,c,Yes,Yes,a,c,c,a,c,Yes,a,Yes,No,No,No,0.0,7.7,5.6,0.0,1.5,0.0,2.0,52.0,0.0,52.0
Lachan Gayan Miri Gaon,291749,34.0,322,51,1,a,c,c,,,,,,0.0,No,No,Yes,Yes,No,No,No,No,c,c,c,c,c,c,c,c,c,Yes,c,Yes,Yes,c,c,c,a,c,Yes,a,Yes,No,No,No,0.0,2.4,1.9,0.0,0.3,0.0,0.9,26.8,0.0,26.8
Chaharikata No.3,291750,138.0,13,3,a,a,c,c,,,,,,0.0,No,No,No,Yes,No,No,No,No,c,c,c,c,c,c,c,c,c,a,a,Yes,c,b,c,c,a,c,a,a,Yes,No,No,No,0.0,9.9,8.2,0.0,0.3,0.0,2.6,112.0,0.0,112.0
Chaharikata N.C. Block - 3,291751,137.0,173,38,1,a,c,c,,,,,,0.0,No,No,No,Yes,No,No,No,No,c,c,c,c,c,c,c,c,c,Yes,c,Yes,Yes,b,c,c,a,c,Yes,a,No,No,No,No,0.0,9.9,8.2,0.0,0.3,0.0,2.6,112.0,0.0,112.0
Lachan Gayan Miri N.C.,291752,6.0,195,33,a,a,b,b,,,,,,0.0,No,No,Yes,Yes,No,No,No,No,c,c,b,c,b,b,c,c,c,Yes,c,Yes,Yes,b,c,c,Yes,c,c,c,Yes,No,No,No,0.0,1.0,1.0,0.0,0.0,0.0,0.0,3.0,0.0,3.0
Chaharikata No.2,291753,123.0,697,127,1,a,c,c,,,,,,0.0,No,Yes,Yes,Yes,No,Yes,No,No,c,c,c,c,c,c,c,c,c,Yes,c,Yes,Yes,b,c,c,Yes,c,Yes,Yes,Yes,No,No,No,0.0,8.9,7.6,0.0,0.6,0.0,2.4,98.1,0.0,98.1
Erameslow - 2,291754,70.0,349,69,1,1,c,c,,,,,,0.0,Yes,Yes,Yes,Yes,No,No,No,No,c,c,c,c,c,c,c,c,c,Yes,c,Yes,Yes,a,c,c,a,c,Yes,a,Yes,No,No,No,0.0,5.6,4.7,0.0,0.5,0.0,1.4,54.6,0.0,54.6
Chaharikata No.1,291756,206.0,982,180,1,1,1,b,,,1.0,,,1.0,Yes,Yes,Yes,Yes,No,No,No,No,Yes,c,Yes,a,Yes,Yes,c,c,c,Yes,b,Yes,Yes,a,c,c,a,c,Yes,Yes,Yes,No,No,No,0.0,12.6,9.9,0.0,2.0,0.0,1.4,175.0,0.0,175.0
107 Grant F.S.,291758,328.0,1735,346,4,2,a,a,,,,,,1.0,Yes,Yes,Yes,Yes,Yes,Yes,No,No,Yes,c,Yes,c,Yes,a,c,c,c,Yes,Yes,Yes,Yes,a,c,c,a,Yes,Yes,Yes,Yes,No,No,No,0.0,27.1,18.2,0.0,2.6,0.0,0.0,265.8,0.0,265.8
Nalani Dalani - 1,291759,66.0,231,48,1,a,b,b,,,,,,0.0,No,No,Yes,Yes,No,No,No,No,b,c,b,c,b,b,b,b,b,Yes,b,Yes,Yes,a,c,c,a,c,Yes,a,Yes,No,No,No,0.0,5.6,3.8,0.0,0.0,0.6,0.0,53.8,0.0,53.8
Nalani Dalani - 2,291760,46.0,246,47,a,a,b,b,,,,,,0.0,Yes,Yes,Yes,Yes,No,No,No,No,b,c,b,c,b,b,b,b,b,Yes,b,Yes,Yes,a,c,c,Yes,c,a,a,Yes,No,No,No,0.0,2.0,3.0,0.0,0.3,0.0,0.0,38.2,0.0,38.2
Thengal N.C. - 3,291761,87.3,118,24,1,a,b,b,,,,,,0.0,No,No,Yes,Yes,No,No,No,No,c,c,b,c,c,b,c,c,c,Yes,b,Yes,Yes,b,c,c,a,c,Yes,a,Yes,No,No,No,0.0,7.4,5.1,0.0,1.0,0.0,2.0,68.3,0.0,68.3
Thengal,291762,10.0,773,149,1,1,a,b,,,1.0,,,0.0,No,Yes,Yes,Yes,No,No,No,No,Yes,c,c,c,b,b,b,b,b,Yes,a,Yes,Yes,b,c,c,Yes,Yes,Yes,Yes,Yes,No,No,No,0.0,2.0,1.4,0.0,0.0,1.5,0.0,3.5,0.0,3.5
Salmari 318 Nlr,291763,290.6,3416,710,1,3,a,b,,,,,,1.0,Yes,Yes,Yes,Yes,No,Yes,No,No,Yes,c,Yes,a,a,a,a,b,a,Yes,Yes,Yes,Yes,c,c,c,a,b,Yes,Yes,Yes,No,No,No,0.0,24.8,0.0,0.0,0.0,1.0,0.0,60.5,0.0,60.5
Duliabam Block,291764,231.8,1970,402,2,2,b,b,,,,,,1.0,No,No,Yes,Yes,No,No,No,No,Yes,c,Yes,a,a,a,a,b,Yes,Yes,Yes,Yes,Yes,c,c,c,b,Yes,Yes,Yes,Yes,No,No,No,0.0,31.6,1.1,0.0,1.0,2.1,0.0,45.0,0.0,45.0
Duliabam Gaon,291765,84.3,311,67,1,b,b,b,,,,,,0.0,No,No,No,Yes,Yes,No,No,No,a,b,Yes,a,a,a,a,b,Yes,Yes,b,Yes,Yes,c,c,c,a,Yes,Yes,a,Yes,No,No,No,0.0,13.4,2.1,0.0,0.0,1.0,1.0,32.6,0.0,32.6
Duliabam Bongali,291766,36.7,78,15,1,b,b,b,,,,,,0.0,No,No,Yes,Yes,No,No,No,No,Yes,b,Yes,a,b,b,a,b,Yes,b,b,Yes,Yes,c,c,c,a,Yes,Yes,a,Yes,No,No,No,0.0,7.1,1.9,0.0,0.0,2.1,0.0,20.0,0.0,20.0
Dulia Lahowal Gaon,291767,180.0,1060,227,1,2,a,a,,,,,,1.0,No,Yes,Yes,Yes,No,No,No,No,b,b,Yes,b,a,a,a,Yes,Yes,Yes,b,Yes,Yes,c,b,c,a,a,Yes,Yes,Yes,Yes,No,No,0.0,78.5,1.3,0.0,3.2,2.0,0.0,72.3,0.0,72.3
Khowang 11/164 Nlr Grant,291768,479.5,3378,715,2,3,1,b,1.0,1.0,1.0,,1.0,1.0,Yes,Yes,Yes,Yes,No,No,No,No,Yes,Yes,Yes,b,Yes,Yes,Yes,b,Yes,Yes,Yes,Yes,Yes,c,b,c,Yes,a,Yes,Yes,Yes,No,No,No,0.0,142.7,4.1,0.0,7.8,4.2,0.0,231.8,0.0,231.8
Madhakoli No.2,291769,59.1,598,124,1,a,a,b,,,,,,0.0,Yes,Yes,Yes,Yes,No,Yes,No,No,Yes,b,a,b,Yes,Yes,Yes,b,a,Yes,b,Yes,Yes,c,b,c,a,a,Yes,Yes,Yes,No,No,No,0.0,7.2,2.4,0.0,0.5,0.5,0.5,43.2,0.0,43.2
Baghtali Pather Gaon,291770,24.4,937,186,1,b,b,b,,,,,,1.0,No,Yes,Yes,Yes,Yes,No,No,No,Yes,c,b,b,b,b,b,b,b,Yes,b,Yes,Yes,a,c,c,a,b,Yes,Yes,Yes,No,No,No,0.0,2.1,2.0,0.0,0.3,0.0,0.0,19.0,0.0,19.0
Bukahula,291771,79.6,501,97,1,1,a,a,,,,,,0.0,Yes,Yes,Yes,No,No,No,No,No,Yes,a,Yes,b,b,a,a,a,Yes,Yes,b,Yes,Yes,c,c,c,a,b,Yes,Yes,Yes,No,No,No,0.0,5.0,3.1,0.0,0.5,0.0,1.3,67.0,0.0,67.0
Ahomgaon Kataki Pukhuri,291772,75.0,268,58,1,1,b,b,,,,,,0.0,Yes,No,No,Yes,No,No,No,No,Yes,a,c,b,b,b,a,Yes,b,Yes,b,Yes,Yes,b,c,c,Yes,b,Yes,a,Yes,No,No,No,35.0,2.0,0.0,13.0,0.0,0.0,17.0,8.0,0.0,8.0
Baghtoli Sonowal,291773,90.7,111,21,1,a,b,b,,,,,,1.0,Yes,No,Yes,Yes,No,No,No,No,Yes,b,b,b,b,b,b,Yes,b,Yes,b,Yes,Yes,a,b,c,a,b,Yes,a,Yes,No,No,No,0.0,7.0,5.6,0.0,0.6,0.0,1.3,72.6,0.0,72.6
Ahomgaon Nagar,291774,115.4,373,69,1,1,1,b,,,1.0,,,0.0,No,No,Yes,No,No,No,No,No,Yes,b,b,b,b,b,b,b,b,Yes,b,Yes,Yes,a,c,c,a,b,Yes,a,Yes,No,No,No,0.0,35.0,0.0,0.0,15.1,0.0,0.0,45.2,0.0,45.2
Ahomgaon No.1,291775,100.5,341,69,1,1,1,b,,,,,,0.0,No,No,Yes,Yes,No,Yes,No,No,Yes,c,b,c,b,a,b,a,b,Yes,a,Yes,Yes,a,c,c,a,c,Yes,a,Yes,No,No,No,0.0,14.0,0.7,0.0,0.1,0.0,0.4,84.0,0.0,84.0
Mautoni No.2,291776,51.9,244,51,1,a,a,b,,,,,,0.0,No,No,Yes,Yes,No,No,No,No,Yes,b,b,b,b,a,b,b,b,Yes,b,Yes,Yes,a,c,c,a,b,Yes,a,Yes,No,No,No,0.0,9.0,6.1,0.0,0.6,0.0,1.4,32.0,0.0,32.0
Nahazar Sonowal,291777,82.8,119,26,1,a,a,b,,,,,,0.0,No,Yes,Yes,Yes,No,No,No,No,Yes,b,b,a,b,a,a,a,a,Yes,b,Yes,Yes,a,c,c,a,b,Yes,b,Yes,No,No,No,0.0,7.6,5.2,0.0,0.6,0.0,2.5,63.8,0.0,63.8
Ahomgaon No.2,291778,113.2,252,49,1,a,b,b,,,1.0,,,0.0,No,No,Yes,Yes,No,Yes,No,No,Yes,c,b,c,b,a,b,Yes,b,Yes,b,Yes,Yes,b,c,c,a,c,Yes,b,Yes,No,No,No,0.0,25.5,0.7,0.0,0.1,0.0,0.8,81.0,0.0,81.0
Haldhibari Borpather,291779,242.6,417,92,1,a,a,c,,,,,,0.0,No,No,No,Yes,No,Yes,No,No,c,c,c,Yes,Yes,b,b,Yes,b,Yes,b,Yes,Yes,b,c,c,Yes,c,Yes,b,Yes,No,No,No,0.0,10.9,2.0,75.9,0.5,0.5,0.5,150.4,0.0,150.4
Konwargaon No.2,291780,114.2,421,83,2,1,1,b,,,,,,0.0,Yes,Yes,No,Yes,No,Yes,No,No,Yes,c,b,c,b,b,b,Yes,b,Yes,b,Yes,Yes,b,c,c,a,c,Yes,b,Yes,No,No,No,0.0,15.6,2.0,0.0,0.2,0.0,2.0,92.7,0.0,92.7
Dihingia Gaon No.3,291781,75.0,241,48,1,a,a,b,,,,,,0.0,Yes,No,Yes,Yes,No,Yes,No,No,Yes,c,Yes,,b,b,b,Yes,b,Yes,b,Yes,Yes,a,c,c,a,Yes,Yes,b,Yes,No,No,No,0.0,9.4,0.5,0.0,0.5,0.5,0.5,61.6,0.0,61.6
Dihingia Gaon No.2,291782,75.0,331,66,1,a,a,b,,,,,,0.0,No,No,Yes,Yes,No,Yes,No,No,c,c,c,c,b,b,b,a,b,Yes,b,Yes,Yes,b,c,c,a,c,Yes,b,Yes,No,No,No,0.0,9.4,0.5,0.0,0.5,0.5,0.5,61.6,0.0,61.6
Sagunijan,291783,28.7,147,33,1,b,,c,,,,,,0.0,No,No,Yes,Yes,Yes,No,No,No,Yes,c,c,c,c,a,c,a,c,Yes,a,Yes,Yes,b,c,c,a,c,Yes,b,Yes,No,No,No,0.0,8.3,6.3,0.0,0.0,0.0,0.3,12.1,0.0,12.1
Silputa No.1,291785,200.4,1142,234,2,2,1,b,,1.0,,,1.0,1.0,Yes,No,Yes,Yes,No,Yes,No,No,Yes,c,b,c,b,Yes,b,Yes,b,Yes,b,Yes,Yes,Yes,c,c,Yes,c,Yes,Yes,Yes,No,No,No,0.0,60.0,3.0,13.2,0.2,0.0,2.0,112.1,0.0,112.1
June Gaon,291786,100.2,689,132,1,a,a,a,,,,,,0.0,No,No,Yes,Yes,No,No,No,No,Yes,c,b,c,a,a,b,c,a,Yes,a,Yes,Yes,a,c,c,a,c,Yes,Yes,Yes,No,No,No,0.0,10.0,11.0,0.0,0.6,2.4,0.0,73.8,0.0,73.8
No.4 Silputa Gaon,291787,18.6,3,1,1,a,a,a,,,,,,0.0,No,No,Yes,No,No,No,No,No,Yes,c,Yes,c,b,b,b,c,Yes,a,b,Yes,c,a,c,c,Yes,c,Yes,b,Yes,No,No,No,0.0,2.6,2.0,0.0,0.3,0.0,0.0,12.6,0.0,12.6
Silputa No.2,291789,115.9,191,44,1,a,a,b,,,,,,0.0,No,No,Yes,Yes,No,No,No,No,c,c,c,c,b,b,b,Yes,b,Yes,b,Yes,Yes,b,c,c,Yes,c,Yes,b,Yes,No,No,No,0.0,7.8,0.5,0.0,1.0,0.5,0.5,99.1,0.0,99.1
Silputa No.3,291790,20.7,189,48,1,a,a,b,,,,,,0.0,No,No,Yes,No,No,No,No,No,c,c,c,c,b,b,b,Yes,a,Yes,b,Yes,Yes,c,c,c,Yes,a,Yes,b,Yes,No,No,No,0.0,9.2,0.5,0.0,0.5,0.5,0.5,7.8,0.0,7.8
Dikhari Kinar Saragfala,291791,105.2,489,97,1,a,a,a,,,,,,0.0,Yes,No,Yes,No,Yes,No,No,No,c,c,c,c,c,b,b,a,a,Yes,b,Yes,Yes,c,c,c,a,c,Yes,Yes,Yes,No,No,No,0.0,11.0,1.0,0.0,0.5,0.5,0.5,90.7,0.0,90.7
Sensua Pukhuri No.2,291792,60.7,39,6,a,a,a,b,,,,,,0.0,No,No,Yes,Yes,No,No,No,No,a,c,Yes,c,c,c,c,a,Yes,a,b,Yes,c,b,c,c,a,c,a,b,Yes,No,No,No,0.0,7.8,0.0,0.0,0.1,0.0,0.4,51.9,0.0,51.9
Saragfala Goan,291793,181.9,214,45,1,a,b,b,,,1.0,,,0.0,Yes,Yes,Yes,Yes,No,No,No,No,Yes,c,c,c,c,c,b,a,a,Yes,b,Yes,Yes,a,b,c,a,b,Yes,b,Yes,No,No,No,0.0,12.6,0.0,0.0,0.3,0.0,2.1,164.9,0.0,164.9
Dikhari Kinar No.4,291794,137.8,952,205,3,1,1,b,,,,,,1.0,No,Yes,Yes,Yes,No,No,No,No,c,c,Yes,c,Yes,Yes,b,Yes,Yes,Yes,b,Yes,Yes,a,c,c,a,c,Yes,Yes,Yes,No,No,No,0.0,18.0,2.0,0.0,0.5,2.0,0.5,94.8,0.0,94.8
Haladhi Bari Na-Gaon,291795,96.7,295,62,1,1,b,b,,,,,,0.0,No,Yes,Yes,Yes,No,No,No,No,Yes,b,b,b,b,b,b,Yes,a,Yes,b,Yes,Yes,a,c,c,a,b,Yes,a,Yes,No,No,No,0.0,35.2,0.0,0.0,12.1,0.0,0.0,20.1,0.0,20.1
Naharoni No.2,291796,174.9,741,150,1,1,b,b,,,,,,0.0,No,Yes,Yes,Yes,No,No,No,No,Yes,b,Yes,b,b,b,a,Yes,Yes,Yes,b,Yes,Yes,b,c,c,a,b,Yes,Yes,Yes,No,No,No,0.0,70.4,45.0,0.0,8.0,0.0,3.3,21.1,0.0,21.1
Bahoni Pather Block Gaon,291797,39.0,68,12,a,b,b,b,,,,,,0.0,No,No,Yes,Yes,No,No,No,No,a,c,a,c,b,a,a,a,a,a,b,a,Yes,b,c,c,Yes,b,a,a,Yes,No,No,No,0.0,5.2,1.7,0.0,0.3,0.3,0.4,26.6,0.0,26.6
Baghtoli Bahani,291798,133.0,400,80,1,1,a,b,,,,,,0.0,No,No,Yes,Yes,Yes,Yes,No,No,Yes,b,b,b,b,b,a,a,a,Yes,b,Yes,Yes,b,c,c,Yes,b,Yes,a,Yes,No,No,No,0.0,11.9,8.1,0.0,0.6,0.0,2.5,105.4,0.0,105.4
Madhakoli Grant No.128,291799,86.1,209,42,a,c,a,a,,,,,,0.0,No,Yes,Yes,Yes,No,No,No,No,Yes,b,a,b,b,Yes,a,a,a,Yes,b,Yes,Yes,b,b,c,Yes,b,a,a,Yes,No,No,No,0.0,5.3,2.2,0.0,0.4,0.4,0.5,5.2,0.0,5.2
Rangchali Gaon,291800,48.0,100,20,2,2,b,a,,,1.0,,,0.0,No,No,Yes,Yes,No,No,No,No,Yes,b,b,b,b,b,a,b,a,Yes,b,Yes,Yes,b,b,c,a,a,Yes,b,Yes,No,No,No,0.0,12.1,0.0,0.0,0.5,1.5,30.4,0.0,0.0,0.0
Rangchali Block,291801,66.8,157,38,a,a,b,b,,1.0,1.0,,,0.0,No,Yes,Yes,Yes,No,No,No,No,Yes,b,Yes,Yes,b,b,a,b,Yes,Yes,b,Yes,Yes,c,b,c,a,Yes,a,c,Yes,No,No,No,0.0,5.6,0.0,51.3,1.0,0.0,0.2,5.5,0.0,5.5
Khowang 312 No. Nlr Grant,291802,252.7,1281,255,1,a,b,b,,,,,,1.0,Yes,Yes,Yes,Yes,No,No,No,No,Yes,c,c,c,Yes,c,b,b,b,Yes,b,Yes,Yes,c,c,c,a,Yes,Yes,Yes,Yes,No,No,No,0.0,40.2,0.0,0.0,3.5,0.0,1.4,189.9,0.0,189.9
Khowang 319 No. Nlr Grant,291803,103.8,716,144,2,1,c,c,,,,,,0.0,Yes,Yes,Yes,Yes,No,No,No,No,Yes,c,a,c,a,a,a,a,a,Yes,a,Yes,Yes,a,c,c,a,Yes,Yes,Yes,Yes,No,No,No,0.0,0.0,0.0,0.0,0.0,0.0,0.0,103.8,0.0,103.8
Ghuguloni Bongali,291804,161.0,649,125,1,1,a,b,,,,,,0.0,No,Yes,Yes,Yes,Yes,No,No,No,Yes,c,b,c,b,b,c,b,a,Yes,b,Yes,Yes,c,c,c,a,Yes,Yes,Yes,Yes,No,No,No,0.0,19.5,1.6,0.0,0.0,2.2,0.0,73.2,0.0,73.2
Borghuguloni,291805,134.8,523,102,1,a,a,c,,,,,,0.0,No,Yes,Yes,Yes,Yes,No,Yes,No,Yes,c,b,b,a,b,b,b,a,Yes,a,Yes,Yes,c,c,c,Yes,Yes,Yes,Yes,Yes,No,No,No,0.0,22.9,2.8,0.0,0.0,3.0,0.0,62.3,0.0,62.3
Ghuguloni Nepali,291806,284.0,532,107,1,1,b,c,,,,,,0.0,No,Yes,Yes,Yes,Yes,Yes,Yes,No,Yes,c,b,b,a,a,b,a,b,Yes,b,Yes,Yes,c,c,c,Yes,c,Yes,Yes,Yes,No,No,No,0.0,30.0,2.0,0.0,0.0,1.0,0.0,120.8,0.0,120.8
Halmari 20 Darkhasta,291807,70.3,671,130,1,1,b,b,,,,,,0.0,Yes,Yes,Yes,Yes,No,No,Yes,No,b,b,a,b,b,a,b,a,b,Yes,b,Yes,Yes,c,c,c,a,Yes,Yes,Yes,Yes,No,No,No,0.0,10.2,0.8,0.0,0.0,0.4,0.0,33.5,0.0,33.5
Nahorani No.1,291808,43.2,82,20,1,a,a,a,,,,,,0.0,No,Yes,Yes,Yes,No,Yes,No,No,Yes,b,Yes,b,a,a,Yes,Yes,Yes,b,b,a,Yes,c,b,c,a,b,Yes,c,Yes,No,No,No,0.0,0.0,5.0,0.0,0.1,0.0,0.0,36.4,0.0,36.4
Thengal No.1,291809,133.6,128,25,1,b,b,c,,,,,,0.0,No,Yes,Yes,No,No,No,No,No,c,c,c,c,c,c,c,b,b,Yes,b,Yes,Yes,c,c,c,a,Yes,Yes,c,Yes,No,No,No,0.0,6.8,4.5,22.7,0.4,3.2,3.4,80.0,0.0,80.0
Nakhat Sonowal,291810,167.0,250,51,1,1,a,a,,,1.0,,,0.0,Yes,No,Yes,Yes,No,No,No,No,Yes,c,a,c,b,a,c,Yes,c,Yes,b,Yes,Yes,c,c,c,Yes,Yes,Yes,c,Yes,No,No,No,0.0,16.1,1.4,0.0,0.2,0.0,3.0,128.1,0.0,128.1
Changmai Gaon,291811,217.0,686,132,1,a,b,b,,,,,,2.0,No,No,Yes,Yes,No,Yes,No,No,Yes,c,Yes,c,Yes,Yes,c,Yes,c,Yes,b,Yes,Yes,c,c,c,a,c,Yes,Yes,Yes,No,No,No,0.0,36.5,0.0,6.1,1.0,0.0,0.5,155.9,0.0,155.9
Na-Changmai Village,291812,109.8,436,85,1,1,a,a,,,,,,0.0,Yes,Yes,No,Yes,No,No,No,No,Yes,c,b,c,c,a,c,a,c,Yes,b,Yes,Yes,c,c,c,a,c,Yes,b,Yes,No,No,No,0.0,19.0,0.0,3.9,1.3,0.0,0.5,78.6,0.0,78.6
Bormeslow Gaon,291813,73.0,90,19,a,a,b,c,,,,,,0.0,No,No,No,Yes,No,No,No,No,c,c,a,c,a,a,c,c,c,c,b,Yes,Yes,c,c,c,a,c,a,a,Yes,No,No,No,0.0,7.0,2.2,0.0,0.0,0.0,0.0,62.6,0.0,62.6
Garuhara Gaon,291814,183.0,889,167,1,1,1,b,,,,,,0.0,No,No,Yes,Yes,No,No,No,No,Yes,c,a,c,Yes,a,c,c,c,Yes,a,Yes,Yes,c,c,c,a,c,Yes,Yes,Yes,No,No,No,0.0,19.0,15.0,34.0,1.4,0.0,0.0,101.5,0.0,101.5
Halaguri Gaon,291815,266.0,1164,231,1,2,1,b,,,1.0,,,1.0,No,Yes,Yes,Yes,No,No,No,No,Yes,c,a,c,Yes,a,c,b,c,Yes,a,Yes,Yes,a,c,c,a,c,Yes,Yes,Yes,No,No,No,0.0,0.0,0.0,0.0,0.0,0.0,0.0,266.0,0.0,266.0
Hologuri No.2,291816,45.1,305,62,1,a,a,b,,,1.0,,,0.0,Yes,No,Yes,Yes,No,Yes,No,No,Yes,b,b,c,b,b,b,c,a,Yes,a,Yes,Yes,c,b,c,a,c,Yes,a,Yes,No,No,No,0.0,8.8,2.1,0.0,1.2,0.0,2.8,20.2,0.0,20.2
Hologuri No.3,291818,195.0,208,40,1,a,b,b,,,,,,0.0,No,Yes,Yes,Yes,No,Yes,No,No,Yes,c,a,c,b,a,c,c,c,Yes,a,Yes,Yes,b,c,c,a,c,Yes,a,Yes,No,No,No,0.0,0.0,0.0,0.0,0.0,0.0,0.0,195.0,0.0,195.0
Halaguri 9/182 Nnitp Grant Vi,291820,225.1,558,103,1,1,1,a,,,,,,0.0,No,No,Yes,Yes,Yes,No,No,No,Yes,c,Yes,c,c,c,c,Yes,Yes,Yes,b,Yes,Yes,c,c,c,a,c,Yes,Yes,Yes,No,No,No,0.0,18.7,0.0,0.0,7.5,0.0,1.3,189.6,0.0,189.6
Deogharia No.2,291821,125.7,503,99,1,a,1,a,,,,,,0.0,No,Yes,Yes,Yes,No,No,No,No,Yes,c,c,c,c,c,c,c,c,Yes,b,Yes,Yes,c,c,c,a,c,Yes,Yes,Yes,No,No,No,0.0,18.0,0.0,0.0,1.3,0.0,0.5,98.7,0.0,98.7
Deogharia No.1,291822,177.7,630,138,1,a,a,a,,,,,,0.0,Yes,Yes,Yes,Yes,No,Yes,No,No,Yes,c,Yes,c,Yes,Yes,c,Yes,c,Yes,b,Yes,Yes,c,c,c,a,c,Yes,Yes,Yes,No,No,No,0.0,56.6,0.0,26.5,1.0,0.0,0.5,82.4,0.0,82.4
1 No. Lengeri Gaon,291823,268.9,1171,257,3,2,1,a,,1.0,,,,1.0,No,Yes,Yes,Yes,No,Yes,No,No,Yes,c,Yes,c,c,Yes,Yes,b,c,Yes,b,Yes,Yes,c,c,c,Yes,Yes,Yes,Yes,Yes,No,No,No,0.0,40.2,0.0,0.0,1.4,0.0,1.0,218.5,0.0,218.5
Lengeri No.2,291824,84.1,414,93,1,a,a,b,,,,,,0.0,Yes,Yes,Yes,Yes,No,No,No,No,Yes,c,Yes,c,c,c,c,Yes,c,Yes,b,Yes,Yes,c,c,c,Yes,c,Yes,a,Yes,No,No,No,0.0,20.5,0.0,0.0,7.5,0.0,0.5,48.6,0.0,48.6
Lengeri No.3,291825,57.9,156,32,1,a,,b,,,,,,0.0,Yes,No,Yes,Yes,No,No,No,No,Yes,b,Yes,b,b,b,b,b,Yes,Yes,b,Yes,Yes,c,b,c,a,Yes,Yes,a,Yes,No,No,No,0.0,3.9,2.8,0.0,4.5,3.0,1.4,31.8,0.0,31.8
Lengeri No.4,291826,58.4,138,30,1,a,,b,,,,,,0.0,No,No,Yes,Yes,No,No,No,No,Yes,c,Yes,c,b,c,b,b,Yes,Yes,b,Yes,Yes,c,b,c,a,Yes,Yes,a,Yes,No,No,No,0.0,2.9,2.0,0.0,0.5,3.2,1.5,33.0,0.0,33.0
Ghugulbari,291827,113.3,459,91,2,1,2,b,,,,,,0.0,No,Yes,Yes,Yes,No,No,No,No,Yes,b,Yes,b,c,c,b,b,Yes,Yes,b,Yes,Yes,c,b,c,a,Yes,Yes,Yes,Yes,No,No,No,0.0,4.8,6.0,0.0,0.6,5.8,2.8,77.6,0.0,77.6
Thengal Gaon No.2,291828,133.5,798,147,1,a,b,b,,,,,,0.0,Yes,Yes,Yes,Yes,No,Yes,No,No,c,c,b,c,b,b,c,c,c,Yes,b,Yes,Yes,c,c,c,Yes,c,Yes,Yes,Yes,No,No,No,0.0,25.2,21.2,0.0,0.0,0.0,0.0,87.2,0.0,87.2
Ghugulbari (Ghugulpather),291829,157.2,525,114,1,a,a,b,,,,,,0.0,No,Yes,Yes,Yes,No,No,No,No,Yes,c,c,c,c,c,c,b,b,Yes,b,Yes,Yes,c,c,c,a,Yes,Yes,Yes,Yes,No,No,No,0.0,10.8,15.6,0.0,0.8,6.2,3.2,99.7,0.0,99.7
Tenga Koch (Tengai Koch),291830,191.8,321,64,1,1,1,b,,,1.0,,,0.0,No,Yes,Yes,Yes,No,No,No,No,Yes,b,Yes,,b,b,b,Yes,a,Yes,b,Yes,Yes,c,c,c,a,c,Yes,a,Yes,No,No,No,0.0,4.5,10.6,0.0,0.8,5.1,7.4,142.6,0.0,142.6
Ghuguloni Borbam,291831,131.4,515,106,1,1,b,b,,,,,,0.0,No,Yes,Yes,Yes,No,No,No,No,Yes,b,Yes,b,b,b,b,b,Yes,Yes,b,Yes,Yes,c,b,c,a,Yes,Yes,Yes,Yes,No,No,No,0.0,6.3,20.0,0.0,0.8,5.1,2.4,86.2,0.0,86.2
Bamunbari 320 No.Nlr Grant,291832,157.2,224,45,1,,1,a,,,,,,0.0,No,No,Yes,Yes,No,No,No,No,Yes,a,a,b,a,a,b,Yes,a,Yes,b,Yes,Yes,a,b,a,Yes,c,a,a,Yes,No,No,No,0.0,4.4,12.5,0.0,0.0,1.5,3.1,7.2,0.0,7.2
Ghuguloni Bongali,291833,175.8,711,149,2,1,1,b,,,,,,0.0,Yes,Yes,Yes,Yes,Yes,No,No,No,a,c,b,c,b,b,b,b,b,Yes,b,Yes,Yes,a,c,a,Yes,Yes,Yes,Yes,Yes,No,No,No,0.0,34.9,1.6,0.0,0.0,1.8,0.0,52.3,0.0,52.3
Teloikinar Gaon,291834,26.5,132,27,1,b,c,b,,1.0,,,,0.0,Yes,Yes,Yes,Yes,No,No,No,No,Yes,b,b,c,c,c,b,b,a,Yes,b,Yes,Yes,a,c,c,Yes,c,Yes,a,Yes,No,No,No,0.0,7.4,1.3,0.0,1.0,1.3,0.0,10.0,0.0,10.0
Ghugulpather No.1,291835,90.9,218,40,1,b,a,c,,,,,,0.0,Yes,Yes,Yes,Yes,No,No,No,No,Yes,c,a,c,a,a,a,a,a,Yes,c,Yes,Yes,b,c,c,a,c,Yes,a,Yes,No,No,No,0.0,10.5,5.1,0.0,0.1,2.0,0.0,54.4,0.0,54.4
Ghugulpather No.2,291836,26.6,99,22,a,a,a,a,,,,,,0.0,No,Yes,Yes,Yes,No,No,No,No,Yes,c,Yes,c,a,a,a,a,Yes,a,a,Yes,Yes,b,c,b,a,c,a,a,Yes,No,No,No,0.0,3.7,1.1,0.0,0.0,1.0,0.5,16.8,0.0,16.8
Ghugul Pather,291837,77.7,261,55,1,1,a,c,,,,,,0.0,No,Yes,Yes,Yes,No,No,No,No,Yes,c,a,a,a,a,a,a,a,Yes,a,Yes,Yes,a,c,b,Yes,Yes,Yes,a,Yes,No,No,No,0.0,5.2,2.0,0.0,1.2,1.8,2.0,13.7,0.0,13.7
Ghuraghas No.1,291838,100.3,436,91,1,1,c,c,,1.0,1.0,,,0.0,No,Yes,Yes,Yes,No,No,No,No,Yes,c,c,c,b,b,b,b,a,Yes,b,Yes,Yes,a,b,b,Yes,Yes,Yes,a,Yes,No,No,No,0.0,16.0,0.0,0.0,2.2,0.0,1.4,73.7,0.0,73.7
Rangchali Nepali,291839,158.0,589,127,2,1,c,c,,,1.0,,,0.0,Yes,Yes,Yes,Yes,No,No,No,No,Yes,b,Yes,b,b,b,a,b,Yes,Yes,b,Yes,Yes,a,b,a,Yes,Yes,Yes,Yes,Yes,No,No,No,0.0,75.0,3.0,0.0,11.4,2.5,1.8,44.0,0.0,44.0
Khowang Nlr Grant No.319,291840,222.5,1169,264,1,a,a,a,,,,,,1.0,Yes,Yes,Yes,Yes,No,No,No,No,Yes,c,a,c,Yes,a,a,a,a,Yes,a,Yes,Yes,b,c,b,Yes,c,a,Yes,Yes,No,No,No,0.0,16.7,4.7,0.0,1.0,0.7,0.6,12.8,0.0,12.8
Moni Pather,291841,117.0,623,128,1,a,a,b,,,,,,0.0,No,Yes,Yes,No,No,No,No,No,Yes,b,Yes,b,a,a,a,b,Yes,Yes,b,Yes,Yes,a,b,b,Yes,b,Yes,Yes,Yes,No,No,No,0.0,12.1,3.3,0.0,1.1,0.8,0.3,91.2,0.0,91.2
Teloibari Gaon,291842,68.9,447,100,1,a,a,a,,,,,,0.0,No,Yes,Yes,No,No,No,No,No,Yes,c,a,a,a,a,Yes,Yes,a,Yes,b,Yes,Yes,a,a,b,Yes,Yes,Yes,a,Yes,No,No,No,0.0,10.0,0.0,0.0,1.0,0.0,0.5,53.8,0.0,53.8
Khowang 99/102 No. Nlr Grant,291843,54.6,169,38,a,a,a,b,,,,,,0.0,No,No,No,Yes,No,No,No,No,Yes,a,b,b,b,b,a,b,a,Yes,b,Yes,Yes,b,b,c,Yes,b,a,a,Yes,No,No,No,0.0,10.2,0.0,0.0,1.3,0.0,0.5,39.4,0.0,39.4
Madhakali No.1,291844,150.2,755,162,1,a,a,b,,,,,,0.0,Yes,No,Yes,Yes,No,No,No,No,Yes,b,Yes,b,a,a,a,a,Yes,Yes,a,Yes,Yes,b,b,c,Yes,b,Yes,Yes,Yes,No,No,No,0.0,16.1,6.1,0.0,1.2,1.1,1.9,117.1,0.0,117.1
Madhakali No.3,291845,83.1,674,143,1,a,b,b,,,,,,0.0,Yes,No,Yes,Yes,No,Yes,No,No,Yes,b,Yes,b,a,a,a,b,Yes,Yes,b,Yes,Yes,b,b,c,Yes,b,Yes,Yes,Yes,No,No,No,0.0,7.8,2.5,0.0,1.0,0.6,0.6,65.1,0.0,65.1
Mautani No.1,291846,112.2,231,48,1,a,a,b,,,,,,0.0,No,Yes,Yes,Yes,No,No,No,No,Yes,c,a,Yes,b,a,a,a,a,Yes,b,Yes,Yes,b,c,c,Yes,c,Yes,a,Yes,No,No,No,0.0,8.2,9.2,22.3,1.2,0.6,0.6,64.2,0.0,64.2
Naharani Sonowal,291847,112.0,632,123,1,3,1,b,,,1.0,,,0.0,No,Yes,No,Yes,No,No,No,No,Yes,b,Yes,a,b,Yes,b,Yes,Yes,Yes,b,Yes,Yes,b,b,c,Yes,b,Yes,Yes,Yes,No,No,No,0.0,14.7,5.5,0.0,1.2,0.9,0.9,80.7,0.0,80.7
Na-Pather,291848,104.2,386,78,1,a,a,b,,,,,,0.0,No,No,No,Yes,Yes,No,No,No,c,c,c,c,b,b,b,a,a,Yes,b,Yes,Yes,b,c,c,a,c,Yes,a,Yes,No,No,No,0.0,10.9,0.5,29.9,0.5,0.5,0.5,42.9,0.0,42.9
Bez Gaon,291850,68.8,329,66,1,c,b,b,,,,,,0.0,No,No,Yes,Yes,Yes,No,No,No,c,c,c,c,b,b,b,Yes,a,Yes,b,Yes,Yes,b,c,c,Yes,c,Yes,a,Yes,No,No,No,0.0,6.8,3.2,0.0,0.5,1.0,0.9,50.2,0.0,50.2
Demowkinar,291851,58.4,14,3,1,a,a,a,,,,,,0.0,No,No,Yes,No,Yes,No,No,No,c,c,c,c,c,c,c,b,a,b,b,Yes,Yes,b,c,c,Yes,c,Yes,a,Yes,No,No,No,0.0,30.4,0.5,0.0,0.5,0.0,0.0,26.0,0.0,26.0
Bezgaon No.2,291852,38.2,168,36,1,a,a,a,,,,,,0.0,No,No,Yes,No,Yes,No,No,No,c,c,c,c,b,b,b,c,a,Yes,b,Yes,Yes,a,c,c,Yes,c,Yes,a,No,No,No,No,0.0,4.5,1.2,0.0,0.5,0.5,0.5,24.0,0.0,24.0
Saragfala Gohain Gaon,291853,153.7,537,109,1,1,a,b,,,,,,1.0,Yes,Yes,Yes,Yes,Yes,No,No,No,c,c,Yes,c,c,c,b,Yes,Yes,Yes,b,Yes,Yes,a,c,c,Yes,c,Yes,Yes,Yes,No,No,No,0.0,18.8,0.0,0.0,0.1,0.0,1.0,130.4,0.0,130.4
Sensuwa Pukhuri Gaon,291854,120.8,331,64,1,1,1,b,,,1.0,,,0.0,No,No,Yes,Yes,No,No,No,No,Yes,c,c,c,c,c,b,Yes,a,Yes,b,Yes,Yes,b,c,b,Yes,c,Yes,a,Yes,No,No,No,0.0,14.5,0.0,0.0,0.3,0.0,0.4,101.8,0.0,101.8
Podumoni Chetia,291855,134.3,381,79,1,1,a,a,,,,,,0.0,Yes,No,Yes,Yes,No,No,No,No,c,c,Yes,c,Yes,Yes,c,c,Yes,Yes,b,Yes,Yes,b,c,b,Yes,c,Yes,a,Yes,No,No,No,0.0,12.0,9.4,0.0,1.0,2.0,0.0,98.8,0.0,98.8
Bordoloni Gaon,291856,73.7,256,52,1,a,a,a,,,,,,0.0,No,Yes,Yes,Yes,No,No,No,No,Yes,c,a,c,a,a,c,a,a,Yes,a,Yes,Yes,b,Yes,b,Yes,c,Yes,a,Yes,No,No,No,0.0,10.4,7.4,0.0,2.1,0.0,1.0,51.5,0.0,51.5
Podumoni No.1,291857,211.3,679,141,2,1,1,a,,,,,,0.0,No,No,Yes,Yes,No,Yes,No,No,Yes,c,Yes,c,a,a,c,b,Yes,Yes,a,Yes,Yes,a,c,c,Yes,c,Yes,Yes,Yes,No,No,No,0.0,11.5,9.4,0.0,1.4,8.0,0.0,163.7,0.0,163.7
Podumoni No.2,291858,172.6,232,51,1,a,a,a,,,,,,0.0,No,Yes,No,Yes,No,Yes,No,No,Yes,c,a,c,a,a,c,c,a,Yes,a,Yes,Yes,b,c,b,Yes,c,Yes,a,Yes,No,No,No,0.0,10.6,12.0,0.0,1.0,0.0,3.4,138.2,0.0,138.2
Padumoni Miri Gaon,291859,63.4,45,9,1,a,a,a,,,,,,0.0,No,No,No,Yes,No,No,No,No,Yes,c,Yes,c,b,b,c,c,Yes,b,a,Yes,c,c,c,c,Yes,c,Yes,a,Yes,No,No,No,0.0,11.6,9.0,0.0,0.3,1.4,0.0,38.4,0.0,38.4
Akhoi Phutia,291860,126.3,244,50,1,a,a,a,,,,,,0.0,No,Yes,No,Yes,No,No,No,No,c,c,a,c,a,a,c,c,c,Yes,b,Yes,Yes,a,c,c,Yes,c,Yes,a,Yes,No,No,No,0.0,13.8,11.0,0.0,1.1,2.8,0.0,89.3,0.0,89.3
Kalalur Block No.2,291861,112.8,11,2,1,a,a,c,,,,,,0.0,No,No,No,Yes,No,Yes,No,No,Yes,b,c,c,c,c,c,c,a,c,b,Yes,Yes,a,c,c,Yes,c,Yes,a,Yes,No,No,No,0.0,5.0,10.1,49.7,2.2,0.0,2.0,30.0,0.0,30.0
Kalalur,291862,82.8,382,79,1,1,1,b,,,1.0,,,0.0,No,Yes,No,Yes,No,Yes,No,No,Yes,c,b,c,Yes,b,b,Yes,b,Yes,b,Yes,Yes,b,b,c,Yes,c,Yes,a,Yes,No,No,No,0.0,13.8,3.2,0.0,3.3,2.0,1.8,48.1,0.0,48.1
Kalalur Koch,291863,182.6,727,144,1,1,1,a,,,,,,0.0,Yes,No,Yes,Yes,No,No,No,No,Yes,c,c,c,c,c,c,c,a,Yes,b,Yes,Yes,b,c,c,Yes,c,a,Yes,Yes,No,No,No,0.0,40.4,12.2,0.0,2.3,0.0,3.7,108.0,0.0,108.0
Silsili Kalalur Kochari Gaon,291864,106.2,303,61,1,a,a,a,,,1.0,,,0.0,No,No,Yes,Yes,No,No,No,No,Yes,c,c,c,c,c,c,c,a,Yes,b,Yes,Yes,a,c,c,Yes,c,Yes,a,Yes,No,No,No,0.0,20.3,5.1,0.0,2.9,0.0,2.0,45.2,0.0,45.2
Silsili Demowkinar,291865,96.9,396,88,2,a,a,a,,,,,,0.0,No,Yes,No,Yes,No,No,No,No,Yes,c,Yes,c,Yes,Yes,c,c,Yes,Yes,a,Yes,Yes,a,c,c,Yes,c,Yes,a,Yes,No,No,No,0.0,9.8,10.2,0.0,1.0,0.0,2.0,70.5,0.0,70.5
Garihali Chuk,291866,74.3,123,26,1,a,a,b,,,,,,0.0,Yes,No,Yes,Yes,No,No,No,No,Yes,c,c,c,c,c,c,c,a,Yes,a,a,Yes,b,c,c,a,c,Yes,a,Yes,No,No,No,0.0,12.0,2.0,0.0,1.0,0.0,2.0,45.2,0.0,45.2
Majumelia Gaon,291867,219.5,348,68,1,a,a,a,,,,,,0.0,Yes,No,Yes,Yes,No,No,No,No,c,c,c,c,c,c,b,c,a,Yes,b,Yes,Yes,a,c,c,Yes,b,Yes,a,Yes,No,No,No,0.0,20.2,2.1,55.9,4.0,0.0,2.2,94.8,0.0,94.8
Teporchal Bamgaon,291868,148.8,651,112,1,a,b,b,,,,,,0.0,No,Yes,Yes,Yes,No,No,No,No,Yes,c,Yes,c,c,c,c,Yes,Yes,Yes,b,Yes,Yes,a,c,c,a,b,Yes,Yes,Yes,No,No,No,0.0,13.5,0.0,0.0,0.1,0.0,0.7,128.0,0.0,128.0
Teporchali Chetia Block,291869,22.9,126,29,1,a,a,b,,,,,,0.0,No,No,No,Yes,Yes,No,No,No,a,b,Yes,b,b,Yes,Yes,Yes,Yes,Yes,b,Yes,Yes,a,b,c,Yes,b,Yes,a,Yes,No,No,No,0.0,2.3,0.0,0.0,0.1,0.0,0.0,20.0,0.0,20.0
Demowkinar Changmai,291870,153.4,324,61,1,1,b,b,,,,,,0.0,No,No,No,Yes,Yes,No,No,No,c,c,c,c,c,c,c,c,a,Yes,b,Yes,Yes,a,c,c,Yes,b,Yes,a,Yes,No,No,No,0.0,26.9,1.0,0.0,0.5,0.5,0.5,104.0,0.0,104.0
Demowkinar Bongali,291871,103.6,396,79,1,a,b,b,,,,,,0.0,No,Yes,Yes,Yes,Yes,No,No,No,a,c,c,c,b,c,c,a,a,Yes,b,Yes,Yes,a,c,c,Yes,b,Yes,a,Yes,No,No,No,0.0,16.7,0.6,0.0,1.0,1.0,1.0,65.8,0.0,65.8
Hunghungia No.4,291872,260.6,307,57,1,a,a,b,,,1.0,,,0.0,No,No,Yes,Yes,No,No,No,No,Yes,b,a,b,a,a,a,a,a,Yes,a,Yes,Yes,b,b,b,Yes,b,Yes,a,Yes,No,No,No,0.0,24.9,14.1,0.0,1.1,1.9,1.1,206.3,0.0,206.3
Nunghungia No.3,291873,113.0,416,89,1,a,a,b,,,,,,0.0,No,No,Yes,Yes,No,No,No,No,Yes,b,a,a,c,a,a,a,a,Yes,b,Yes,Yes,b,b,b,Yes,Yes,Yes,a,Yes,No,No,No,0.0,0.0,0.0,0.0,0.0,0.0,0.0,113.0,0.0,113.0
Hunghungia No.1,291874,127.2,290,61,1,a,a,a,,,1.0,,,0.0,Yes,Yes,Yes,Yes,No,No,No,No,Yes,b,a,b,b,a,a,a,a,Yes,a,Yes,Yes,b,c,b,Yes,b,Yes,a,Yes,No,No,No,0.0,11.2,5.7,0.0,2.3,1.8,1.5,97.5,0.0,97.5
Lukumai No.1 (Lukumoni No.1),291875,62.4,85,18,1,a,a,b,,,,,,0.0,No,No,Yes,Yes,No,No,No,No,c,b,a,b,a,a,a,a,a,a,a,Yes,Yes,c,b,c,Yes,a,Yes,a,Yes,No,No,No,0.0,6.7,2.6,0.0,1.6,1.0,1.0,41.8,0.0,41.8
Hunghungia No.2,291876,31.2,131,25,1,a,a,b,,,,,,0.0,No,No,Yes,Yes,No,No,No,No,Yes,b,a,b,a,a,a,a,a,Yes,a,Yes,Yes,b,b,c,Yes,a,Yes,a,Yes,No,No,No,0.0,4.7,2.7,0.0,0.5,0.7,0.5,16.9,0.0,16.9
Lukumai No.2,291877,51.0,189,39,a,a,a,b,,,,,,0.0,No,Yes,Yes,Yes,No,No,No,No,Yes,b,a,b,a,a,a,b,a,Yes,b,Yes,Yes,b,b,b,a,b,a,a,Yes,No,No,No,0.0,5.1,1.2,0.0,1.2,1.2,0.7,37.0,0.0,37.0
Gozpuria Nepali,291878,141.4,539,117,1,a,a,b,,,,,,0.0,No,No,Yes,Yes,No,No,No,No,Yes,b,Yes,b,a,Yes,a,a,Yes,Yes,b,Yes,Yes,a,b,c,a,b,Yes,Yes,Yes,No,No,No,0.0,12.3,5.9,13.6,1.2,1.1,1.0,98.0,0.0,98.0
Gozpuria No.2 (Gozpuria Block),291879,69.5,126,22,1,a,a,b,,,,,,0.0,No,Yes,Yes,Yes,No,No,No,No,Yes,b,a,a,a,Yes,a,a,a,Yes,a,Yes,Yes,a,b,c,a,b,Yes,a,Yes,No,No,No,0.0,9.5,3.9,0.0,1.2,0.4,0.4,47.3,0.0,47.3
Gozpuria Bongali,291880,102.0,408,77,1,a,a,b,,,,,,0.0,No,Yes,Yes,No,No,No,No,No,Yes,b,Yes,b,a,Yes,a,a,Yes,Yes,b,Yes,Yes,b,b,c,Yes,b,Yes,a,Yes,No,No,No,0.0,9.2,8.5,0.0,1.3,1.0,0.9,74.3,0.0,74.3
Teloibari Nepali,291881,109.6,1799,402,2,3,b,b,1.0,1.0,1.0,,,1.0,Yes,Yes,Yes,Yes,No,No,No,No,Yes,b,Yes,b,Yes,Yes,a,b,Yes,Yes,Yes,Yes,Yes,b,b,c,Yes,Yes,Yes,Yes,Yes,No,No,No,0.0,18.1,0.0,28.4,1.4,0.0,1.0,53.3,0.0,53.3
Teloibari Bengali,291882,163.2,1147,244,1,2,b,b,,,,,,1.0,Yes,Yes,No,Yes,No,No,No,No,Yes,a,Yes,b,Yes,b,Yes,b,Yes,Yes,b,Yes,Yes,a,b,c,Yes,Yes,Yes,Yes,Yes,No,No,No,0.0,17.0,0.0,18.2,1.4,0.0,0.5,118.6,0.0,118.6
Kashi Pather,291883,79.2,101,24,1,a,a,a,,,,,,0.0,No,No,No,Yes,No,No,No,No,Yes,b,a,b,b,a,a,a,a,Yes,a,Yes,Yes,a,b,c,a,a,Yes,a,Yes,No,No,No,0.0,13.8,2.0,0.0,2.8,1.3,0.0,41.8,0.0,41.8
Ghuraghas No.3,291884,90.7,318,70,1,a,b,a,,,,,,0.0,No,No,No,Yes,No,No,No,No,c,c,c,c,c,c,b,b,b,Yes,b,Yes,Yes,b,c,c,Yes,Yes,Yes,a,Yes,No,No,No,0.0,21.7,2.3,0.0,5.4,2.8,0.0,44.2,0.0,44.2
Ghuraghas No.2,291885,54.2,217,48,1,a,b,a,,,1.0,,,0.0,Yes,Yes,Yes,Yes,No,No,No,No,Yes,b,b,b,b,b,a,b,b,Yes,b,Yes,Yes,a,b,c,Yes,Yes,Yes,a,Yes,No,No,No,0.0,14.8,2.0,0.0,3.4,1.7,0.0,24.7,0.0,24.7
Domordalang No.3,291886,9.8,167,36,a,a,b,b,,,,,,0.0,No,Yes,Yes,No,No,No,No,No,Yes,b,a,b,a,a,b,b,b,Yes,b,Yes,Yes,b,b,b,Yes,a,b,a,Yes,No,No,No,0.0,3.4,0.0,0.0,2.0,0.0,0.0,4.4,0.0,4.4
Teloikinar Bongali,291888,98.1,440,90,1,a,a,a,,,,,,0.0,Yes,Yes,Yes,Yes,No,No,No,No,Yes,c,b,b,b,b,c,b,b,Yes,a,Yes,Yes,a,c,c,Yes,Yes,Yes,a,Yes,No,No,No,0.0,6.8,2.0,0.0,0.0,1.8,0.0,83.0,0.0,83.0
Bamunbari 50/162 Or Grant,291889,218.5,3624,733,3,1,1,a,,1.0,,,,1.0,Yes,Yes,Yes,Yes,No,No,No,Yes,Yes,b,Yes,b,Yes,Yes,b,b,Yes,Yes,Yes,Yes,Yes,b,b,c,a,Yes,a,Yes,Yes,No,No,No,0.0,13.5,3.7,0.0,1.0,2.1,1.7,94.0,0.0,94.0
Koilagarah Gaon,291890,91.2,296,60,2,a,a,b,,,,,,0.0,Yes,Yes,Yes,Yes,No,No,No,No,a,b,b,b,b,b,c,b,b,Yes,b,Yes,Yes,b,c,c,a,Yes,Yes,a,Yes,No,No,No,0.0,4.5,7.6,0.0,0.8,4.5,2.4,61.0,0.0,61.0
Koilagarah Habi,291891,140.8,627,115,1,b,a,c,,,,,,0.0,No,Yes,Yes,Yes,No,No,No,No,c,c,c,b,c,c,c,b,b,Yes,b,Yes,Yes,b,c,c,a,Yes,Yes,Yes,Yes,No,No,No,0.0,8.2,10.6,0.0,0.8,5.1,3.4,92.1,0.0,92.1
Bamunbari 264 Nlr Grant,291892,95.0,522,111,1,a,a,a,,,,,,0.0,No,Yes,Yes,Yes,No,No,No,No,Yes,b,Yes,b,a,a,b,b,Yes,Yes,b,Yes,Yes,b,b,c,Yes,Yes,Yes,Yes,Yes,No,No,No,0.0,6.7,3.2,0.0,0.1,1.1,2.0,8.7,0.0,8.7
Bamunbari No.1 Nlr Grant,291893,54.3,240,54,1,a,a,b,,,,,,0.0,No,Yes,Yes,Yes,No,No,No,No,Yes,b,b,b,b,Yes,b,a,a,Yes,b,Yes,Yes,a,b,c,a,Yes,Yes,a,Yes,No,No,No,0.0,1.9,9.8,0.0,0.5,0.8,1.5,36.4,0.0,36.4
Teloijan Darkhasta No.26,291894,352.0,432,90,1,a,a,a,,,,,,0.0,No,No,Yes,Yes,No,No,No,No,Yes,b,a,b,b,b,b,b,b,Yes,b,Yes,Yes,a,b,c,Yes,Yes,a,a,Yes,No,No,No,0.0,13.5,3.1,0.0,0.1,2.2,0.0,33.5,0.0,33.5
Domordalang,291895,125.6,550,115,1,1,1,b,,,1.0,,,1.0,Yes,Yes,Yes,Yes,No,No,No,No,Yes,b,b,c,b,b,b,a,a,Yes,b,Yes,Yes,b,b,c,Yes,Yes,Yes,Yes,Yes,No,No,No,0.0,12.7,11.0,22.9,0.0,3.1,2.2,50.5,0.0,50.5
Samuguri,291896,64.5,237,48,1,a,a,b,,,,,,0.0,No,No,Yes,Yes,No,No,No,No,Yes,c,b,b,b,b,b,a,a,Yes,a,Yes,Yes,b,b,c,Yes,a,Yes,a,Yes,No,No,No,0.0,2.9,3.1,0.0,0.0,2.0,1.1,32.2,0.0,32.2
Phatikasua Ikrani,291897,133.2,587,120,1,a,b,b,,,1.0,,,0.0,Yes,Yes,Yes,Yes,No,No,No,No,Yes,b,b,b,b,b,a,a,a,Yes,a,Yes,Yes,a,b,c,Yes,a,a,Yes,Yes,No,No,No,0.0,14.5,7.1,0.0,0.1,1.7,0.0,40.2,0.0,40.2
Phatikasua Borbam,291898,169.2,733,151,1,a,b,b,,,,,,0.0,No,Yes,Yes,Yes,No,No,No,No,Yes,b,b,b,b,b,a,a,a,Yes,a,Yes,Yes,a,b,c,a,a,Yes,Yes,Yes,No,No,No,0.0,54.8,2.0,0.0,7.8,2.0,0.0,74.6,0.0,74.6
Tiliki Amguri,291899,54.2,156,40,1,a,a,a,,,,,,0.0,No,No,Yes,Yes,No,No,No,No,Yes,a,Yes,a,a,a,Yes,a,Yes,Yes,b,Yes,Yes,a,a,c,Yes,a,Yes,a,Yes,No,No,No,0.0,7.0,0.0,4.6,1.3,0.0,0.5,39.4,0.0,39.4
Teloibari Block Gaon,291900,49.8,285,65,1,a,b,c,,,,,,0.0,No,No,Yes,Yes,No,No,No,No,c,c,Yes,c,c,c,b,b,a,Yes,b,Yes,Yes,a,c,c,Yes,b,Yes,a,Yes,No,No,No,0.0,5.2,2.8,0.0,0.2,0.8,1.0,35.5,0.0,35.5
Chakalia Gaon,291901,72.3,912,199,2,2,a,a,,,,,,1.0,Yes,No,Yes,Yes,No,No,No,No,Yes,a,Yes,a,a,a,Yes,b,Yes,Yes,b,Yes,Yes,b,a,c,Yes,a,Yes,Yes,Yes,No,No,No,0.0,7.5,0.0,6.6,1.3,0.0,0.5,54.4,0.0,54.4
Dikhari Moran No.1,291902,157.5,188,36,1,a,a,a,,,,,,0.0,No,No,Yes,No,No,No,No,No,Yes,a,Yes,a,a,a,a,Yes,Yes,Yes,a,Yes,Yes,b,a,c,a,a,Yes,a,Yes,No,No,No,0.0,16.2,5.0,0.0,0.1,0.0,0.8,105.2,0.0,105.2
Khowang Chah Co. 108 No Fs Grant,291903,386.6,2261,514,3,a,a,1,,,,,,1.0,Yes,Yes,Yes,Yes,No,No,No,No,Yes,a,Yes,a,Yes,Yes,Yes,Yes,Yes,Yes,Yes,Yes,Yes,b,b,c,Yes,a,Yes,Yes,Yes,No,No,No,0.0,9.2,2.0,0.0,205.2,0.0,0.0,170.0,0.0,170.0
Dikhari Nepali,291904,84.3,516,116,1,1,1,a,,,,,,0.0,Yes,Yes,Yes,Yes,No,Yes,No,No,Yes,b,Yes,b,Yes,Yes,a,Yes,Yes,Yes,b,Yes,Yes,a,b,c,Yes,a,Yes,Yes,Yes,No,No,No,0.0,12.2,4.1,0.0,0.0,0.0,0.0,28.0,0.0,28.0
Roshipather No.3,291905,59.6,177,40,1,a,a,a,,,,,,0.0,No,Yes,Yes,Yes,No,No,No,No,Yes,b,Yes,b,b,Yes,b,b,Yes,Yes,b,Yes,Yes,a,b,c,Yes,Yes,Yes,a,Yes,No,No,No,0.0,7.2,2.0,0.0,0.0,0.0,0.0,31.2,0.0,31.2
Roshipather No.1,291906,97.5,210,46,1,a,a,b,,,,,,0.0,No,Yes,Yes,Yes,No,No,No,No,Yes,c,Yes,c,b,b,b,a,Yes,Yes,b,Yes,Yes,a,b,c,Yes,a,Yes,a,Yes,No,No,No,0.0,9.7,0.0,0.0,0.1,0.0,0.3,85.2,0.0,85.2
Dighalia Block,291907,16.6,276,59,1,a,b,b,,,,,,0.0,No,Yes,Yes,Yes,No,No,No,No,Yes,b,b,b,b,b,b,a,b,Yes,b,Yes,Yes,a,b,c,Yes,b,Yes,a,Yes,No,No,No,0.0,3.0,2.0,0.0,0.0,0.0,0.0,3.5,0.0,3.5
Roshipather Nepali,291908,146.0,698,156,1,1,a,b,,,,,,0.0,No,Yes,Yes,Yes,No,No,No,No,Yes,b,Yes,b,b,b,b,b,Yes,Yes,b,Yes,Yes,b,b,c,Yes,c,Yes,Yes,Yes,No,No,No,0.0,30.0,5.0,6.6,0.0,0.0,0.0,43.6,0.0,43.6
Pathalibam Chah Bagicha 301 No,291909,47.6,566,116,1,1,1,b,,,,,,0.0,No,Yes,Yes,Yes,No,No,No,No,Yes,c,Yes,c,c,c,b,Yes,Yes,Yes,b,Yes,Yes,b,b,c,Yes,Yes,Yes,Yes,Yes,No,No,No,0.0,4.8,0.0,0.0,0.4,0.0,0.9,2.9,0.0,2.9
Moran Chah Company Wnl - 5,291910,155.4,103,24,1,a,a,c,,,,,,0.0,No,Yes,No,Yes,No,No,No,No,Yes,c,c,c,c,c,b,b,b,Yes,b,Yes,Yes,b,c,c,a,c,Yes,a,Yes,No,No,No,0.0,7.6,0.0,0.0,0.1,0.0,2.0,1.4,0.0,1.4
Borbil Gaon,291911,160.8,791,162,1,a,a,c,,,,,,0.0,No,Yes,Yes,No,No,No,No,No,Yes,c,b,c,Yes,Yes,b,c,b,Yes,b,Yes,Yes,b,c,c,a,c,Yes,Yes,Yes,No,No,No,0.0,9.5,3.0,4.1,0.3,0.0,1.3,135.3,0.0,135.3
Gozpuria Gaon,291912,239.6,1026,217,2,2,a,b,,,1.0,,,1.0,No,Yes,Yes,Yes,No,No,No,No,Yes,b,Yes,b,Yes,Yes,a,a,Yes,Yes,b,Yes,Yes,b,b,c,Yes,c,Yes,Yes,Yes,No,No,No,0.0,24.9,7.9,0.0,2.0,1.9,1.1,185.7,0.0,185.7
Lukumai Bil,291913,69.2,490,100,1,1,a,c,,,,,,0.0,No,Yes,Yes,Yes,No,Yes,No,No,c,c,b,c,b,b,b,a,b,Yes,b,Yes,Yes,b,c,c,Yes,c,Yes,Yes,Yes,No,No,No,0.0,10.9,0.5,0.0,1.0,1.2,0.5,35.0,0.0,35.0
Panitula Pukhuri,291914,45.4,87,15,1,a,a,c,,,,,,0.0,Yes,No,No,Yes,No,No,No,No,Yes,c,c,c,c,c,c,Yes,b,c,b,Yes,Yes,a,c,c,Yes,c,Yes,b,Yes,No,No,No,0.0,4.0,2.6,0.0,0.1,0.0,0.3,36.5,0.0,36.5
Panitula Gaon,291915,191.2,602,133,1,1,b,b,,,1.0,,,1.0,Yes,Yes,No,Yes,No,No,No,No,Yes,c,Yes,c,c,c,c,Yes,Yes,Yes,b,Yes,Yes,b,c,c,Yes,b,Yes,Yes,Yes,No,No,No,0.0,54.9,0.0,39.3,0.1,0.0,2.9,88.6,0.0,88.6
Sologuri Bongali,291916,96.5,519,106,1,a,a,b,,,,,,0.0,No,No,Yes,Yes,No,No,No,No,Yes,c,Yes,c,c,c,b,a,Yes,Yes,b,Yes,Yes,b,c,c,Yes,b,Yes,Yes,Yes,No,No,No,0.0,9.2,0.0,0.0,0.1,0.0,0.5,85.0,0.0,85.0
Sologuri No.1,291917,311.3,727,140,1,2,1,b,,,,,,0.0,Yes,Yes,Yes,Yes,No,No,No,No,Yes,c,c,c,c,c,b,b,b,Yes,b,Yes,Yes,b,c,c,Yes,Yes,Yes,Yes,Yes,No,No,No,0.0,40.0,12.0,0.0,6.0,3.3,0.0,160.0,0.0,160.0
Sologuri No.2,291918,210.0,218,45,1,a,b,b,,,,,,0.0,No,Yes,Yes,Yes,No,No,No,No,c,c,a,a,b,a,c,c,c,Yes,b,Yes,Yes,b,c,c,a,c,Yes,a,Yes,No,No,No,0.0,20.0,18.2,0.0,0.3,0.0,4.2,165.2,0.0,165.2
Garihali Chetia,291919,96.2,311,61,1,a,a,b,,,,,,0.0,Yes,No,Yes,Yes,No,Yes,No,No,Yes,b,b,c,b,b,c,c,a,Yes,a,Yes,Yes,b,b,c,Yes,c,Yes,a,Yes,No,No,No,0.0,10.2,2.0,0.0,2.2,0.0,1.8,49.8,0.0,49.8
Telia Pather,291920,28.1,259,55,1,1,a,b,,,,,,0.0,No,Yes,Yes,Yes,No,No,No,No,c,b,b,b,b,b,b,c,a,Yes,a,Yes,Yes,b,b,c,a,c,Yes,a,No,No,No,No,0.0,7.0,2.0,0.0,1.5,0.0,0.5,9.0,0.0,9.0
Kalalur Namdang No.2,291921,109.3,165,31,a,a,a,b,,,,,,0.0,No,No,Yes,Yes,No,No,No,No,Yes,c,b,c,b,b,b,a,b,Yes,b,Yes,Yes,b,b,c,Yes,c,a,a,Yes,No,No,No,0.0,25.8,3.0,0.0,2.5,1.8,2.2,61.3,0.0,61.3
Kalalur Namdang No.1,291922,115.0,376,77,1,a,a,c,,,,,,0.0,No,Yes,Yes,Yes,No,No,No,No,Yes,c,b,c,b,b,b,Yes,b,Yes,b,Yes,Yes,b,b,c,Yes,c,a,a,Yes,No,No,No,0.0,28.6,3.6,0.0,2.2,1.4,2.6,68.9,0.0,68.9
Singrijan No.1,291923,77.5,316,60,1,a,a,b,,,,,,0.0,No,No,Yes,No,No,No,No,No,Yes,b,b,c,Yes,a,b,a,a,Yes,b,Yes,Yes,b,b,c,a,c,Yes,a,Yes,No,No,No,0.0,23.0,2.8,0.0,2.8,1.5,1.2,35.6,35.6,0.0
Bezapather No.2,291924,105.4,455,92,1,1,a,a,,,,,,0.0,No,Yes,Yes,Yes,No,No,No,No,c,c,c,c,Yes,b,b,Yes,a,Yes,b,Yes,Yes,b,b,c,a,c,Yes,Yes,Yes,No,No,No,0.0,25.6,3.8,0.0,4.0,1.8,1.5,53.1,0.0,53.1
Bezapather No.1,291925,169.4,872,171,1,1,a,b,,,,,,0.0,Yes,Yes,Yes,Yes,No,Yes,No,No,Yes,b,a,c,Yes,Yes,b,Yes,b,Yes,b,Yes,Yes,b,b,c,b,c,Yes,Yes,Yes,No,No,No,0.0,15.6,0.0,0.0,1.3,0.0,1.0,144.0,0.0,144.0
Dikhari 119 No Fs 144/107 Nlr,291926,295.1,2596,538,1,b,b,c,,,,,,1.0,No,Yes,Yes,No,No,No,No,No,Yes,b,Yes,b,b,b,b,b,Yes,Yes,Yes,Yes,Yes,b,b,c,b,c,Yes,Yes,Yes,No,No,No,0.0,7.0,1.6,0.0,2.8,1.8,1.0,10.8,0.0,10.8
Dihajan Gaon,291927,96.0,424,89,1,a,b,c,,,,,,0.0,Yes,No,No,Yes,No,No,No,No,c,c,a,b,a,a,a,b,b,Yes,b,Yes,Yes,c,b,c,c,c,Yes,a,Yes,No,No,No,0.0,25.7,2.6,0.0,2.5,3.3,1.8,53.2,0.0,53.2
Kachamari No.2,291928,122.8,784,144,1,a,b,c,,,,,,0.0,No,Yes,Yes,Yes,No,No,No,No,c,c,a,b,a,a,a,a,a,Yes,b,Yes,Yes,c,b,c,Yes,c,Yes,Yes,Yes,No,No,No,0.0,25.0,3.6,0.0,7.9,4.5,6.9,72.8,0.0,72.8
Kachamari No.1,291929,303.1,1348,273,2,2,b,c,,,,,,1.0,Yes,Yes,Yes,Yes,No,No,No,No,c,c,a,b,Yes,a,a,a,a,Yes,b,Yes,Yes,c,b,c,a,c,Yes,Yes,Yes,No,No,No,0.0,50.7,5.8,0.0,4.0,6.2,8.6,217.9,0.0,217.9
Rangrangia Gaon,291930,78.2,318,65,1,a,b,b,,,,,,0.0,No,No,Yes,Yes,No,No,No,No,Yes,c,b,c,a,b,b,a,a,Yes,b,Yes,Yes,c,b,c,a,c,Yes,b,Yes,No,No,No,0.0,28.5,2.8,0.0,3.0,1.5,0.8,31.0,0.0,31.0
Singrijan No.1,291931,48.2,539,102,2,a,a,b,,,,,,0.0,No,Yes,Yes,Yes,No,No,No,No,Yes,c,b,c,Yes,Yes,b,Yes,b,Yes,b,Yes,Yes,c,b,c,Yes,c,Yes,Yes,Yes,No,No,No,0.0,21.5,3.8,0.0,4.0,1.8,1.6,0.0,0.0,0.0
Dhemechi Gaon,291932,146.0,681,143,1,1,a,b,,,,,,0.0,No,Yes,Yes,Yes,No,No,No,No,Yes,c,Yes,c,b,b,c,a,Yes,Yes,b,Yes,Yes,c,b,c,a,c,Yes,Yes,Yes,No,No,No,0.0,35.5,5.0,0.0,3.8,2.8,2.6,70.7,0.0,70.7
Dhemechi Haladhibari,291933,75.0,400,74,1,a,a,c,,,,,,0.0,No,Yes,Yes,Yes,No,No,No,No,Yes,c,b,c,Yes,b,b,Yes,b,Yes,b,Yes,Yes,c,b,c,a,c,Yes,a,Yes,No,No,No,0.0,23.5,3.8,0.0,3.0,1.8,1.6,28.7,0.0,28.7
Dehingia Gaon,291934,263.6,949,205,2,1,a,c,,,,,,1.0,No,Yes,Yes,Yes,No,No,No,No,Yes,b,c,c,a,a,b,b,c,Yes,b,Yes,Yes,c,c,c,Yes,c,Yes,Yes,Yes,No,No,No,0.0,65.0,3.6,40.0,2.0,4.0,0.0,124.0,0.0,124.0
Kuli Gaon,291935,138.7,320,68,1,a,b,b,,,,,,0.0,No,No,No,Yes,No,No,No,No,Yes,b,b,c,b,Yes,b,a,a,Yes,b,Yes,Yes,c,b,c,Yes,c,Yes,a,Yes,No,No,No,0.0,21.0,4.0,0.0,3.0,2.7,0.0,70.0,0.0,70.0
Pathalibam Chah Bagisha 127 N,291936,124.0,733,143,1,a,a,a,,,,,,0.0,Yes,Yes,Yes,Yes,No,No,No,No,Yes,b,Yes,b,b,b,b,b,Yes,Yes,b,Yes,Yes,c,b,c,Yes,b,Yes,Yes,Yes,No,No,No,0.0,20.0,3.4,0.0,0.0,0.0,0.0,10.3,0.0,10.3
Tarajan,291937,124.2,802,172,1,a,a,a,,,,,,0.0,No,Yes,No,Yes,No,No,No,No,Yes,b,Yes,b,b,b,a,b,Yes,Yes,b,Yes,Yes,c,b,c,Yes,c,Yes,Yes,Yes,No,No,No,0.0,10.0,10.0,12.9,11.1,0.0,0.0,50.0,0.0,50.0
Kamaldoi Betbari,291938,219.2,1189,246,1,2,b,b,,,,,,1.0,Yes,Yes,Yes,No,No,No,No,No,Yes,a,Yes,b,b,Yes,a,b,Yes,Yes,b,Yes,Yes,c,b,c,a,Yes,Yes,Yes,Yes,No,No,No,0.0,26.8,2.8,0.0,1.8,3.6,0.0,135.7,0.0,135.7
Kamaldoi Bongali,291939,137.6,662,135,1,a,a,b,,,,,,0.0,Yes,Yes,Yes,Yes,No,No,No,No,Yes,b,Yes,b,b,a,b,b,Yes,Yes,b,Yes,Yes,c,b,c,a,Yes,Yes,Yes,Yes,No,No,No,0.0,16.7,22.7,44.1,0.8,2.1,0.0,51.1,0.0,51.1
Kamaldoi Gaon,291940,163.7,515,110,1,1,b,b,,,,,,0.0,No,Yes,Yes,Yes,No,No,No,No,Yes,b,a,b,a,a,a,a,b,Yes,b,Yes,Yes,c,b,c,Yes,c,Yes,Yes,Yes,No,No,No,0.0,17.0,2.0,6.4,3.0,2.0,0.0,101.0,0.0,101.0
Naharani Gaon,291941,276.8,825,156,1,1,c,c,,,,,,0.0,Yes,Yes,Yes,Yes,No,Yes,No,No,Yes,c,a,c,a,a,a,a,c,Yes,b,Yes,Yes,b,c,b,a,c,Yes,Yes,Yes,No,No,No,0.0,25.0,3.0,0.0,3.8,2.0,0.0,231.0,0.0,231.0
Deodhai Bangali,291942,185.0,693,128,1,a,b,b,,,,,,0.0,Yes,Yes,Yes,Yes,No,No,No,No,Yes,c,Yes,c,c,c,b,a,Yes,Yes,a,Yes,Yes,c,c,c,Yes,c,a,Yes,Yes,No,No,No,0.0,13.4,0.0,0.0,0.1,0.0,2.1,129.6,0.0,129.6
Naharani Block Gaon,291943,41.0,347,73,1,a,c,c,,,,,,0.0,No,No,Yes,Yes,No,No,No,No,c,c,a,c,a,a,a,a,a,Yes,a,Yes,Yes,b,c,b,Yes,c,Yes,a,No,No,No,No,0.0,10.0,2.0,0.0,1.0,0.0,2.0,14.0,0.0,14.0
Naharani Bongali,291944,39.2,446,105,1,1,1,c,,,,,,0.0,Yes,Yes,Yes,No,No,No,No,No,Yes,c,c,c,b,b,a,a,a,Yes,b,Yes,Yes,b,c,b,a,c,Yes,a,Yes,No,No,No,0.0,12.0,2.0,0.0,1.0,1.2,0.0,18.0,0.0,18.0
Chakalia No.1,291945,261.1,1612,301,1,2,1,c,,,1.0,,,1.0,Yes,No,Yes,No,No,No,No,No,Yes,Yes,Yes,Yes,c,a,Yes,b,a,Yes,Yes,Yes,Yes,Yes,c,c,Yes,Yes,Yes,Yes,Yes,No,No,No,0.0,26.7,3.5,0.0,1.6,3.4,0.0,139.1,0.0,139.1
Laokhowa,291946,36.8,507,104,1,a,b,c,,,,,,0.0,No,Yes,Yes,No,Yes,No,No,No,c,c,a,b,b,b,Yes,b,b,Yes,b,Yes,Yes,c,a,c,a,c,a,Yes,Yes,No,No,No,0.0,9.4,2.5,0.0,1.1,1.7,1.5,19.0,0.0,19.0
Bhalukaguri,291947,185.7,916,197,1,a,b,c,,,1.0,,,1.0,Yes,No,Yes,Yes,No,No,No,No,c,c,a,b,a,a,Yes,a,a,Yes,b,Yes,Yes,c,b,c,a,c,Yes,Yes,Yes,No,No,No,0.0,20.3,5.2,19.3,6.8,3.9,4.5,120.5,0.0,120.5
Naharani 108/167 Nlr Grant,291948,322.1,2573,516,1,a,b,c,,,,,,1.0,No,Yes,Yes,No,No,No,No,No,c,c,Yes,b,a,a,Yes,Yes,b,Yes,Yes,Yes,Yes,c,c,c,Yes,c,Yes,Yes,Yes,No,No,No,0.0,9.2,2.0,0.0,2.0,2.2,2.9,11.0,0.0,11.0
Dikhari 283 Nlr Grant,291949,137.4,741,152,1,a,a,a,,,,,,0.0,Yes,Yes,Yes,No,No,No,No,No,c,c,Yes,Yes,a,a,a,a,Yes,Yes,b,Yes,Yes,c,c,c,Yes,c,Yes,Yes,Yes,No,No,No,0.0,21.9,2.8,0.0,2.7,1.6,3.8,11.0,0.0,11.0
Dikhari Chah Comp. 230/238 Nlr,291950,69.9,641,134,1,b,b,b,,,,,,0.0,Yes,Yes,Yes,No,No,No,No,No,Yes,b,b,c,b,b,b,a,b,Yes,b,Yes,Yes,c,b,c,Yes,b,Yes,Yes,Yes,No,No,No,0.0,0.0,0.0,0.0,0.0,0.0,0.0,69.9,0.0,69.9
Ghugul Pather,291951,43.1,238,48,1,a,a,c,,,,,,0.0,No,Yes,Yes,No,No,No,No,No,c,c,a,a,a,a,a,a,a,Yes,b,Yes,Yes,b,b,b,Yes,c,Yes,a,Yes,No,No,No,0.0,10.2,1.8,0.0,1.2,0.8,2.0,25.0,0.0,25.0
Tetonbari Borbam,291952,106.5,467,104,1,b,b,b,,,,,,0.0,Yes,Yes,Yes,No,No,No,No,No,c,c,b,a,b,b,b,b,a,Yes,b,Yes,Yes,c,c,c,Yes,b,Yes,Yes,Yes,No,No,No,0.0,25.6,7.9,0.0,5.2,1.2,0.9,63.5,0.0,63.5
Borbam Block Gaon,291953,116.1,111,28,a,b,b,b,,,,,,0.0,No,No,Yes,No,No,No,No,No,c,c,b,a,b,b,b,b,a,Yes,b,Yes,Yes,b,c,c,a,b,b,b,Yes,No,No,No,0.0,25.1,2.2,0.0,2.5,1.9,1.5,80.7,0.0,80.7
Diroighat Block Gaon,291954,15.9,105,18,1,a,a,b,,,,,,0.0,No,No,Yes,Yes,No,Yes,No,No,Yes,c,b,b,b,a,b,a,b,Yes,a,Yes,Yes,b,c,c,a,c,Yes,a,Yes,No,No,No,0.0,2.5,0.4,0.0,0.2,0.2,0.3,10.4,0.0,10.4
Diroighat,291955,108.0,1090,247,1,2,1,a,,,,,,1.0,Yes,Yes,Yes,Yes,No,No,No,No,c,b,Yes,a,a,a,a,Yes,Yes,Yes,b,Yes,Yes,b,c,b,Yes,a,Yes,Yes,Yes,No,No,No,0.0,16.2,3.8,12.7,2.9,1.5,3.0,65.0,0.0,65.0
Deroighat Block No.1,291956,40.8,86,19,a,a,a,a,,,,,,0.0,No,No,Yes,No,No,No,No,No,c,a,b,a,b,b,b,a,a,b,b,Yes,Yes,b,c,c,a,b,a,a,Yes,No,No,No,0.0,5.9,1.3,0.0,1.5,1.0,1.0,27.2,0.0,27.2
Sepon Chah Bagicha 207/25 & 44,291957,108.2,178,42,1,a,a,b,,,,,,0.0,No,No,Yes,Yes,No,No,No,No,Yes,a,Yes,c,c,Yes,a,a,Yes,Yes,b,Yes,Yes,b,c,c,a,Yes,Yes,a,Yes,No,No,No,0.0,5.5,1.5,0.0,0.7,1.8,0.0,12.7,0.0,12.7
Sepon Chah Bagicha 107/110 Nlr,291958,123.5,1632,342,2,2,1,c,,,,,,1.0,Yes,Yes,Yes,Yes,No,No,No,No,Yes,c,Yes,c,c,Yes,Yes,b,Yes,Yes,Yes,Yes,Yes,b,c,b,a,Yes,Yes,Yes,Yes,No,Yes,No,0.0,0.0,0.0,0.0,0.0,0.0,0.0,123.5,0.0,123.5
Tetun Bari,291959,87.0,185,37,1,a,a,b,,,,,,0.0,No,Yes,Yes,No,No,No,No,No,c,b,a,a,a,a,a,a,a,Yes,b,Yes,Yes,b,c,b,a,b,Yes,a,Yes,No,No,No,0.0,7.9,1.2,0.0,1.3,24.9,1.2,20.0,0.0,20.0
Bortani Darkhasta No.95,291960,106.7,239,63,1,a,a,a,,,,,,0.0,No,Yes,Yes,No,No,No,No,No,c,a,b,b,b,b,b,b,a,Yes,b,Yes,Yes,c,c,c,Yes,b,Yes,a,Yes,No,No,No,0.0,2.5,2.6,1.8,0.3,1.8,0.4,8.9,0.0,8.9
Sepon Chah Bagicha 224/122&116,291961,80.3,264,53,1,,a,c,,,,,,0.0,No,Yes,Yes,No,No,No,No,No,Yes,c,b,a,c,Yes,Yes,a,a,Yes,b,Yes,Yes,c,c,c,a,c,a,a,Yes,No,No,No,0.0,2.2,1.4,0.0,0.3,0.0,0.0,5.0,0.0,5.0
Sepon Chah Bagicha 18/21 Nlr G,291962,296.6,1300,256,1,2,a,b,,1.0,,,,1.0,No,Yes,Yes,Yes,No,No,No,No,c,a,Yes,,Yes,Yes,Yes,b,Yes,Yes,b,Yes,Yes,c,c,c,Yes,Yes,Yes,Yes,Yes,No,No,No,0.0,19.7,2.9,0.0,1.1,0.0,0.0,12.4,0.0,12.4
Sepon 284 Nlr Grant,291963,126.1,1705,330,2,2,1,c,,,,,,1.0,Yes,No,Yes,No,No,No,No,No,Yes,c,a,c,Yes,a,a,a,a,Yes,a,Yes,Yes,c,c,c,a,Yes,Yes,Yes,Yes,No,No,No,0.0,7.7,2.3,0.0,0.2,2.2,0.0,7.4,0.0,7.4
Bortani Darkhasta No.5,291964,24.1,76,20,1,a,c,c,,,,,,0.0,No,Yes,Yes,Yes,No,No,No,No,Yes,c,Yes,c,c,b,Yes,b,a,a,b,Yes,Yes,c,c,c,a,c,Yes,a,Yes,No,No,No,0.0,2.2,1.2,0.0,0.2,0.0,0.0,0.0,0.0,0.0
Khagarijan,291965,40.0,136,33,1,a,a,c,,,,,,0.0,No,No,Yes,Yes,No,No,No,No,Yes,c,b,c,c,Yes,Yes,b,a,Yes,b,Yes,Yes,b,c,b,a,Yes,Yes,c,Yes,No,No,No,0.0,6.8,2.6,0.0,0.6,1.4,0.0,7.4,0.0,7.4
Chakalia No.2,291966,54.2,599,122,1,b,a,c,,,,,,0.0,No,No,No,Yes,No,No,No,No,Yes,c,a,c,a,a,a,b,a,Yes,a,Yes,Yes,b,c,b,Yes,Yes,a,Yes,Yes,No,No,No,0.0,6.0,1.4,0.0,0.4,1.3,0.0,19.2,0.0,19.2
Chakalia No.3,291967,14.6,121,22,a,a,a,c,,,,,,0.0,No,No,No,Yes,No,No,No,No,Yes,c,a,c,c,Yes,a,b,a,Yes,b,Yes,Yes,c,c,c,a,c,c,a,Yes,No,No,No,0.0,2.8,0.9,0.0,0.2,0.2,0.0,2.0,0.0,2.0
Rangagarah No.1,291968,250.4,1444,296,2,a,a,b,,,1.0,,,1.0,Yes,Yes,Yes,Yes,No,No,No,No,Yes,b,a,b,Yes,Yes,a,b,a,Yes,b,Yes,Yes,b,b,b,Yes,Yes,Yes,Yes,Yes,No,No,No,0.0,35.6,3.8,0.0,1.4,4.6,0.0,120.4,0.0,120.4
Jhalam,291969,219.2,1014,213,1,a,a,b,,,1.0,,,1.0,Yes,Yes,Yes,Yes,No,No,No,No,Yes,b,Yes,b,b,Yes,Yes,b,a,Yes,b,Yes,Yes,c,b,c,a,Yes,Yes,Yes,Yes,No,No,No,0.0,36.1,4.3,0.0,2.3,5.6,0.0,113.4,0.0,113.4
Rangagarah No.2,291970,56.4,439,81,1,a,a,b,,,,,,0.0,Yes,No,Yes,Yes,No,No,No,No,Yes,b,Yes,b,b,Yes,a,b,Yes,Yes,b,Yes,Yes,c,b,c,Yes,c,a,a,Yes,No,No,No,0.0,8.8,2.3,0.0,0.0,1.6,0.0,13.6,0.0,13.6
Khelmati,291971,199.0,1198,264,1,2,1,1,,,,,,1.0,Yes,Yes,Yes,Yes,No,No,No,No,Yes,b,Yes,a,a,a,Yes,b,Yes,Yes,b,Yes,Yes,c,a,c,Yes,b,Yes,Yes,Yes,No,No,No,0.0,30.4,10.0,0.0,13.8,0.0,0.0,40.0,0.0,40.0
Jationi,291972,129.8,429,86,1,1,a,a,,,,,,0.0,Yes,Yes,Yes,Yes,No,No,No,No,Yes,b,b,b,b,b,a,b,a,Yes,b,Yes,Yes,b,b,c,Yes,c,Yes,a,Yes,No,No,No,0.0,30.4,6.3,6.1,6.7,0.0,0.0,40.1,0.0,40.1
Chagali Pather,291973,181.6,407,83,1,1,a,a,,,1.0,,,0.0,Yes,Yes,Yes,Yes,No,Yes,No,No,Yes,b,Yes,b,b,b,a,a,Yes,Yes,b,Yes,Yes,b,b,c,a,b,Yes,a,Yes,No,No,No,0.0,25.1,10.0,0.0,10.0,0.0,0.0,96.3,0.0,96.3
Natun Majhi,291974,137.2,366,76,1,a,a,a,,,,,,0.0,Yes,Yes,Yes,Yes,No,Yes,No,No,Yes,b,Yes,b,b,b,b,b,Yes,Yes,b,Yes,Yes,b,b,c,Yes,c,a,a,Yes,No,No,No,0.0,10.0,5.0,0.0,5.0,0.0,0.0,97.0,0.0,97.0
Dighalia,291975,16.7,33,8,a,a,b,b,,,,,,0.0,No,Yes,Yes,Yes,No,No,No,No,Yes,b,b,b,b,b,b,a,a,c,b,Yes,b,b,b,c,Yes,c,a,a,Yes,No,No,No,2.5,2.5,0.0,4.5,0.0,0.0,0.0,7.1,0.0,7.1
Tepojan,291976,47.9,238,44,1,a,a,b,,,,,,0.0,Yes,Yes,Yes,Yes,No,No,No,No,c,b,Yes,b,b,b,b,b,Yes,Yes,b,Yes,Yes,c,b,b,Yes,b,Yes,a,Yes,No,No,No,0.0,10.0,5.0,0.0,0.0,0.0,0.0,12.7,0.0,12.7
Tepojan No.2,291977,13.6,301,58,1,a,a,b,,,,,,0.0,No,Yes,Yes,Yes,No,No,No,No,Yes,b,Yes,b,b,b,a,b,Yes,Yes,b,Yes,Yes,c,b,b,a,b,a,a,Yes,No,No,No,0.0,5.0,2.0,0.0,0.0,0.0,0.0,3.5,0.0,3.5
Moran Chah Comp. 18/39 No Fs,291978,190.9,1579,320,2,2,a,a,,,,,,1.0,Yes,No,Yes,Yes,No,No,No,No,Yes,b,Yes,a,a,a,Yes,b,Yes,Yes,Yes,Yes,Yes,c,a,b,a,b,Yes,Yes,Yes,Yes,Yes,No,0.0,20.1,10.3,0.0,0.0,10.1,0.0,10.0,0.0,10.0
Sarupather No.1,291979,48.8,574,125,1,a,a,a,,,,,,0.0,Yes,No,No,Yes,No,No,No,No,Yes,b,Yes,a,a,a,Yes,b,Yes,Yes,b,Yes,Yes,c,a,b,Yes,b,Yes,Yes,Yes,No,No,No,0.0,10.2,5.0,0.0,5.0,0.0,0.0,18.5,0.0,18.5
Sarupather No.2,291980,89.0,1143,228,1,2,1,a,,,,,,1.0,Yes,Yes,Yes,Yes,No,Yes,No,No,Yes,b,Yes,a,Yes,a,Yes,b,Yes,Yes,b,Yes,Yes,c,a,b,Yes,b,Yes,Yes,Yes,No,No,No,0.0,20.0,5.0,0.0,0.0,0.0,0.0,10.0,0.0,10.0
Tikhari Chah Co. Darkasta No,291981,42.2,219,44,a,a,a,a,,,,,,0.0,No,No,Yes,Yes,No,No,No,No,Yes,b,Yes,a,a,a,a,a,Yes,Yes,b,Yes,Yes,c,a,b,Yes,c,a,a,Yes,No,No,No,0.0,5.2,2.0,0.0,0.0,0.0,0.0,20.5,0.0,20.5
Mirihula No.1,291982,27.3,1057,248,1,a,a,b,,,1.0,,,1.0,Yes,Yes,Yes,Yes,No,No,No,No,Yes,a,Yes,a,a,a,a,a,Yes,Yes,a,Yes,Yes,c,a,b,Yes,Yes,Yes,Yes,Yes,No,No,No,0.0,8.0,3.2,0.0,0.0,0.0,0.0,6.9,0.0,6.9
Hatkhula,291983,69.2,972,246,1,a,a,b,,,,,,1.0,Yes,Yes,Yes,Yes,No,No,No,No,Yes,a,Yes,a,a,a,Yes,Yes,Yes,Yes,b,Yes,Yes,b,a,c,Yes,a,a,Yes,Yes,No,No,No,0.0,12.2,0.0,5.1,28.0,0.0,23.8,0.0,0.0,0.0
Mirihula Block,291984,30.3,658,150,1,a,a,b,,,,,,0.0,Yes,Yes,Yes,No,No,No,No,No,Yes,a,Yes,a,a,a,a,a,Yes,Yes,a,Yes,Yes,a,a,c,Yes,b,Yes,Yes,Yes,No,No,No,0.0,5.5,2.2,0.0,0.0,0.0,0.0,10.2,0.0,10.2
Rashi Pather No.2,291985,116.6,681,156,1,a,b,b,,,,,,0.0,No,No,Yes,Yes,No,No,No,No,Yes,a,Yes,b,b,b,b,b,Yes,Yes,b,Yes,Yes,a,b,c,a,b,Yes,Yes,Yes,No,No,No,0.0,20.0,10.0,0.0,5.0,0.0,0.0,41.5,0.0,41.5
Kaowimari No.2,291986,39.2,295,59,1,a,a,a,,,,,,0.0,No,Yes,Yes,Yes,No,No,No,No,Yes,a,Yes,a,a,a,a,a,Yes,Yes,b,Yes,Yes,a,a,c,Yes,Yes,Yes,a,Yes,No,No,No,0.0,7.2,2.0,0.0,0.0,0.0,0.0,17.0,0.0,17.0
Moran Chah Co. Darkhasta No.98,291987,121.4,133,30,1,a,a,b,,,,,,0.0,No,No,No,Yes,No,No,No,No,Yes,a,Yes,a,a,a,a,a,Yes,Yes,b,Yes,Yes,a,a,a,Yes,c,Yes,a,Yes,No,No,No,0.0,10.2,5.0,0.0,0.0,0.0,6.2,0.0,0.0,0.0
Dikhari Moran No.2,291988,91.1,381,84,1,a,a,a,,,,,,0.0,Yes,No,Yes,No,No,No,No,No,Yes,a,Yes,c,a,a,c,c,Yes,Yes,b,Yes,Yes,b,a,c,Yes,b,Yes,a,Yes,No,No,No,0.0,7.7,2.2,0.0,0.0,0.0,2.4,41.6,0.0,41.6
Fatikacua Ahom Gaon,291989,74.0,297,68,a,a,a,a,,,,,,0.0,No,No,Yes,Yes,No,No,No,No,Yes,a,Yes,a,a,a,a,a,Yes,Yes,b,Yes,Yes,c,a,c,Yes,a,a,a,Yes,No,No,No,0.0,7.0,1.2,0.0,0.0,0.0,2.0,36.4,0.0,36.4
Bezarchuk Bongali,291990,146.7,904,208,1,a,a,a,,,1.0,,,1.0,Yes,No,Yes,Yes,No,No,No,No,Yes,a,Yes,a,a,a,Yes,a,Yes,Yes,b,Yes,Yes,b,a,b,Yes,c,Yes,Yes,Yes,No,No,No,0.0,20.2,20.2,0.0,0.0,0.0,10.1,46.3,0.0,46.3
Kaowimari No.2,291991,39.2,206,46,1,a,a,a,,,,,,0.0,Yes,Yes,Yes,Yes,No,No,No,No,Yes,a,a,a,a,a,a,a,a,Yes,b,Yes,Yes,c,a,c,a,Yes,Yes,a,Yes,No,No,No,0.0,6.3,1.5,0.0,0.0,0.0,0.0,17.0,0.0,17.0
Tikhori Bongali,291992,56.7,304,63,1,a,a,a,,,,,,0.0,No,Yes,Yes,Yes,No,No,No,No,c,a,a,a,a,a,a,a,a,Yes,b,Yes,Yes,b,a,c,Yes,c,Yes,a,Yes,No,No,No,0.0,5.2,0.0,0.0,0.0,0.0,0.4,31.0,0.0,31.0
Moran Chah Co.140/168 No Fs Grant,291993,184.2,569,126,1,a,a,a,,,,,,0.0,Yes,Yes,Yes,No,Yes,Yes,No,No,c,a,Yes,,b,b,Yes,b,Yes,Yes,b,Yes,Yes,b,a,b,Yes,Yes,Yes,Yes,Yes,No,No,No,0.0,5.0,5.0,0.0,0.0,0.0,0.0,14.1,0.0,14.1
Abhoipuria Bongali,291994,60.1,1333,311,1,a,a,a,,,1.0,,,1.0,Yes,Yes,Yes,Yes,No,No,No,No,a,a,Yes,a,a,a,a,Yes,Yes,Yes,b,Yes,Yes,b,a,b,Yes,b,a,Yes,Yes,No,No,No,0.0,12.0,1.4,14.0,0.6,1.6,0.0,10.1,0.0,10.1
Fatikacua Abhaipuria Gaon,291995,219.5,1459,355,3,2,2,a,,,,,,1.0,Yes,Yes,Yes,Yes,No,Yes,No,No,Yes,a,a,a,Yes,a,Yes,a,a,Yes,b,Yes,Yes,b,a,c,Yes,Yes,Yes,Yes,Yes,No,Yes,No,0.0,7.6,2.0,32.4,0.8,1.0,0.0,53.8,0.0,53.8
Nowkata Gaon,291996,93.6,250,51,b,b,b,b,,,,,,0.0,No,No,Yes,Yes,No,No,No,No,Yes,b,b,b,b,b,a,b,a,Yes,b,Yes,Yes,b,b,c,Yes,b,a,a,Yes,No,No,No,0.0,17.1,0.0,0.0,7.5,0.0,1.3,64.5,0.0,64.5
Fatikacua Nepali,291997,185.7,1049,232,2,1,1,a,,,1.0,,,1.0,Yes,No,No,Yes,No,No,No,No,Yes,a,Yes,a,a,a,a,b,Yes,Yes,b,Yes,Yes,a,a,c,Yes,Yes,Yes,Yes,Yes,No,No,No,0.0,36.9,7.0,0.0,0.8,2.0,0.0,74.1,0.0,74.1
Raidangia Gaon,291998,51.0,188,35,1,a,a,a,,,1.0,,,0.0,Yes,Yes,Yes,Yes,No,No,No,No,Yes,a,Yes,a,a,a,a,Yes,Yes,Yes,b,Yes,Yes,a,a,c,Yes,b,Yes,a,Yes,No,No,No,0.0,11.4,3.1,0.0,0.1,1.1,0.0,28.2,0.0,28.2
Raidangia Sheet Grazing,291999,63.2,480,61,1,1,1,1,,,,,,0.0,Yes,No,No,Yes,No,No,No,No,Yes,a,a,a,a,a,a,Yes,a,Yes,b,Yes,Yes,a,a,c,Yes,Yes,Yes,Yes,Yes,No,No,No,0.0,3.7,0.0,51.1,0.3,0.0,0.0,4.0,0.0,4.0
Domradalang No.4,292000,32.9,165,35,1,a,1,a,,,,,,0.0,Yes,Yes,Yes,Yes,No,No,No,No,Yes,a,Yes,a,a,a,a,a,Yes,Yes,b,Yes,Yes,a,a,c,Yes,Yes,Yes,a,Yes,No,No,No,0.0,3.1,1.0,16.7,0.0,4.9,0.0,7.1,0.0,7.1
Domardalang No.1,292001,106.8,644,142,1,1,1,b,,,1.0,,,0.0,Yes,Yes,Yes,Yes,No,No,No,No,Yes,b,Yes,b,b,b,b,b,Yes,Yes,b,Yes,Yes,a,b,c,Yes,Yes,Yes,Yes,Yes,No,No,No,0.0,9.4,2.2,0.0,0.1,2.1,1.1,36.5,0.0,36.5
Teloijan Gaon,292002,180.5,886,181,1,a,a,b,,,,,,0.0,No,Yes,Yes,Yes,No,No,No,No,Yes,b,Yes,b,b,b,b,a,Yes,Yes,b,Yes,Yes,a,b,c,Yes,Yes,Yes,Yes,Yes,No,No,No,0.0,17.0,2.0,7.4,0.1,1.8,0.0,75.0,0.0,75.0
Teloijan Darkhsta No.25,292003,199.1,2108,419,3,a,a,a,,,,,,1.0,Yes,Yes,Yes,Yes,No,No,No,No,Yes,b,Yes,b,b,b,b,Yes,Yes,Yes,Yes,Yes,Yes,c,b,b,Yes,Yes,a,Yes,Yes,No,No,No,0.0,21.1,3.0,0.0,0.1,2.1,0.0,15.8,0.0,15.8
Bhugali Pather F/V,292004,44.1,402,74,2,a,a,c,,,,,,0.0,No,No,Yes,Yes,No,No,No,No,Yes,c,b,c,b,a,b,c,b,Yes,b,Yes,Yes,c,c,b,a,c,Yes,a,Yes,No,No,No,0.0,2.1,3.0,0.0,0.6,0.0,1.7,34.0,0.0,34.0
Koch Gaon F.V.,292005,32.1,153,29,1,a,a,c,,,,,,0.0,No,No,Yes,No,No,No,No,No,Yes,c,b,c,b,Yes,b,c,b,Yes,b,Yes,Yes,c,c,c,Yes,c,Yes,a,Yes,No,No,No,0.0,4.0,3.0,0.0,1.5,0.0,1.0,19.5,0.0,19.5
Majbam F.V.,292006,44.2,357,72,1,a,a,c,,,,,,0.0,No,Yes,Yes,No,No,No,No,No,Yes,c,c,c,Yes,Yes,c,c,c,Yes,a,Yes,Yes,a,c,c,Yes,c,Yes,a,Yes,No,No,No,0.0,6.4,4.1,0.0,0.3,0.0,0.0,28.4,0.0,28.4
Borbil F.V.,292007,19.3,209,43,1,a,b,c,,,,,,0.0,Yes,No,No,Yes,No,No,No,No,a,c,c,c,c,c,c,Yes,c,Yes,b,Yes,Yes,b,c,c,Yes,c,Yes,a,Yes,No,No,No,0.0,2.6,3.0,0.0,0.3,0.0,1.3,8.0,0.0,8.0
Borhula F.V.,292008,28.1,190,41,1,a,a,c,,,,,,0.0,Yes,Yes,Yes,Yes,No,No,No,No,Yes,c,c,c,b,Yes,c,c,c,Yes,a,Yes,Yes,a,c,c,a,c,Yes,a,Yes,No,No,No,0.0,2.1,1.5,0.0,0.0,1.4,0.8,18.7,0.0,18.7
Joriguri F.V.,292009,25.8,407,86,2,1,1,c,,,,,,0.0,No,Yes,Yes,Yes,No,No,No,No,Yes,c,c,c,Yes,Yes,c,c,c,Yes,b,Yes,Yes,b,c,c,Yes,c,Yes,a,Yes,No,No,No,0.0,2.4,2.0,0.0,0.3,0.0,0.0,17.7,0.0,17.7
Bharali Forest Village,292010,30.1,282,56,1,a,a,c,,,,,,0.0,No,No,Yes,Yes,No,No,No,No,b,c,c,c,b,Yes,c,c,c,Yes,a,Yes,Yes,a,c,c,Yes,c,Yes,a,No,No,No,No,0.0,3.7,4.6,0.0,0.3,0.0,0.0,19.5,0.0,19.5
Puberun Krishipam  Nigam F.V.,292011,35.0,1035,211,2,2,a,c,,,,,,1.0,Yes,Yes,Yes,Yes,No,No,No,No,Yes,c,b,c,Yes,a,b,c,b,Yes,b,Yes,Yes,a,c,c,Yes,c,Yes,Yes,Yes,No,No,No,0.0,1.6,2.6,0.0,0.6,0.0,1.6,19.6,0.0,19.6
Kenduguri No.2,292013,165.3,285,60,1,b,c,c,,1.0,,,,0.0,No,No,Yes,Yes,No,No,No,No,Yes,c,b,c,b,b,c,c,c,Yes,b,Yes,Yes,b,c,c,Yes,Yes,Yes,a,Yes,No,No,No,0.0,23.2,0.0,0.0,0.0,0.0,0.0,142.2,0.0,142.2
Sessa Nepali,292014,150.4,452,87,1,1,b,c,,,1.0,,,0.0,No,Yes,Yes,Yes,No,No,No,No,b,c,b,c,b,b,c,c,c,Yes,a,Yes,Yes,b,c,b,Yes,c,Yes,Yes,Yes,No,No,No,0.0,1.6,0.0,0.0,0.0,0.0,0.0,148.8,0.0,148.8
Dhamon No.2,292015,370.9,887,173,1,1,1,c,,,1.0,,,1.0,Yes,Yes,Yes,Yes,No,No,No,No,b,c,Yes,c,a,a,c,c,Yes,Yes,a,Yes,Yes,a,c,c,Yes,c,Yes,Yes,Yes,No,No,No,33.6,0.0,0.0,0.0,0.0,0.0,0.0,337.4,0.0,337.4
Disang Borbil,292016,267.9,260,51,1,a,b,c,,1.0,1.0,,,0.0,Yes,No,Yes,Yes,No,No,No,No,a,c,a,c,b,b,c,c,c,Yes,b,Yes,Yes,c,c,a,Yes,c,Yes,a,Yes,No,No,No,0.0,27.4,0.0,0.0,0.0,0.0,0.0,240.4,0.0,240.4
Disang,292017,207.2,771,148,1,1,2,c,,1.0,,,,0.0,No,Yes,Yes,Yes,No,No,No,No,Yes,c,c,c,b,b,c,c,c,Yes,a,Yes,Yes,a,c,a,a,c,Yes,Yes,Yes,No,No,No,0.0,23.1,0.0,0.0,0.0,0.0,0.0,184.1,0.0,184.1
Ronswal No.2,292018,178.3,595,130,1,1,b,c,,,1.0,,,0.0,No,No,Yes,Yes,No,No,No,No,Yes,c,Yes,c,b,b,c,c,Yes,Yes,b,Yes,Yes,a,c,a,a,c,Yes,Yes,Yes,No,No,No,0.0,9.2,0.0,0.0,0.0,0.0,0.0,169.1,0.0,169.1
Kadamoni,292019,178.8,235,47,1,c,c,c,,1.0,,,,0.0,Yes,No,Yes,Yes,No,No,No,No,Yes,c,Yes,c,c,c,a,b,b,Yes,b,Yes,Yes,b,c,b,Yes,c,Yes,a,Yes,No,No,No,0.0,25.4,0.0,76.4,0.0,0.0,0.0,76.9,0.0,76.9
Tipamia Dighalia,292020,51.6,172,33,a,a,b,b,,,,,,0.0,No,Yes,Yes,No,No,No,No,No,Yes,c,b,c,b,b,c,a,a,Yes,b,Yes,Yes,b,c,b,a,a,a,a,Yes,No,No,No,0.0,7.5,0.0,0.0,0.0,0.0,0.0,41.1,0.0,41.1
Salmari No.1,292021,554.7,2364,514,1,2,1,b,,,1.0,,,1.0,Yes,No,Yes,No,No,No,No,No,Yes,c,Yes,,Yes,Yes,c,c,b,Yes,Yes,Yes,Yes,b,b,b,Yes,Yes,Yes,Yes,Yes,No,No,No,0.0,14.0,0.0,0.0,0.0,0.0,0.0,540.7,0.0,540.7
Gela Dissang,292022,289.0,1049,239,2,2,a,c,,,1.0,,,1.0,No,Yes,Yes,Yes,No,No,No,No,a,c,Yes,c,a,a,c,c,Yes,Yes,b,Yes,Yes,b,c,b,Yes,a,Yes,Yes,Yes,No,No,No,0.0,16.6,0.0,0.0,0.0,0.0,0.0,272.4,0.0,272.4
Salmari T.E. 24 Darkhastor,292023,135.4,348,71,1,a,a,c,,,1.0,,,0.0,No,No,No,Yes,No,No,No,No,a,c,a,c,b,b,c,c,c,Yes,b,Yes,Yes,b,c,b,Yes,c,Yes,a,Yes,No,No,No,0.0,1.0,0.0,0.0,0.0,0.0,0.0,134.4,0.0,134.4
Dhomon No.1`,292024,226.3,902,183,1,1,1,c,,,1.0,,,1.0,No,No,Yes,Yes,No,Yes,No,No,Yes,c,Yes,c,Yes,Yes,c,c,Yes,Yes,b,Yes,Yes,c,c,b,a,c,Yes,Yes,Yes,No,No,No,0.0,9.7,0.0,0.0,0.0,0.0,0.0,216.6,0.0,216.6
Nalani Kapahua No.2,292025,104.9,105,24,1,a,a,a,,1.0,,,,0.0,Yes,No,No,Yes,No,No,No,No,Yes,c,a,c,b,a,c,c,c,Yes,a,a,Yes,c,c,b,a,c,Yes,a,Yes,No,No,No,0.0,6.8,15.7,15.7,0.0,0.0,0.0,66.7,0.0,66.7
Tingthengia,292026,154.7,778,167,1,1,a,c,,1.0,1.0,,,0.0,No,No,Yes,Yes,No,No,No,No,Yes,c,Yes,c,b,b,b,b,Yes,Yes,b,Yes,Yes,b,c,b,Yes,c,Yes,Yes,Yes,No,No,No,0.0,12.6,0.0,0.0,0.0,0.0,0.0,142.1,0.0,142.1
Nalani Kapahua No.1,292027,73.0,184,34,1,b,b,b,,,,,,0.0,Yes,No,No,Yes,No,No,No,No,Yes,c,b,c,b,b,c,c,c,Yes,b,Yes,Yes,b,c,b,a,c,Yes,a,Yes,No,No,No,0.0,4.0,0.0,0.0,0.0,0.0,0.0,59.1,0.0,59.1
Majpather No.2,292028,46.7,185,38,1,a,a,c,,,,,,0.0,No,No,No,Yes,No,No,No,No,a,c,a,c,a,a,c,c,c,Yes,a,Yes,Yes,b,c,b,a,c,Yes,a,No,No,No,No,0.0,2.9,0.0,0.0,0.0,0.0,0.3,0.5,0.0,0.5
Majpather No.1,292029,105.2,336,75,1,a,a,a,,1.0,1.0,,,1.0,No,Yes,No,Yes,No,No,No,No,b,c,b,c,b,b,c,c,c,Yes,a,Yes,Yes,b,c,b,a,c,Yes,a,Yes,No,No,No,0.0,17.2,0.0,0.0,0.0,0.0,0.0,88.0,0.0,88.0
Nalani Kapahua No.3,292030,97.3,317,63,1,a,a,c,,,,,,0.0,No,Yes,Yes,Yes,No,No,No,No,c,c,a,a,a,a,c,c,c,Yes,c,Yes,Yes,b,c,b,Yes,c,Yes,a,Yes,No,No,No,0.0,2.7,2.7,0.0,0.0,0.0,45.9,45.9,0.0,45.9
Guhain Pather,292031,42.4,227,47,1,a,c,b,,,1.0,,,2.0,No,No,Yes,No,No,No,No,No,a,c,a,c,b,a,c,c,c,Yes,a,Yes,Yes,b,c,b,Yes,c,Yes,a,Yes,No,No,No,0.0,1.9,0.0,0.0,0.0,0.0,2.0,38.6,0.0,38.6
Khowang Grant,292032,116.6,608,123,1,b,c,c,,,1.0,,,0.0,Yes,Yes,Yes,Yes,No,Yes,No,No,Yes,c,Yes,c,b,b,c,c,Yes,Yes,b,Yes,Yes,b,c,b,Yes,c,Yes,Yes,Yes,No,No,No,0.0,22.5,0.0,0.0,0.0,0.0,0.0,94.1,0.0,94.1
Kachalo,292033,108.0,459,92,1,a,a,c,,1.0,,,,4.0,No,Yes,Yes,Yes,No,Yes,No,No,b,b,b,c,b,b,c,c,c,Yes,b,Yes,Yes,c,c,b,Yes,c,Yes,Yes,Yes,No,No,No,0.0,0.0,11.0,0.0,0.0,0.0,0.3,96.7,0.0,96.7
Kuli No.2,292034,169.0,643,135,1,2,b,c,,,,,,0.0,Yes,Yes,Yes,Yes,No,No,No,No,a,c,Yes,c,a,a,c,c,Yes,Yes,a,Yes,Yes,c,c,b,Yes,c,Yes,Yes,Yes,No,No,No,0.0,0.0,31.2,0.0,0.0,0.0,2.9,134.9,0.0,134.9
Kuli No.1,292035,94.1,376,75,1,a,b,c,,,,,,1.0,No,No,Yes,Yes,No,No,No,No,c,c,c,c,c,c,c,c,c,Yes,b,Yes,Yes,c,c,a,a,b,Yes,a,Yes,No,No,No,0.0,8.5,0.0,0.0,0.0,0.0,1.6,84.0,0.0,84.0
Gandhia No.1,292036,142.1,473,92,2,a,a,a,,,,,,1.0,No,Yes,Yes,Yes,No,No,No,No,a,b,a,c,c,c,c,c,c,Yes,a,Yes,Yes,c,c,a,a,c,Yes,Yes,Yes,No,No,No,0.0,9.6,0.0,0.0,0.0,0.0,4.6,128.0,0.0,128.0
Gandhia No.2,292037,262.6,598,121,1,1,1,a,,,1.0,,,1.0,Yes,Yes,Yes,Yes,No,No,No,No,a,c,a,c,c,c,c,b,b,Yes,b,Yes,Yes,c,c,c,Yes,c,Yes,Yes,Yes,No,No,No,0.0,12.9,0.0,0.0,0.0,0.0,124.8,124.8,0.0,124.8
Ghogulani,292038,323.1,1066,228,1,2,a,c,,1.0,1.0,,,1.0,No,No,Yes,Yes,Yes,Yes,No,No,b,c,a,c,Yes,a,c,b,b,Yes,a,Yes,Yes,c,c,c,Yes,c,Yes,Yes,Yes,No,No,No,0.0,7.6,0.0,0.0,0.0,0.0,3.9,308.6,0.0,308.6
Bamun Pukhuri,292039,218.0,778,163,1,2,a,a,,,1.0,,,1.0,No,Yes,Yes,No,No,No,No,No,b,b,Yes,c,b,b,b,c,Yes,Yes,b,Yes,Yes,b,c,c,b,c,Yes,Yes,Yes,No,No,No,0.0,6.7,0.0,0.0,0.0,0.0,0.0,211.3,0.0,211.3
Nachani No.1,292040,871.2,3164,652,3,2,1,b,,,1.0,,,1.0,Yes,Yes,Yes,No,No,Yes,No,No,Yes,b,Yes,c,b,b,c,c,c,Yes,Yes,Yes,Yes,c,c,c,a,c,Yes,Yes,Yes,No,No,No,0.0,14.5,0.0,0.0,0.0,0.0,32.5,804.3,0.0,804.3
Nachani No.2,292041,143.3,396,78,1,b,b,c,,,,,,0.0,No,No,Yes,Yes,No,No,No,No,c,b,c,c,c,c,c,c,c,Yes,a,Yes,Yes,a,c,c,Yes,c,Yes,a,Yes,No,No,No,0.0,5.0,0.0,0.0,0.0,0.0,0.0,122.3,0.0,122.3
Ouguri Kapahua No.1,292042,116.9,421,89,1,1,a,b,,,,,,0.0,No,Yes,Yes,No,No,No,No,No,c,b,b,c,b,b,c,c,b,Yes,b,Yes,Yes,a,b,c,Yes,c,Yes,a,No,No,No,No,0.0,78.4,0.0,0.0,0.0,0.0,0.0,38.5,0.0,38.5
Ouguri Kapahua No.2,292043,193.1,953,206,1,1,a,b,,,1.0,,,1.0,No,Yes,Yes,No,No,Yes,No,No,Yes,b,b,c,b,Yes,c,c,b,Yes,b,Yes,Yes,a,b,c,Yes,b,Yes,Yes,Yes,No,No,No,0.0,7.6,0.0,0.0,0.0,0.0,0.0,53.5,0.0,53.5
Tipania Bangali No.3,292044,161.6,505,100,1,1,a,b,,,,,,0.0,Yes,No,Yes,No,No,No,No,No,Yes,b,b,c,b,Yes,c,c,b,Yes,b,Yes,Yes,a,b,c,a,b,Yes,Yes,Yes,No,No,No,0.0,1.2,0.0,107.5,0.0,0.0,0.0,53.0,0.0,53.0
Salmari No.3,292045,168.8,343,74,1,a,c,c,,,,,,0.0,No,Yes,Yes,No,No,No,No,No,Yes,b,b,c,b,b,c,c,c,Yes,b,Yes,Yes,a,b,c,Yes,b,Yes,a,Yes,No,No,Yes,0.0,13.5,0.0,0.0,0.0,0.0,0.0,145.3,0.0,145.3
Salmari No.2,292046,209.6,750,159,1,a,c,c,,,,,,0.0,Yes,Yes,Yes,No,No,Yes,No,No,Yes,b,b,c,b,b,c,a,a,Yes,b,Yes,Yes,a,b,c,Yes,c,Yes,Yes,Yes,No,No,Yes,0.0,15.1,0.0,0.0,0.0,0.0,0.0,184.5,0.0,184.5
Tipamia Dighalia,292047,114.1,494,94,1,a,c,c,,,,,,0.0,No,No,Yes,No,No,No,No,No,Yes,b,b,c,b,b,c,a,a,Yes,b,Yes,Yes,a,b,c,Yes,c,Yes,Yes,Yes,No,No,No,0.0,10.2,0.0,0.0,0.0,0.0,0.0,103.8,0.0,103.8
Dighalia No.1,292048,254.1,865,188,1,a,a,a,,,,,,0.0,Yes,Yes,Yes,No,No,No,No,No,Yes,b,b,c,b,b,c,c,a,Yes,b,Yes,Yes,a,a,c,Yes,c,Yes,Yes,Yes,No,No,Yes,0.0,5.4,0.0,0.0,0.0,0.0,0.0,248.7,0.0,248.7
Dighalia No.2,292049,55.4,314,69,1,a,a,a,,,,,,0.0,Yes,Yes,Yes,Yes,No,No,No,No,Yes,b,b,c,b,b,c,c,c,Yes,b,Yes,Yes,b,a,b,a,b,a,a,Yes,No,No,Yes,0.0,10.4,0.0,0.0,0.0,0.0,0.0,45.0,0.0,45.0
Grab T.E.5/34/105,292050,321.6,1188,261,1,2,a,a,,,,,,1.0,Yes,Yes,Yes,No,No,No,No,No,Yes,c,b,c,Yes,Yes,c,c,c,Yes,b,Yes,Yes,b,a,b,Yes,Yes,Yes,Yes,Yes,No,No,Yes,0.0,26.3,0.0,0.0,0.0,0.0,0.0,295.3,0.0,295.3
Grab T.E. 4/12/35,292051,302.3,546,121,1,a,a,a,,,,,,0.0,No,No,Yes,No,No,No,No,No,Yes,b,b,c,b,b,c,a,a,Yes,b,Yes,Yes,b,a,b,a,c,Yes,Yes,Yes,No,No,No,0.0,20.3,0.0,0.0,0.0,0.0,0.0,0.0,0.0,0.0
Sukan Pather,292052,114.8,290,60,1,2,a,a,,,,,,1.0,No,No,Yes,No,No,No,No,No,c,b,a,a,a,a,c,b,a,Yes,b,Yes,Yes,b,c,b,a,a,Yes,a,Yes,No,No,No,0.0,20.2,0.0,0.0,0.0,0.0,0.0,94.5,0.0,94.5
Na-Sripuria,292053,121.1,598,131,1,a,a,a,,,,,,0.0,No,Yes,Yes,No,No,No,No,No,Yes,a,b,,b,b,c,b,a,Yes,b,Yes,Yes,b,a,b,Yes,c,Yes,Yes,Yes,No,No,No,0.0,20.2,0.0,0.0,0.0,0.0,0.0,100.8,0.0,100.8
Pulungani,292054,375.1,1342,282,2,a,b,b,,,,,,1.0,No,Yes,No,Yes,No,Yes,No,No,Yes,b,b,c,Yes,Yes,c,a,a,Yes,b,Yes,Yes,b,b,b,a,Yes,Yes,Yes,Yes,No,No,No,0.0,35.0,0.0,0.0,0.0,0.0,0.0,340.1,0.0,340.1
Purani Kuwari,292055,98.2,321,71,1,1,b,b,,,,,,0.0,No,No,Yes,Yes,No,Yes,No,No,Yes,b,b,c,b,b,c,a,a,Yes,b,Yes,Yes,b,b,b,a,Yes,Yes,a,Yes,No,No,No,0.0,7.9,0.0,0.0,0.0,0.0,90.3,0.0,0.0,0.0
Borpather No.1,292056,137.9,581,121,1,a,b,b,,,,,,0.0,Yes,Yes,No,Yes,No,No,No,No,Yes,b,b,,b,b,c,a,a,Yes,b,Yes,Yes,b,b,b,a,Yes,Yes,Yes,Yes,No,No,No,0.0,53.8,0.0,0.0,0.0,0.0,0.0,84.1,0.0,84.1
Garguri Chaudang No.1(Garguri),292057,176.6,1050,229,1,2,b,b,,,,,,1.0,Yes,Yes,Yes,No,No,No,No,No,Yes,b,b,,c,Yes,c,a,a,Yes,b,Yes,Yes,b,b,b,Yes,Yes,Yes,Yes,Yes,No,No,No,0.0,16.9,0.0,0.0,0.0,0.0,0.0,159.2,0.0,159.2
Betoni No.2,292058,204.3,183,35,1,a,b,b,,,,,,0.0,No,No,Yes,No,No,Yes,No,No,Yes,b,b,,c,b,c,a,a,Yes,b,Yes,Yes,b,a,b,a,c,Yes,a,Yes,No,No,No,0.0,15.4,0.0,0.0,0.0,0.0,0.0,188.9,0.0,188.9
Parbatipur,292059,87.8,202,41,1,a,a,b,,,,,,0.0,No,No,Yes,No,No,No,No,No,Yes,a,b,,b,b,c,a,a,Yes,b,Yes,Yes,b,a,b,Yes,b,Yes,a,Yes,No,No,No,0.0,15.6,0.0,0.0,0.0,0.0,72.2,0.0,0.0,0.0
Betoni No.1,292060,107.8,455,88,1,1,1,a,,,,,,0.0,No,No,Yes,Yes,No,No,No,No,Yes,a,a,c,b,b,Yes,b,a,Yes,b,Yes,Yes,c,a,c,Yes,Yes,Yes,Yes,Yes,No,No,No,0.0,17.8,0.0,20.3,0.0,0.0,0.0,59.7,0.0,59.7
Raidangia,292061,126.2,353,74,1,a,a,a,,,,,,0.0,No,No,Yes,No,No,No,No,No,Yes,a,b,c,b,b,b,b,a,Yes,b,Yes,Yes,a,a,b,Yes,c,Yes,a,Yes,No,No,No,0.0,16.6,0.0,0.0,0.0,0.0,0.0,100.6,0.0,100.6
Raidangia No.2,292062,45.6,287,59,1,a,a,a,,,,,,0.0,No,No,Yes,Yes,No,No,No,No,Yes,a,a,c,b,b,b,b,a,Yes,a,Yes,Yes,a,a,b,Yes,c,Yes,a,Yes,No,No,No,0.0,14.7,0.0,0.0,0.0,0.0,0.0,22.6,0.0,22.6
Tipamia No.2,292063,71.0,752,164,1,1,1,1,,,,,,0.0,Yes,Yes,Yes,Yes,No,No,No,No,a,a,Yes,,b,b,b,b,Yes,Yes,b,Yes,Yes,b,a,b,Yes,c,Yes,Yes,Yes,No,No,No,0.0,13.5,0.0,29.7,0.0,0.0,0.0,19.8,0.0,19.8
Purani Sripuria,292064,71.0,279,55,a,a,a,a,,,,,,0.0,No,Yes,Yes,Yes,No,No,No,No,b,a,a,c,b,b,b,b,a,Yes,a,Yes,Yes,b,Yes,b,Yes,c,a,a,Yes,No,No,No,0.0,15.4,0.0,0.0,0.0,0.0,0.0,45.6,0.0,45.6
Latomoni,292065,195.1,1404,301,1,a,a,a,,,,,,1.0,Yes,Yes,Yes,No,No,No,No,No,Yes,a,Yes,c,Yes,Yes,a,b,Yes,Yes,b,Yes,Yes,a,a,b,a,Yes,Yes,Yes,Yes,No,No,No,0.0,40.2,0.0,0.0,0.0,0.0,0.0,154.9,0.0,154.9
Kachalu Pather,292066,53.2,115,19,1,,1,a,,,,,,0.0,Yes,No,Yes,Yes,No,No,No,No,Yes,a,Yes,c,b,b,Yes,b,a,Yes,b,Yes,Yes,b,a,b,Yes,c,a,a,Yes,No,No,No,0.0,14.4,0.0,0.0,0.0,0.0,0.0,38.8,0.0,38.8
Kachalu Pather No.2,292067,52.9,802,167,1,2,1,1,,1.0,,,,0.0,Yes,Yes,Yes,No,No,No,No,No,Yes,a,b,c,b,b,c,a,a,Yes,b,Yes,Yes,b,a,b,a,b,Yes,Yes,Yes,No,No,Yes,0.0,6.3,0.0,0.0,0.0,0.0,0.0,39.0,0.0,39.0
Bailong Bhati (Bailung),292068,45.1,664,142,1,a,a,a,,,,,,0.0,Yes,No,Yes,No,No,No,No,No,Yes,b,b,c,b,b,c,c,c,Yes,b,Yes,Yes,b,a,b,a,c,Yes,Yes,Yes,No,No,Yes,0.0,5.3,0.0,0.0,0.0,0.0,0.0,29.8,0.0,29.8
Rajgarh T.E. 275/299 Nlr,292069,327.7,1334,266,1,a,a,a,,,,,,1.0,Yes,Yes,Yes,Yes,No,No,No,No,Yes,a,b,c,Yes,Yes,c,c,c,Yes,b,Yes,Yes,b,a,a,a,b,Yes,Yes,Yes,Yes,No,No,0.0,27.7,0.0,0.0,0.0,0.0,0.0,0.0,0.0,0.0
Dighalia No.3,292070,141.4,720,154,1,b,b,b,,,,,,0.0,Yes,Yes,Yes,No,No,No,No,No,Yes,a,b,c,b,b,c,a,a,Yes,b,Yes,Yes,b,b,b,Yes,c,Yes,Yes,Yes,No,No,No,0.0,14.4,0.0,0.0,0.0,0.0,0.0,124.0,0.0,124.0
Sagauneswa No.2,292071,118.5,466,96,1,1,a,b,,,,,,0.0,No,Yes,Yes,No,No,No,No,No,c,b,b,c,b,b,c,c,b,Yes,b,Yes,Yes,b,b,b,Yes,Yes,Yes,Yes,Yes,No,No,No,0.0,2.8,0.0,0.0,0.0,0.0,0.0,29.7,0.0,29.7
Phatangibor (Phatingbor),292072,451.0,1554,316,1,2,a,a,,,1.0,,,1.0,Yes,Yes,Yes,No,No,Yes,No,No,Yes,b,Yes,c,Yes,Yes,c,c,a,Yes,Yes,Yes,Yes,a,c,a,Yes,c,Yes,Yes,Yes,No,No,No,0.0,17.3,0.0,0.0,0.0,0.0,0.0,33.7,0.0,33.7
Salmari No.4,292073,50.1,316,67,1,a,c,c,,,,,,0.0,No,Yes,Yes,No,No,Yes,No,No,Yes,c,b,c,b,b,c,b,b,Yes,b,Yes,Yes,a,c,a,a,c,Yes,a,Yes,No,No,No,0.0,15.0,0.0,0.0,0.0,0.0,0.0,25.1,0.0,25.1
Sagunechowa No.1,292074,115.2,288,60,1,2,a,a,,,,,,0.0,Yes,Yes,Yes,No,No,No,No,No,Yes,c,b,c,b,Yes,c,c,a,Yes,b,Yes,Yes,a,b,a,Yes,c,Yes,a,Yes,No,No,No,0.0,3.4,0.0,0.0,0.0,0.0,0.0,89.8,0.0,89.8
Muragajuli,292075,64.6,886,176,1,b,b,c,,,,,,1.0,Yes,Yes,Yes,Yes,No,No,No,No,c,c,b,c,b,b,c,c,c,Yes,b,Yes,Yes,a,c,a,Yes,c,Yes,Yes,Yes,No,Yes,No,0.0,10.2,0.0,0.0,0.0,0.0,0.0,50.4,0.0,50.4
Sukani,292076,277.5,1554,297,1,a,b,b,,,,,,1.0,Yes,Yes,Yes,Yes,No,No,No,No,Yes,c,Yes,c,c,c,c,c,c,Yes,Yes,Yes,Yes,a,c,a,Yes,Yes,Yes,Yes,Yes,No,No,No,0.0,33.2,0.0,23.3,0.0,0.0,0.0,200.0,0.0,200.0
Sagunechowa No.3,292077,101.2,238,44,1,2,a,a,,,,,,0.0,No,No,Yes,No,No,No,No,No,Yes,c,b,a,b,Yes,c,c,a,Yes,b,Yes,Yes,a,b,a,Yes,c,Yes,a,Yes,No,No,No,0.0,40.0,0.0,0.0,0.0,0.0,0.0,61.1,0.0,61.1
Tipamia Bangali,292078,253.0,961,200,1,1,1,b,,,,,,1.0,No,Yes,Yes,No,No,Yes,No,No,Yes,c,b,c,b,Yes,c,c,b,Yes,b,Yes,Yes,a,b,a,Yes,b,Yes,Yes,Yes,No,No,No,0.0,2.9,0.0,0.0,0.0,0.0,0.0,118.1,0.0,118.1
Charang Pather (Charing Pather,292079,434.7,1308,275,2,a,b,c,,,,,,1.0,No,Yes,Yes,Yes,No,No,No,No,c,c,c,c,Yes,c,c,c,c,Yes,b,Yes,Yes,a,c,a,Yes,b,Yes,Yes,Yes,No,No,No,0.0,40.1,0.0,68.6,0.0,0.0,0.0,306.0,0.0,306.0
Churatonibam,292080,268.5,1221,249,1,2,b,c,,,,,,2.0,Yes,Yes,Yes,Yes,No,No,No,No,c,b,b,c,Yes,b,c,c,c,Yes,a,Yes,Yes,a,c,a,Yes,Yes,Yes,Yes,Yes,No,No,No,0.0,17.3,0.0,0.0,0.0,0.0,0.0,241.2,0.0,241.2
Kenduguri T.E.,292081,449.7,1588,308,1,2,b,b,,,,,,2.0,Yes,No,Yes,Yes,No,No,No,No,Yes,b,b,c,Yes,c,c,c,c,Yes,a,Yes,Yes,a,c,a,Yes,Yes,Yes,Yes,Yes,No,No,Yes,0.0,25.7,0.0,0.0,0.0,0.0,0.0,364.0,0.0,364.0
Thekeraguri,292082,380.8,1987,407,1,2,b,b,,,,,,1.0,Yes,Yes,Yes,Yes,No,No,No,No,Yes,c,c,c,Yes,Yes,c,c,c,Yes,b,Yes,Yes,b,c,a,Yes,Yes,Yes,Yes,Yes,No,No,No,0.0,101.5,0.0,0.0,0.0,0.0,0.0,229.8,0.0,229.8
Borbil No.2,292083,85.1,310,68,1,a,a,c,,,,,,0.0,No,No,Yes,No,No,No,No,No,Yes,c,a,c,c,c,c,c,b,Yes,b,Yes,Yes,a,c,a,Yes,c,a,a,Yes,No,No,No,0.0,15.0,0.0,0.0,0.0,0.0,0.0,58.3,0.0,58.3
Naharpara Bokalial,292084,305.4,1208,243,4,2,1,c,,,,,,1.0,No,Yes,Yes,No,No,No,No,No,Yes,c,b,c,Yes,c,c,c,c,Yes,a,Yes,Yes,a,c,a,Yes,Yes,Yes,Yes,Yes,No,No,No,0.0,44.4,0.0,25.3,0.0,0.0,0.0,160.1,0.0,160.1
Borbil No.2,292085,8.2,73,16,1,a,a,c,,,,,,0.0,No,No,Yes,No,No,No,No,No,Yes,c,c,c,c,c,c,c,c,b,a,Yes,Yes,a,c,a,a,c,Yes,a,Yes,No,No,No,0.0,2.7,0.0,0.0,0.0,0.0,0.0,1.0,0.0,1.0
Bajipahumara,292086,444.2,2027,403,1,2,1,c,,,,,,1.0,No,Yes,Yes,No,No,No,No,No,Yes,c,c,c,Yes,c,c,c,c,Yes,a,Yes,Yes,c,c,c,Yes,Yes,Yes,Yes,Yes,No,No,No,0.0,62.1,0.0,0.0,0.0,0.0,0.0,295.6,0.0,295.6
Kheroni Pather,292087,124.4,296,58,1,a,a,a,,,,,,1.0,No,Yes,Yes,No,No,No,No,No,Yes,c,c,c,c,b,c,a,a,Yes,b,Yes,Yes,c,c,c,Yes,c,Yes,a,Yes,No,No,No,0.0,22.2,0.0,61.0,0.0,0.0,0.0,26.3,0.0,26.3
Kheroni No.2,292088,52.8,279,56,a,b,b,c,,,,,,1.0,No,Yes,Yes,No,No,No,No,No,Yes,c,c,c,b,b,c,b,b,Yes,b,Yes,Yes,b,c,b,a,c,a,a,Yes,No,No,No,0.0,11.6,0.0,0.0,0.0,0.0,0.0,31.1,0.0,31.1
Borpather No.2,292089,54.5,345,73,1,b,b,c,,,,,,1.0,Yes,Yes,Yes,No,No,No,No,No,Yes,c,c,c,c,b,c,a,a,Yes,b,Yes,Yes,b,c,b,a,c,Yes,a,Yes,No,No,No,0.0,11.8,0.0,0.0,0.0,0.0,0.0,32.3,0.0,32.3
Gharbandi Bamunpukhuri,292090,124.6,382,75,1,a,a,a,,,,,,1.0,Yes,No,Yes,No,No,No,No,No,Yes,c,c,c,c,b,c,a,a,Yes,b,Yes,Yes,c,c,b,Yes,c,Yes,a,Yes,No,No,No,0.0,20.6,0.0,0.0,0.0,0.0,0.0,83.6,0.0,83.6
Gharbandi Borpather,292091,112.6,496,98,1,a,a,a,,,,,,0.0,Yes,Yes,Yes,No,No,No,No,No,Yes,c,c,c,c,b,c,a,a,Yes,b,Yes,Yes,b,c,b,c,c,Yes,Yes,Yes,No,No,No,0.0,16.3,0.0,0.0,0.0,0.0,0.0,93.3,0.0,93.3
Nahula Block,292092,68.2,248,47,1,a,a,c,,,,,,4.0,Yes,No,Yes,No,No,Yes,No,No,Yes,c,c,c,c,b,c,c,c,Yes,b,Yes,Yes,b,c,b,Yes,c,Yes,a,Yes,No,No,No,0.0,14.4,0.0,0.0,0.0,0.0,0.0,43.5,0.0,43.5
Jamuguri No.1,292093,185.4,530,91,1,b,b,c,,,,,,1.0,Yes,Yes,Yes,No,No,No,No,No,Yes,c,c,c,c,b,c,b,b,Yes,b,Yes,Yes,c,c,b,Yes,Yes,a,Yes,Yes,No,No,No,0.0,24.9,0.0,0.0,0.0,0.0,0.0,140.6,0.0,140.6
Jamuguri No.2,292094,59.2,330,61,1,a,c,c,,,,,,1.0,No,No,Yes,No,No,No,No,No,Yes,c,c,c,b,b,c,b,b,Yes,b,Yes,Yes,c,c,b,Yes,c,Yes,a,Yes,No,No,No,0.0,12.9,0.0,0.0,0.0,0.0,0.0,36.0,0.0,36.0
Jamuuguri Bangali,292095,88.5,435,84,1,a,c,c,,,,,,1.0,No,No,Yes,No,No,Yes,No,No,Yes,c,c,c,b,b,b,b,a,Yes,b,Yes,Yes,a,c,b,Yes,c,Yes,a,Yes,No,No,No,0.0,15.1,0.0,0.0,0.0,0.0,0.0,69.4,0.0,69.4
Bamunbari T.E.No.125 F.S.,292096,239.4,1092,196,1,2,1,b,,,,,,4.0,No,Yes,Yes,No,No,No,No,No,Yes,b,b,b,b,Yes,b,a,a,Yes,b,Yes,Yes,a,b,b,a,c,Yes,Yes,Yes,Yes,No,No,0.0,23.4,0.0,0.0,0.0,0.0,0.0,91.5,0.0,91.5
Dighalia No.2,292097,476.7,2236,457,2,a,a,c,,,,,,5.0,Yes,Yes,Yes,No,No,No,No,No,Yes,c,Yes,c,Yes,Yes,c,b,b,Yes,Yes,Yes,Yes,a,c,b,Yes,Yes,Yes,Yes,Yes,No,No,No,0.0,49.6,0.0,10.4,0.0,0.0,0.0,371.6,0.0,371.6
Bhalukaguri (Bhalukagari),292098,236.4,1279,238,1,2,a,c,,,,,,1.0,No,No,Yes,No,No,No,No,No,Yes,c,a,c,Yes,c,c,c,c,Yes,a,Yes,Yes,c,c,b,Yes,Yes,Yes,Yes,Yes,No,No,No,0.0,29.5,0.0,0.0,0.0,0.0,0.0,171.5,0.0,171.5
Deroi Alikinar,292099,20.9,118,28,1,a,,c,,,,,,0.0,No,No,Yes,No,No,No,No,No,Yes,c,Yes,c,b,c,c,a,Yes,Yes,b,a,Yes,c,c,b,Yes,c,Yes,a,Yes,No,No,No,0.0,5.7,0.0,0.0,0.0,0.0,0.0,9.8,0.0,9.8
Kekuri Sonowal,292100,146.4,700,141,1,a,a,c,,,1.0,,,2.0,No,Yes,Yes,No,No,No,No,No,Yes,c,Yes,c,b,b,c,a,Yes,Yes,b,Yes,Yes,b,c,b,Yes,c,Yes,Yes,Yes,No,No,No,0.0,23.3,0.0,0.0,0.0,0.0,103.0,0.0,0.0,0.0
Kekuri Bangali,292101,253.4,1704,355,4,4,1,b,,,,,,1.0,No,Yes,Yes,No,No,No,No,No,Yes,b,Yes,b,b,Yes,b,Yes,Yes,Yes,Yes,Yes,Yes,b,b,Yes,Yes,c,Yes,Yes,Yes,No,No,No,0.0,19.3,0.0,0.0,0.0,0.0,0.4,173.5,0.0,173.5
Kachamari,292102,260.2,1112,240,2,a,a,b,,,,,,1.0,Yes,Yes,Yes,No,No,Yes,No,No,Yes,b,a,b,Yes,a,b,a,a,Yes,a,Yes,Yes,c,b,b,Yes,b,Yes,Yes,Yes,No,No,No,0.0,12.0,0.0,105.7,0.0,0.0,0.0,89.0,0.0,89.0
Kekuri No.2,292103,71.8,268,55,1,a,a,c,,,,,,0.0,No,No,Yes,No,No,No,No,No,Yes,c,Yes,c,c,c,c,Yes,Yes,Yes,b,Yes,Yes,a,c,b,a,c,Yes,a,Yes,No,No,No,0.0,9.1,0.0,0.0,0.0,0.0,0.0,49.5,0.0,49.5
Bamunbari No.2 Darkhastor,292104,12.0,112,22,b,a,a,b,,,,,,0.0,No,Yes,Yes,No,No,No,No,No,c,b,b,c,c,c,c,b,a,Yes,a,a,Yes,a,c,b,a,c,a,a,No,No,No,No,0.0,3.6,0.0,0.0,0.0,0.0,0.0,5.1,0.0,5.1
Dalapa,292105,330.4,1513,303,3,1,a,b,,,1.0,,,1.0,Yes,Yes,Yes,No,No,Yes,No,No,Yes,b,a,b,Yes,b,b,a,a,Yes,a,Yes,Yes,a,b,b,a,c,Yes,Yes,Yes,No,No,No,0.0,45.0,0.0,0.0,0.0,0.0,0.3,191.5,0.0,191.5
Nemupather (Namoni Pather),292106,171.5,750,160,1,a,a,c,,,,,,0.0,Yes,Yes,Yes,No,No,Yes,No,No,Yes,c,Yes,c,c,c,c,b,Yes,Yes,b,Yes,Yes,a,c,b,a,c,Yes,Yes,Yes,No,No,No,0.0,18.9,0.0,0.0,0.0,0.0,0.0,102.4,0.0,102.4
Ophulia T.E. No.33,292107,358.2,2862,537,1,a,a,c,,,,,,1.0,Yes,Yes,Yes,No,No,No,No,No,Yes,c,Yes,c,c,c,c,a,Yes,Yes,Yes,Yes,Yes,a,c,b,Yes,c,Yes,Yes,Yes,No,Yes,No,0.0,24.2,0.4,0.0,0.0,0.0,0.0,133.0,0.0,133.0
Ophulia Alikiner,292108,165.1,891,176,2,1,a,c,,,,,,0.0,Yes,Yes,Yes,No,No,Yes,No,No,a,c,Yes,c,a,a,c,a,Yes,Yes,b,Yes,Yes,a,c,b,a,c,Yes,Yes,Yes,No,No,No,0.0,32.9,0.0,0.0,0.0,0.3,0.0,98.5,0.0,98.5
Ophulia,292109,458.2,1510,289,3,2,1,a,,,,,,1.0,Yes,Yes,Yes,No,No,No,No,No,Yes,c,Yes,c,Yes,Yes,c,a,Yes,Yes,Yes,Yes,Yes,a,c,b,Yes,c,Yes,Yes,Yes,No,No,No,0.0,64.6,0.0,17.3,0.0,0.0,0.5,295.5,0.0,295.5
Diksom Kiner,292110,230.7,1077,218,1,2,a,c,,,,,,1.0,Yes,No,Yes,No,No,No,No,No,Yes,c,Yes,c,c,c,c,c,Yes,Yes,b,Yes,Yes,b,c,b,Yes,Yes,Yes,Yes,Yes,No,No,No,0.0,15.8,0.0,0.0,21.6,0.0,0.0,193.3,0.0,193.3
Ophulia T.E No. 83 Darkhastor,292111,250.6,689,132,1,a,b,c,,,,,,0.0,No,No,Yes,No,No,No,No,No,Yes,c,Yes,c,c,c,c,a,Yes,Yes,a,Yes,Yes,a,b,b,a,a,Yes,Yes,Yes,No,No,No,0.0,33.2,0.0,0.0,0.0,0.0,0.4,217.0,0.0,217.0
Deroi T.E. Co.No.8 Darkhastor,292112,335.2,1956,399,1,a,a,b,,,,,,1.0,Yes,Yes,Yes,No,No,No,No,No,Yes,c,Yes,c,c,c,c,Yes,Yes,Yes,Yes,Yes,Yes,b,c,b,Yes,Yes,Yes,Yes,Yes,No,Yes,No,0.0,28.8,0.0,0.0,0.0,0.0,0.0,45.7,0.0,45.7
Deroi T.E. Co.No.3 Darkhastor,292113,132.0,937,175,1,a,a,b,,,,,,3.0,No,Yes,Yes,No,No,Yes,No,No,a,c,b,b,a,a,c,c,c,Yes,b,Yes,Yes,b,c,b,Yes,a,Yes,Yes,Yes,No,No,No,0.0,0.0,0.0,0.0,0.0,0.0,0.0,120.0,0.0,120.0
Dichang Block,292114,97.0,1032,187,1,2,a,c,,,1.0,,,1.0,Yes,No,Yes,No,No,No,No,No,Yes,c,Yes,c,c,c,c,c,c,Yes,b,Yes,Yes,b,c,b,a,c,Yes,Yes,Yes,No,No,No,0.0,0.0,6.1,0.0,0.0,0.0,0.0,77.8,0.0,77.8
Romesh Chaharia Grant No.239,292115,184.4,391,75,1,a,a,c,,,,,,0.0,Yes,Yes,Yes,No,No,No,No,No,Yes,c,a,c,c,c,c,c,a,Yes,a,Yes,Yes,b,c,b,a,c,Yes,a,Yes,No,Yes,No,0.0,22.7,0.0,0.0,0.0,0.0,15.2,0.0,0.0,0.0
Borbil No.1,292116,70.2,509,102,1,a,a,c,,,,,,0.0,No,No,Yes,No,No,No,No,No,Yes,c,a,c,c,c,c,c,a,Yes,a,Yes,Yes,a,c,b,Yes,c,Yes,Yes,Yes,No,No,No,0.0,15.3,0.0,0.0,0.0,0.0,0.0,46.9,0.0,46.9
Borbil Bokalial,292117,67.7,86,15,a,a,a,c,,,,,,0.0,No,Yes,Yes,No,No,No,No,No,Yes,c,c,c,c,c,c,c,c,Yes,b,a,Yes,a,c,b,a,c,a,a,Yes,No,No,No,0.0,16.5,0.0,7.2,0.0,0.0,0.0,43.9,0.0,43.9
Kakawani Block,292118,175.8,1108,220,1,a,b,c,,,,,,1.0,Yes,Yes,Yes,No,No,No,No,No,Yes,c,a,c,Yes,c,c,c,c,Yes,b,Yes,Yes,b,c,b,a,c,Yes,Yes,Yes,No,No,No,0.0,17.5,0.0,0.0,0.0,0.0,0.0,131.4,0.0,131.4
Grant No.57,292119,216.6,825,169,1,a,b,c,,,,,,0.0,Yes,No,Yes,No,No,No,No,No,Yes,b,a,c,c,c,c,c,c,Yes,a,Yes,Yes,a,c,a,a,Yes,Yes,Yes,Yes,No,No,No,45.3,0.0,0.0,0.0,0.0,0.0,0.0,116.1,0.0,116.1
Deroi No.57 Darkhastar,292120,316.4,288,70,1,1,,a,,,,,,0.0,Yes,Yes,Yes,No,Yes,Yes,No,No,Yes,a,Yes,c,b,a,c,Yes,Yes,Yes,a,Yes,Yes,a,c,a,a,a,Yes,a,Yes,No,No,No,0.0,40.1,0.0,0.0,0.0,0.0,0.0,36.2,0.0,36.2
No.2 Grant No.57,292121,82.5,577,117,1,a,a,b,,,,,,2.0,No,Yes,Yes,No,No,No,No,No,a,a,b,b,a,a,c,c,c,Yes,b,Yes,Yes,b,c,b,Yes,a,Yes,Yes,Yes,No,No,No,0.0,0.0,12.0,0.0,0.0,0.0,0.0,63.5,0.0,63.5
Pitha Pather,292122,144.2,1207,233,3,b,b,b,,,,,,3.0,No,No,Yes,No,No,No,No,No,a,a,Yes,c,Yes,a,c,a,Yes,Yes,a,Yes,Yes,b,c,a,a,a,Yes,Yes,Yes,No,No,No,0.0,27.2,0.0,0.0,0.0,0.0,0.0,86.8,0.0,86.8
Mahkhowa,292123,232.7,926,182,1,a,a,b,,,,,,3.0,No,No,Yes,No,No,No,No,No,a,b,a,b,a,a,c,c,c,Yes,b,Yes,Yes,a,c,a,Yes,a,a,Yes,Yes,No,No,No,0.0,0.0,25.0,0.0,0.0,0.0,0.0,207.7,0.0,207.7
Mahkhowa No.3,292124,171.2,530,105,1,a,b,b,,,,,,2.0,Yes,No,Yes,No,No,No,No,No,a,b,Yes,c,b,a,c,a,Yes,Yes,a,Yes,Yes,a,c,a,a,Yes,Yes,Yes,Yes,No,No,No,0.0,27.3,0.0,0.0,0.0,0.0,0.0,93.8,0.0,93.8
Dhunahula Bamon,292125,161.1,369,75,1,b,b,b,,,,,,1.0,Yes,No,Yes,No,No,No,No,No,c,b,b,c,b,b,c,a,c,Yes,a,Yes,Yes,b,c,a,Yes,a,Yes,a,Yes,No,No,No,0.0,20.7,0.0,0.0,0.0,0.0,0.0,111.5,0.0,111.5
N.P.Lerela Pathar,292126,178.4,622,130,1,a,a,b,,,,,,0.0,No,Yes,Yes,Yes,No,Yes,No,No,c,b,b,c,b,b,c,c,c,Yes,b,Yes,Yes,a,c,a,Yes,a,Yes,Yes,Yes,No,No,No,0.0,50.0,0.0,0.0,0.0,0.0,0.0,100.4,0.0,100.4
Lerela Pather No.1,292127,136.0,805,163,1,1,1,b,,,,,,2.0,Yes,Yes,Yes,Yes,No,Yes,No,No,c,b,b,c,b,b,c,c,c,Yes,b,Yes,Yes,a,c,a,Yes,b,Yes,Yes,Yes,No,No,No,0.0,20.7,0.0,0.0,0.0,0.0,0.0,105.3,0.0,105.3
Gerakoni No.1,292128,6.1,443,90,1,b,b,b,,,,,,0.0,No,Yes,Yes,No,No,Yes,No,No,Yes,a,b,c,b,b,c,c,b,Yes,b,Yes,Yes,a,c,a,Yes,a,Yes,a,Yes,No,No,No,0.0,6.1,0.0,0.0,0.0,0.0,0.0,0.0,0.0,0.0
Gerakoni No.2,292129,83.8,795,164,1,b,b,b,,,,,,0.0,Yes,Yes,Yes,No,No,Yes,No,No,Yes,a,b,c,b,Yes,c,c,b,Yes,b,Yes,Yes,a,c,a,Yes,a,Yes,Yes,Yes,No,No,No,0.0,5.1,0.0,0.0,0.0,0.0,0.0,78.7,0.0,78.7
Rangabanani No.2,292130,266.2,1132,219,2,2,a,a,,,,,,2.0,No,Yes,Yes,Yes,Yes,Yes,No,No,c,a,a,c,Yes,a,c,c,c,Yes,b,Yes,Yes,a,c,a,Yes,Yes,Yes,Yes,Yes,No,No,No,0.0,26.0,0.0,0.0,0.0,0.0,0.0,200.2,0.0,200.2
Rajgarh T.E. No.332 Nlr,292131,453.2,1582,331,2,a,a,a,,,,,,1.0,Yes,Yes,Yes,No,No,Yes,No,No,Yes,c,Yes,c,a,a,c,c,a,Yes,Yes,Yes,Yes,a,c,a,Yes,a,Yes,Yes,Yes,No,Yes,No,0.0,115.8,0.0,0.0,0.0,0.0,0.0,337.4,0.0,337.4
Garakoni No.3,292132,39.1,876,189,1,a,a,a,,,,,,0.0,Yes,Yes,Yes,Yes,No,No,No,No,Yes,c,a,c,b,b,c,c,b,Yes,b,Yes,Yes,a,b,a,a,a,Yes,Yes,Yes,No,No,No,0.0,3.0,0.0,0.0,0.0,0.0,0.0,15.2,0.0,15.2
Longbai T.E. No.24,292133,100.0,27,5,a,a,a,c,,,,,,1.0,No,No,Yes,No,No,No,No,No,c,c,a,c,b,a,c,a,a,a,a,Yes,c,a,b,a,a,a,a,a,Yes,No,No,No,0.0,11.4,0.0,0.0,0.0,0.0,0.0,12.2,0.0,12.2
Rajgarh T.E. No.122 Nlr,292134,224.4,1732,340,1,a,a,a,,,,,,2.0,Yes,No,Yes,No,No,No,No,No,Yes,c,Yes,c,Yes,Yes,c,c,Yes,Yes,Yes,Yes,Yes,a,c,a,Yes,a,Yes,Yes,Yes,No,No,No,0.0,58.2,0.0,0.0,0.0,0.0,0.0,166.2,0.0,166.2
Azizbag T.E.,292135,471.8,1569,328,2,a,a,a,,,,,,2.0,Yes,Yes,Yes,Yes,No,No,No,No,Yes,b,a,c,Yes,a,c,c,c,Yes,a,Yes,Yes,a,c,a,Yes,b,a,Yes,Yes,No,Yes,Yes,0.0,47.6,0.0,0.0,0.0,0.0,0.0,30.2,0.0,30.2
Sorojini T.E.,292136,626.2,3034,593,2,a,a,a,,,,,,1.0,Yes,Yes,Yes,No,No,Yes,No,No,Yes,c,Yes,c,Yes,Yes,c,c,Yes,Yes,Yes,Yes,Yes,b,b,a,a,Yes,Yes,Yes,Yes,Yes,No,No,0.0,95.5,0.0,0.0,0.0,0.0,0.0,530.7,0.0,530.7
Bahani (Ratanpur),292137,195.6,881,182,1,b,b,b,,,,,,0.0,Yes,No,Yes,No,No,No,No,No,Yes,a,a,c,b,a,c,c,b,Yes,b,Yes,Yes,b,b,Yes,Yes,b,Yes,Yes,Yes,No,No,No,0.0,1.9,0.0,0.0,0.0,0.0,0.0,86.6,0.0,86.6
Rajgarh T.E. 276 Nlr,292138,156.3,664,139,1,a,a,a,,,,,,0.0,No,No,Yes,Yes,No,No,No,No,Yes,b,b,c,b,b,c,b,b,Yes,b,Yes,Yes,b,b,a,Yes,c,Yes,Yes,Yes,No,No,No,0.0,20.3,0.0,0.0,0.0,0.0,0.0,0.0,0.0,0.0
Sapkait No.2,292139,118.5,664,137,2,1,b,b,,,,,,0.0,Yes,Yes,Yes,No,No,No,No,No,Yes,c,Yes,c,Yes,Yes,c,c,Yes,Yes,b,Yes,Yes,b,b,b,a,c,Yes,Yes,Yes,No,No,No,0.0,39.3,0.0,0.0,0.0,0.0,0.0,79.2,0.0,79.2
Sapkait No.1,292140,199.3,1343,264,1,2,1,b,,,1.0,,,1.0,Yes,Yes,Yes,Yes,No,No,No,No,Yes,c,Yes,c,Yes,Yes,c,c,Yes,Yes,b,Yes,Yes,b,b,b,Yes,Yes,Yes,Yes,Yes,No,No,No,0.0,47.6,0.0,0.0,0.0,0.0,0.0,151.8,0.0,151.8
Rajgarh T.E. 52/163,292141,408.1,3005,607,1,a,a,a,,,,,,1.0,Yes,Yes,Yes,Yes,No,No,No,No,Yes,b,Yes,c,Yes,Yes,c,c,c,Yes,Yes,Yes,Yes,b,a,b,a,Yes,Yes,Yes,Yes,No,Yes,No,0.0,30.2,0.0,0.0,0.0,0.0,0.0,0.0,0.0,0.0
Powali Pather No.2,292142,16.8,88,18,1,a,b,b,,,,,,0.0,No,No,No,Yes,No,No,No,No,Yes,c,Yes,c,b,b,c,c,a,a,a,Yes,Yes,a,b,b,a,c,Yes,a,Yes,No,No,No,0.0,3.9,0.0,0.0,0.0,0.0,0.0,12.9,0.0,12.9
Tipamia Bongali No.3,292143,193.6,303,62,1,a,a,b,,,,,,0.0,Yes,No,Yes,No,No,No,No,No,Yes,c,Yes,c,b,Yes,c,c,b,Yes,b,Yes,Yes,c,b,c,Yes,b,Yes,a,Yes,No,No,No,0.0,8.6,0.0,107.5,0.0,0.0,0.0,70.5,0.0,70.5
Sripuria (Sriparia),292144,86.1,206,43,1,a,b,b,,,,,,0.0,No,Yes,Yes,No,No,No,No,No,Yes,c,a,c,a,a,c,c,a,Yes,a,Yes,Yes,b,b,b,a,b,Yes,a,Yes,No,No,No,0.0,24.2,0.0,0.0,0.0,0.0,0.0,61.9,0.0,61.9
Sisumoria,292145,108.3,493,97,1,a,a,b,,,,,,1.0,No,No,No,Yes,No,No,No,No,c,c,b,b,b,a,c,c,c,Yes,c,Yes,Yes,a,c,b,Yes,b,a,Yes,Yes,No,No,No,0.0,10.9,0.0,0.0,0.0,0.0,0.0,90.5,0.0,90.5
Na-Choudang,292146,115.4,324,62,1,a,a,b,,,,,,1.0,Yes,No,No,Yes,No,No,No,No,c,b,c,b,b,b,c,c,c,Yes,b,Yes,Yes,a,c,b,Yes,b,Yes,b,Yes,No,No,No,0.0,16.6,0.0,0.0,0.0,0.0,0.0,90.8,0.0,90.8
Padumoni,292147,115.4,573,116,1,a,1,a,,,,,,0.0,No,Yes,Yes,No,No,No,No,No,Yes,b,Yes,c,b,b,b,b,Yes,Yes,a,Yes,Yes,a,a,b,a,c,a,Yes,Yes,No,No,No,0.0,15.9,0.0,0.0,0.0,0.0,0.0,90.5,0.0,90.5
Dhadumia No.1,292148,107.8,341,68,1,a,b,b,,,,,,0.0,No,No,Yes,No,No,No,No,No,Yes,b,b,c,b,b,c,b,c,Yes,a,Yes,Yes,a,b,b,Yes,Yes,Yes,b,Yes,No,No,No,0.0,16.4,0.0,0.0,0.0,0.0,0.0,81.5,0.0,81.5
Garguri Choudang No.2,292149,125.4,478,98,1,a,b,b,,,,,,0.0,No,Yes,Yes,No,No,No,No,No,Yes,b,b,c,b,b,c,c,c,Yes,b,Yes,Yes,c,b,b,a,Yes,Yes,Yes,Yes,No,No,No,0.0,15.7,0.0,0.0,0.0,0.0,0.0,100.7,0.0,100.7
Dhadumia Bangali No.2,292150,226.7,1182,221,1,a,b,b,,,,,,1.0,Yes,Yes,Yes,No,No,No,No,No,Yes,b,b,c,Yes,Yes,c,b,c,Yes,a,Yes,Yes,a,b,b,a,Yes,a,Yes,Yes,No,No,No,0.0,22.1,0.0,8.8,0.0,0.0,0.0,195.9,0.0,195.9
Bortani No.1,292151,252.2,1319,238,1,2,b,b,,,,,,1.0,Yes,Yes,Yes,No,No,No,No,No,b,b,Yes,c,b,b,c,c,Yes,Yes,b,Yes,Yes,a,c,b,Yes,Yes,Yes,Yes,Yes,No,No,No,0.0,4.8,0.0,0.0,0.0,0.0,0.0,247.5,0.0,247.5
Bortani No.2,292152,131.9,640,130,1,1,c,c,,,,,,0.0,Yes,Yes,No,Yes,No,No,No,No,b,c,Yes,c,b,b,c,c,Yes,Yes,a,Yes,Yes,a,c,b,Yes,b,Yes,Yes,Yes,No,No,No,0.0,3.8,0.0,49.2,0.0,0.0,0.0,78.8,0.0,78.8
Thulaichuk,292153,347.9,1289,265,2,2,b,c,,,1.0,,,1.0,Yes,Yes,Yes,Yes,No,No,No,No,c,c,b,c,Yes,b,c,b,b,Yes,a,Yes,Yes,a,c,b,Yes,Yes,Yes,Yes,Yes,No,No,No,0.0,0.0,0.0,0.0,0.0,0.0,0.0,347.9,0.0,347.9
Rangabanani No.1,292154,24.1,75,15,1,b,b,b,,,,,,1.0,No,Yes,No,Yes,No,No,No,No,b,b,b,c,c,c,c,c,c,c,b,Yes,Yes,a,b,b,Yes,b,Yes,b,No,No,No,No,0.0,3.6,0.0,0.0,0.0,0.0,0.0,20.5,0.0,20.5
Rangabanani No.3 (Rangabamuni,292155,195.6,490,98,1,a,b,b,,,,,,2.0,Yes,No,No,Yes,No,No,No,No,b,c,b,b,c,a,c,b,b,Yes,a,Yes,Yes,a,b,b,c,b,Yes,Yes,Yes,No,No,No,0.0,0.0,115.0,0.0,0.0,0.0,0.0,80.6,0.0,80.6
Sisumuria Borpather,292156,296.8,386,79,1,1,a,b,,,1.0,,,1.0,No,No,Yes,Yes,No,No,No,No,c,c,b,c,c,b,Yes,b,b,Yes,b,Yes,Yes,a,c,c,Yes,b,Yes,a,Yes,No,No,No,0.0,6.8,0.0,0.0,0.0,0.0,0.0,290.0,0.0,290.0
Kerang,292157,129.9,300,54,1,a,b,b,,,,,,0.0,No,No,No,Yes,No,No,No,No,c,c,b,c,b,b,c,c,b,Yes,b,Yes,Yes,a,c,c,Yes,c,Yes,a,Yes,No,No,No,0.0,3.1,0.0,0.0,0.0,0.0,0.0,126.8,0.0,126.8
Ghahi,292158,105.0,285,53,1,1,b,c,,,,,,1.0,Yes,No,Yes,No,No,Yes,No,No,a,c,a,c,a,a,c,c,a,Yes,a,Yes,Yes,c,b,c,a,c,Yes,a,Yes,No,No,No,0.0,1.6,0.0,0.0,0.0,0.0,0.0,103.4,0.0,103.4
Borkurukani,292159,151.7,561,114,1,a,b,b,,,,,,0.0,Yes,No,No,Yes,No,No,No,No,Yes,c,a,c,a,a,c,c,a,Yes,a,Yes,Yes,b,b,c,a,c,Yes,Yes,Yes,No,No,No,0.0,40.8,0.0,0.0,0.0,0.0,0.0,110.9,0.0,110.9
Puwali Pather No.2 N.C.,292160,10.6,60,11,1,2,b,b,,,,,,0.0,No,No,Yes,No,No,No,No,No,Yes,c,a,c,a,b,c,c,a,a,b,Yes,Yes,c,b,c,Yes,a,Yes,a,Yes,No,No,No,0.0,1.4,0.0,0.0,0.0,0.0,0.0,9.2,0.0,9.2
Puwali Pather,292161,133.0,571,130,1,a,a,b,,,,,,2.0,No,No,Yes,Yes,No,No,No,No,a,c,a,a,a,b,b,c,c,Yes,a,Yes,Yes,b,c,c,Yes,a,Yes,Yes,Yes,No,No,No,0.0,35.9,10.0,0.0,0.0,0.0,0.0,87.1,0.0,87.1
Bacha Gaon,292162,248.1,576,118,1,2,a,b,,,,,,0.0,Yes,Yes,Yes,Yes,No,Yes,No,No,Yes,c,a,c,a,a,c,c,a,Yes,b,Yes,Yes,c,b,c,Yes,b,Yes,Yes,Yes,No,No,No,0.0,60.5,0.0,0.0,0.0,0.0,0.0,187.6,0.0,187.6
Longabai Nahula,292163,213.8,904,174,1,1,1,b,,,,,,1.0,Yes,Yes,Yes,No,No,No,No,No,Yes,c,a,c,a,a,c,c,a,Yes,b,Yes,Yes,b,b,c,Yes,b,Yes,Yes,Yes,No,No,No,0.0,57.4,0.0,0.0,0.0,0.0,0.0,156.4,0.0,156.4
Ghahi Pather,292164,150.3,470,96,1,a,a,b,,,,,,0.0,Yes,No,Yes,No,No,No,No,No,Yes,c,a,c,a,a,c,c,a,Yes,b,Yes,Yes,c,b,c,Yes,b,Yes,Yes,Yes,No,No,No,0.0,43.5,0.0,0.0,0.0,0.0,0.0,106.8,0.0,106.8
Ghahi Pather N.C.,292165,4.0,67,15,1,a,b,b,,,,,,0.0,No,No,Yes,No,No,No,No,No,b,c,a,c,a,a,c,c,a,a,a,Yes,Yes,b,b,c,a,b,Yes,a,Yes,No,No,No,0.0,0.2,0.0,0.0,0.0,0.0,0.0,3.8,0.0,3.8
Nilmoni 15/55/79,292166,243.5,736,140,1,2,b,b,,,,,,0.0,Yes,Yes,Yes,No,No,No,No,No,Yes,c,Yes,c,Yes,Yes,c,c,Yes,Yes,b,Yes,Yes,b,b,c,a,b,Yes,Yes,Yes,No,Yes,No,0.0,24.8,0.0,0.0,0.0,0.0,0.0,218.6,0.0,218.6
Majgaon,292167,36.2,274,57,1,a,a,b,,,,,,0.0,Yes,Yes,Yes,No,No,No,No,No,Yes,c,b,c,b,b,c,c,b,Yes,b,Yes,Yes,c,c,b,a,c,Yes,a,Yes,No,No,No,0.0,3.4,0.0,0.0,0.0,0.0,0.0,32.9,0.0,32.9
Nilmoni 84 (Darkhastor),292168,195.0,961,180,1,a,a,b,,,,,,3.0,No,Yes,Yes,No,No,No,No,No,b,c,a,a,a,a,c,c,b,Yes,a,Yes,Yes,c,c,b,a,a,a,Yes,Yes,No,No,No,0.0,0.0,20.0,0.0,0.0,0.0,0.0,175.0,0.0,175.0
Karangani No. 340 Nlr,292169,195.2,687,132,1,a,a,a,,,,,,0.0,Yes,No,No,Yes,No,No,No,No,Yes,c,Yes,c,a,a,c,c,Yes,Yes,b,Yes,Yes,c,b,b,Yes,a,Yes,Yes,Yes,Yes,No,No,0.0,35.8,0.0,0.0,0.0,0.0,0.0,159.4,0.0,159.4
Karangani No.18,292170,67.9,454,96,1,a,a,a,,,,,,0.0,Yes,No,No,Yes,No,No,No,No,Yes,c,Yes,c,a,a,c,c,Yes,Yes,b,Yes,Yes,c,c,b,a,a,Yes,Yes,Yes,Yes,No,No,0.0,4.4,0.0,0.0,0.0,0.0,0.0,63.5,0.0,63.5
Nabhakatia No.3,292171,33.6,308,71,1,a,a,a,,,,,,0.0,No,No,No,Yes,No,No,No,No,Yes,c,a,c,a,a,c,c,a,Yes,a,Yes,Yes,c,c,b,Yes,a,a,a,Yes,No,No,No,0.0,16.1,0.0,0.0,0.0,0.0,0.0,17.5,0.0,17.5
Nabhakatia No.2,292172,116.7,2897,609,6,3,1,1,,2.0,,,,1.0,Yes,Yes,Yes,No,No,No,No,No,Yes,a,Yes,c,Yes,Yes,c,c,Yes,Yes,Yes,Yes,Yes,Yes,c,c,Yes,a,Yes,Yes,Yes,Yes,No,No,0.0,51.1,0.0,0.0,0.0,0.0,0.0,65.6,0.0,65.6
Nabhakatia No.1,292173,124.2,317,67,1,1,a,a,,,,,,0.0,Yes,No,Yes,No,No,No,No,No,Yes,c,Yes,c,a,a,c,c,a,Yes,b,Yes,Yes,c,c,b,Yes,a,Yes,a,Yes,No,No,No,0.0,23.8,0.0,17.7,0.0,0.0,0.0,82.6,0.0,82.6
Lonboi No.341 Nlr,292174,110.9,330,65,1,a,a,b,,,,,,1.0,Yes,No,Yes,No,No,No,No,No,b,c,Yes,c,b,a,c,Yes,Yes,Yes,b,Yes,Yes,c,b,b,a,a,Yes,a,Yes,No,No,No,0.0,13.4,0.0,0.0,0.0,0.0,0.0,17.3,0.0,17.3
Lurarmukh Bokalial (Bakatial),292175,118.0,555,112,2,a,a,c,,,,,,2.0,No,No,Yes,No,No,No,No,No,b,c,c,c,b,c,c,b,a,Yes,a,Yes,Yes,c,c,b,Yes,b,Yes,Yes,Yes,No,No,No,0.0,30.1,0.0,0.0,0.0,0.0,0.0,79.9,0.0,79.9
Sukar Pather,292176,31.0,72,13,1,a,a,b,,,,,,1.0,No,Yes,Yes,No,No,No,No,No,b,c,b,c,b,a,c,b,a,c,a,a,Yes,c,c,b,a,b,Yes,a,No,No,No,No,0.0,6.0,0.0,0.0,0.0,0.0,0.0,13.4,0.0,13.4
Tangapather,292177,52.2,364,69,1,b,a,b,,,,,,2.0,Yes,Yes,Yes,No,No,No,No,No,a,c,a,a,a,a,c,b,c,Yes,a,Yes,Yes,c,c,b,a,a,Yes,a,Yes,No,No,No,0.0,0.0,4.0,0.0,0.0,0.0,0.0,31.2,0.0,31.2
Kachalubam,292178,121.9,464,96,1,a,a,a,,,,,,2.0,No,Yes,Yes,No,No,Yes,No,No,a,b,a,a,b,a,c,b,b,Yes,a,Yes,Yes,c,c,b,Yes,a,Yes,Yes,Yes,No,No,No,0.0,16.8,14.0,0.0,0.0,0.0,0.0,64.0,0.0,64.0
Sukani Pather Block,292179,100.8,675,153,1,b,b,b,,,,,,1.0,Yes,Yes,Yes,No,No,No,No,No,Yes,b,Yes,c,c,a,c,a,Yes,Yes,b,Yes,Yes,c,c,b,a,a,Yes,Yes,Yes,No,No,No,0.0,12.8,0.0,30.4,0.0,0.0,0.0,43.2,0.0,43.2
Kherani,292180,202.3,687,142,1,a,a,a,,,,,,0.0,No,Yes,Yes,No,No,No,No,No,a,b,Yes,c,b,a,c,a,Yes,Yes,b,Yes,Yes,c,c,b,a,a,a,Yes,No,No,No,No,0.0,23.4,0.0,4.9,0.0,0.0,0.0,113.8,0.0,113.8
Nagabat No.2,292181,61.6,360,75,1,,a,a,,,,,,0.0,Yes,No,Yes,No,No,No,No,No,Yes,c,Yes,c,c,a,c,a,Yes,Yes,b,Yes,Yes,c,c,b,a,Yes,a,a,Yes,No,No,No,0.0,0.0,10.7,0.0,0.0,0.0,0.0,30.0,0.0,30.0
Deroi T.E. 44/188,292182,432.3,3179,605,4,b,a,a,,,,,,1.0,Yes,Yes,Yes,No,Yes,No,No,No,Yes,b,Yes,c,c,Yes,c,Yes,Yes,Yes,Yes,Yes,Yes,c,c,b,a,b,a,Yes,Yes,No,Yes,No,0.0,15.8,0.0,0.0,0.0,0.0,0.0,16.0,0.0,16.0
Deroi Grant No.1,292183,316.4,1287,274,4,2,a,b,,,,,,1.0,No,Yes,Yes,No,Yes,Yes,No,No,Yes,b,a,c,Yes,a,c,a,a,Yes,a,Yes,Yes,c,c,c,a,a,Yes,Yes,Yes,No,No,No,0.0,43.5,0.0,0.0,0.0,0.0,0.0,165.9,0.0,165.9
Nemupather 69 No.,292184,652.4,1881,365,4,3,1,a,,,1.0,,,1.0,Yes,Yes,Yes,No,Yes,Yes,No,No,Yes,b,a,c,Yes,b,Yes,a,a,Yes,a,Yes,Yes,c,c,c,a,b,Yes,Yes,Yes,No,No,No,0.0,80.3,0.0,0.0,0.0,0.0,0.7,306.8,0.0,306.8
Deroibam No.79,292185,250.9,716,139,1,b,b,b,,,,,,0.0,Yes,No,Yes,No,No,Yes,No,No,c,c,Yes,c,b,b,c,a,Yes,Yes,a,Yes,Yes,c,c,c,Yes,c,a,Yes,Yes,Yes,Yes,No,0.0,40.1,0.0,0.0,0.0,0.0,77.0,0.0,0.0,0.0
Kenya Pather No.70,292186,209.9,1059,200,1,a,a,b,,,,,,1.0,Yes,Yes,Yes,No,No,No,No,No,Yes,c,a,c,Yes,b,a,a,a,Yes,a,Yes,Yes,c,c,c,a,b,Yes,Yes,Yes,No,No,No,26.8,0.0,0.0,0.0,0.0,0.0,0.0,136.4,0.0,136.4
Garchinga (Gorginga),292187,178.7,584,123,1,a,a,a,,,1.0,,,0.0,Yes,Yes,Yes,No,No,Yes,No,No,Yes,c,Yes,c,c,b,c,a,Yes,Yes,a,Yes,Yes,c,c,c,a,c,Yes,Yes,Yes,No,No,No,0.0,52.2,0.0,0.0,0.0,0.0,0.0,73.0,0.0,73.0
Nagabat No.1,292188,99.4,522,107,1,a,a,a,,,,,,0.0,No,No,Yes,No,No,No,No,No,Yes,c,Yes,c,c,a,c,a,Yes,Yes,b,Yes,Yes,c,c,c,Yes,a,Yes,Yes,Yes,No,No,No,0.0,0.0,9.4,0.0,0.0,0.0,0.0,70.0,0.0,70.0
Jooktoli Borbam T.E. 44/171,292189,202.0,386,70,1,a,a,b,,,,,,2.0,No,No,Yes,Yes,No,No,No,No,c,c,b,a,b,a,c,b,b,Yes,a,Yes,Yes,c,c,c,a,a,Yes,b,Yes,Yes,No,No,0.0,0.0,0.0,0.0,0.0,0.0,0.0,102.0,0.0,102.0
Joonktoli Barbam 24/170 Np,292190,220.7,2096,447,1,a,a,c,,,,,,2.0,Yes,No,Yes,Yes,No,Yes,No,No,c,c,Yes,c,Yes,b,c,b,Yes,Yes,Yes,Yes,Yes,b,c,c,a,b,Yes,Yes,Yes,No,No,Yes,0.0,28.8,0.0,0.0,0.0,0.0,0.0,18.7,0.0,18.7
Jooktoli Barbam 106/103/124/17,292191,29.0,32,9,a,a,a,b,,,,,,0.0,No,No,Yes,No,No,No,No,No,c,c,b,,b,b,Yes,b,b,c,b,Yes,Yes,c,c,c,a,b,a,a,Yes,No,No,No,0.0,0.0,0.0,0.0,0.0,0.0,0.0,0.0,0.0,0.0
Rajabaribam,292192,49.5,133,26,1,b,b,b,,,,,,1.0,Yes,No,Yes,Yes,No,No,No,No,c,c,Yes,c,b,b,c,b,Yes,Yes,a,a,Yes,c,c,b,a,b,Yes,a,Yes,No,No,No,0.0,4.8,0.0,0.0,0.0,0.0,0.0,39.5,0.0,39.5
Jooktoli 208/206,292193,19.0,55,16,1,a,a,b,,,,,,0.0,No,No,Yes,No,No,No,No,No,b,c,b,,b,b,Yes,b,b,b,b,Yes,Yes,b,c,b,Yes,b,Yes,a,Yes,No,No,No,0.0,0.0,0.0,0.0,0.0,0.0,0.0,0.0,0.0,0.0
Dachuk Bokalial (Bakabat),292194,224.9,914,202,2,2,1,c,,,,,,1.0,No,Yes,Yes,Yes,No,Yes,No,No,a,c,Yes,c,b,b,c,b,Yes,Yes,b,Yes,Yes,b,c,b,a,b,Yes,Yes,Yes,No,No,No,0.0,30.4,0.0,0.0,0.0,0.0,0.0,185.2,0.0,185.2
Lonbai Pather,292195,202.2,784,152,1,a,a,a,,,,,,0.0,Yes,No,Yes,No,No,Yes,No,No,Yes,c,b,c,b,b,c,c,b,Yes,b,Yes,Yes,b,c,b,a,a,a,Yes,Yes,No,No,No,0.0,49.5,0.0,0.0,0.0,0.0,0.0,152.7,0.0,152.7
Dangalpara (Dangatpara),292196,117.5,574,128,1,a,a,a,,,,,,0.0,Yes,Yes,Yes,No,No,No,No,No,a,c,Yes,c,a,a,c,c,Yes,Yes,b,Yes,Yes,b,c,b,a,a,a,Yes,Yes,Yes,No,No,0.0,1.0,0.0,0.0,0.0,0.0,0.0,116.4,0.0,116.4
Kamarchuk Bokalial,292197,188.4,580,128,1,2,a,a,,,,,,0.0,No,No,Yes,No,No,No,No,No,a,c,Yes,c,a,a,c,c,Yes,Yes,b,Yes,Yes,b,c,b,a,a,Yes,Yes,Yes,No,No,No,0.0,3.0,0.0,7.2,0.0,0.0,0.0,175.3,0.0,175.3
Chakalia Pather,292198,200.1,1330,263,1,2,a,a,,,,,,1.0,Yes,Yes,Yes,No,No,Yes,No,No,Yes,c,a,c,Yes,a,c,c,c,Yes,a,Yes,Yes,b,c,b,Yes,Yes,Yes,Yes,Yes,No,No,No,0.0,47.4,0.0,0.0,0.0,0.0,0.0,152.7,0.0,152.7
Tipomia No.2,292199,34.0,82,15,1,a,a,b,,,,,,0.0,No,No,Yes,No,No,No,No,No,b,c,b,c,b,b,c,c,c,b,b,Yes,Yes,b,c,b,Yes,a,Yes,a,Yes,No,No,No,0.0,0.6,0.0,0.0,0.0,0.0,0.0,33.4,0.0,33.4
Dhowa Pather No.1,292200,458.8,1949,375,1,a,a,b,,,,,,1.0,Yes,Yes,Yes,Yes,No,Yes,No,No,b,c,a,a,Yes,a,b,b,b,Yes,a,Yes,Yes,b,b,b,Yes,a,a,Yes,Yes,No,No,No,0.0,70.0,130.8,0.0,0.0,0.0,0.0,258.0,0.0,258.0
Chakalia Pather No.2,292202,40.7,263,47,1,a,a,a,,,,,,0.0,No,Yes,No,Yes,No,No,No,No,Yes,c,a,c,a,b,c,c,c,Yes,b,Yes,Yes,b,c,b,a,a,Yes,a,Yes,No,No,No,0.0,12.2,0.0,0.0,0.0,0.0,0.0,28.4,0.0,28.4
Karangani No.72,292203,142.2,177,38,1,2,a,a,,,,,,0.0,No,No,No,Yes,No,No,No,No,Yes,c,a,c,a,a,c,c,a,Yes,a,a,Yes,b,b,b,a,a,Yes,a,Yes,No,No,No,0.0,17.4,0.0,0.0,0.0,0.0,0.0,124.8,0.0,124.8
Chapatali No.3,292204,75.6,391,77,1,b,b,b,,,,,,0.0,No,Yes,No,Yes,No,Yes,No,No,Yes,b,c,,b,b,c,a,a,Yes,a,Yes,Yes,a,b,b,a,Yes,Yes,a,Yes,No,No,No,0.0,11.6,0.0,0.0,0.0,0.0,0.0,52.0,0.0,52.0
Baghmora,292205,174.3,491,105,1,2,a,b,,,,,,0.0,Yes,No,No,Yes,No,No,No,No,b,c,c,,b,b,c,a,a,Yes,a,Yes,Yes,b,b,b,a,Yes,Yes,Yes,Yes,No,No,No,0.0,2.1,0.0,13.4,0.0,0.0,0.0,158.8,0.0,158.8
Majgaon,292206,5.5,84,18,a,a,a,c,,,,,,1.0,No,No,Yes,No,No,No,No,No,b,c,c,c,b,c,c,c,a,c,a,a,Yes,b,c,b,a,c,a,a,No,No,No,No,0.0,2.0,0.0,0.0,0.0,0.0,0.0,3.5,0.0,3.5
Baghmora No.2,292207,28.8,393,78,1,b,b,b,,,,,,0.0,No,No,No,Yes,No,No,No,No,Yes,b,c,,b,b,c,a,a,Yes,a,Yes,Yes,a,b,b,c,Yes,Yes,a,Yes,No,No,No,0.0,2.1,0.0,0.0,0.0,0.0,0.0,26.7,0.0,26.7
Baghmora Puwali Pather,292208,157.7,650,134,1,b,b,b,,,,,,0.0,No,No,No,Yes,No,No,No,No,Yes,b,c,c,b,b,c,a,a,Yes,a,Yes,Yes,a,b,b,Yes,Yes,Yes,Yes,Yes,No,No,No,0.0,3.4,0.0,0.0,0.0,0.0,0.0,150.9,0.0,150.9
Lonbai,292209,145.3,525,113,1,1,b,b,,,,,,0.0,No,No,Yes,Yes,No,No,No,No,Yes,b,Yes,c,c,b,c,b,Yes,Yes,a,Yes,Yes,b,b,b,a,Yes,Yes,Yes,Yes,No,No,No,0.0,18.1,0.0,0.0,0.0,0.0,0.0,127.2,127.2,0.0
Dillibari 15/2/ N.L.R.,292210,176.6,320,70,1,a,b,b,,,,,,0.0,No,Yes,Yes,No,No,No,No,No,Yes,b,Yes,c,b,b,c,b,Yes,Yes,a,Yes,Yes,a,b,b,a,c,Yes,a,Yes,No,No,No,0.0,20.1,0.0,0.0,0.0,0.0,0.0,156.5,156.5,0.0
Simaluguri,292211,64.2,528,108,1,a,b,b,,,,,,0.0,No,Yes,Yes,No,No,Yes,No,No,Yes,b,Yes,c,c,b,c,b,Yes,Yes,b,Yes,Yes,a,b,b,a,Yes,Yes,Yes,Yes,No,No,No,0.0,0.0,13.3,0.0,0.0,0.0,0.0,50.9,0.0,50.9
Mahmora Kapauhuwa,292212,172.4,406,90,1,a,b,b,,,,,,0.0,Yes,No,Yes,Yes,No,Yes,No,No,b,b,Yes,c,c,b,c,b,Yes,Yes,b,Yes,Yes,a,b,b,a,Yes,Yes,a,Yes,No,No,No,0.0,0.0,20.1,0.0,0.0,0.0,0.0,152.3,0.0,152.3
Chauwani,292213,96.2,406,79,1,1,b,b,,,,,,0.0,Yes,No,No,Yes,Yes,Yes,No,No,Yes,b,b,c,c,b,c,b,a,Yes,a,Yes,Yes,a,b,b,Yes,Yes,Yes,a,Yes,No,No,No,0.0,0.0,16.0,0.0,0.0,0.0,0.0,80.2,0.0,80.2
Kabula No.28,292214,208.5,736,144,1,a,b,b,,,1.0,,,0.0,Yes,No,Yes,No,No,No,No,No,b,b,Yes,c,b,b,c,c,Yes,Yes,a,Yes,Yes,a,c,b,a,c,Yes,Yes,Yes,No,No,No,0.0,34.3,0.0,0.0,0.0,0.0,0.0,174.2,0.0,174.2
Mahmora N.C. Block No.5,292215,17.7,90,14,1,a,b,b,,,,,,0.0,No,No,No,Yes,No,No,No,No,Yes,b,Yes,c,c,b,c,c,Yes,Yes,a,Yes,Yes,a,b,b,a,Yes,Yes,a,Yes,No,No,No,0.0,0.0,2.7,0.0,0.0,0.0,0.0,15.1,15.1,0.0
Mahmora Block No.4,292216,14.7,112,26,1,a,b,b,,,,,,0.0,No,No,Yes,Yes,Yes,No,No,No,Yes,b,Yes,c,c,b,c,b,Yes,Yes,a,Yes,Yes,a,b,b,a,Yes,Yes,a,Yes,No,No,No,0.0,0.0,2.7,0.0,0.0,0.0,0.0,12.0,12.0,0.0
Mahmora Alikiner,292217,354.0,1152,229,1,2,b,b,,,,,,1.0,Yes,Yes,Yes,Yes,Yes,Yes,No,No,Yes,b,Yes,c,c,b,c,b,Yes,Yes,a,Yes,Yes,a,b,b,a,Yes,Yes,Yes,Yes,No,No,No,0.0,0.0,26.8,56.3,0.0,0.0,0.0,271.0,0.0,271.0
Mahmora Block No.1,292218,4.6,51,12,1,a,b,b,,,,,,0.0,No,No,Yes,No,No,No,No,No,Yes,b,Yes,c,c,b,c,c,Yes,Yes,a,Yes,Yes,b,b,b,a,Yes,Yes,a,Yes,No,No,No,0.0,0.0,0.7,0.0,0.0,0.0,0.0,0.0,0.0,0.0
Mahmora Block No.3,292219,6.1,52,11,1,a,b,b,,,,,,0.0,No,No,Yes,No,Yes,No,No,No,Yes,b,Yes,c,c,b,c,b,Yes,Yes,a,Yes,Yes,b,b,b,a,Yes,Yes,a,Yes,No,No,No,0.0,0.0,5.4,0.0,0.0,0.0,0.0,0.0,0.0,0.0
Mahmora Block No.2,292220,0.9,27,6,1,b,b,b,,,,,,0.0,No,No,Yes,No,No,No,No,No,Yes,b,Yes,c,c,b,c,b,Yes,b,a,Yes,c,c,b,c,a,c,Yes,a,Yes,No,No,No,0.0,0.0,0.1,0.8,0.0,0.0,0.0,0.0,0.0,0.0
Dillibari,292221,92.4,465,96,1,1,b,b,,,,,,0.0,No,No,Yes,Yes,No,Yes,No,No,Yes,c,Yes,b,b,b,c,b,Yes,Yes,a,Yes,Yes,b,b,b,a,c,Yes,Yes,Yes,No,No,No,0.0,0.0,13.4,0.0,0.0,0.0,0.0,79.0,0.0,79.0
Dillibari 342 Nlr,292222,250.1,1166,251,3,2,1,b,,,1.0,,,1.0,Yes,Yes,Yes,No,Yes,Yes,No,No,Yes,b,Yes,c,c,b,c,b,Yes,Yes,a,Yes,Yes,c,b,c,Yes,Yes,Yes,Yes,Yes,No,No,No,0.0,0.0,20.1,0.0,0.0,0.0,0.0,230.0,0.0,230.0
Chapatali No.2,292223,161.2,812,176,1,a,b,b,,,,,,0.0,Yes,Yes,Yes,No,No,Yes,No,No,Yes,b,b,,b,b,c,a,a,Yes,a,Yes,Yes,b,b,a,a,Yes,Yes,Yes,Yes,No,No,No,0.0,12.0,0.0,0.0,0.0,0.0,0.0,129.2,0.0,129.2
Chapatali No.1,292224,179.0,330,68,1,a,b,b,,,,,,0.0,Yes,Yes,Yes,No,Yes,No,No,No,Yes,b,b,,b,b,c,a,a,Yes,a,Yes,Yes,b,b,b,Yes,Yes,Yes,a,Yes,No,No,No,0.0,2.1,0.0,14.2,0.0,0.0,0.0,162.7,0.0,162.7
Kecharuguri,292225,48.0,848,180,1,1,b,b,,,,,,0.0,No,Yes,Yes,No,No,Yes,No,No,Yes,b,Yes,c,b,b,c,a,Yes,Yes,a,Yes,Yes,b,b,b,a,Yes,Yes,Yes,Yes,No,No,No,0.0,3.1,0.0,0.0,0.0,0.0,0.0,45.1,0.0,45.1
Dhowa Pather No.2,292226,60.8,593,109,1,a,b,b,,,,,,0.0,No,Yes,Yes,No,No,Yes,No,No,b,b,Yes,c,b,b,c,c,Yes,Yes,b,Yes,Yes,b,c,b,Yes,c,a,Yes,No,No,No,No,0.0,2.4,0.0,0.0,0.0,0.0,0.0,58.4,0.0,58.4
Tipamia  No.1,292227,147.6,334,70,1,2,c,c,,,,,,0.0,No,No,Yes,No,No,No,No,No,Yes,b,b,c,b,b,c,a,a,Yes,b,Yes,Yes,b,b,b,a,c,Yes,a,Yes,No,No,No,0.0,2.8,0.0,0.0,0.0,0.0,0.0,144.8,0.0,144.8
Maja Pather,292228,48.7,521,109,1,a,b,a,,,,,,0.0,No,Yes,Yes,No,No,Yes,No,No,a,b,Yes,c,a,a,c,c,Yes,Yes,b,Yes,Yes,b,c,b,a,b,Yes,Yes,Yes,No,No,No,0.0,1.9,0.0,0.0,0.0,0.0,0.0,46.8,0.0,46.8
Jooktoli Borbam 206/203 T.E.24/1,292229,28.8,17,4,1,a,a,b,,,,,,0.0,No,No,Yes,Yes,No,No,No,No,b,b,b,c,b,a,c,b,a,a,a,Yes,c,b,c,b,a,b,Yes,a,Yes,No,No,No,0.0,3.3,0.0,0.0,0.0,0.0,0.0,4.7,0.0,4.7
Rangswal,292230,162.0,802,155,1,a,b,b,,,,,,0.0,Yes,No,Yes,No,No,Yes,No,No,b,b,Yes,c,b,b,c,c,Yes,Yes,b,Yes,Yes,a,c,b,Yes,b,Yes,Yes,Yes,No,No,No,0.0,4.4,0.0,0.0,0.0,0.0,157.6,0.0,0.0,0.0
Bukukhucha Reserve Block,292231,47.4,58,13,a,a,b,b,,,,,,0.0,No,No,Yes,No,No,No,No,No,b,b,b,c,b,b,c,a,a,c,b,Yes,Yes,b,c,b,Yes,b,a,a,Yes,No,No,No,0.0,0.0,0.0,47.4,0.0,0.0,0.0,0.0,0.0,0.0
Jooktoli Borbam T.E. 91/166,292232,114.1,354,74,1,a,b,b,,,,,,0.0,No,No,Yes,No,No,No,No,No,b,b,b,c,b,b,c,c,a,Yes,b,Yes,Yes,b,c,b,Yes,b,Yes,a,Yes,No,No,No,0.0,7.3,0.0,0.0,0.0,0.0,0.0,106.8,0.0,106.8
Kecharuguri No.3,292233,64.1,343,66,1,a,a,b,,,,,,0.0,Yes,No,Yes,No,No,No,No,No,Yes,b,c,c,b,b,c,a,a,Yes,a,Yes,Yes,a,b,b,Yes,Yes,Yes,a,Yes,No,No,No,0.0,2.1,0.0,0.0,0.0,0.0,0.0,61.7,0.0,61.7
Kecharuguri No.1,292234,187.7,791,162,1,2,1,b,,,,,,0.0,Yes,Yes,Yes,No,No,Yes,No,No,Yes,b,c,,b,b,c,a,a,Yes,a,Yes,Yes,a,b,b,Yes,Yes,Yes,Yes,Yes,No,No,No,0.0,4.1,0.0,0.0,0.0,0.0,0.0,183.6,0.0,183.6
Chapatali No.4,292235,40.1,464,97,1,b,b,b,,,,,,0.0,Yes,No,No,Yes,No,Yes,No,No,Yes,b,c,,b,b,c,a,a,Yes,a,Yes,Yes,a,b,b,a,Yes,Yes,Yes,Yes,No,No,No,0.0,2.0,0.0,0.0,0.0,0.0,0.0,38.1,0.0,38.1
Disang Kinar No.1,292236,114.6,263,54,1,1,b,b,,,,,,0.0,No,No,Yes,No,No,No,No,No,Yes,b,b,b,b,Yes,c,b,b,Yes,a,Yes,Yes,a,b,b,Yes,b,Yes,a,Yes,No,No,No,0.0,10.6,9.4,0.0,0.0,0.0,0.0,94.6,0.0,94.6
Disang Kinar No.2,292237,310.9,372,72,1,a,b,b,,,,,,0.0,No,No,Yes,No,No,No,No,No,Yes,b,b,b,b,Yes,c,b,b,Yes,a,Yes,Yes,a,b,b,Yes,a,Yes,a,Yes,No,No,No,0.0,28.2,11.0,0.0,0.0,0.0,0.0,272.0,0.0,272.0
Bamuni Bill No.2 (Bamuni Bill No.3),292238,91.4,564,118,1,1,b,b,,,,,,0.0,Yes,Yes,Yes,Yes,No,No,No,No,b,b,b,b,b,Yes,c,b,b,Yes,a,Yes,Yes,a,b,b,Yes,a,Yes,Yes,Yes,No,Yes,No,0.0,5.4,0.0,0.0,0.0,0.0,0.0,82.1,0.0,82.1
Mathawani,292239,303.5,797,164,1,1,1,b,,1.0,,,,0.0,Yes,Yes,Yes,Yes,No,No,No,No,Yes,b,Yes,b,Yes,Yes,c,b,Yes,Yes,a,Yes,Yes,a,b,c,a,a,Yes,Yes,Yes,No,No,No,0.0,24.8,12.6,0.0,0.0,0.0,0.0,266.2,0.0,266.2
Mathawani Grazing,292240,63.3,58,13,1,a,b,b,,,,,,0.0,No,No,Yes,Yes,No,No,No,No,Yes,b,b,b,b,b,c,b,b,c,a,Yes,Yes,a,b,c,Yes,a,Yes,a,Yes,No,No,No,0.0,0.0,0.0,60.6,0.0,0.0,0.0,2.7,0.0,2.7
Dihing Kinar Nepali,292241,218.5,791,161,1,a,b,b,,,,,,0.0,No,No,Yes,Yes,No,Yes,No,No,Yes,b,Yes,b,Yes,Yes,c,b,Yes,Yes,a,Yes,Yes,c,b,c,a,a,Yes,Yes,Yes,No,No,No,0.0,21.4,10.0,0.0,0.0,0.0,0.0,187.0,0.0,187.0
Bamuni Bill No.1,292242,169.4,504,102,1,1,b,b,,,,,,0.0,No,No,Yes,Yes,No,No,No,No,Yes,b,Yes,b,b,Yes,c,b,Yes,Yes,a,Yes,Yes,a,b,c,Yes,a,Yes,Yes,Yes,No,No,No,0.0,43.6,15.4,0.0,0.0,0.0,0.0,110.4,0.0,110.4
Dighali Bill No.1,292243,402.1,444,89,1,1,1,b,,,1.0,,,0.0,No,No,Yes,Yes,No,No,No,No,Yes,b,b,b,b,Yes,c,b,b,Yes,a,Yes,Yes,c,b,c,a,a,Yes,a,Yes,No,No,No,0.0,120.7,19.0,0.0,0.0,0.0,0.0,262.4,0.0,262.4
Takaubill No.1,292244,141.4,205,41,1,a,b,b,,,,,,0.0,No,No,Yes,No,No,No,No,No,Yes,b,b,b,b,Yes,c,b,b,Yes,a,Yes,Yes,b,b,Yes,Yes,b,Yes,a,Yes,No,No,No,0.0,16.7,15.4,0.0,0.0,0.0,0.0,101.2,0.0,101.2
Godhabill Gooa,292245,142.7,413,77,1,b,a,a,,,,,,0.0,Yes,No,Yes,Yes,No,Yes,No,No,Yes,b,b,b,b,b,c,b,b,Yes,b,Yes,Yes,c,b,c,a,b,Yes,a,Yes,No,No,No,0.0,12.7,0.0,0.0,0.0,0.0,0.0,120.0,0.0,120.0
Nakhatia Sonowal Gaon,292246,183.5,351,69,1,1,1,a,,,,,,0.0,No,No,Yes,Yes,No,No,No,No,Yes,b,b,b,b,Yes,c,b,a,Yes,a,Yes,Yes,c,b,c,a,Yes,Yes,a,Yes,No,No,No,0.0,12.1,15.4,0.0,0.0,0.0,0.0,145.3,0.0,145.3
Godhabill Chamaguri (Godhabill No.2 Chamaguri),292247,125.4,344,68,1,1,b,b,,,,,,0.0,Yes,No,Yes,Yes,No,No,No,No,Yes,b,b,b,b,Yes,c,b,a,Yes,a,Yes,Yes,c,b,c,a,a,Yes,a,Yes,No,No,No,0.0,26.8,10.7,0.0,0.0,0.0,0.0,87.9,0.0,87.9
Takaubill No.2,292248,268.6,296,55,1,1,c,c,,,,,,0.0,No,No,Yes,Yes,No,No,No,No,Yes,c,c,c,c,Yes,c,c,b,Yes,a,Yes,Yes,c,c,c,a,a,Yes,a,Yes,No,No,No,0.0,40.0,0.0,0.0,0.0,0.0,0.0,200.0,0.0,200.0
Hil Kachubam,292249,150.9,450,92,1,1,1,b,,,,,,0.0,No,Yes,Yes,Yes,No,No,No,No,Yes,b,b,b,b,Yes,c,b,b,Yes,a,Yes,Yes,c,b,c,a,a,Yes,Yes,Yes,No,No,No,0.0,8.8,12.3,0.0,0.0,0.0,0.0,119.7,0.0,119.7
Uriamguri,292250,100.6,330,59,2,,1,c,,,,,,0.0,Yes,No,Yes,Yes,No,Yes,No,No,Yes,b,Yes,b,Yes,Yes,b,a,Yes,Yes,b,Yes,Yes,c,b,c,a,Yes,Yes,a,Yes,No,No,No,0.0,5.6,5.8,0.0,0.0,0.0,0.0,82.2,0.0,82.2
Tingrai Doom Gaon No.1 (Tingrai),292251,45.4,619,124,1,b,a,a,,,,,,0.0,Yes,No,Yes,Yes,No,No,No,No,Yes,b,b,b,b,b,c,b,b,Yes,b,Yes,Yes,c,b,c,Yes,b,Yes,Yes,Yes,No,No,No,0.0,10.0,0.0,0.0,0.0,0.0,0.0,30.0,0.0,30.0
Tingrai Doom Gaon No.2,292252,138.0,419,80,1,b,a,a,,,,,,0.0,Yes,Yes,Yes,Yes,No,Yes,No,No,Yes,b,b,b,b,b,c,c,b,Yes,b,Yes,Yes,c,b,c,a,b,Yes,a,Yes,No,No,No,0.0,20.0,0.0,0.0,0.0,0.0,0.0,100.0,0.0,100.0
Gatong,292253,93.8,471,91,1,1,1,a,,,,,,0.0,Yes,Yes,Yes,Yes,No,Yes,No,No,Yes,b,b,b,b,b,c,c,b,Yes,b,Yes,Yes,c,b,c,a,b,Yes,Yes,Yes,No,No,No,0.0,45.1,0.0,0.0,0.0,0.0,0.0,42.0,0.0,42.0
Urimguri Block,292254,91.3,200,39,1,b,a,a,,,,,,0.0,No,Yes,Yes,No,No,No,No,No,Yes,b,b,b,b,b,c,c,b,Yes,b,b,Yes,c,b,c,a,b,Yes,a,Yes,No,No,No,0.0,40.1,0.0,0.0,0.0,0.0,0.0,44.1,0.0,44.1
Deodhai No.2,292255,109.5,363,72,1,b,a,a,,,,,,0.0,Yes,Yes,Yes,Yes,No,No,No,No,Yes,b,b,b,b,b,c,c,b,Yes,b,Yes,Yes,c,b,c,a,b,Yes,a,Yes,No,No,No,0.0,10.5,0.0,0.0,0.0,0.0,0.0,89.0,0.0,89.0
Deodhai,292256,134.3,201,38,1,b,a,a,,,,,,0.0,No,No,No,Yes,No,No,No,No,Yes,b,b,b,b,b,c,b,b,Yes,b,Yes,Yes,c,b,c,a,b,Yes,a,Yes,No,No,No,0.0,20.0,0.0,0.0,0.0,0.0,0.0,106.0,0.0,106.0
Merbil Grazing,292257,268.6,272,55,1,b,a,a,,,,,,0.0,No,No,No,Yes,No,No,No,No,Yes,b,b,b,b,b,c,c,b,Yes,b,Yes,Yes,c,b,c,a,b,Yes,a,Yes,No,No,No,0.0,40.0,0.0,0.0,0.0,0.0,0.0,208.6,0.0,208.6
Merbil Grant No.5,292258,40.7,518,109,1,1,1,c,,,1.0,,,0.0,Yes,No,Yes,Yes,No,No,No,No,Yes,b,Yes,b,Yes,Yes,b,Yes,Yes,Yes,b,Yes,Yes,c,b,c,a,Yes,Yes,Yes,Yes,No,No,No,0.0,5.7,0.0,0.0,0.0,0.0,0.0,30.0,0.0,30.0
Merbil Bhumuk,292259,136.4,673,137,1,b,b,a,,,,,,0.0,Yes,No,Yes,No,No,Yes,No,No,Yes,b,a,b,b,b,c,b,b,Yes,b,Yes,Yes,c,b,c,a,b,Yes,Yes,Yes,No,Yes,No,0.0,20.0,0.0,0.0,0.0,0.0,0.0,100.0,0.0,100.0
Dalamuri No.2,292260,70.2,592,122,1,b,a,a,,1.0,,,,0.0,Yes,Yes,Yes,No,No,Yes,No,No,Yes,b,b,b,b,b,c,b,b,Yes,b,Yes,Yes,a,b,a,a,b,Yes,Yes,Yes,No,No,No,0.0,20.0,0.0,0.0,0.0,0.0,0.0,40.0,0.0,40.0
Dalamuri,292261,104.3,201,38,1,b,a,a,,,,,,0.0,Yes,No,Yes,No,No,No,No,No,Yes,b,b,b,b,b,c,c,b,Yes,b,Yes,Yes,a,b,a,a,b,Yes,a,Yes,No,Yes,No,0.0,10.0,0.0,0.0,0.0,0.0,0.0,90.0,0.0,90.0
Amguri Nepali,292262,301.0,842,159,1,b,b,b,,,,,,0.0,Yes,No,Yes,Yes,No,No,No,No,Yes,b,b,b,b,b,c,b,b,Yes,b,Yes,Yes,b,b,b,Yes,b,Yes,Yes,Yes,No,No,No,0.0,60.0,0.0,0.0,0.0,0.0,0.0,230.0,0.0,230.0
Amguri,292263,547.3,1964,396,2,3,1,1,1.0,,,,,1.0,Yes,No,Yes,Yes,No,No,No,No,Yes,b,Yes,c,Yes,Yes,c,b,b,Yes,Yes,Yes,Yes,c,c,c,a,Yes,Yes,Yes,Yes,No,No,No,68.4,169.4,2.7,33.5,7.5,0.0,0.0,0.0,0.0,0.0
Balipara,292264,231.2,973,202,1,1,1,b,,,1.0,,,1.0,Yes,Yes,Yes,No,No,No,No,No,Yes,b,Yes,b,Yes,b,c,b,Yes,Yes,b,Yes,Yes,c,b,c,a,Yes,Yes,Yes,Yes,No,No,No,30.0,100.6,2.4,0.0,3.0,0.0,0.0,0.0,0.0,0.0
Sasoni Pather Gaon,292265,169.7,756,162,1,1,a,b,,,,,,0.0,Yes,No,Yes,Yes,No,No,No,No,Yes,b,Yes,c,b,b,c,b,b,Yes,b,Yes,Yes,b,c,c,Yes,Yes,Yes,Yes,Yes,No,No,No,21.6,64.2,0.0,0.0,7.1,4.3,0.0,0.0,0.0,0.0
Sasoni,292266,192.3,334,74,1,1,a,b,,1.0,,,,0.0,Yes,Yes,Yes,No,No,Yes,No,No,Yes,b,a,c,b,b,c,b,b,Yes,a,Yes,Yes,b,c,c,Yes,b,Yes,a,Yes,No,No,No,12.6,51.2,0.0,0.0,4.5,0.0,0.0,0.0,0.0,0.0
Khatua,292267,201.2,508,108,1,2,1,1,,,,,,0.0,Yes,No,Yes,Yes,No,No,No,No,Yes,b,Yes,c,Yes,Yes,c,b,b,Yes,b,Yes,Yes,c,c,c,a,Yes,Yes,Yes,Yes,No,No,No,20.8,94.2,0.0,0.0,1.7,84.5,0.0,0.0,0.0,0.0
Halowa,292268,39.4,638,124,1,1,1,b,,,,,,0.0,Yes,Yes,Yes,Yes,Yes,Yes,No,No,Yes,c,Yes,c,b,c,c,c,a,Yes,b,Yes,Yes,c,c,c,a,b,Yes,Yes,Yes,No,No,No,0.0,20.0,0.0,0.0,0.0,0.0,9.0,0.0,0.0,0.0
Kukura Phuia (Santipur),292269,150.5,766,157,1,c,a,a,,,,,,0.0,No,Yes,Yes,Yes,No,No,No,No,Yes,c,c,c,c,c,b,c,a,Yes,b,Yes,Yes,c,c,c,Yes,b,Yes,Yes,Yes,No,No,No,0.0,40.0,0.0,0.0,0.0,0.0,0.0,100.0,0.0,100.0
Dhunda Nahar No.2,292270,47.4,343,78,1,1,a,a,,,1.0,,,0.0,No,No,Yes,Yes,No,No,No,No,Yes,b,a,b,a,a,c,c,c,Yes,b,Yes,Yes,c,b,c,a,b,Yes,a,Yes,No,No,No,0.0,20.1,0.0,0.0,0.0,0.0,0.0,20.0,0.0,20.0
Dhunda Nahar No.1,292271,41.3,308,64,1,b,a,a,,,,,,0.0,No,No,Yes,Yes,No,No,No,No,Yes,b,b,b,b,b,c,b,c,Yes,b,Yes,Yes,c,b,c,Yes,b,Yes,a,Yes,No,No,No,10.0,0.0,0.0,0.0,0.0,0.0,0.0,30.0,0.0,30.0
Dighalia Gaon,292272,104.9,532,100,1,b,a,a,,,,,,0.0,Yes,Yes,Yes,Yes,No,No,No,No,Yes,b,b,b,b,b,c,b,c,Yes,b,Yes,Yes,c,b,c,a,b,Yes,Yes,Yes,No,No,No,0.0,15.0,0.0,0.0,0.0,0.0,0.0,80.0,0.0,80.0
Dighalia Gaon No.2,292273,31.4,746,151,1,1,a,a,,,,,,0.0,No,Yes,Yes,Yes,Yes,Yes,No,No,Yes,b,a,b,b,c,c,a,b,Yes,b,Yes,Yes,b,c,b,a,b,Yes,Yes,Yes,No,No,No,0.0,0.6,0.0,0.0,0.0,3.4,11.2,11.2,0.0,11.2
Naharani Block No.2,292274,40.0,312,66,1,c,a,a,,,,,,0.0,No,Yes,Yes,Yes,Yes,Yes,Yes,No,Yes,c,b,c,c,c,c,c,a,Yes,b,Yes,Yes,b,c,b,a,b,Yes,a,Yes,No,No,No,0.0,20.0,0.0,0.0,0.0,0.0,0.0,15.0,0.0,15.0
Hukani No.2,292275,128.6,414,90,1,b,a,a,,,,,,0.0,Yes,Yes,Yes,No,No,Yes,No,No,Yes,b,b,b,b,b,c,c,b,Yes,b,Yes,Yes,c,b,c,Yes,b,Yes,a,Yes,No,No,No,0.0,20.0,0.0,0.0,0.0,0.0,0.0,100.0,0.0,100.0
Ghugulani Bhalukani,292276,137.5,424,85,1,2,b,b,,,1.0,,,0.0,Yes,Yes,Yes,Yes,No,No,No,No,Yes,b,b,b,b,Yes,c,b,b,Yes,a,Yes,Yes,c,b,c,a,a,Yes,a,Yes,No,No,No,0.0,8.8,11.4,0.0,0.0,0.0,0.0,108.0,0.0,108.0
Ghulani Gaon No.2,292277,113.9,283,61,1,1,a,a,,,,,,0.0,No,No,No,Yes,Yes,Yes,No,No,Yes,b,a,b,a,a,c,c,a,Yes,a,Yes,Yes,c,c,c,a,b,Yes,a,Yes,No,No,No,0.0,17.0,18.1,20.4,0.0,2.0,0.0,21.3,0.0,21.3
Na-Khatia Sonowal No.2,292278,63.1,443,90,1,1,1,b,,,,,,0.0,No,No,No,Yes,No,No,No,No,Yes,b,b,b,b,Yes,c,b,a,Yes,a,Yes,Yes,c,b,c,Yes,a,Yes,a,Yes,No,No,No,0.0,5.4,8.0,0.0,0.0,0.0,0.0,49.6,0.0,49.6
Dighali Block Gaon,292279,51.3,121,21,1,a,b,b,,,,,,0.0,No,No,No,Yes,No,No,No,No,Yes,b,b,b,b,Yes,c,b,a,Yes,a,Yes,Yes,c,b,c,a,a,Yes,a,Yes,No,No,No,0.0,12.1,3.0,0.0,0.0,0.0,0.0,34.1,0.0,34.1
Hapmari Gaon,292280,251.2,131,28,a,a,b,b,,,,,,0.0,No,No,No,Yes,No,No,No,No,Yes,b,b,b,b,Yes,c,b,a,Yes,a,Yes,Yes,c,b,c,a,a,a,a,Yes,No,No,No,0.0,50.1,6.7,0.0,0.0,0.0,0.0,179.7,0.0,179.7
Chakalia Gaon,292281,114.6,355,73,1,a,b,b,,,,,,0.0,No,No,No,Yes,No,No,No,No,Yes,b,b,b,Yes,Yes,c,b,a,Yes,a,Yes,Yes,c,b,c,a,b,Yes,a,Yes,No,No,No,0.0,16.5,12.0,0.0,0.0,0.0,0.0,76.7,0.0,76.7
Paniyabura Pathar No.1,292282,7.5,2774,556,1,a,a,c,,,,,,1.0,Yes,Yes,Yes,Yes,Yes,Yes,No,No,Yes,b,a,c,Yes,a,c,a,a,Yes,a,Yes,Yes,c,c,c,a,b,Yes,Yes,Yes,No,No,No,0.0,0.0,3.0,0.0,0.0,0.0,0.0,3.5,0.0,3.5
Paniyabura Pathar No.2,292283,119.4,471,95,1,1,a,a,,,,,,0.0,No,No,Yes,Yes,Yes,Yes,No,No,Yes,b,a,b,a,a,c,a,a,Yes,a,Yes,Yes,c,b,c,a,b,Yes,Yes,Yes,No,No,No,0.0,10.3,15.6,0.0,0.0,7.6,0.0,75.1,0.0,75.1
Naharani Block No.1,292284,23.5,624,139,1,c,a,a,,,,,,0.0,Yes,Yes,Yes,Yes,No,No,Yes,No,Yes,c,Yes,c,b,c,c,a,a,Yes,b,Yes,Yes,c,c,c,Yes,b,Yes,Yes,Yes,No,No,No,0.0,10.0,0.0,0.0,0.0,0.0,0.0,10.0,0.0,10.0
Paniyabura No.1,292285,45.2,492,99,1,a,b,b,,,,,,0.0,No,Yes,Yes,Yes,No,No,No,No,Yes,c,a,c,b,b,c,b,b,Yes,c,Yes,Yes,c,c,c,Yes,b,Yes,Yes,Yes,No,No,No,0.0,0.8,0.0,0.0,0.0,16.0,0.0,25.4,0.0,25.4
Paniyabura No.2,292286,7.5,502,108,2,1,1,1,,,,,,0.0,Yes,No,Yes,Yes,Yes,Yes,No,No,Yes,c,a,c,a,c,c,a,a,Yes,a,Yes,Yes,c,c,c,a,b,Yes,Yes,Yes,No,No,No,0.0,2.5,0.0,0.0,0.0,0.0,0.0,5.0,0.0,5.0
Ghurania No.2,292287,40.2,645,139,1,a,a,b,,,,,,0.0,Yes,Yes,No,Yes,No,No,No,No,b,b,a,b,b,b,c,a,a,Yes,b,Yes,Yes,c,c,c,a,c,Yes,Yes,Yes,No,No,No,0.0,15.0,0.0,0.0,0.0,0.0,0.0,15.2,0.0,15.2
Merbandha Gaon,292288,20.8,636,123,1,a,a,b,,,,,,0.0,No,Yes,No,Yes,No,No,No,No,Yes,b,a,c,b,b,c,a,c,Yes,b,Yes,Yes,c,c,c,a,c,Yes,Yes,Yes,No,No,No,5.8,0.0,0.0,0.0,0.0,0.0,0.0,10.0,0.0,10.0
Na-Mati Block,292289,50.4,592,130,1,a,a,a,,,,,,0.0,No,Yes,Yes,Yes,Yes,Yes,No,No,Yes,c,a,c,a,a,c,Yes,a,Yes,a,Yes,Yes,c,c,c,a,c,Yes,Yes,Yes,No,No,No,0.0,15.0,0.0,10.4,0.0,0.0,0.0,25.0,0.0,25.0
Jamuguri Konwori Pathar,292290,205.6,748,153,1,a,a,b,,,,,,0.0,Yes,Yes,No,Yes,Yes,Yes,No,No,Yes,c,a,c,c,c,c,a,c,Yes,b,Yes,Yes,c,c,c,a,c,Yes,Yes,Yes,No,No,No,0.0,60.0,0.0,0.0,0.0,0.0,0.0,145.6,0.0,145.6
Naharani Gaon,292291,211.4,1449,309,4,2,1,c,1.0,1.0,,,1.0,1.0,Yes,Yes,Yes,Yes,No,Yes,No,No,c,c,b,Yes,Yes,Yes,c,c,b,Yes,b,Yes,Yes,c,c,c,a,b,Yes,Yes,Yes,No,No,No,0.0,12.2,1.7,0.0,0.0,0.0,0.0,182.1,0.0,182.1
Hamuktola,292292,62.8,465,100,1,a,a,b,,,,,,0.0,No,Yes,Yes,Yes,No,Yes,No,No,Yes,c,b,b,a,a,c,c,b,Yes,a,Yes,Yes,c,b,c,a,b,Yes,Yes,Yes,No,No,No,0.0,7.4,11.1,0.0,16.0,2.3,0.0,16.4,0.0,16.4
Hamuktola No.2,292293,51.7,135,27,1,a,a,b,,,,,,0.0,No,No,Yes,Yes,No,No,No,No,Yes,b,b,b,b,b,c,b,a,Yes,a,Yes,Yes,c,b,c,a,b,Yes,a,Yes,No,No,No,0.0,7.4,0.0,0.0,16.0,2.3,0.0,16.4,0.0,16.4
Khatowa Pathar Gaon,292294,402.4,518,100,1,1,1,b,,,,,,0.0,Yes,Yes,Yes,No,No,No,No,No,Yes,b,a,c,b,b,c,b,b,Yes,b,Yes,Yes,c,c,c,Yes,Yes,Yes,Yes,Yes,No,No,No,26.1,49.4,0.0,0.0,0.0,0.0,0.0,201.2,0.0,201.2
Murhani,292295,25.0,1387,272,3,2,a,a,,,,,,1.0,No,Yes,Yes,Yes,No,No,Yes,No,c,b,b,c,Yes,Yes,c,a,a,Yes,c,Yes,Yes,c,c,c,a,Yes,Yes,Yes,Yes,No,No,No,0.0,12.0,0.0,8.0,0.0,0.0,0.0,5.0,0.0,5.0
Ikarakati,292296,38.6,415,84,1,a,a,a,,,,,,0.0,Yes,Yes,Yes,Yes,Yes,Yes,No,No,Yes,b,a,c,b,c,c,a,a,Yes,b,Yes,Yes,c,c,c,Yes,b,Yes,a,Yes,No,No,No,0.0,8.6,0.0,0.0,0.0,0.0,0.0,20.0,0.0,20.0
Disang Kinar Bangali,292297,181.6,850,177,1,1,1,b,,1.0,,,,0.0,Yes,Yes,Yes,Yes,No,No,No,No,Yes,a,a,c,b,a,c,c,a,Yes,b,Yes,Yes,c,b,c,Yes,b,Yes,Yes,Yes,No,No,No,0.0,18.0,10.2,0.0,10.0,12.1,0.0,106.2,0.0,106.2
Ghurania Bhatichuk,292298,49.1,404,96,1,a,a,b,,,,,,0.0,Yes,Yes,Yes,Yes,No,No,No,No,Yes,c,a,b,a,a,c,c,b,Yes,a,Yes,Yes,c,b,c,a,b,Yes,a,Yes,No,No,No,0.0,4.1,5.1,0.0,0.0,0.0,4.3,20.3,0.0,20.3
Cheleng Chuk,292299,83.8,355,72,1,a,a,b,,,,,,0.0,Yes,Yes,Yes,Yes,No,No,No,No,Yes,c,a,b,a,Yes,c,c,b,Yes,a,Yes,Yes,c,b,c,a,b,Yes,a,Yes,No,No,No,0.0,15.1,10.3,0.0,0.0,0.0,0.0,47.2,0.0,47.2
Chengelijan Habi No.2,292300,60.2,392,82,1,a,b,b,,,,,,0.0,No,Yes,Yes,Yes,No,No,No,No,c,b,a,a,a,a,c,c,b,Yes,a,Yes,Yes,c,b,c,a,b,Yes,a,Yes,No,No,No,0.0,1.0,1.0,0.0,0.0,0.0,0.0,42.1,0.0,42.1
Barbam No.1,292301,179.0,540,113,2,2,1,c,,,1.0,,,0.0,Yes,Yes,Yes,Yes,No,Yes,No,No,Yes,b,a,c,a,b,c,b,a,Yes,b,Yes,Yes,c,c,c,Yes,Yes,Yes,Yes,Yes,No,No,No,21.5,40.3,0.0,30.3,0.0,0.0,0.0,0.0,0.0,0.0
Chengelijan,292302,168.7,634,133,1,a,a,b,,,,,,0.0,Yes,Yes,Yes,Yes,No,No,No,No,c,b,a,a,a,a,c,c,b,Yes,a,Yes,Yes,c,b,c,Yes,b,Yes,Yes,Yes,No,No,No,0.0,21.4,0.0,0.0,10.3,10.3,0.0,95.4,0.0,95.4
Cheleng,292303,111.2,437,92,1,1,a,b,,,,,,0.0,Yes,Yes,Yes,Yes,No,Yes,No,No,Yes,b,a,b,b,Yes,c,c,b,Yes,a,Yes,Yes,c,b,c,Yes,b,Yes,a,Yes,No,No,No,0.0,11.1,0.0,0.0,10.1,4.6,0.0,65.2,0.0,65.2
Ghurania,292304,143.4,697,150,1,1,1,b,,,,,,0.0,Yes,Yes,Yes,Yes,No,No,No,No,Yes,c,b,b,b,b,c,c,c,Yes,b,Yes,Yes,c,b,c,a,b,Yes,Yes,Yes,No,No,No,0.0,15.2,11.8,0.0,0.0,0.0,0.0,98.1,0.0,98.1
Tairai Gaon,292305,141.2,705,143,1,1,a,b,,,,,,0.0,Yes,Yes,Yes,Yes,No,No,No,No,Yes,c,a,b,a,a,c,c,b,Yes,b,Yes,Yes,c,b,c,a,b,Yes,Yes,Yes,No,No,No,0.0,11.0,10.0,0.0,10.0,0.0,0.0,90.2,0.0,90.2
Chengelijan Habi No.1,292306,135.0,452,93,2,a,b,b,,,,,,0.0,No,Yes,Yes,Yes,No,No,No,No,Yes,c,a,b,a,a,c,c,b,Yes,a,Yes,Yes,b,b,b,Yes,b,Yes,Yes,Yes,No,No,No,0.0,10.1,10.6,0.0,0.0,0.0,0.0,104.1,0.0,104.1
Barbam No.2,292307,129.0,278,50,1,1,a,b,,,,,,0.0,Yes,Yes,Yes,Yes,No,No,No,No,Yes,c,a,b,a,a,c,c,c,Yes,b,Yes,Yes,b,b,b,Yes,b,Yes,a,Yes,No,No,No,0.0,11.3,0.0,0.0,1.1,0.0,0.0,105.1,0.0,105.1
Tarani Pathar,292308,161.9,234,41,1,a,b,b,,,,,,0.0,No,Yes,Yes,No,No,No,No,No,Yes,c,a,a,a,b,c,b,b,Yes,a,Yes,Yes,a,b,c,a,Yes,Yes,a,Yes,No,No,No,28.1,39.7,0.0,0.0,9.0,0.0,0.0,0.0,0.0,0.0
Hudupara,292309,119.5,456,85,1,a,a,b,,,,,,0.0,Yes,No,Yes,Yes,No,No,No,No,Yes,c,Yes,,Yes,Yes,c,b,a,Yes,b,Yes,Yes,c,b,c,Yes,Yes,Yes,Yes,Yes,No,No,No,15.0,45.6,1.2,0.0,0.0,0.0,0.0,0.0,0.0,0.0
Konwarijan,292310,88.0,351,72,1,a,a,a,,,,,,0.0,Yes,No,Yes,Yes,No,No,No,No,Yes,b,a,b,a,a,c,c,a,Yes,b,Yes,Yes,c,a,c,a,b,Yes,a,Yes,No,No,No,0.0,6.3,0.0,0.0,5.3,0.0,0.0,54.3,0.0,54.3
Nirmalia Gaon,292311,124.1,370,78,1,a,a,a,,,,,,0.0,Yes,No,Yes,Yes,No,No,No,No,Yes,a,a,a,a,a,c,a,a,Yes,b,Yes,Yes,c,a,b,a,a,Yes,a,Yes,No,No,No,0.0,5.7,0.0,0.0,0.0,0.0,0.0,82.8,0.0,82.8
Rangali Pathar,292312,165.5,1333,296,2,1,1,a,,,,,,1.0,Yes,No,Yes,Yes,No,No,No,No,Yes,a,a,a,Yes,Yes,c,a,a,Yes,b,Yes,Yes,b,a,b,a,Yes,Yes,Yes,Yes,No,Yes,No,0.0,13.0,0.0,1.2,0.0,0.0,0.0,148.1,0.0,148.1
Gethupathar,292313,294.2,1247,273,3,2,1,a,,,,,,1.0,Yes,Yes,Yes,Yes,No,Yes,No,No,Yes,a,a,a,Yes,Yes,c,a,a,Yes,b,Yes,Yes,c,a,c,a,a,Yes,Yes,Yes,No,No,No,0.0,55.2,0.0,0.0,0.0,0.0,0.0,226.6,0.0,226.6
Nagaon Dhadumia,292314,109.3,537,114,2,1,a,a,,,1.0,,,0.0,No,No,No,Yes,No,No,No,No,Yes,a,a,a,Yes,Yes,c,a,a,Yes,b,Yes,Yes,c,a,c,a,a,Yes,Yes,Yes,No,No,No,0.0,18.6,0.0,0.0,0.0,0.0,0.0,87.2,0.0,87.2
Hajua Pathar,292315,77.6,656,141,1,b,b,a,,,,,,0.0,Yes,No,No,Yes,No,Yes,No,No,Yes,a,Yes,a,a,Yes,c,Yes,c,Yes,b,Yes,Yes,c,a,c,a,a,Yes,Yes,Yes,No,No,No,0.7,7.0,4.0,0.0,0.5,5.4,5.4,53.4,0.0,53.4
Hatigarh Block,292316,124.2,493,114,1,a,a,a,,,,,,0.0,No,No,Yes,No,Yes,Yes,No,No,Yes,a,Yes,a,a,Yes,c,Yes,c,Yes,b,Yes,Yes,b,a,c,a,a,a,Yes,Yes,No,No,No,28.0,21.2,0.0,0.0,4.0,2.0,13.4,49.0,0.0,49.0
Badhari Tipling,292317,213.8,816,176,1,a,a,a,,,,,,0.0,Yes,Yes,Yes,No,No,Yes,No,No,Yes,a,Yes,a,a,a,c,Yes,c,Yes,b,Yes,Yes,c,a,c,a,a,Yes,Yes,Yes,No,No,No,5.3,49.6,53.5,0.0,5.4,5.4,5.4,81.9,0.0,81.9
Dihing Kinar Badhari,292318,99.0,745,166,1,a,a,a,,,,,,0.0,Yes,Yes,Yes,No,Yes,No,No,No,Yes,a,a,a,a,Yes,c,Yes,c,Yes,b,Yes,Yes,c,a,c,a,a,Yes,Yes,Yes,No,No,No,13.5,7.9,25.3,0.0,5.0,0.0,13.5,28.7,0.0,28.7
Jagun,292320,142.3,553,132,1,1,1,a,,,,,,0.0,Yes,No,Yes,No,No,No,No,No,a,a,a,Yes,Yes,Yes,c,a,c,Yes,a,Yes,Yes,c,a,c,a,a,a,Yes,Yes,No,No,No,2.3,2.6,2.4,0.0,0.7,0.5,2.1,131.3,0.0,131.3
Dihing Kinar Bangali,292321,120.2,570,117,1,a,a,a,,,,,,0.0,No,No,Yes,Yes,Yes,Yes,No,No,Yes,a,a,a,a,a,c,c,c,Yes,a,Yes,Yes,c,a,c,a,a,a,Yes,Yes,No,No,No,0.0,20.8,2.0,1.0,2.0,1.0,8.0,83.2,0.0,83.2
Dihing Kinar Bangali Block,292322,132.2,1187,200,1,b,b,b,,,,,,1.0,Yes,No,Yes,Yes,Yes,Yes,No,No,Yes,b,b,b,Yes,b,c,b,c,Yes,c,Yes,Yes,c,b,c,b,b,Yes,Yes,Yes,No,No,No,0.0,40.2,2.0,0.3,0.0,0.3,0.0,88.4,0.0,88.4
Manmow Block (Ratanpur),292323,81.4,131,22,1,b,b,b,,,,,,0.0,No,No,Yes,Yes,Yes,No,No,No,Yes,b,b,b,b,b,c,a,c,Yes,b,Yes,Yes,c,b,c,a,a,Yes,a,Yes,No,No,No,0.0,7.5,0.0,1.2,0.0,0.0,8.7,62.0,0.0,62.0
Manmow Block (Sonapur),292324,234.6,828,166,1,a,b,b,,,,,,0.0,Yes,Yes,Yes,Yes,No,Yes,No,No,Yes,b,b,b,b,b,c,a,c,Yes,b,Yes,Yes,a,b,c,Yes,b,Yes,Yes,Yes,No,No,No,0.0,48.4,0.0,0.0,5.2,0.0,1.6,179.8,0.0,179.8
Dihing Kinar Tiyoki,292325,16.1,157,29,1,b,b,b,,,,,,0.0,No,No,Yes,Yes,No,No,No,No,Yes,b,b,b,b,b,c,b,c,Yes,b,Yes,Yes,a,b,c,a,b,Yes,a,Yes,No,No,No,0.0,4.3,0.0,0.0,0.0,0.0,0.0,10.7,0.0,10.7
Tiyoki,292326,163.4,426,84,1,a,a,a,,,,,,0.0,No,No,Yes,Yes,No,No,No,No,Yes,a,a,a,a,a,c,b,c,Yes,a,Yes,Yes,c,a,c,a,a,Yes,a,Yes,No,No,No,0.0,26.0,0.0,40.0,1.0,2.0,0.0,92.5,0.0,92.5
Tiyoki Block,292327,90.3,151,31,1,b,b,b,,,,,,0.0,Yes,No,No,Yes,No,No,No,No,b,b,b,b,b,b,c,b,c,Yes,b,Yes,Yes,c,b,c,a,b,Yes,a,No,No,No,No,0.0,8.3,0.0,2.1,0.0,0.0,28.8,39.1,0.0,39.1
Tiyoki Block (Kanowar Gaon),292328,91.8,131,26,1,a,b,b,,,,,,0.0,No,No,No,Yes,No,No,No,No,Yes,b,b,b,b,b,c,b,c,Yes,b,Yes,Yes,c,b,c,a,b,Yes,a,Yes,No,No,No,0.0,14.7,0.0,0.0,1.4,0.0,19.5,55.2,0.0,55.2
Ushapur Barbam Gaon,292329,37.9,166,31,1,a,,c,,,,,,0.0,No,No,Yes,Yes,No,No,No,No,Yes,c,b,c,b,b,c,b,c,Yes,b,Yes,Yes,c,c,c,a,c,Yes,a,Yes,No,No,No,0.0,4.2,0.0,2.0,2.1,2.0,0.0,25.5,0.0,25.5
Usha Gaon,292330,367.6,1239,240,1,a,b,b,,,,,,1.0,Yes,No,No,Yes,No,No,No,No,Yes,c,a,c,Yes,a,c,c,c,Yes,b,Yes,Yes,a,c,c,a,c,Yes,Yes,Yes,No,No,No,0.0,25.7,30.2,43.1,15.4,52.0,22.3,153.5,0.0,153.5
Ushapur,292331,122.1,194,38,1,a,b,b,,,,,,0.0,No,No,Yes,Yes,No,No,No,No,Yes,b,b,c,b,b,c,c,c,Yes,b,Yes,Yes,c,c,c,Yes,c,Yes,a,Yes,No,No,No,0.0,80.2,4.2,4.2,2.2,1.1,0.0,26.8,0.0,26.8
Gariabam,292332,260.6,1042,198,1,a,b,b,,,,,,1.0,No,Yes,Yes,Yes,No,No,No,No,Yes,c,b,c,Yes,b,c,c,c,Yes,a,Yes,Yes,c,c,c,a,c,a,Yes,Yes,No,No,No,0.0,35.0,20.6,4.2,9.9,8.9,6.2,120.4,0.0,120.4
Chengelijan,292333,143.8,748,147,1,a,b,b,,,,,,0.0,No,No,Yes,Yes,No,No,No,No,Yes,c,b,c,a,a,c,c,c,Yes,a,Yes,Yes,c,c,c,Yes,c,Yes,Yes,Yes,No,No,No,0.0,34.1,0.0,2.2,0.0,0.0,0.0,107.0,0.0,107.0
Himalubam,292334,33.4,219,41,1,a,b,b,,,,,,0.0,Yes,Yes,No,Yes,No,No,No,No,Yes,c,a,c,a,a,c,c,b,Yes,a,Yes,Yes,c,c,c,a,c,Yes,a,Yes,No,No,No,0.0,2.0,0.0,8.3,3.5,4.6,0.0,10.7,0.0,10.7
Ouguri Bangali,292335,56.3,245,50,1,a,b,b,,,,,,0.0,No,Yes,Yes,No,No,Yes,No,No,Yes,c,b,c,b,b,c,c,b,Yes,b,Yes,Yes,c,c,c,a,c,Yes,a,Yes,No,No,No,0.0,0.0,4.3,4.3,5.5,3.4,0.0,33.4,0.0,33.4
Tarajan Chah Bagicha,292336,1224.1,3171,636,3,a,b,a,,,,,,1.0,Yes,Yes,Yes,Yes,No,No,No,No,Yes,c,Yes,c,b,b,c,c,b,Yes,Yes,Yes,Yes,a,c,c,a,c,Yes,Yes,Yes,No,No,No,150.0,6.2,19.0,30.1,19.7,25.1,0.0,65.9,0.0,65.9
Tipam Fakial Nepali,292337,287.8,447,85,1,a,a,b,,,,,,0.0,No,Yes,Yes,Yes,No,No,No,No,Yes,c,b,c,b,b,c,c,b,Yes,b,Yes,Yes,b,c,b,a,c,Yes,a,Yes,No,No,No,200.1,20.2,30.3,0.2,3.0,0.0,0.0,30.2,0.0,30.2
Tipam Gaon,292338,186.7,787,132,1,1,b,b,,,,,,0.0,No,Yes,Yes,Yes,No,No,No,No,Yes,c,b,c,b,b,c,c,b,Yes,a,Yes,Yes,b,c,b,a,c,Yes,Yes,Yes,No,No,No,0.0,20.0,0.9,30.5,10.1,5.2,7.2,87.6,0.0,87.6
Tipam Fakial,292339,260.7,1420,251,2,2,1,b,,,1.0,,,1.0,Yes,Yes,Yes,Yes,No,Yes,No,No,Yes,c,a,c,Yes,b,c,c,c,Yes,b,Yes,Yes,c,c,c,Yes,a,Yes,Yes,Yes,No,No,No,0.0,87.0,0.0,15.0,3.6,0.0,4.6,120.4,0.0,120.4
Joypur Chariali,292340,46.5,1342,312,4,2,1,b,,,,,,1.0,Yes,Yes,Yes,Yes,No,No,No,No,b,b,Yes,,Yes,Yes,Yes,b,Yes,Yes,b,Yes,Yes,a,c,c,Yes,Yes,Yes,Yes,Yes,No,No,No,0.0,8.5,0.0,0.0,5.3,0.0,0.0,32.8,0.0,32.8
Joypur Town,292341,129.3,2491,520,6,2,1,1,,1.0,,,1.0,2.0,Yes,No,Yes,Yes,No,No,No,No,Yes,b,Yes,b,Yes,Yes,c,b,Yes,Yes,Yes,Yes,Yes,Yes,b,c,Yes,Yes,Yes,Yes,Yes,No,No,No,9.0,120.3,0.0,0.0,0.0,0.0,0.0,0.0,0.0,0.0
Faltutola Gaon,292342,228.6,1122,260,1,a,a,a,,,,,,1.0,Yes,No,Yes,Yes,No,No,No,No,Yes,b,Yes,b,Yes,Yes,c,b,Yes,Yes,b,Yes,Yes,c,b,c,Yes,Yes,Yes,Yes,Yes,No,No,No,4.0,108.4,0.0,10.7,3.0,0.0,0.0,0.0,0.0,0.0
Dihing Kinar Naga,292343,148.2,325,61,1,1,a,a,,,,,,0.0,Yes,Yes,Yes,Yes,No,No,No,No,Yes,a,a,a,a,a,c,c,c,Yes,b,Yes,Yes,c,a,c,a,a,Yes,a,Yes,No,No,No,0.0,19.6,0.0,29.2,2.1,0.0,0.0,94.1,0.0,94.1
Fakial,292344,187.0,732,136,1,1,a,a,,,1.0,,,0.0,Yes,No,Yes,Yes,Yes,No,No,No,Yes,a,a,a,a,Yes,c,c,c,Yes,b,Yes,Yes,c,a,c,a,a,Yes,Yes,Yes,No,No,No,0.0,22.5,3.0,1.0,4.2,0.0,4.1,147.1,0.0,147.1
Cherepajan Bangali,292345,60.0,255,60,a,a,a,a,,,,,,0.0,No,No,Yes,Yes,No,No,No,No,Yes,a,Yes,a,b,Yes,c,b,c,Yes,b,Yes,Yes,c,a,c,Yes,a,a,a,Yes,No,No,No,0.0,8.6,1.1,1.0,1.0,0.0,0.0,47.2,0.0,47.2
Baghmora Gaon,292346,127.3,980,215,3,1,1,1,,,,,,1.0,Yes,Yes,Yes,Yes,No,No,No,No,Yes,a,Yes,b,Yes,Yes,c,b,Yes,Yes,b,Yes,Yes,a,b,b,a,Yes,Yes,Yes,Yes,No,No,No,3.0,55.1,0.0,3.4,4.0,0.0,0.0,0.0,0.0,0.0
Cherepajan Pather Gaon,292347,12.9,390,82,1,a,a,a,,,,,,0.0,No,Yes,Yes,No,Yes,No,No,No,Yes,a,Yes,a,a,a,c,Yes,c,Yes,b,Yes,Yes,c,a,c,a,a,a,a,Yes,No,Yes,No,0.1,2.1,4.6,0.6,1.3,0.0,0.1,4.0,0.0,4.0
Alichiga Gaon,292348,108.4,685,145,1,a,b,b,,,,,,0.0,Yes,Yes,Yes,Yes,No,No,No,No,Yes,a,Yes,a,b,b,c,b,Yes,Yes,b,Yes,Yes,c,b,c,a,a,a,Yes,Yes,No,No,No,11.4,38.7,0.0,0.0,7.4,0.0,0.0,0.0,0.0,0.0
Longjang,292349,117.9,1123,255,2,a,a,a,,,1.0,,,1.0,Yes,No,Yes,Yes,No,No,No,No,Yes,a,Yes,a,a,a,c,Yes,c,Yes,b,Yes,Yes,c,a,c,Yes,a,Yes,Yes,Yes,No,No,No,1.3,20.1,8.9,0.0,1.3,7.5,8.3,67.7,0.0,67.7
Naharkatia Chah Bagicha 22/19 Nlr,292350,127.6,1968,389,1,a,a,a,,,,,,1.0,Yes,Yes,Yes,Yes,No,No,No,No,Yes,a,Yes,a,a,a,c,a,c,Yes,Yes,Yes,Yes,c,a,c,a,a,Yes,Yes,Yes,No,No,No,0.0,2.4,4.4,0.0,0.0,0.7,0.7,0.0,0.0,0.0
Dighala Sonowal Gaon,292352,89.4,288,56,1,b,a,a,,,,,,0.0,Yes,No,Yes,No,No,No,No,No,Yes,a,a,a,a,a,c,a,b,Yes,b,Yes,Yes,c,a,c,a,a,Yes,a,Yes,No,No,No,0.8,2.5,8.4,8.6,8.0,0.0,0.0,53.2,0.0,53.2
Lengerijan Chah Bagicha,292353,475.1,1729,343,3,2,1,1,,,,,,1.0,No,Yes,Yes,Yes,No,No,No,No,Yes,Yes,Yes,Yes,Yes,Yes,a,Yes,Yes,Yes,Yes,Yes,Yes,c,a,c,Yes,Yes,Yes,Yes,Yes,No,No,No,0.0,5.5,0.0,0.0,0.0,0.0,0.0,31.2,0.0,31.2
Satyanarayan Chah Bagicha,292354,135.3,473,103,1,a,a,a,,,,,,0.0,No,No,Yes,Yes,No,No,No,No,Yes,a,a,a,a,Yes,c,a,a,Yes,b,Yes,Yes,c,a,c,Yes,a,Yes,Yes,Yes,No,Yes,No,0.0,4.7,0.0,0.0,0.0,0.0,0.0,130.7,0.0,130.7
Ghugulani Da-Pather,292355,71.8,607,124,1,1,1,1,,,,,,0.0,No,Yes,Yes,Yes,No,Yes,No,No,Yes,a,Yes,b,Yes,Yes,Yes,Yes,Yes,Yes,b,Yes,Yes,b,b,c,a,Yes,Yes,Yes,Yes,No,No,No,0.0,1.9,0.0,0.0,0.0,0.0,0.0,60.2,0.0,60.2
Nirmalia N.C.,292356,103.1,369,74,1,a,a,b,,,,,,0.0,Yes,No,Yes,Yes,No,No,Yes,No,Yes,b,a,a,b,a,b,c,b,Yes,b,Yes,Yes,c,b,c,a,a,Yes,a,Yes,No,No,No,0.0,0.0,0.0,0.0,1.6,0.0,0.0,101.5,0.0,101.5
Ghugulani,292357,163.6,440,91,1,1,1,1,,,,,,0.0,Yes,Yes,Yes,Yes,No,No,No,No,Yes,b,Yes,a,Yes,Yes,b,a,Yes,Yes,b,Yes,Yes,c,b,c,a,Yes,Yes,a,Yes,No,No,No,0.0,11.0,0.0,27.3,0.0,0.0,0.0,121.8,0.0,121.8
Disam Chah Bagicha (Disang Chah Bagicha),292358,273.7,555,113,1,a,a,b,,,1.0,,,0.0,No,No,No,Yes,Yes,No,No,No,Yes,b,b,b,b,Yes,c,c,b,Yes,b,Yes,Yes,c,b,c,a,b,Yes,Yes,Yes,No,Yes,No,0.0,13.0,0.0,0.0,0.0,0.0,0.0,2.1,0.0,2.1
Disang Kiner,292359,107.0,400,86,1,1,1,c,,,,,,0.0,No,No,Yes,Yes,No,No,No,No,Yes,b,Yes,b,Yes,Yes,b,Yes,Yes,Yes,b,Yes,Yes,c,b,c,Yes,Yes,Yes,a,Yes,No,No,No,0.0,14.3,0.0,8.5,0.0,0.0,0.0,76.1,0.0,76.1
Achabam Chah Bagicha Appl,292360,1143.5,401,79,1,b,b,c,,,1.0,,,0.0,No,No,Yes,Yes,Yes,No,No,No,Yes,b,b,b,b,b,c,b,b,Yes,b,Yes,Yes,c,b,c,Yes,b,Yes,a,Yes,No,No,No,0.0,5.0,0.0,0.0,137.4,0.0,0.0,1001.1,0.0,1001.1
Disam Chah Bagicha,292361,239.7,1928,394,1,2,1,c,,,1.0,,,1.0,Yes,Yes,Yes,Yes,No,No,No,No,Yes,Yes,Yes,b,Yes,Yes,b,Yes,Yes,Yes,Yes,Yes,Yes,Yes,b,Yes,Yes,Yes,Yes,Yes,Yes,No,No,No,0.0,29.7,0.0,200.0,0.0,0.0,10.0,0.0,0.0,0.0
Rajgar Rangali Pather (Rajgar Bangali Pathar),292362,390.0,1616,342,1,2,a,b,,,,,,1.0,Yes,Yes,Yes,No,No,Yes,No,No,b,b,Yes,b,b,b,c,c,b,Yes,Yes,Yes,Yes,c,b,c,a,Yes,Yes,Yes,Yes,No,No,Yes,0.0,90.0,0.0,5.0,0.0,0.0,0.0,195.0,0.0,195.0
Umatara Chah Bagicha,292363,376.5,1666,332,1,a,a,a,1.0,1.0,1.0,,1.0,1.0,Yes,Yes,Yes,Yes,No,No,Yes,Yes,a,b,Yes,b,b,b,c,c,c,Yes,Yes,Yes,Yes,b,b,b,a,Yes,Yes,Yes,Yes,Yes,Yes,Yes,0.0,63.5,0.0,0.0,0.0,0.0,0.0,308.3,0.0,308.3
Hilgrant Gaon,292364,314.6,1293,262,1,b,b,b,,,,,,1.0,Yes,Yes,Yes,Yes,No,No,No,No,a,b,b,b,Yes,b,c,c,c,Yes,b,Yes,Yes,c,b,c,a,Yes,Yes,Yes,Yes,No,No,No,2.0,80.0,0.0,0.0,0.0,0.0,0.0,190.6,0.0,190.6
Harishpur Chah Bagicha,292365,346.0,904,195,1,1,1,c,,,1.0,,,1.0,Yes,Yes,Yes,Yes,No,No,No,No,b,b,b,b,b,Yes,c,c,c,Yes,b,Yes,Yes,b,b,b,a,Yes,Yes,Yes,Yes,Yes,Yes,Yes,0.0,30.0,0.0,0.0,0.0,0.0,0.0,16.0,0.0,16.0
Juria Pukhuri,292366,64.0,714,164,1,a,a,a,,,,,,0.0,No,Yes,Yes,Yes,No,No,No,No,b,b,b,c,c,b,c,c,c,Yes,b,Yes,Yes,c,c,c,Yes,c,Yes,Yes,Yes,No,No,No,0.0,5.0,0.0,0.0,0.0,0.0,0.0,50.0,0.0,50.0
Achabam Chah Bagicha 334/347 N,292367,686.8,3262,682,1,b,b,b,,,,,,1.0,Yes,Yes,Yes,Yes,No,No,No,No,a,b,Yes,b,b,b,c,c,Yes,Yes,Yes,Yes,Yes,c,a,c,a,Yes,Yes,Yes,Yes,No,Yes,Yes,0.0,180.4,2.0,0.0,0.0,0.0,0.0,488.4,0.0,488.4
Betanibam Habi Gaon,292368,48.0,730,134,1,a,a,b,,,,,,0.0,No,No,Yes,Yes,No,No,Yes,No,Yes,a,b,b,b,b,c,c,c,Yes,b,Yes,Yes,b,b,b,a,b,Yes,Yes,Yes,No,No,Yes,0.0,5.0,3.0,0.0,3.0,0.0,0.0,27.0,0.0,27.0
Chamaguri Gaon,292369,175.0,2053,423,1,2,1,1,,,,,,1.0,No,Yes,Yes,Yes,No,No,No,No,b,b,Yes,b,b,b,c,c,c,Yes,Yes,Yes,Yes,b,b,b,a,Yes,Yes,Yes,Yes,No,No,Yes,0.0,75.0,0.0,0.0,0.0,0.0,0.0,40.0,0.0,40.0
Ghilaguri Gaon,292370,174.7,1395,275,2,a,a,b,,,,,,1.0,No,No,Yes,Yes,No,Yes,No,No,Yes,b,Yes,b,b,b,c,c,Yes,Yes,b,Yes,Yes,b,b,b,a,Yes,Yes,Yes,Yes,No,No,No,0.0,8.8,0.0,2.3,0.0,0.0,0.0,135.3,0.0,135.3
Kawaimari Gaon,292371,256.4,1036,211,1,2,1,b,,,1.0,,,1.0,Yes,Yes,Yes,Yes,No,Yes,No,No,Yes,b,Yes,b,b,b,c,c,Yes,Yes,b,Yes,Yes,c,b,c,Yes,Yes,Yes,Yes,Yes,No,No,No,0.0,14.6,0.0,85.6,0.0,0.0,0.0,110.1,0.0,110.1
Ghinai Gaon,292372,292.7,1668,346,1,2,1,b,,,1.0,,,1.0,Yes,Yes,Yes,Yes,No,No,No,No,Yes,b,Yes,b,b,b,c,c,b,Yes,Yes,Yes,Yes,c,b,c,a,Yes,Yes,Yes,Yes,No,No,No,0.0,85.6,0.0,0.0,0.0,0.0,0.0,100.0,0.0,100.0
Namrup Chah Bagicha (S/F) Rly,292373,1489.2,1583,328,1,2,1,1,,1.0,,,,1.0,No,Yes,Yes,Yes,Yes,Yes,No,No,Yes,Yes,Yes,Yes,Yes,Yes,c,c,Yes,Yes,Yes,Yes,Yes,c,a,c,a,Yes,Yes,Yes,Yes,No,Yes,No,0.0,0.0,0.0,0.0,0.0,0.0,0.0,1489.2,0.0,1489.2
Nigam Gaon,292374,271.2,1018,218,2,2,1,a,,1.0,,,,1.0,No,No,Yes,Yes,No,Yes,No,No,Yes,a,a,a,Yes,a,a,a,a,Yes,b,Yes,Yes,c,a,c,a,a,Yes,Yes,Yes,No,No,No,0.0,13.7,0.0,28.7,0.0,0.0,0.0,142.7,0.0,142.7
Borkhermia Gaon No.2,292375,245.7,1618,339,1,2,1,c,,,,,,1.0,No,Yes,Yes,Yes,Yes,No,No,No,Yes,b,Yes,b,b,Yes,c,c,Yes,Yes,b,Yes,Yes,c,b,c,a,Yes,Yes,Yes,Yes,No,No,No,0.0,14.0,0.0,0.0,0.0,0.0,0.0,143.2,0.0,143.2
Borkeremia Gaon No.1,292376,292.0,567,124,1,a,a,b,,,,,,0.0,No,No,Yes,No,No,No,No,No,b,b,Yes,b,b,Yes,c,b,Yes,Yes,a,Yes,Yes,b,b,b,a,Yes,Yes,Yes,Yes,No,No,No,0.0,6.4,5.0,2.9,0.0,0.0,0.0,241.8,0.0,241.8
Balijan No.2,292377,110.8,972,195,1,1,a,a,,,,,,1.0,Yes,Yes,Yes,No,No,No,No,No,Yes,a,a,a,Yes,Yes,c,a,c,Yes,b,Yes,Yes,b,a,b,a,a,Yes,Yes,Yes,No,No,No,2.7,7.1,3.6,0.0,0.0,2.4,2.0,53.5,0.0,53.5
Balijan Maje,292378,75.8,366,85,1,,a,a,,,,,,0.0,Yes,Yes,Yes,Yes,No,No,No,No,Yes,a,a,a,Yes,Yes,c,a,a,Yes,b,Yes,Yes,a,a,c,Yes,a,a,a,Yes,No,Yes,No,0.0,7.3,0.0,0.0,0.0,0.0,0.0,63.1,0.0,63.1
Satyanarayan Chah Bagicha,292379,135.3,1346,281,2,3,1,b,,,,,,1.0,Yes,No,Yes,Yes,No,No,No,No,Yes,b,b,a,Yes,b,c,b,b,Yes,b,Yes,Yes,a,b,a,Yes,Yes,Yes,Yes,Yes,No,No,No,0.0,4.7,0.0,0.0,0.0,0.0,0.0,130.6,0.0,130.6
Balijan No.1,292380,119.0,635,134,1,1,b,b,,,,,,0.0,Yes,No,Yes,Yes,No,No,No,No,Yes,b,b,Yes,Yes,b,c,c,a,Yes,a,Yes,Yes,a,b,a,a,Yes,Yes,Yes,Yes,No,No,No,0.0,39.2,0.0,0.0,0.0,0.0,0.0,74.7,0.0,74.7
Powali Pather No.1,292381,121.4,579,137,1,1,a,b,,,,,,0.0,No,Yes,No,Yes,No,No,No,No,Yes,a,Yes,a,a,a,c,c,Yes,Yes,b,Yes,Yes,b,b,b,a,Yes,Yes,Yes,Yes,No,No,No,0.0,3.8,0.0,15.5,0.0,0.0,0.0,102.0,0.0,102.0
Asamia Gaon,292382,339.2,1184,242,2,1,1,a,,,1.0,,,1.0,Yes,Yes,Yes,No,No,No,No,No,Yes,a,a,a,a,Yes,c,c,c,Yes,b,Yes,Yes,a,a,c,Yes,Yes,Yes,Yes,Yes,No,No,No,0.0,30.8,0.0,13.1,0.1,0.0,0.0,295.2,0.0,295.2
Borkheremia Ghilaguri,292383,88.5,372,72,1,1,a,b,,,,,,0.0,Yes,Yes,Yes,Yes,Yes,No,No,No,Yes,b,b,b,b,b,c,b,b,Yes,b,Yes,Yes,a,a,c,Yes,Yes,Yes,a,Yes,No,No,No,0.0,6.3,0.0,0.0,0.0,0.0,0.0,54.5,0.0,54.5
Balijan No.3,292384,50.5,537,93,2,1,1,1,,,,,,0.0,No,No,No,Yes,Yes,No,No,No,Yes,b,Yes,b,b,b,c,c,Yes,Yes,b,Yes,Yes,b,b,c,a,b,Yes,Yes,Yes,No,No,No,0.0,12.9,0.0,0.0,0.0,0.0,0.0,17.8,0.0,17.8
Balimora Chah Bagicha,292385,129.4,1107,236,1,2,b,b,,,,,,1.0,No,No,Yes,Yes,No,No,No,No,b,b,b,b,Yes,b,c,c,c,Yes,b,Yes,Yes,b,b,c,Yes,Yes,Yes,Yes,Yes,No,No,No,0.0,27.7,0.0,0.0,0.0,0.0,0.0,6.2,0.0,6.2
Balimora Pather,292386,129.4,459,92,1,a,a,a,,,,,,0.0,No,No,Yes,Yes,No,No,No,No,Yes,b,b,a,Yes,Yes,c,b,c,Yes,b,Yes,Yes,c,b,c,a,b,Yes,Yes,Yes,No,No,No,0.0,48.3,0.0,0.0,0.0,0.0,0.0,75.1,0.0,75.1
Kapohuwa,292387,94.1,205,44,1,a,b,b,,,1.0,,,0.0,No,No,Yes,Yes,No,No,No,No,Yes,a,b,a,b,Yes,c,b,b,Yes,b,Yes,Yes,c,b,c,a,Yes,Yes,a,Yes,No,No,No,0.0,45.1,0.0,0.0,0.0,0.0,0.0,49.0,0.0,49.0
Kenduguri Gaon,292388,201.7,1095,213,4,1,b,b,,,,,,1.0,Yes,Yes,Yes,Yes,No,No,No,No,Yes,a,a,b,Yes,Yes,c,a,a,Yes,b,Yes,Yes,c,b,c,a,Yes,Yes,Yes,Yes,No,No,No,4.0,82.6,0.0,40.4,0.0,0.0,0.0,0.0,0.0,0.0
Jaypur Chah Bagicha,292389,994.6,2879,619,1,2,1,a,,,,,,1.0,Yes,Yes,Yes,Yes,No,No,No,No,Yes,a,Yes,b,Yes,Yes,c,c,Yes,Yes,Yes,Yes,Yes,c,b,c,b,Yes,Yes,Yes,Yes,No,No,No,3.0,22.8,22.8,0.0,306.8,0.0,0.0,332.5,0.0,332.5
Duwara  Pather Gaon,292390,177.4,951,214,2,a,a,a,,,,,,1.0,Yes,No,Yes,Yes,No,No,No,No,Yes,a,a,b,b,b,c,b,a,Yes,a,Yes,Yes,c,a,c,a,Yes,Yes,Yes,Yes,No,No,No,11.0,87.4,2.0,0.0,0.0,0.0,0.0,77.0,0.0,77.0
Tanti Pather,292391,160.5,2591,506,1,a,a,a,,,1.0,,,1.0,No,Yes,Yes,Yes,No,No,Yes,No,Yes,c,Yes,c,Yes,Yes,c,b,Yes,Yes,Yes,Yes,Yes,a,c,c,a,Yes,Yes,Yes,Yes,No,No,No,9.9,60.7,0.0,26.8,0.0,0.0,0.0,0.0,0.0,0.0
Namchang Chah Bagicha,292392,581.6,3339,708,2,3,c,c,,,,1.0,,1.0,Yes,Yes,Yes,No,Yes,No,No,No,c,c,Yes,c,Yes,Yes,c,b,b,Yes,Yes,Yes,Yes,a,c,c,Yes,Yes,Yes,Yes,Yes,No,No,No,8.0,30.7,9.1,0.0,0.0,0.0,0.0,0.0,0.0,0.0
Lebangkula Gaon,292393,501.1,1237,257,1,2,1,1,,,,,,1.0,Yes,Yes,Yes,Yes,No,No,No,No,Yes,Yes,Yes,b,Yes,Yes,b,a,Yes,Yes,b,Yes,Yes,a,b,c,a,Yes,Yes,Yes,Yes,No,No,No,30.7,80.4,11.6,115.1,12.7,0.0,0.0,250.6,0.0,250.6
Mali Pather Gaon,292394,170.5,878,181,1,1,1,a,,,,,,0.0,No,Yes,Yes,Yes,No,No,No,No,Yes,b,Yes,b,Yes,Yes,Yes,Yes,Yes,Yes,b,Yes,Yes,Yes,b,c,Yes,Yes,Yes,Yes,Yes,No,No,No,15.2,71.6,6.6,10.7,0.0,0.0,0.0,0.0,0.0,0.0
Konwabam Gaon,292395,206.3,418,86,1,a,a,a,,,,,,0.0,No,Yes,No,Yes,No,No,No,No,Yes,b,Yes,b,Yes,Yes,b,b,Yes,Yes,b,Yes,Yes,a,b,c,a,Yes,Yes,a,Yes,No,No,No,0.0,27.4,0.0,3.3,14.1,0.0,0.0,147.4,0.0,147.4
Kakojan Habi Gaon,292396,177.1,509,104,2,1,1,b,,,,,,0.0,Yes,Yes,Yes,Yes,No,No,No,No,Yes,b,Yes,b,Yes,Yes,b,Yes,Yes,Yes,b,Yes,Yes,a,b,c,a,Yes,Yes,Yes,Yes,No,No,No,0.0,48.3,0.0,31.8,0.0,0.0,0.0,81.9,0.0,81.9
Joypur T.E,292397,333.0,419,84,1,a,a,b,,,,,,0.0,No,No,Yes,No,No,No,No,No,Yes,b,Yes,b,Yes,Yes,c,b,c,Yes,b,Yes,Yes,a,b,c,a,b,Yes,a,Yes,No,No,No,0.0,0.0,0.0,0.0,0.0,0.0,0.0,333.0,0.0,333.0
Naga Gaon,292398,132.5,650,137,2,1,1,b,,,,,,0.0,Yes,Yes,Yes,Yes,No,No,No,No,Yes,b,Yes,b,Yes,Yes,Yes,Yes,Yes,Yes,b,Yes,Yes,b,b,c,a,Yes,Yes,Yes,Yes,No,No,No,0.0,30.3,0.0,9.8,7.1,0.0,0.0,85.3,0.0,85.3
Maj Kapahuwa,292399,174.6,1295,261,1,2,1,c,,,,,,1.0,Yes,No,Yes,Yes,No,No,No,No,Yes,Yes,Yes,b,Yes,Yes,b,Yes,Yes,Yes,b,Yes,Yes,Yes,b,c,Yes,Yes,Yes,Yes,Yes,No,No,No,0.0,68.5,0.0,0.0,0.0,0.0,0.0,100.1,0.0,100.1
Direal,292400,147.6,544,117,2,1,1,c,,,,,,0.0,No,Yes,No,Yes,No,No,No,No,Yes,a,Yes,b,Yes,Yes,b,Yes,Yes,Yes,b,Yes,Yes,c,b,c,Yes,c,Yes,Yes,Yes,No,No,No,0.0,48.4,0.0,0.0,0.0,0.0,0.0,92.9,0.0,92.9
Kamar Gaon,292401,313.9,1451,319,3,2,1,1,1.0,,,,,1.0,Yes,Yes,Yes,Yes,No,Yes,No,No,Yes,Yes,Yes,b,Yes,Yes,b,a,Yes,Yes,b,Yes,Yes,a,b,c,a,Yes,Yes,Yes,Yes,No,No,No,0.0,51.4,0.0,10.5,0.0,0.0,0.0,236.4,0.0,236.4
Abhaipuria Gaon,292402,116.1,571,107,1,1,1,1,,,,,,0.0,No,Yes,Yes,Yes,No,No,No,No,Yes,a,Yes,c,Yes,Yes,b,b,a,Yes,b,Yes,Yes,a,b,c,a,Yes,Yes,Yes,Yes,No,No,No,0.0,24.5,0.0,26.1,0.0,0.0,0.0,60.2,0.0,60.2
Taratali Gaon,292403,226.2,518,104,1,1,1,1,,,,,,0.0,Yes,Yes,Yes,Yes,No,No,No,No,Yes,a,Yes,b,a,Yes,b,b,a,Yes,b,Yes,Yes,a,b,c,a,Yes,Yes,Yes,Yes,No,No,No,0.0,47.6,0.0,0.0,0.0,0.0,0.0,132.0,0.0,132.0
Hindu Gaon,292404,163.8,806,172,1,1,1,1,,,,,,0.0,Yes,Yes,Yes,Yes,No,No,No,No,Yes,a,Yes,b,Yes,Yes,b,b,b,Yes,b,Yes,Yes,Yes,Yes,c,Yes,Yes,Yes,Yes,Yes,No,No,No,0.0,43.1,0.0,29.5,0.0,0.0,0.0,57.9,0.0,57.9
Gariabam Gaon,292405,238.9,923,206,2,1,1,b,,,,,,1.0,Yes,Yes,Yes,Yes,No,No,Yes,No,Yes,a,Yes,c,Yes,Yes,b,Yes,Yes,Yes,b,Yes,Yes,a,b,c,a,Yes,Yes,Yes,Yes,No,No,No,0.0,18.7,0.0,25.1,0.0,0.0,0.0,185.1,0.0,185.1
Galaibangali,292406,179.8,235,51,1,1,,a,,,,,,0.0,Yes,Yes,Yes,Yes,No,No,No,No,Yes,a,Yes,c,b,Yes,b,b,a,Yes,b,Yes,Yes,c,b,c,Yes,Yes,Yes,a,Yes,No,No,No,0.0,58.6,0.0,15.1,0.0,0.0,0.0,100.0,0.0,100.0
Disang Kinar Bangali,292407,164.2,379,77,1,1,1,1,,,,,,0.0,No,No,Yes,Yes,No,Yes,No,No,Yes,a,Yes,b,Yes,Yes,b,a,Yes,Yes,b,Yes,Yes,c,b,c,a,Yes,Yes,a,Yes,No,No,No,0.0,68.1,0.0,21.5,0.0,0.0,0.0,68.6,0.0,68.6
Namrup Chah Bagicha (West Of R),292408,198.0,7777,1589,7,2,1,c,1.0,1.0,1.0,,,1.0,Yes,Yes,Yes,Yes,No,Yes,No,No,Yes,b,Yes,Yes,b,b,c,c,c,Yes,Yes,Yes,Yes,Yes,b,b,Yes,Yes,Yes,Yes,Yes,No,No,Yes,0.0,20.0,0.0,0.0,0.0,0.0,0.0,120.0,0.0,120.0
Dowania Gaon No.1,292409,273.5,1729,358,1,2,1,a,,,,,,1.0,Yes,Yes,Yes,Yes,No,Yes,No,No,Yes,Yes,Yes,b,Yes,Yes,b,b,Yes,Yes,Yes,Yes,Yes,c,b,c,a,Yes,Yes,Yes,Yes,No,No,No,0.0,91.4,0.0,2.7,0.0,0.0,0.0,160.7,0.0,160.7
Nagamati Kheremia Gaon,292410,187.3,1686,340,1,2,1,1,,,,,,1.0,Yes,Yes,Yes,Yes,No,Yes,No,No,Yes,Yes,Yes,Yes,Yes,Yes,b,a,Yes,Yes,Yes,Yes,Yes,c,a,c,a,Yes,Yes,Yes,Yes,Yes,No,No,0.0,77.3,0.0,5.5,0.0,0.0,0.0,93.8,0.0,93.8
Hapjan Parbat Chah  Bagicha,292411,136.8,326,71,1,a,a,a,,,,,,0.0,No,No,Yes,No,No,No,No,No,b,a,a,a,b,a,c,b,c,Yes,a,Yes,Yes,a,b,c,a,c,Yes,a,Yes,No,No,No,0.0,40.9,0.0,0.0,55.4,0.0,0.0,40.5,0.0,40.5
Hapjan Parbat Chah Bagicha Nlr 85,292412,176.4,1145,234,1,a,a,a,,,1.0,,,1.0,Yes,Yes,No,Yes,No,No,No,No,Yes,a,a,a,c,Yes,c,c,a,Yes,a,Yes,Yes,a,a,c,a,Yes,Yes,Yes,Yes,No,Yes,No,0.0,40.5,0.0,0.0,81.0,0.0,0.0,55.0,0.0,55.0
Hapjan Parbat Chah Bagicha 87/84,292413,280.4,550,110,1,2,2,1,,,1.0,,,0.0,Yes,Yes,No,No,No,No,No,No,Yes,a,Yes,Yes,Yes,Yes,a,a,Yes,Yes,b,Yes,Yes,c,a,b,a,Yes,Yes,Yes,Yes,No,No,No,0.0,40.2,0.0,0.0,0.0,0.0,0.0,0.0,0.0,0.0
Kachari Pather Gaon,292414,97.4,746,156,1,1,1,1,,,,,,0.0,Yes,Yes,Yes,Yes,No,No,No,No,Yes,a,Yes,b,Yes,Yes,Yes,a,Yes,Yes,b,Yes,Yes,c,b,b,a,Yes,Yes,Yes,Yes,No,No,No,0.0,20.2,0.0,0.0,0.0,0.0,0.0,70.4,0.0,70.4
Dillghat Gaon No.1,292415,47.6,1871,426,1,2,a,a,,,,,,1.0,Yes,Yes,No,Yes,Yes,No,No,No,Yes,Yes,Yes,b,Yes,Yes,b,Yes,Yes,Yes,Yes,Yes,Yes,Yes,b,Yes,Yes,Yes,Yes,Yes,Yes,No,No,No,0.0,32.7,0.0,0.0,0.0,0.0,0.0,10.8,0.0,10.8
Panidaria Gaon,292416,121.9,1527,327,1,2,a,a,,,1.0,,,1.0,Yes,Yes,No,Yes,Yes,No,No,No,a,a,a,c,c,Yes,c,c,a,Yes,a,Yes,Yes,a,a,c,a,Yes,Yes,Yes,Yes,No,Yes,No,0.0,30.7,0.0,0.0,0.0,0.0,0.0,67.0,0.0,67.0
Dillghat Gaon No.2,292417,128.6,1158,240,2,a,a,a,,,,,,1.0,Yes,Yes,Yes,Yes,Yes,Yes,Yes,No,Yes,a,a,b,Yes,a,a,a,a,Yes,a,Yes,Yes,a,a,c,a,c,a,Yes,Yes,No,No,No,0.0,116.4,0.0,0.0,0.0,0.0,0.0,6.7,0.0,6.7
Chaikya Gaon,292418,174.7,965,202,1,b,1,a,,,,,,1.0,Yes,Yes,Yes,Yes,No,No,No,No,a,a,b,c,Yes,a,c,c,a,Yes,a,Yes,Yes,a,a,c,a,Yes,Yes,Yes,Yes,No,Yes,No,0.0,43.7,0.0,17.0,0.0,0.0,0.0,93.8,0.0,93.8
Dillchah Bagicha (313 Nlr),292419,452.0,2797,627,2,2,1,b,,,,,,1.0,Yes,Yes,Yes,Yes,Yes,No,No,No,Yes,b,Yes,b,c,a,c,c,a,Yes,Yes,Yes,Yes,a,b,c,a,Yes,Yes,Yes,Yes,No,Yes,No,0.0,114.6,0.0,0.0,0.0,0.0,0.0,334.7,0.0,334.7
Panichukia F.V.,292420,26.6,748,172,1,a,a,b,,,,,,0.0,Yes,Yes,No,No,No,No,No,No,Yes,b,a,b,a,a,c,c,a,Yes,a,Yes,Yes,b,b,b,Yes,Yes,Yes,Yes,Yes,No,Yes,No,9.0,0.0,7.4,0.0,1.9,0.0,0.0,8.4,0.0,8.4
