village_name,location_code,area_ha,population,households,primary_school,middle_school,secondary_school,senior_secondary_school,chc,phc,phs,hospital_allopathic,dispensary,medicine_shop,tap_water,well_water,hand_pump,tube_well,river_canal,pond_lake,community_toilet_bath,community_toilet,mobile_coverage,internet_csc,bus_service,railway_station,auto,taxi,national_highway,state_highway,major_district_road,other_district_road,pucca_roads,kutcha_roads,footpaths,bank,atm,agricultural_credit_society,pds_shop,icds,anganwadi,asha,electricity_domestic,electricity_agricultural,electricity_commercial,electricity_all_uses,forest_ha,non_agricultural_ha,barren_uncultivable_ha,pasture_ha,culturable_waste_ha,fallow_ha,current_fallow_ha,net_area_sown_ha,irrigated_ha,unirrigated_ha,primary_school_score,middle_school_score,secondary_school_score,senior_secondary_school_score,phs_score,phc_score,hospital_allopathic_score,tap_water_score,tube_well_score,mobile_coverage_score,internet_csc_score,bus_service_score,pucca_roads_score,bank_score,pds_shop_score,anganwadi_score,asha_score,electricity_all_uses_score,amenity_score,space_per_person,capacity_score,railway_station_score,auto_score,taxi_score,national_highway_score,state_highway_score,major_district_road_score,other_district_road_score,footpaths_score,accessibility_score,non_agri_ratio,barren_ratio,forest_ratio,usable_land_ratio,environment_raw,environment_score,relocation_score,relocation_score_100,rank,slope_mean,censuscode2011_x,flood_risk,flood_class,censuscode2011_y,landslide_risk,slope_risk,safety_score,final_relocation_score,final_relocation_score_100,final_rank,hub_distance_km
Khowang Chah Co. 108 No Fs Grant,291903,386.6,2261,514,3,a,a,1,,,,,,1.0,Yes,Yes,Yes,Yes,No,No,No,No,Yes,a,Yes,a,Yes,Yes,Yes,Yes,Yes,Yes,Yes,Yes,Yes,b,b,c,Yes,a,Yes,Yes,Yes,No,No,No,0.0,9.2,2.0,0.0,205.2,0.0,0.0,170.0,0.0,170.0,1.0,0.75,0.75,1.0,0.0,0.0,0.0,1.0,1.0,1.0,0.75,1.0,1.0,0.5,1.0,1.0,1.0,0.0,0.7083333333333334,0.1709862892525431,0.3469014966108167,0.75,1.0,1.0,1.0,1.0,1.0,1.0,1.0,0.975,0.0237972064148991,0.0051733057423693,0.0,0.5307811691670977,0.763838592860838,0.7169690113301082,0.6997025097520592,69.97025097520591,1,1.0,291903,0.0,Not listed,291903.0,0.212,0.164021158627122,0.9035957682745756,0.7507090331620505,75.07090331620505,1,29.648
Hatkhula,291983,69.2,972,246,1,a,a,b,,,,,,1.0,Yes,Yes,Yes,Yes,No,No,No,No,Yes,a,Yes,a,a,a,Yes,Yes,Yes,Yes,b,Yes,Yes,b,a,c,Yes,a,a,Yes,Yes,No,No,No,0.0,12.2,0.0,5.1,28.0,0.0,23.8,0.0,0.0,0.0,1.0,0.75,0.75,0.5,0.0,0.0,0.0,1.0,1.0,1.0,0.75,1.0,0.5,0.5,1.0,0.75,1.0,0.0,0.6388888888888888,0.07119341563786,0.2302553726995251,0.75,0.75,0.75,1.0,1.0,1.0,1.0,1.0,0.875,0.176300578034682,0.0,0.0,0.7485549132947976,0.8742774566473988,0.8574014754857034,0.6512663604942441,65.12663604942442,6,1.0,291983,0.0,Not listed,291983.0,0.193,0.108861271891468,0.9203277456217064,0.7293051627464193,72.93051627464193,2,33.632
Banhbari Gaon No.2,291200,38.7,7,2,a,a,a,a,,,,,,0.0,No,No,Yes,No,No,No,No,No,Yes,c,a,c,a,a,a,a,a,a,a,a,Yes,a,c,b,Yes,c,a,c,Yes,No,No,No,0.0,0.0,0.0,0.0,0.0,36.9,0.0,0.0,0.0,0.0,0.75,0.75,0.75,0.75,0.0,0.0,0.0,0.0,0.0,1.0,0.25,0.75,0.75,0.75,1.0,0.75,0.25,0.0,0.4722222222222222,5.528571428571429,0.245053501032476,0.25,0.75,0.75,0.75,0.75,0.75,0.75,1.0,0.725,0.0,0.0,0.0,0.9534883720930232,0.9767441860465116,0.9876966886933666,0.5943582685523479,59.43582685523479,55,1.0,291200,0.0,Not listed,291200.0,0.162,0.140925235618244,0.9232149528763512,0.7237038597126644,72.37038597126644,3,25.222
Chakalia No.1,291945,261.1,1612,301,1,2,1,c,,,1.0,,,1.0,Yes,No,Yes,No,No,No,No,No,Yes,Yes,Yes,Yes,c,a,Yes,b,a,Yes,Yes,Yes,Yes,Yes,c,c,Yes,Yes,Yes,Yes,Yes,No,No,No,0.0,26.7,3.5,0.0,1.6,3.4,0.0,139.1,0.0,139.1,1.0,1.0,1.0,0.25,1.0,0.0,0.0,1.0,0.0,1.0,1.0,1.0,1.0,1.0,1.0,1.0,1.0,0.0,0.7361111111111112,0.1619727047146402,0.4038311546450243,1.0,0.25,0.75,1.0,0.5,0.75,1.0,1.0,0.825,0.1022596706242818,0.0134048257372654,0.0,0.0191497510532363,0.5055534278054385,0.388537325780856,0.6101930315952051,61.01930315952051,30,1.0,291945,0.0,Not listed,291945.0,0.068,0.138100177557326,0.9519799644885348,0.7050303733237985,70.50303733237985,4,38.825
Khowang Sonowal Bongali Gaon,291719,237.9,1828,380,1,2,1,1,,1.0,1.0,1.0,1.0,1.0,Yes,Yes,Yes,Yes,Yes,Yes,No,No,Yes,Yes,Yes,b,Yes,Yes,Yes,Yes,c,Yes,Yes,Yes,Yes,Yes,b,b,Yes,Yes,Yes,Yes,Yes,No,No,No,0.0,18.0,12.6,0.0,3.5,0.0,26.2,155.5,0.0,155.5,1.0,1.0,1.0,1.0,1.0,1.0,1.0,1.0,1.0,1.0,1.0,1.0,1.0,1.0,1.0,1.0,1.0,0.0,0.9444444444444444,0.1301422319474836,0.4030782656702427,0.5,1.0,1.0,1.0,1.0,0.25,1.0,1.0,0.875,0.0756620428751576,0.0529634300126103,0.0,0.12484237074401,0.5465321563682219,0.4406452851778019,0.6875097345642323,68.75097345642322,2,1.0,291719,0.0,Not listed,291719.0,0.254,0.091191477453736,0.9055617045092528,0.7040910409979321,70.40910409979321,5,23.627
Rangswal,292230,162.0,802,155,1,a,b,b,,,,,,0.0,Yes,No,Yes,No,No,Yes,No,No,b,b,Yes,c,b,b,c,c,Yes,Yes,b,Yes,Yes,a,c,b,Yes,b,Yes,Yes,Yes,No,No,No,0.0,4.4,0.0,0.0,0.0,0.0,157.6,0.0,0.0,0.0,1.0,0.75,0.5,0.5,0.0,0.0,0.0,1.0,0.0,0.5,0.5,1.0,0.5,0.75,1.0,1.0,1.0,0.0,0.5555555555555556,0.2019950124688279,0.2904920915282659,0.25,0.5,0.5,0.25,0.25,1.0,1.0,1.0,0.625,0.0271604938271604,0.0,0.0,0.9728395061728394,0.9864197530864196,1.0,0.5990119117709554,59.901191177095534,46,1.0,292230,0.0,Not listed,292230.0,0.398,0.0857793896721218,0.8634441220655756,0.6930006717082967,69.30006717082968,6,42.198
Kuchia Khana Gaon,291097,192.5,562,129,1,1,1,b,,,,,,1.0,No,Yes,Yes,No,No,No,No,Yes,Yes,b,a,a,a,Yes,a,a,a,Yes,b,Yes,Yes,a,b,a,Yes,b,Yes,Yes,Yes,No,No,No,0.0,5.7,0.0,4.8,180.3,0.0,0.0,0.0,0.0,0.0,1.0,1.0,1.0,0.5,0.0,0.0,0.0,0.0,0.0,1.0,0.5,0.75,0.5,0.75,1.0,1.0,1.0,0.0,0.5555555555555556,0.342526690391459,0.2366732425360097,0.75,0.75,1.0,0.75,0.75,0.75,1.0,1.0,0.8,0.0296103896103896,0.0,0.0,0.9366233766233768,0.9683116883116882,0.9769740463618016,0.6334520087952517,63.345200879525166,17,1.0,291097,0.0,Not listed,291097.0,0.511,0.174548620777694,0.8117902758444612,0.6904305279260572,69.04305279260572,7,6.097
Naharani 108/167 Nlr Grant,291948,322.1,2573,516,1,a,b,c,,,,,,1.0,No,Yes,Yes,No,No,No,No,No,c,c,Yes,b,a,a,Yes,Yes,b,Yes,Yes,Yes,Yes,c,c,c,Yes,c,Yes,Yes,Yes,No,No,No,0.0,9.2,2.0,0.0,2.0,2.2,2.9,11.0,0.0,11.0,1.0,0.75,0.5,0.25,0.0,0.0,0.0,0.0,0.0,0.25,0.25,1.0,1.0,0.25,1.0,1.0,1.0,0.0,0.4583333333333333,0.1251846094053634,0.2886752883020604,0.5,0.75,0.75,1.0,1.0,0.5,1.0,1.0,0.85,0.0285625582117354,0.0062092517851598,0.0,0.0220428438373176,0.5091586463831108,0.3931216696551331,0.520376489339875,52.0376489339875,339,1.0,291948,0.0,Not listed,291948.0,0.044,0.0835885298043049,0.970082294039139,0.6891699901394407,68.91699901394406,8,39.557
Diroighat,291955,108.0,1090,247,1,2,1,a,,,,,,1.0,Yes,Yes,Yes,Yes,No,No,No,No,c,b,Yes,a,a,a,a,Yes,Yes,Yes,b,Yes,Yes,b,c,b,Yes,a,Yes,Yes,Yes,No,No,No,0.0,16.2,3.8,12.7,2.9,1.5,3.0,65.0,0.0,65.0,1.0,1.0,1.0,0.75,0.0,0.0,0.0,1.0,1.0,0.25,0.5,1.0,0.5,0.5,1.0,1.0,1.0,0.0,0.6388888888888888,0.0990825688073394,0.2880578944377182,0.75,0.75,0.75,0.75,1.0,1.0,1.0,1.0,0.85,0.15,0.0351851851851851,0.0,0.0685185185185185,0.5237037037037038,0.4116169544740974,0.5690600867264712,56.906008672647125,106,1.0,291955,0.0,Not listed,291955.0,0.051,0.125940233896494,0.9595119532207012,0.6875617980688247,68.75617980688247,9,42.443
Lazai Gaon,291176,255.2,1102,231,1,2,1,1,,,,,,1.0,Yes,No,Yes,Yes,Yes,No,Yes,No,Yes,c,Yes,c,Yes,Yes,Yes,Yes,Yes,Yes,b,Yes,Yes,Yes,Yes,c,Yes,c,Yes,Yes,Yes,No,No,No,0.0,38.2,0.0,0.0,0.0,0.0,0.0,217.0,0.0,217.0,1.0,1.0,1.0,1.0,0.0,0.0,0.0,1.0,1.0,1.0,0.25,1.0,0.5,1.0,1.0,1.0,1.0,0.0,0.7083333333333334,0.231578947368421,0.3483347000879334,0.25,1.0,1.0,1.0,1.0,1.0,1.0,1.0,0.875,0.1496865203761755,0.0,0.0,0.0,0.5,0.3814756671899529,0.6029621417933073,60.29621417933073,39,1.0,291176,0.0,Not listed,291176.0,0.217,0.0946718455999703,0.915965630880006,0.6856912774524787,68.56912774524787,10,21.185
Lazai Gaon Pather,291177,65.2,534,106,1,a,a,a,,,,,,1.0,No,Yes,Yes,Yes,No,No,Yes,No,Yes,c,a,c,a,a,a,a,a,Yes,b,Yes,Yes,a,c,c,a,c,Yes,Yes,Yes,No,No,No,0.0,5.2,0.0,0.0,43.4,0.0,0.0,16.6,0.0,16.6,1.0,0.75,0.75,0.75,0.0,0.0,0.0,0.0,1.0,1.0,0.25,0.75,0.5,0.75,0.75,1.0,1.0,0.0,0.5694444444444444,0.1220973782771535,0.1743165514666644,0.25,0.75,0.75,0.75,0.75,0.75,1.0,1.0,0.725,0.0797546012269938,0.0,0.0,0.665644171779141,0.8328220858895705,0.8046874247575388,0.564377733929285,56.437773392928506,124,1.0,291177,0.0,Not listed,291177.0,0.193,0.0505598708243679,0.9319880258351264,0.6820774619143476,68.20774619143477,11,22.502
Teloibari Nepali,291881,109.6,1799,402,2,3,b,b,1.0,1.0,1.0,,,1.0,Yes,Yes,Yes,Yes,No,No,No,No,Yes,b,Yes,b,Yes,Yes,a,b,Yes,Yes,Yes,Yes,Yes,b,b,c,Yes,Yes,Yes,Yes,Yes,No,No,No,0.0,18.1,0.0,28.4,1.4,0.0,1.0,53.3,0.0,53.3,1.0,1.0,0.5,0.5,1.0,1.0,0.0,1.0,1.0,1.0,0.5,1.0,1.0,0.5,1.0,1.0,1.0,0.0,0.7777777777777778,0.0609227348526959,0.3442981536683761,0.5,1.0,1.0,0.75,0.5,1.0,1.0,1.0,0.875,0.1651459854014599,0.0,0.0,0.0218978102189781,0.5109489051094891,0.3953981367954257,0.6220986102206236,62.20986102206236,21,1.0,291881,0.0,Not listed,291881.0,0.239,0.161513045508995,0.895997390898201,0.6787832152956883,67.87832152956884,12,28.083
Moran Chah Comp. 18/39 No Fs,291978,190.9,1579,320,2,2,a,a,,,,,,1.0,Yes,No,Yes,Yes,No,No,No,No,Yes,b,Yes,a,a,a,Yes,b,Yes,Yes,Yes,Yes,Yes,c,a,b,a,b,Yes,Yes,Yes,Yes,Yes,No,0.0,20.1,10.3,0.0,0.0,10.1,0.0,10.0,0.0,10.0,1.0,1.0,0.75,0.75,0.0,0.0,0.0,1.0,1.0,1.0,0.5,1.0,1.0,0.25,0.75,1.0,1.0,0.0,0.6666666666666666,0.1208993033565547,0.2885739275808008,0.75,0.75,0.75,1.0,0.5,1.0,1.0,1.0,0.875,0.1052907281299109,0.0539549502357255,0.0,0.0529072812991094,0.5102671555788372,0.3945312339385528,0.5802163953495776,58.02163953495776,80,1.0,291978,0.0,Not listed,291978.0,0.156,0.136956444124262,0.9258087111751476,0.6766466514560423,67.66466514560423,13,35.18
Mankata T.E. 1/159 Rra (A),291090,256.0,5461,1288,1,a,a,a,,,1.0,,,1.0,Yes,Yes,Yes,Yes,No,No,Yes,No,Yes,a,Yes,a,Yes,Yes,a,a,a,Yes,Yes,Yes,Yes,Yes,a,a,Yes,a,Yes,Yes,Yes,No,Yes,No,0.0,80.4,0.0,0.0,0.0,0.0,0.0,165.2,0.0,165.2,1.0,0.75,0.75,0.75,1.0,0.0,0.0,1.0,1.0,1.0,0.75,1.0,1.0,1.0,1.0,1.0,1.0,0.0,0.7777777777777778,0.0468778611975828,0.4011088061781294,0.75,1.0,1.0,0.75,0.75,0.75,1.0,1.0,0.9,0.3140625,0.0,0.0,0.0,0.5,0.3814756671899529,0.6410167794269674,64.10167794269674,12,1.0,291090,0.0,Not listed,291090.0,0.457,0.0788806194533731,0.8471238761093254,0.6763481020667554,67.63481020667554,14,3.281
Sepon Chah Bagicha 107/110 Nlr,291958,123.5,1632,342,2,2,1,c,,,,,,1.0,Yes,Yes,Yes,Yes,No,No,No,No,Yes,c,Yes,c,c,Yes,Yes,b,Yes,Yes,Yes,Yes,Yes,b,c,b,a,Yes,Yes,Yes,Yes,No,Yes,No,0.0,0.0,0.0,0.0,0.0,0.0,0.0,123.5,0.0,123.5,1.0,1.0,1.0,0.25,0.0,0.0,0.0,1.0,1.0,1.0,0.25,1.0,1.0,0.5,0.75,1.0,1.0,0.0,0.6527777777777778,0.0756740196078431,0.2875042099625658,0.25,0.25,1.0,1.0,0.5,1.0,1.0,1.0,0.8,0.0,0.0,0.0,0.0,0.5,0.3814756671899529,0.5513656303730765,55.13656303730765,173,1.0,291958,0.0,Not listed,291958.0,0.074,0.0795117905272141,0.9618976418945572,0.6738564593269573,67.38564593269572,15,40.576
Kotoha Gaon,291215,214.7,903,202,2,1,1,b,,,1.0,,,1.0,Yes,Yes,Yes,No,No,No,No,Yes,Yes,c,Yes,c,Yes,Yes,Yes,Yes,Yes,Yes,b,Yes,Yes,Yes,c,c,Yes,c,Yes,Yes,Yes,No,No,No,0.0,39.6,0.0,3.0,0.3,0.0,0.0,151.8,0.0,151.8,1.0,1.0,1.0,0.5,1.0,0.0,0.0,1.0,0.0,1.0,0.25,1.0,0.5,1.0,1.0,1.0,1.0,0.0,0.6805555555555556,0.2377630121816168,0.3484809723174176,0.25,1.0,1.0,1.0,1.0,1.0,1.0,1.0,0.875,0.1844434094084769,0.0,0.0,0.0013972985561248,0.5006986492780624,0.382364059521555,0.5962319438725543,59.62319438725543,49,0.997305389226018,291215,0.0,Not listed,291215.0,0.289,0.139176532591555,0.885464693481689,0.6736607294002633,67.36607294002633,16,18.331
Japara Gaon,291256,44.8,1967,406,1,a,a,a,,,,,,1.0,Yes,Yes,Yes,No,No,No,No,Yes,Yes,a,Yes,a,Yes,Yes,Yes,Yes,Yes,Yes,Yes,Yes,Yes,c,a,c,Yes,a,Yes,Yes,Yes,No,No,No,0.0,39.2,0.0,0.0,0.0,0.0,0.0,5.6,0.0,5.6,1.0,0.75,0.75,0.75,0.0,0.0,0.0,1.0,0.0,1.0,0.75,1.0,1.0,0.25,1.0,1.0,1.0,0.0,0.625,0.0227758007117437,0.3433958608766059,0.75,1.0,1.0,1.0,1.0,1.0,1.0,1.0,0.975,0.8750000000000001,0.0,0.0,0.0,0.5,0.3814756671899529,0.6108940986571421,61.0894098657142,29,1.0,291256,0.0,Very Low (1-4),291256.0,0.448,0.143789065799866,0.8368421868400269,0.6728071900336552,67.28071900336552,17,2.694
Niz Lahoal,291286,272.6,2686,600,1,2,a,a,,,1.0,,,1.0,Yes,Yes,Yes,Yes,No,Yes,No,Yes,Yes,b,Yes,a,Yes,Yes,Yes,Yes,Yes,Yes,Yes,Yes,Yes,Yes,b,b,Yes,b,Yes,Yes,Yes,No,Yes,No,0.0,81.3,0.0,25.5,0.0,0.0,0.0,160.7,0.0,160.7,1.0,1.0,0.75,0.75,1.0,0.0,0.0,1.0,1.0,1.0,0.5,1.0,1.0,1.0,1.0,1.0,1.0,0.0,0.7777777777777778,0.1014892032762472,0.4024005330604106,0.75,1.0,1.0,1.0,1.0,1.0,1.0,1.0,0.975,0.2982391782831988,0.0,0.0,0.0,0.5,0.3814756671899529,0.6638397111475378,66.38397111475378,4,1.0,291286,0.0,Not listed,291286.0,0.562,0.183378846825146,0.7947242306349708,0.670711175597584,67.07111755975839,18,7.848
Borpather Konwar Gaon,291111,349.4,1630,340,3,2,1,a,,,1.0,,,1.0,Yes,Yes,Yes,Yes,No,Yes,No,Yes,Yes,b,Yes,b,Yes,Yes,Yes,Yes,Yes,Yes,Yes,Yes,Yes,b,a,b,Yes,b,Yes,Yes,Yes,No,Yes,No,0.0,60.6,0.0,3.4,2.0,3.9,0.0,268.2,0.0,268.2,1.0,1.0,1.0,0.75,1.0,0.0,0.0,1.0,1.0,1.0,0.5,1.0,1.0,0.5,1.0,1.0,1.0,0.0,0.7638888888888888,0.2143558282208588,0.3479273201343774,0.5,1.0,1.0,1.0,1.0,1.0,1.0,1.0,0.95,0.1734401831711505,0.0,0.0,0.0168860904407555,0.5084430452203779,0.3922117215518149,0.6413963965661795,64.13963965661796,11,1.0,291111,0.0,Not listed,291111.0,0.414,0.214448263901802,0.8329103472196396,0.6689777271542224,66.89777271542225,19,5.612
Khelmati,291971,199.0,1198,264,1,2,1,1,,,,,,1.0,Yes,Yes,Yes,Yes,No,No,No,No,Yes,b,Yes,a,a,a,Yes,b,Yes,Yes,b,Yes,Yes,c,a,c,Yes,b,Yes,Yes,Yes,No,No,No,0.0,30.4,10.0,0.0,13.8,0.0,0.0,40.0,0.0,40.0,1.0,1.0,1.0,1.0,0.0,0.0,0.0,1.0,1.0,1.0,0.5,1.0,0.5,0.25,1.0,1.0,1.0,0.0,0.6805555555555556,0.166110183639399,0.2896433045125895,0.75,0.75,0.75,1.0,0.5,1.0,1.0,1.0,0.825,0.1527638190954773,0.050251256281407,0.0,0.0693467336683417,0.5195979899497487,0.4063961881621609,0.5713289526494684,57.13289526494684,101,1.0,291971,0.0,Not listed,291971.0,0.135,0.171523949812603,0.9251952100374794,0.6684483383674632,66.84483383674632,20,36.758
Digali Dalani Gaon,291122,351.7,739,148,2,1,a,b,,,1.0,,,1.0,No,Yes,Yes,Yes,No,No,No,No,Yes,c,Yes,a,Yes,b,a,a,a,Yes,b,Yes,Yes,b,b,b,Yes,c,Yes,Yes,Yes,No,No,No,0.0,6.2,0.0,179.4,83.8,3.7,0.0,77.3,0.0,77.3,1.0,1.0,0.75,0.5,1.0,0.0,0.0,0.0,1.0,1.0,0.25,1.0,0.5,0.5,1.0,1.0,1.0,0.0,0.6388888888888888,0.475913396481732,0.2398282500388019,0.75,1.0,0.5,0.75,0.75,0.75,1.0,1.0,0.8,0.0176286607904464,0.0,0.0,0.2487915837361387,0.6243957918680694,0.5396555595182673,0.5676103966355761,56.76103966355761,109,1.0,291122,0.0,Not listed,291122.0,0.262,0.0212015759324343,0.9171596848135132,0.667769270362846,66.77692703628459,21,16.595
Dikhari Nepali,291904,84.3,516,116,1,1,1,a,,,,,,0.0,Yes,Yes,Yes,Yes,No,Yes,No,No,Yes,b,Yes,b,Yes,Yes,a,Yes,Yes,Yes,b,Yes,Yes,a,b,c,Yes,a,Yes,Yes,Yes,No,No,No,0.0,12.2,4.1,0.0,0.0,0.0,0.0,28.0,0.0,28.0,1.0,1.0,1.0,0.75,0.0,0.0,0.0,1.0,1.0,1.0,0.5,1.0,0.5,0.75,1.0,1.0,1.0,0.0,0.6944444444444444,0.1633720930232558,0.2895785402141788,0.5,1.0,1.0,0.75,1.0,1.0,1.0,1.0,0.875,0.1447212336892052,0.0486358244365361,0.0,0.0,0.4854092526690391,0.3629222836136919,0.5810902028873942,58.10902028873942,78,1.0,291904,0.0,Not listed,291904.0,0.183,0.155183719561042,0.9140632560877916,0.6674582800307152,66.74582800307152,22,31.236
Gharbondi Chuk Jarua Gaon,291096,230.7,4409,894,3,1,2,a,,,1.0,,,1.0,Yes,Yes,Yes,Yes,No,No,No,Yes,Yes,a,Yes,Yes,Yes,Yes,Yes,Yes,Yes,Yes,Yes,Yes,Yes,a,a,a,Yes,a,Yes,Yes,Yes,No,Yes,No,0.0,126.6,0.0,6.4,0.0,0.0,0.0,82.6,0.0,82.6,1.0,1.0,1.0,0.75,1.0,0.0,0.0,1.0,1.0,1.0,0.75,1.0,1.0,0.75,1.0,1.0,1.0,0.0,0.7916666666666666,0.0523247902018598,0.3440947857265692,1.0,1.0,1.0,1.0,1.0,1.0,1.0,1.0,1.0,0.5487646293888166,0.0,0.0,0.0,0.5,0.3814756671899529,0.6602354965362995,66.02354965362996,5,1.0,291096,0.0,Not listed,291096.0,0.521,0.169743628671644,0.8097512742656712,0.6671455562164038,66.71455562164039,23,5.497
Chawolkhowa N.C.,291067,375.7,1668,291,3,3,a,a,,,,,,1.0,No,No,Yes,Yes,No,No,No,Yes,Yes,c,Yes,b,Yes,Yes,a,a,a,Yes,Yes,Yes,Yes,c,c,c,Yes,c,Yes,Yes,Yes,No,No,No,0.0,26.7,20.1,0.0,20.0,0.0,0.0,294.8,0.0,294.8,1.0,1.0,0.75,0.75,0.0,0.0,0.0,0.0,1.0,1.0,0.25,1.0,1.0,0.25,1.0,1.0,1.0,0.0,0.6111111111111112,0.2252398081534772,0.2910419027271144,0.5,1.0,1.0,0.75,0.75,0.75,1.0,1.0,0.875,0.0710673409635347,0.0535001330849081,0.0,0.0532339632685653,0.5105669417088102,0.3949124376517053,0.5670207409898975,56.70207409898976,111,1.0,291067,0.0,Not listed,291067.0,0.246,0.131798996517697,0.8998402006964606,0.6669334216081186,66.69334216081187,24,17.068
Sarupather No.2,291980,89.0,1143,228,1,2,1,a,,,,,,1.0,Yes,Yes,Yes,Yes,No,Yes,No,No,Yes,b,Yes,a,Yes,a,Yes,b,Yes,Yes,b,Yes,Yes,c,a,b,Yes,b,Yes,Yes,Yes,No,No,No,0.0,20.0,5.0,0.0,0.0,0.0,0.0,10.0,0.0,10.0,1.0,1.0,1.0,0.75,0.0,0.0,0.0,1.0,1.0,1.0,0.5,1.0,0.5,0.25,1.0,1.0,1.0,0.0,0.6666666666666666,0.0778652668416448,0.2875560397263089,0.75,1.0,0.75,1.0,0.5,1.0,1.0,1.0,0.85,0.2247191011235955,0.0561797752808988,0.0,0.0,0.4831460674157303,0.3600444499320904,0.565564566584662,56.5564566584662,120,1.0,291980,0.0,Not listed,291980.0,0.182,0.0915644452555076,0.9270871109488984,0.6667305218009502,66.67305218009501,25,33.914
Sarupather No.1,291979,48.8,574,125,1,a,a,a,,,,,,0.0,Yes,No,No,Yes,No,No,No,No,Yes,b,Yes,a,a,a,Yes,b,Yes,Yes,b,Yes,Yes,c,a,b,Yes,b,Yes,Yes,Yes,No,No,No,0.0,10.2,5.0,0.0,5.0,0.0,0.0,18.5,0.0,18.5,1.0,0.75,0.75,0.75,0.0,0.0,0.0,1.0,1.0,1.0,0.5,1.0,0.5,0.25,1.0,1.0,1.0,0.0,0.6388888888888888,0.0850174216027874,0.2877252102725646,0.75,0.75,0.75,1.0,0.5,1.0,1.0,1.0,0.825,0.2090163934426229,0.1024590163934426,0.0,0.1024590163934426,0.5204918032786885,0.4075327482821628,0.5606600744467959,56.06600744467959,139,1.0,291979,0.0,Not listed,291979.0,0.17,0.16282535465799,0.916434929068402,0.6646351864378265,66.46351864378265,26,34.601
Lakai Gaon,291103,291.2,2584,480,1,b,b,b,,,1.0,,,3.0,Yes,Yes,Yes,Yes,No,No,No,Yes,Yes,b,Yes,b,Yes,Yes,a,a,a,Yes,Yes,Yes,Yes,a,b,a,Yes,b,Yes,Yes,Yes,No,No,No,0.0,16.2,0.0,2.1,26.8,4.8,0.0,224.4,0.0,224.4,1.0,0.5,0.5,0.5,1.0,0.0,0.0,1.0,1.0,1.0,0.5,1.0,1.0,0.75,1.0,1.0,1.0,0.0,0.7083333333333334,0.1126934984520123,0.3455226920977949,0.5,1.0,1.0,0.75,0.75,0.75,1.0,1.0,0.875,0.0556318681318681,0.0,0.0,0.1085164835164835,0.5542582417582418,0.4504696637742164,0.6160579391126253,61.60579391126253,24,1.0,291103,0.0,Not listed,291103.0,0.449,0.138847382786486,0.8375305234427028,0.6639633319676623,66.39633319676624,27,7.968
Kachamari No.2,291928,122.8,784,144,1,a,b,c,,,,,,0.0,No,Yes,Yes,Yes,No,No,No,No,c,c,a,b,a,a,a,a,a,Yes,b,Yes,Yes,c,b,c,Yes,c,Yes,Yes,Yes,No,No,No,0.0,25.0,3.6,0.0,7.9,4.5,6.9,72.8,0.0,72.8,1.0,0.75,0.5,0.25,0.0,0.0,0.0,0.0,1.0,0.25,0.25,0.75,0.5,0.25,1.0,1.0,1.0,0.0,0.4722222222222222,0.1566326530612244,0.2322762745045455,0.5,0.75,0.75,0.75,0.75,0.75,1.0,1.0,0.75,0.2035830618892508,0.0293159609120521,0.0,0.1571661237785016,0.5697882736156352,0.4702174279884843,0.4951681097793888,49.51681097793888,544,1.0,291928,0.0,Not listed,291928.0,0.03,0.15008062295299,0.960983875409402,0.6629952329881698,66.29952329881698,28,39.75
Jagalani Grant No.43 F.S.,291070,498.6,1553,303,2,2,1,c,,,,,,1.0,Yes,Yes,No,Yes,Yes,No,No,Yes,c,Yes,Yes,Yes,c,Yes,c,c,c,Yes,Yes,Yes,Yes,c,c,c,Yes,c,Yes,Yes,Yes,No,No,No,0.0,66.9,0.0,0.0,80.3,13.4,0.0,307.8,0.0,307.8,1.0,1.0,1.0,0.25,0.0,0.0,0.0,1.0,1.0,0.25,1.0,1.0,1.0,0.25,1.0,1.0,1.0,0.0,0.6527777777777778,0.3210560206052801,0.3504511091789497,1.0,0.25,1.0,0.25,0.25,0.25,1.0,1.0,0.7,0.1341756919374248,0.0,0.0,0.1879261933413558,0.5939630966706779,0.500957783835556,0.5609987785062931,56.09987785062931,137,1.0,291070,0.0,Not listed,291070.0,0.267,0.101869126305975,0.899526174738805,0.6625669147655928,66.25669147655928,29,15.659
Lahoal Patra,291300,197.5,1644,363,2,2,1,a,,1.0,1.0,,1.0,1.0,Yes,No,Yes,Yes,No,No,No,No,Yes,b,Yes,Yes,Yes,Yes,Yes,Yes,Yes,Yes,Yes,Yes,Yes,c,b,c,Yes,b,Yes,Yes,Yes,No,Yes,No,0.0,54.2,0.0,2.4,0.0,0.0,0.0,105.4,0.0,105.4,1.0,1.0,1.0,0.75,1.0,1.0,0.0,1.0,1.0,1.0,0.5,1.0,1.0,0.25,1.0,1.0,1.0,0.0,0.8055555555555556,0.1201338199513382,0.3456986786772796,1.0,1.0,1.0,1.0,1.0,1.0,1.0,1.0,1.0,0.2744303797468355,0.0,0.0,0.0,0.5,0.3814756671899529,0.6641086919961994,66.41086919961994,3,1.0,291300,0.0,Not listed,291300.0,0.571,0.166146068852334,0.7954707862295332,0.6618343342396261,66.18343342396261,30,9.566
Matak Gaon,291116,179.0,2838,591,5,2,1,a,,,1.0,,,1.0,Yes,Yes,Yes,Yes,No,No,Yes,Yes,b,b,Yes,a,a,Yes,a,a,a,Yes,Yes,Yes,Yes,c,a,c,Yes,b,Yes,Yes,Yes,No,No,No,0.0,113.8,0.0,0.0,0.0,0.0,0.0,58.5,0.0,58.5,1.0,1.0,1.0,0.75,1.0,0.0,0.0,1.0,1.0,0.5,0.5,1.0,1.0,0.25,1.0,1.0,1.0,0.0,0.7222222222222222,0.0630725863284002,0.3443490042946083,0.75,0.75,1.0,0.75,0.75,0.75,1.0,1.0,0.875,0.635754189944134,0.0,0.0,0.0,0.5,0.3814756671899529,0.6054379400671983,60.54379400671983,37,1.0,291116,0.0,Not listed,291116.0,0.356,0.172876043312502,0.8586247913374996,0.6617585176871449,66.1758517687145,31,9.651
Mirihula No.1,291982,27.3,1057,248,1,a,a,b,,,1.0,,,1.0,Yes,Yes,Yes,Yes,No,No,No,No,Yes,a,Yes,a,a,a,a,a,Yes,Yes,a,Yes,Yes,c,a,b,Yes,Yes,Yes,Yes,Yes,No,No,No,0.0,8.0,3.2,0.0,0.0,0.0,0.0,6.9,0.0,6.9,1.0,0.75,0.75,0.5,1.0,0.0,0.0,1.0,1.0,1.0,0.75,1.0,0.75,0.25,1.0,1.0,1.0,0.0,0.7083333333333334,0.0258278145695364,0.2863251932862327,0.75,0.75,0.75,0.75,0.75,1.0,1.0,1.0,0.85,0.293040293040293,0.1172161172161172,0.0,0.0,0.4648351648351648,0.3367605706695189,0.5710167457887952,57.101674578879525,102,1.0,291982,0.0,Not listed,291982.0,0.202,0.0918033842246152,0.921039323155077,0.6605111131840168,66.05111131840168,32,33.289
Dhakeri Gaon,291095,156.2,3585,815,1,3,1,a,,,1.0,,,1.0,Yes,Yes,Yes,No,No,No,No,Yes,Yes,a,Yes,Yes,Yes,Yes,Yes,Yes,Yes,Yes,Yes,Yes,Yes,b,a,b,a,a,Yes,Yes,Yes,No,Yes,No,0.0,101.2,0.0,8.5,0.0,0.0,0.0,30.3,0.0,30.3,1.0,1.0,1.0,0.75,1.0,0.0,0.0,1.0,0.0,1.0,0.75,1.0,1.0,0.5,0.75,1.0,1.0,0.0,0.7083333333333334,0.0435704323570432,0.2867448609868571,1.0,1.0,1.0,1.0,1.0,1.0,1.0,1.0,1.0,0.647887323943662,0.0,0.0,0.0,0.5,0.3814756671899529,0.6250646820180383,62.50646820180384,18,1.0,291095,0.0,Not listed,291095.0,0.512,0.0945568890556115,0.8274886221888778,0.6599030142007584,65.99030142007584,33,4.278
Borpather Kakoti Gaon,291163,260.4,2320,475,1,a,a,a,,,1.0,,,1.0,Yes,Yes,Yes,Yes,No,No,No,Yes,Yes,c,Yes,c,Yes,Yes,a,a,a,Yes,Yes,Yes,Yes,a,a,b,Yes,c,Yes,Yes,Yes,No,No,No,0.0,123.4,0.0,25.8,0.0,0.0,0.0,104.5,0.0,104.5,1.0,0.75,0.75,0.75,1.0,0.0,0.0,1.0,1.0,1.0,0.25,1.0,1.0,0.75,1.0,1.0,1.0,0.0,0.7361111111111112,0.1122413793103448,0.3455119980839315,0.25,1.0,1.0,0.75,0.75,0.75,1.0,1.0,0.85,0.4738863287250384,0.0,0.0,0.0,0.5,0.3814756671899529,0.6017009107367512,60.17009107367512,40,1.0,291163,0.0,Not listed,291163.0,0.353,0.143994539588683,0.8653010920822635,0.6597197864323813,65.97197864323813,34,11.752
Bokul Maj Gaon,291301,316.2,1765,391,3,1,1,b,,,1.0,,,1.0,Yes,Yes,Yes,Yes,No,Yes,No,Yes,Yes,b,Yes,a,Yes,Yes,Yes,Yes,Yes,Yes,Yes,Yes,Yes,c,b,c,Yes,b,Yes,Yes,Yes,No,Yes,No,0.0,80.6,0.0,13.5,0.0,0.0,0.0,175.1,0.0,175.1,1.0,1.0,1.0,0.5,1.0,0.0,0.0,1.0,1.0,1.0,0.5,1.0,1.0,0.25,1.0,1.0,1.0,0.0,0.7361111111111112,0.1791501416430594,0.3470945969301718,0.75,1.0,1.0,1.0,1.0,1.0,1.0,1.0,0.975,0.2549019607843137,0.0,0.0,0.0,0.5,0.3814756671899529,0.6395965604483114,63.959656044831135,14,1.0,291301,0.0,Not listed,291301.0,0.529,0.20149940016754,0.801000119966492,0.6593950472976328,65.93950472976327,35,7.59
Teporchali Chetia Block,291869,22.9,126,29,1,a,a,b,,,,,,0.0,No,No,No,Yes,Yes,No,No,No,a,b,Yes,b,b,Yes,Yes,Yes,Yes,Yes,b,Yes,Yes,a,b,c,Yes,b,Yes,a,Yes,No,No,No,0.0,2.3,0.0,0.0,0.1,0.0,0.0,20.0,0.0,20.0,1.0,0.75,0.75,0.5,0.0,0.0,0.0,0.0,1.0,0.75,0.5,1.0,0.5,0.75,1.0,1.0,0.75,0.0,0.5694444444444444,0.1817460317460317,0.2328702834616106,0.5,0.5,1.0,1.0,1.0,1.0,1.0,1.0,0.85,0.1004366812227074,0.0,0.0,0.0043668122270742,0.5021834061135371,0.3842520548696468,0.5324290929504432,53.24290929504431,264,1.0,291869,0.0,Not listed,291869.0,0.118,0.158424559016713,0.9329150881966574,0.6590214143745127,65.90214143745126,36,32.167
Rangagarah No.1,291968,250.4,1444,296,2,a,a,b,,,1.0,,,1.0,Yes,Yes,Yes,Yes,No,No,No,No,Yes,b,a,b,Yes,Yes,a,b,a,Yes,b,Yes,Yes,b,b,b,Yes,Yes,Yes,Yes,Yes,No,No,No,0.0,35.6,3.8,0.0,1.4,4.6,0.0,120.4,0.0,120.4,1.0,0.75,0.75,0.5,1.0,0.0,0.0,1.0,1.0,1.0,0.5,0.75,0.5,0.5,1.0,1.0,1.0,0.0,0.6805555555555556,0.1734072022160664,0.2898159015354279,0.5,1.0,1.0,0.75,0.5,0.75,1.0,1.0,0.775,0.1421725239616613,0.0151757188498402,0.0,0.023961661341853,0.5074281150159745,0.3909211509622282,0.5532770944651916,55.32770944651916,164,1.0,291968,0.0,Not listed,291968.0,0.109,0.174973686942004,0.9323052626115992,0.6590142530728309,65.90142530728309,37,37.496
Mirihula Block,291984,30.3,658,150,1,a,a,b,,,,,,0.0,Yes,Yes,Yes,No,No,No,No,No,Yes,a,Yes,a,a,a,a,a,Yes,Yes,a,Yes,Yes,a,a,c,Yes,b,Yes,Yes,Yes,No,No,No,0.0,5.5,2.2,0.0,0.0,0.0,0.0,10.2,0.0,10.2,1.0,0.75,0.75,0.5,0.0,0.0,0.0,1.0,0.0,1.0,0.75,1.0,0.75,0.75,1.0,1.0,1.0,0.0,0.625,0.0460486322188449,0.2868034780663741,0.75,0.75,0.75,0.75,0.75,1.0,1.0,1.0,0.85,0.1815181518151815,0.0726072607260726,0.0,0.0,0.4782178217821782,0.3537777639616395,0.5537064223089214,55.37064223089215,163,1.0,291984,0.0,Not listed,291984.0,0.203,0.142713317541364,0.9105573364917272,0.6589904687075304,65.89904687075304,38,32.863
Kachamari No.1,291929,303.1,1348,273,2,2,b,c,,,,,,1.0,Yes,Yes,Yes,Yes,No,No,No,No,c,c,a,b,Yes,a,a,a,a,Yes,b,Yes,Yes,c,b,c,a,c,Yes,Yes,Yes,No,No,No,0.0,50.7,5.8,0.0,4.0,6.2,8.6,217.9,0.0,217.9,1.0,1.0,0.5,0.25,0.0,0.0,0.0,1.0,1.0,0.25,0.25,0.75,0.5,0.25,0.75,1.0,1.0,0.0,0.5277777777777778,0.2248516320474777,0.2338898640206461,0.5,1.0,0.75,0.75,0.75,0.75,1.0,1.0,0.775,0.1672715275486638,0.0191355988122731,0.0,0.0620257340811613,0.5252721873968986,0.4136114156852243,0.5056391935866509,50.56391935866509,454,1.0,291929,0.0,Not listed,291929.0,0.012,0.189092179475242,0.9585815641049515,0.6589468039999259,65.8946803999926,39,40.976
Dibuwal Dihingia Gaon,291115,226.5,2906,615,3,2,1,a,,1.0,,,,1.0,Yes,Yes,Yes,Yes,No,No,Yes,No,Yes,a,Yes,b,Yes,Yes,a,a,a,Yes,Yes,Yes,Yes,c,a,c,Yes,b,Yes,Yes,Yes,No,Yes,No,0.0,55.9,0.0,3.2,0.0,0.0,0.0,164.4,0.0,164.4,1.0,1.0,1.0,0.75,0.0,1.0,0.0,1.0,1.0,1.0,0.75,1.0,1.0,0.25,1.0,1.0,1.0,0.0,0.7638888888888888,0.0779421885753613,0.3447007163057059,0.5,1.0,1.0,0.75,0.75,0.75,1.0,1.0,0.875,0.2467991169977925,0.0,0.0,0.0,0.5,0.3814756671899529,0.6159425347366394,61.59425347366394,25,1.0,291115,0.0,Not listed,291115.0,0.376,0.183194587505243,0.8505610824989513,0.6586209621545,65.86209621545,40,8.66
Dikhari 119 No Fs 144/107 Nlr,291926,295.1,2596,538,1,b,b,c,,,,,,1.0,No,Yes,Yes,No,No,No,No,No,Yes,b,Yes,b,b,b,b,b,Yes,Yes,Yes,Yes,Yes,b,b,c,b,c,Yes,Yes,Yes,No,No,No,0.0,7.0,1.6,0.0,2.8,1.8,1.0,10.8,0.0,10.8,1.0,0.5,0.5,0.25,0.0,0.0,0.0,0.0,0.0,1.0,0.5,1.0,1.0,0.5,0.5,1.0,1.0,0.0,0.4861111111111111,0.1136748844375963,0.2312601906212008,0.5,0.5,0.5,0.5,0.5,1.0,1.0,1.0,0.75,0.023720772619451,0.0054218908844459,0.0,0.0189766180955608,0.5078617417824467,0.3914725444957329,0.4826373343322245,48.263733433222455,661,1.0,291926,0.0,Not listed,291926.0,0.023,0.0879450983951605,0.975510980320968,0.6567403214580474,65.67403214580474,41,39.325
Tepargaon,291091,251.0,4304,966,1,3,a,a,,,1.0,,,1.0,Yes,Yes,Yes,Yes,No,No,Yes,No,Yes,a,Yes,a,Yes,Yes,a,a,a,Yes,Yes,Yes,Yes,b,a,b,Yes,a,Yes,Yes,Yes,No,Yes,No,0.0,183.9,0.0,4.0,0.0,0.0,0.0,57.1,0.0,57.1,1.0,1.0,0.75,0.75,1.0,0.0,0.0,1.0,1.0,1.0,0.75,1.0,1.0,0.5,1.0,1.0,1.0,0.0,0.7638888888888888,0.058317843866171,0.3442365399525319,0.75,1.0,1.0,0.75,0.75,0.75,1.0,1.0,0.9,0.7326693227091634,0.0,0.0,0.0,0.5,0.3814756671899529,0.6233264906483458,62.33264906483458,19,1.0,291091,0.0,Not listed,291091.0,0.467,0.13359057327951,0.833181885344098,0.6565532392042652,65.65532392042653,42,3.834
Ghugul Pather,291951,43.1,238,48,1,a,a,c,,,,,,0.0,No,Yes,Yes,No,No,No,No,No,c,c,a,a,a,a,a,a,a,Yes,b,Yes,Yes,b,b,b,Yes,c,Yes,a,Yes,No,No,No,0.0,10.2,1.8,0.0,1.2,0.8,2.0,25.0,0.0,25.0,1.0,0.75,0.75,0.25,0.0,0.0,0.0,0.0,0.0,0.25,0.25,0.75,0.5,0.5,1.0,1.0,0.75,0.0,0.4305555555555556,0.1810924369747899,0.2328548239269426,0.75,0.75,0.75,0.75,0.75,0.75,1.0,1.0,0.775,0.2366589327146171,0.0417633410672853,0.0,0.0928074245939675,0.5338747099767982,0.4245502591541704,0.4832626467014587,48.32626467014587,655,1.0,291951,0.0,Not listed,291951.0,0.044,0.189674357180563,0.9488651285638874,0.6564422962804163,65.64422962804163,43,40.938
Ophulia,292109,458.2,1510,289,3,2,1,a,,,,,,1.0,Yes,Yes,Yes,No,No,No,No,No,Yes,c,Yes,c,Yes,Yes,c,a,Yes,Yes,Yes,Yes,Yes,a,c,b,Yes,c,Yes,Yes,Yes,No,No,No,0.0,64.6,0.0,17.3,0.0,0.0,0.5,295.5,0.0,295.5,1.0,1.0,1.0,0.75,0.0,0.0,0.0,1.0,0.0,1.0,0.25,1.0,1.0,0.75,1.0,1.0,1.0,0.0,0.6527777777777778,0.3034437086092715,0.3500345236126841,0.25,1.0,1.0,0.25,0.75,1.0,1.0,1.0,0.825,0.140986468790921,0.0,0.0,0.0010912265386294,0.5005456132693147,0.3821694611430846,0.5746369675762324,57.46369675762324,92,1.0,292109,0.0,Not listed,292109.0,0.341,0.157363113159899,0.8662273773680202,0.6563250010218419,65.63250010218418,44,31.869
Bali Gaon,291210,275.8,843,179,1,1,a,a,,,,,,1.0,Yes,No,Yes,No,No,No,Yes,No,Yes,c,a,b,Yes,Yes,a,a,a,Yes,b,Yes,Yes,c,c,c,Yes,c,Yes,Yes,Yes,No,No,No,0.0,20.0,0.0,0.0,9.6,0.0,0.0,236.2,0.0,236.2,1.0,1.0,0.75,0.75,0.0,0.0,0.0,1.0,0.0,1.0,0.25,0.75,0.5,0.25,1.0,1.0,1.0,0.0,0.5694444444444444,0.3271648873072361,0.2934527455980311,0.5,1.0,1.0,0.75,0.75,0.75,1.0,1.0,0.8,0.0725163161711385,0.0,0.0,0.0348078317621464,0.5174039158810733,0.403606235264787,0.5364455445635763,53.64455445635763,245,1.0,291210,0.0,Not listed,291210.0,0.265,0.0754676675103317,0.9054064664979335,0.6560667082883993,65.60667082883992,45,19.712
Lepetkatta Gaon,291134,289.9,1944,401,1,a,a,a,,,,,,1.0,No,Yes,Yes,Yes,No,No,No,No,Yes,a,Yes,b,Yes,Yes,a,a,a,Yes,Yes,Yes,Yes,b,a,c,Yes,c,Yes,Yes,Yes,No,No,No,0.0,60.8,0.0,0.0,0.0,0.0,0.0,209.0,0.0,209.0,1.0,0.75,0.75,0.75,0.0,0.0,0.0,0.0,1.0,1.0,0.75,1.0,1.0,0.5,1.0,1.0,1.0,0.0,0.6388888888888888,0.1491255144032921,0.2892415646357828,0.5,1.0,1.0,0.75,0.75,0.75,1.0,1.0,0.875,0.209727492238703,0.0,0.0,0.0,0.5,0.3814756671899529,0.5708277468191585,57.08277468191585,103,1.0,291134,0.0,Not listed,291134.0,0.319,0.131597149583623,0.8779805700832755,0.6557239692707488,65.57239692707488,46,13.722
Sepon Chah Bagicha 18/21 Nlr G,291962,296.6,1300,256,1,2,a,b,,1.0,,,,1.0,No,Yes,Yes,Yes,No,No,No,No,c,a,Yes,,Yes,Yes,Yes,b,Yes,Yes,b,Yes,Yes,c,c,c,Yes,Yes,Yes,Yes,Yes,No,No,No,0.0,19.7,2.9,0.0,1.1,0.0,0.0,12.4,0.0,12.4,1.0,1.0,0.75,0.5,0.0,1.0,0.0,0.0,1.0,0.25,0.75,1.0,0.5,0.25,1.0,1.0,1.0,0.0,0.6111111111111112,0.2281538461538461,0.2339679715816378,0.0,1.0,1.0,1.0,0.5,1.0,1.0,1.0,0.8,0.0664194200944032,0.0097774780849629,0.0,0.0037086985839514,0.4989211058664868,0.3801037609919221,0.5272905228715716,52.72905228715716,290,1.0,291962,0.0,Not listed,291962.0,0.089,0.122292130779782,0.9488415738440436,0.6550441865818152,65.50441865818152,47,39.513
Disam Chah Bagicha,292361,239.7,1928,394,1,2,1,c,,,1.0,,,1.0,Yes,Yes,Yes,Yes,No,No,No,No,Yes,Yes,Yes,b,Yes,Yes,b,Yes,Yes,Yes,Yes,Yes,Yes,Yes,b,Yes,Yes,Yes,Yes,Yes,Yes,No,No,No,0.0,29.7,0.0,200.0,0.0,0.0,10.0,0.0,0.0,0.0,1.0,1.0,1.0,0.25,1.0,0.0,0.0,1.0,1.0,1.0,1.0,1.0,1.0,1.0,1.0,1.0,1.0,0.0,0.7916666666666666,0.1243257261410788,0.4029406873463067,0.5,1.0,1.0,0.5,1.0,1.0,1.0,1.0,0.9,0.1239048811013767,0.0,0.0,0.0417188151856487,0.5208594075928243,0.408000188618819,0.6502518762270071,65.02518762270071,7,1.0,292361,0.0,Not listed,292361.0,0.64,0.130942469723498,0.7818115060553004,0.6546598025515198,65.46598025515198,48,40.945
Abhoipuria Bongali,291994,60.1,1333,311,1,a,a,a,,,1.0,,,1.0,Yes,Yes,Yes,Yes,No,No,No,No,a,a,Yes,a,a,a,a,Yes,Yes,Yes,b,Yes,Yes,b,a,b,Yes,b,a,Yes,Yes,No,No,No,0.0,12.0,1.4,14.0,0.6,1.6,0.0,10.1,0.0,10.1,1.0,0.75,0.75,0.75,1.0,0.0,0.0,1.0,1.0,0.75,0.75,1.0,0.5,0.5,1.0,0.75,1.0,0.0,0.6944444444444444,0.0450862715678919,0.2296378581223117,0.75,0.75,0.75,0.75,1.0,1.0,1.0,1.0,0.85,0.1996672212978369,0.0232945091514143,0.0,0.0366056572379367,0.5113144758735441,0.3958629912991691,0.5651931739015229,56.51931739015229,123,1.0,291994,0.0,Not listed,291994.0,0.218,0.0771875727457941,0.9191624854508412,0.6544539074057898,65.44539074057897,49,32.484
Niz-Tengakhat,291606,197.0,2533,554,4,2,1,a,,1.0,,,,2.0,Yes,Yes,Yes,Yes,No,No,No,No,Yes,c,Yes,c,Yes,Yes,c,b,Yes,Yes,Yes,Yes,Yes,Yes,c,c,Yes,Yes,Yes,Yes,Yes,No,Yes,No,0.0,84.5,0.0,0.0,0.0,0.0,52.0,0.0,0.0,0.0,1.0,1.0,1.0,0.75,0.0,1.0,0.0,1.0,1.0,1.0,0.25,1.0,1.0,1.0,1.0,1.0,1.0,0.0,0.7777777777777778,0.0777733912356889,0.4018395808702266,0.25,1.0,1.0,0.25,0.5,1.0,1.0,1.0,0.8,0.4289340101522843,0.0,0.0,0.2639593908629442,0.631979695431472,0.5492991417574449,0.64476416801349,64.476416801349,10,1.0,291606,0.0,Not listed,291606.0,0.672,0.0993695031762693,0.7785260993647461,0.654265206227072,65.4265206227072,50,27.055
Sepon 284 Nlr Grant,291963,126.1,1705,330,2,2,1,c,,,,,,1.0,Yes,No,Yes,No,No,No,No,No,Yes,c,a,c,Yes,a,a,a,a,Yes,a,Yes,Yes,c,c,c,a,Yes,Yes,Yes,Yes,No,No,No,0.0,7.7,2.3,0.0,0.2,2.2,0.0,7.4,0.0,7.4,1.0,1.0,1.0,0.25,0.0,0.0,0.0,1.0,0.0,1.0,0.25,0.75,0.75,0.25,0.75,1.0,1.0,0.0,0.5555555555555556,0.0739589442815249,0.2303207859920165,0.25,1.0,0.75,0.75,0.75,0.75,1.0,1.0,0.775,0.0610626486915146,0.0182394924662965,0.0,0.0190325138778747,0.5040444091990484,0.3866184795152734,0.5062927812899477,50.62927812899477,446,1.0,291963,0.0,Not listed,291963.0,0.08,0.0876101755078153,0.958477964898437,0.6539641543846699,65.39641543846699,51,38.951
Chawolkhowa Charaihabi Gaon,291066,132.6,519,93,1,a,a,c,,,,,,1.0,No,No,No,Yes,No,No,No,Yes,Yes,c,a,b,a,a,a,a,a,Yes,a,Yes,Yes,b,c,b,Yes,c,Yes,Yes,Yes,No,No,No,0.0,8.0,0.0,0.0,20.1,0.0,0.0,104.5,0.0,104.5,1.0,0.75,0.75,0.25,0.0,0.0,0.0,0.0,1.0,1.0,0.25,0.75,0.75,0.5,1.0,1.0,1.0,0.0,0.5555555555555556,0.2554913294797687,0.2346145874815939,0.5,0.75,0.75,0.75,0.75,0.75,1.0,1.0,0.775,0.0603318250377073,0.0,0.0,0.1515837104072398,0.5757918552036199,0.4778514956278369,0.5256128348848548,52.56128348848548,298,0.700000000496705,291066,0.0,Not listed,291066.0,0.226,0.0604534369850868,0.9201093126029828,0.6533750962557672,65.33750962557671,52,18.515
Podumoni Chetia,291855,134.3,381,79,1,1,a,a,,,,,,0.0,Yes,No,Yes,Yes,No,No,No,No,c,c,Yes,c,Yes,Yes,c,c,Yes,Yes,b,Yes,Yes,b,c,b,Yes,c,Yes,a,Yes,No,No,No,0.0,12.0,9.4,0.0,1.0,2.0,0.0,98.8,0.0,98.8,1.0,1.0,0.75,0.75,0.0,0.0,0.0,1.0,1.0,0.25,0.25,1.0,0.5,0.5,1.0,1.0,0.75,0.0,0.5972222222222222,0.35249343832021,0.2940518440451186,0.25,1.0,1.0,0.25,0.25,1.0,1.0,1.0,0.725,0.0893521965748324,0.0699925539836187,0.0,0.0223380491437081,0.4901712583767684,0.3689775812954198,0.5141140328259192,51.41140328259192,384,1.0,291855,0.0,Not listed,291855.0,0.107,0.0958986039295813,0.9487202792140838,0.6533477098912261,65.33477098912262,53,31.797
Borborua T.E. 13/76 Orr Grant,291143,119.1,2324,455,1,2,a,a,,,,,,1.0,Yes,Yes,Yes,Yes,No,No,No,Yes,Yes,b,Yes,c,a,Yes,Yes,Yes,Yes,Yes,Yes,Yes,Yes,c,a,c,a,b,Yes,Yes,Yes,No,Yes,No,0.0,9.4,0.0,0.0,0.0,0.0,0.0,102.9,0.0,102.9,1.0,1.0,0.75,0.75,0.0,0.0,0.0,1.0,1.0,1.0,0.5,1.0,1.0,0.25,0.75,1.0,1.0,0.0,0.6666666666666666,0.0512478485370051,0.2869264555876972,0.25,0.75,1.0,1.0,1.0,1.0,1.0,1.0,0.9,0.0789252728799328,0.0,0.0,0.0,0.5,0.3814756671899529,0.5846934140015816,58.46934140015816,70,1.0,291143,0.0,Not listed,291143.0,0.397,0.100547256264243,0.8607905487471514,0.6532691834742779,65.32691834742779,54,7.357
Bordoibam Gaon,291180,409.7,851,173,2,a,a,a,,,,,,1.0,Yes,Yes,Yes,No,No,Yes,No,No,Yes,c,a,c,a,a,a,a,a,Yes,a,Yes,Yes,c,c,c,Yes,c,Yes,Yes,Yes,No,No,No,0.0,142.8,0.0,128.6,0.0,0.0,0.0,138.2,0.0,138.2,1.0,0.75,0.75,0.75,0.0,0.0,0.0,1.0,0.0,1.0,0.25,0.75,0.75,0.25,1.0,1.0,1.0,0.0,0.5694444444444444,0.481433607520564,0.2971016772193713,0.25,0.75,0.75,0.75,0.75,0.75,1.0,1.0,0.75,0.3485477178423237,0.0,0.0,0.0,0.5,0.3814756671899529,0.5179316638539445,51.79316638539445,358,1.0,291180,0.0,Not listed,291180.0,0.196,0.0619776228941382,0.9288044754211724,0.6530185595518048,65.30185595518047,55,21.857
Domradalang No.4,292000,32.9,165,35,1,a,1,a,,,,,,0.0,Yes,Yes,Yes,Yes,No,No,No,No,Yes,a,Yes,a,a,a,a,a,Yes,Yes,b,Yes,Yes,a,a,c,Yes,Yes,Yes,a,Yes,No,No,No,0.0,3.1,1.0,16.7,0.0,4.9,0.0,7.1,0.0,7.1,1.0,0.75,1.0,0.75,0.0,0.0,0.0,1.0,1.0,1.0,0.75,1.0,0.5,0.75,1.0,1.0,0.75,0.0,0.6805555555555556,0.1993939393939393,0.2904305681178217,0.75,0.75,0.75,0.75,0.75,1.0,1.0,1.0,0.825,0.094224924012158,0.0303951367781155,0.0,0.1489361702127659,0.5653495440729484,0.4645732036092436,0.583161171640193,58.316117164019296,75,1.0,292000,0.0,Not listed,292000.0,0.28,0.268360573866736,0.8623278852266528,0.6522247766615031,65.22247766615031,56,29.505
Nibuk Gaon,291217,150.5,270,64,1,c,a,b,,,,,,1.0,Yes,No,Yes,No,No,No,No,Yes,Yes,c,a,b,a,a,Yes,Yes,b,Yes,b,Yes,Yes,a,b,b,Yes,c,Yes,a,Yes,No,No,No,0.0,21.2,0.0,0.0,6.7,2.5,0.0,116.8,0.0,116.8,1.0,0.25,0.75,0.5,0.0,0.0,0.0,1.0,0.0,1.0,0.25,0.75,0.5,0.75,1.0,1.0,0.75,0.0,0.5277777777777778,0.5574074074074075,0.2988986921969839,0.5,0.75,0.75,1.0,1.0,0.5,1.0,1.0,0.775,0.1408637873754152,0.0,0.0,0.0611295681063122,0.5305647840531562,0.4203414051539349,0.5232373985244774,52.32373985244774,317,1.0,291217,0.0,Not listed,291217.0,0.289,0.0780388778085098,0.8976922244382981,0.6518527735976556,65.18527735976556,57,17.471
Gozpuria Gaon,291912,239.6,1026,217,2,2,a,b,,,1.0,,,1.0,No,Yes,Yes,Yes,No,No,No,No,Yes,b,Yes,b,Yes,Yes,a,a,Yes,Yes,b,Yes,Yes,b,b,c,Yes,c,Yes,Yes,Yes,No,No,No,0.0,24.9,7.9,0.0,2.0,1.9,1.1,185.7,0.0,185.7,1.0,1.0,0.75,0.5,1.0,0.0,0.0,0.0,1.0,1.0,0.5,1.0,0.5,0.5,1.0,1.0,1.0,0.0,0.6527777777777778,0.2335282651072124,0.2340950931863166,0.5,1.0,1.0,0.75,0.75,1.0,1.0,1.0,0.85,0.103923205342237,0.0329716193656093,0.0,0.0208681135225375,0.500542570951586,0.3821655925758002,0.5531513362561837,55.31513362561837,165,1.0,291912,0.0,Not listed,291912.0,0.165,0.180605150451192,0.9143789699097616,0.6516002001468539,65.16002001468539,58,31.387
Kolakhowa Gozal Gaon,291197,319.8,1103,200,3,1,b,c,,,,,,1.0,Yes,Yes,Yes,Yes,Yes,Yes,No,No,Yes,c,a,c,Yes,a,c,c,c,Yes,a,Yes,Yes,a,c,c,Yes,c,Yes,Yes,Yes,No,No,No,0.0,54.9,0.0,35.0,20.1,6.7,33.5,166.2,0.0,166.2,1.0,1.0,0.5,0.25,0.0,0.0,0.0,1.0,1.0,1.0,0.25,0.75,0.75,0.75,1.0,1.0,1.0,0.0,0.625,0.2899365367180417,0.2925721801438846,0.25,1.0,0.75,0.25,0.25,0.25,1.0,1.0,0.625,0.1716697936210131,0.0,0.0,0.1885553470919324,0.5942776735459663,0.5013577952468331,0.5171646040853377,51.71646040853377,364,1.0,291197,0.0,Not listed,291197.0,0.141,0.0662306271356112,0.9444538745728778,0.6511282641521472,65.11282641521473,59,26.355
Fatikacua Abhaipuria Gaon,291995,219.5,1459,355,3,2,2,a,,,,,,1.0,Yes,Yes,Yes,Yes,No,Yes,No,No,Yes,a,a,a,Yes,a,Yes,a,a,Yes,b,Yes,Yes,b,a,c,Yes,Yes,Yes,Yes,Yes,No,Yes,No,0.0,7.6,2.0,32.4,0.8,1.0,0.0,53.8,0.0,53.8,1.0,1.0,1.0,0.75,0.0,0.0,0.0,1.0,1.0,1.0,0.75,0.75,0.5,0.5,1.0,1.0,1.0,0.0,0.6805555555555556,0.1504455106237148,0.2892727866225996,0.75,1.0,0.75,1.0,0.75,0.75,1.0,1.0,0.825,0.0346241457858769,0.0091116173120728,0.0,0.0082004555808656,0.5013667425968109,0.3832135973366041,0.5665998050118596,56.65998050118596,113,1.0,291995,0.0,Not listed,291995.0,0.232,0.200727936803393,0.8902544126393214,0.650902001311869,65.0902001311869,60,31.009
Rangchali Gaon,291800,48.0,100,20,2,2,b,a,,,1.0,,,0.0,No,No,Yes,Yes,No,No,No,No,Yes,b,b,b,b,b,a,b,a,Yes,b,Yes,Yes,b,b,c,a,a,Yes,b,Yes,No,No,No,0.0,12.1,0.0,0.0,0.5,1.5,30.4,0.0,0.0,0.0,1.0,1.0,0.5,0.75,1.0,0.0,0.0,0.0,1.0,1.0,0.5,0.5,0.5,0.5,0.75,1.0,0.5,0.0,0.5833333333333334,0.48,0.1827820536887553,0.5,0.5,0.5,0.75,0.5,0.75,1.0,1.0,0.65,0.2520833333333333,0.0,0.0,0.6749999999999999,0.8374999999999999,0.8106357927786499,0.5486560053112521,54.86560053112521,185,1.0,291800,0.0,Not listed,291800.0,0.29,0.150765088544925,0.882846982291015,0.6504296752553923,65.04296752553923,61,24.128
Kamaldoi Betbari,291938,219.2,1189,246,1,2,b,b,,,,,,1.0,Yes,Yes,Yes,No,No,No,No,No,Yes,a,Yes,b,b,Yes,a,b,Yes,Yes,b,Yes,Yes,c,b,c,a,Yes,Yes,Yes,Yes,No,No,No,0.0,26.8,2.8,0.0,1.8,3.6,0.0,135.7,0.0,135.7,1.0,1.0,0.5,0.5,0.0,0.0,0.0,1.0,0.0,1.0,0.75,1.0,0.5,0.25,0.75,1.0,1.0,0.0,0.5694444444444444,0.1843566021867115,0.232932031514084,0.5,0.5,1.0,0.75,0.5,1.0,1.0,1.0,0.775,0.1222627737226277,0.0127737226277372,0.0,0.0246350364963503,0.508485401459854,0.3922655811341943,0.5115472352164709,51.15472352164709,403,1.0,291938,0.0,Not listed,291938.0,0.092,0.138004393050324,0.9447991213899352,0.6499924936046242,64.99924936046241,62,37.594
Salmari 318 Nlr,291763,290.6,3416,710,1,3,a,b,,,,,,1.0,Yes,Yes,Yes,Yes,No,Yes,No,No,Yes,c,Yes,a,a,a,a,b,a,Yes,Yes,Yes,Yes,c,c,c,a,b,Yes,Yes,Yes,No,No,No,0.0,24.8,0.0,0.0,0.0,1.0,0.0,60.5,0.0,60.5,1.0,1.0,0.75,0.5,0.0,0.0,0.0,1.0,1.0,1.0,0.25,1.0,1.0,0.25,0.75,1.0,1.0,0.0,0.6388888888888888,0.0850702576112412,0.2877264600073243,0.75,0.75,0.75,0.75,0.5,0.75,1.0,1.0,0.825,0.0853406744666207,0.0,0.0,0.0034411562284927,0.5017205781142464,0.3836635294702349,0.5558865431181003,55.588654311810025,153,1.0,291763,0.0,Not listed,291763.0,0.312,0.0892105765417265,0.8885578846916546,0.6499042982990283,64.99042982990282,63,23.637
Bezarchuk Bongali,291990,146.7,904,208,1,a,a,a,,,1.0,,,1.0,Yes,No,Yes,Yes,No,No,No,No,Yes,a,Yes,a,a,a,Yes,a,Yes,Yes,b,Yes,Yes,b,a,b,Yes,c,Yes,Yes,Yes,No,No,No,0.0,20.2,20.2,0.0,0.0,0.0,10.1,46.3,0.0,46.3,1.0,0.75,0.75,0.75,1.0,0.0,0.0,1.0,1.0,1.0,0.75,1.0,0.5,0.5,1.0,1.0,1.0,0.0,0.7222222222222222,0.1622787610619468,0.2895526795370388,0.75,0.75,0.75,1.0,0.75,1.0,1.0,1.0,0.85,0.1376959781867757,0.1376959781867757,0.0,0.0688479890933878,0.4931152010906612,0.372721056331924,0.5824879367062,58.24879367062,77,1.0,291990,0.0,Not listed,291990.0,0.203,0.306986730402356,0.8777026539195287,0.6493773899018598,64.93773899018598,64,32.161
Singrijan No.1,291931,48.2,539,102,2,a,a,b,,,,,,0.0,No,Yes,Yes,Yes,No,No,No,No,Yes,c,b,c,Yes,Yes,b,Yes,b,Yes,b,Yes,Yes,c,b,c,Yes,c,Yes,Yes,Yes,No,No,No,0.0,21.5,3.8,0.0,4.0,1.8,1.6,0.0,0.0,0.0,1.0,0.75,0.75,0.5,0.0,0.0,0.0,0.0,1.0,1.0,0.25,0.5,0.5,0.25,1.0,1.0,1.0,0.0,0.5277777777777778,0.0894248608534322,0.2306866026783428,0.25,1.0,1.0,0.5,1.0,0.5,1.0,1.0,0.725,0.446058091286307,0.0788381742738589,0.0,0.1535269709543568,0.5531120331950208,0.4490121615195712,0.4969185274179444,49.69185274179444,521,1.0,291931,0.0,Not listed,291931.0,0.055,0.179304973443932,0.9476390053112136,0.6490790770220067,64.90790770220067,65,36.672
Suta Bogpar T.E.10/165 O.R(A) Grant,291101,235.6,1582,322,1,a,a,b,,,,,,1.0,Yes,No,Yes,Yes,No,No,No,Yes,Yes,b,Yes,a,a,a,a,a,a,Yes,Yes,Yes,Yes,a,b,a,Yes,b,Yes,Yes,Yes,No,No,No,0.0,19.5,0.0,0.0,0.8,0.0,0.0,211.5,0.0,211.5,1.0,0.75,0.75,0.5,0.0,0.0,0.0,1.0,1.0,1.0,0.5,1.0,1.0,0.75,1.0,1.0,1.0,0.0,0.6805555555555556,0.1489254108723135,0.3463796887122041,0.75,0.75,0.75,0.75,0.75,0.75,1.0,1.0,0.85,0.08276740237691,0.0,0.0,0.0033955857385398,0.50169779286927,0.3836345560818033,0.5884607222833006,58.84607222833006,64,1.0,291101,0.0,Not listed,291101.0,0.469,0.115988260698975,0.836102347860205,0.6485810447344036,64.85810447344036,66,5.707
"Ghorania T.E.81,184,91/94No.Nlr",291165,146.5,497,101,1,a,a,a,,,,,,1.0,Yes,No,No,Yes,No,No,No,Yes,Yes,c,Yes,c,Yes,Yes,a,a,a,Yes,b,Yes,Yes,b,c,b,Yes,c,Yes,Yes,Yes,No,No,No,0.0,122.4,0.0,0.0,0.0,0.0,17.0,0.0,0.0,0.0,1.0,0.75,0.75,0.75,0.0,0.0,0.0,1.0,1.0,1.0,0.25,1.0,0.5,0.5,1.0,1.0,1.0,0.0,0.6388888888888888,0.2947686116700201,0.2926864736381496,0.25,1.0,1.0,0.75,0.75,0.75,1.0,1.0,0.8,0.8354948805460751,0.0,0.0,0.1160409556313993,0.5580204778156996,0.4552536688080325,0.5639445743933661,56.39445743933661,125,1.0,291165,0.0,Not listed,291165.0,0.324,0.176551965610502,0.8674896068778997,0.6484555114819022,64.84555114819021,67,14.207
Jhalam,291969,219.2,1014,213,1,a,a,b,,,1.0,,,1.0,Yes,Yes,Yes,Yes,No,No,No,No,Yes,b,Yes,b,b,Yes,Yes,b,a,Yes,b,Yes,Yes,c,b,c,a,Yes,Yes,Yes,Yes,No,No,No,0.0,36.1,4.3,0.0,2.3,5.6,0.0,113.4,0.0,113.4,1.0,0.75,0.75,0.5,1.0,0.0,0.0,1.0,1.0,1.0,0.5,1.0,0.5,0.25,0.75,1.0,1.0,0.0,0.6666666666666666,0.2161735700197238,0.2336846010554693,0.5,0.5,1.0,1.0,0.5,0.75,1.0,1.0,0.775,0.1646897810218978,0.0196167883211678,0.0,0.0360401459854014,0.5121350364963504,0.3969064043360186,0.5369690977977377,53.69690977977377,243,1.0,291969,0.0,Not listed,291969.0,0.111,0.153888343707305,0.935922331258539,0.6473260434176857,64.73260434176858,68,38.215
Boiragimoth Kachari Gaon,291092,156.4,3665,817,2,3,a,a,,,,,,1.0,Yes,Yes,Yes,Yes,No,No,Yes,Yes,Yes,a,Yes,Yes,Yes,Yes,a,a,a,Yes,Yes,Yes,Yes,b,a,b,b,a,Yes,Yes,Yes,No,No,No,0.0,122.6,0.0,0.0,0.0,0.0,0.0,26.8,0.0,26.8,1.0,1.0,0.75,0.75,0.0,0.0,0.0,1.0,1.0,1.0,0.75,1.0,1.0,0.5,0.5,1.0,1.0,0.0,0.6805555555555556,0.0426739427012278,0.2867236562380993,1.0,1.0,1.0,0.75,0.75,0.75,1.0,1.0,0.925,0.7838874680306904,0.0,0.0,0.0,0.5,0.3814756671899529,0.5956149363864043,59.56149363864043,50,1.0,291092,0.0,Not listed,291092.0,0.5,0.0955318303272793,0.8308936339345441,0.6462597177118354,64.62597177118354,69,2.767
Hunghungia No.1,291874,127.2,290,61,1,a,a,a,,,1.0,,,0.0,Yes,Yes,Yes,Yes,No,No,No,No,Yes,b,a,b,b,a,a,a,a,Yes,a,Yes,Yes,b,c,b,Yes,b,Yes,a,Yes,No,No,No,0.0,11.2,5.7,0.0,2.3,1.8,1.5,97.5,0.0,97.5,1.0,0.75,0.75,0.75,1.0,0.0,0.0,1.0,1.0,1.0,0.5,0.75,0.75,0.5,1.0,1.0,0.75,0.0,0.6944444444444444,0.4386206896551724,0.2960890195037642,0.5,0.5,0.75,0.75,0.75,0.75,1.0,1.0,0.75,0.0880503144654088,0.0448113207547169,0.0,0.0440251572327044,0.5085691823899371,0.3923721157548651,0.5511077891380252,55.11077891380252,175,1.0,291874,0.0,Not listed,291874.0,0.194,0.166976722061667,0.9084046555876666,0.6462399344742374,64.62399344742374,70,28.125
Nowjan Gaon No.2,291221,43.3,698,150,1,a,a,a,,,,,,1.0,Yes,Yes,Yes,Yes,Yes,Yes,Yes,No,Yes,c,a,a,a,Yes,a,a,a,Yes,a,Yes,Yes,b,b,c,Yes,c,Yes,Yes,Yes,No,No,No,0.0,7.8,0.0,0.0,0.0,0.0,0.0,33.4,0.0,33.4,1.0,0.75,0.75,0.75,0.0,0.0,0.0,1.0,1.0,1.0,0.25,0.75,0.75,0.5,1.0,1.0,1.0,0.0,0.6388888888888888,0.0620343839541547,0.2871815904595877,0.75,0.75,1.0,0.75,0.75,0.75,1.0,1.0,0.825,0.1801385681293302,0.0,0.0,0.0,0.5,0.3814756671899529,0.5553127532751096,55.53127532751097,157,1.0,291221,0.0,Not listed,291221.0,0.306,0.138411784038641,0.8805176431922718,0.6462238049702986,64.62238049702987,71,17.141
Dihajan Gaon,291927,96.0,424,89,1,a,b,c,,,,,,0.0,Yes,No,No,Yes,No,No,No,No,c,c,a,b,a,a,a,b,b,Yes,b,Yes,Yes,c,b,c,c,c,Yes,a,Yes,No,No,No,0.0,25.7,2.6,0.0,2.5,3.3,1.8,53.2,0.0,53.2,1.0,0.75,0.5,0.25,0.0,0.0,0.0,1.0,1.0,0.25,0.25,0.75,0.5,0.25,0.25,1.0,0.75,0.0,0.4722222222222222,0.2264150943396226,0.2339268447318927,0.5,0.75,0.75,0.75,0.5,0.5,1.0,1.0,0.7,0.2677083333333333,0.0270833333333333,0.0,0.0791666666666666,0.5314583333333334,0.4214776295133439,0.4708327926411975,47.08327926411975,774,1.0,291927,0.0,Very Low (1-4),291927.0,0.002,0.192288209590534,0.9609423580818932,0.6460802988427321,64.60802988427321,72,41.056
Kaowimari No.2,291986,39.2,295,59,1,a,a,a,,,,,,0.0,No,Yes,Yes,Yes,No,No,No,No,Yes,a,Yes,a,a,a,a,a,Yes,Yes,b,Yes,Yes,a,a,c,Yes,Yes,Yes,a,Yes,No,No,No,0.0,7.2,2.0,0.0,0.0,0.0,0.0,17.0,0.0,17.0,1.0,0.75,0.75,0.75,0.0,0.0,0.0,0.0,1.0,1.0,0.75,1.0,0.5,0.75,1.0,1.0,0.75,0.0,0.6111111111111112,0.1328813559322034,0.2317144829824399,0.75,0.75,0.75,0.75,0.75,1.0,1.0,1.0,0.825,0.183673469387755,0.0510204081632653,0.0,0.0,0.4846938775510204,0.3620126229455676,0.5306089231125013,53.06089231125013,274,1.0,291986,0.0,Not listed,291986.0,0.203,0.0875883108509576,0.9215823378298084,0.6458634493193685,64.58634493193685,73,32.48
Dillghat Gaon No.1,292415,47.6,1871,426,1,2,a,a,,,,,,1.0,Yes,Yes,No,Yes,Yes,No,No,No,Yes,Yes,Yes,b,Yes,Yes,b,Yes,Yes,Yes,Yes,Yes,Yes,Yes,b,Yes,Yes,Yes,Yes,Yes,Yes,No,No,No,0.0,32.7,0.0,0.0,0.0,0.0,0.0,10.8,0.0,10.8,1.0,1.0,0.75,0.75,0.0,0.0,0.0,1.0,1.0,1.0,1.0,1.0,1.0,1.0,1.0,1.0,1.0,0.0,0.75,0.0254409406734366,0.4006017568096214,0.5,1.0,1.0,0.5,1.0,1.0,1.0,1.0,0.9,0.6869747899159664,0.0,0.0,0.0,0.5,0.3814756671899529,0.633945572640396,63.3945572640396,16,1.0,292415,0.0,Not listed,292415.0,0.676,0.130133061472904,0.7711733877054192,0.645841144363066,64.5841144363066,74,48.999
Jutlibari Borhula,291524,107.0,2449,499,1,a,a,a,,,,,,1.0,Yes,Yes,Yes,No,No,No,No,No,Yes,a,Yes,a,a,a,c,b,Yes,Yes,Yes,Yes,Yes,a,a,b,Yes,Yes,Yes,Yes,Yes,No,No,No,0.0,25.0,0.0,0.0,70.0,0.0,0.0,10.0,0.0,10.0,1.0,0.75,0.75,0.75,0.0,0.0,0.0,1.0,0.0,1.0,0.75,1.0,1.0,0.75,1.0,1.0,1.0,0.0,0.6527777777777778,0.0436913025724785,0.3438905770835615,0.75,0.75,0.75,0.25,0.5,1.0,1.0,1.0,0.8,0.2336448598130841,0.0,0.0,0.6542056074766355,0.8271028037383177,0.7974148681758829,0.6486500623505114,64.86500623505114,8,1.0,291524,0.0,Not listed,291524.0,0.885,0.170023142733857,0.7004953714532286,0.6457830230785643,64.57830230785643,75,44.919
Tetonbari Borbam,291952,106.5,467,104,1,b,b,b,,,,,,0.0,Yes,Yes,Yes,No,No,No,No,No,c,c,b,a,b,b,b,b,a,Yes,b,Yes,Yes,c,c,c,Yes,b,Yes,Yes,Yes,No,No,No,0.0,25.6,7.9,0.0,5.2,1.2,0.9,63.5,0.0,63.5,1.0,0.5,0.5,0.5,0.0,0.0,0.0,1.0,0.0,0.25,0.25,0.5,0.5,0.25,1.0,1.0,1.0,0.0,0.4583333333333333,0.228051391862955,0.2911084053641322,0.75,0.5,0.5,0.5,0.5,0.75,1.0,1.0,0.65,0.2403755868544601,0.0741784037558685,0.0,0.0685446009389671,0.5120187793427229,0.396758573418533,0.461712149358073,46.171214935807306,841,1.0,291952,0.0,Not listed,291952.0,0.039,0.157168748599288,0.9568662502801424,0.6450373874658699,64.50373874658699,76,42.002
Binoigutia Gaon,291131,474.9,3228,626,5,3,1,b,,,1.0,,,1.0,Yes,Yes,Yes,Yes,No,No,Yes,No,Yes,b,Yes,c,a,a,a,a,a,Yes,Yes,Yes,Yes,b,b,b,a,c,Yes,Yes,Yes,No,No,No,0.0,112.4,0.0,24.8,5.7,0.0,0.0,311.6,0.0,311.6,1.0,1.0,1.0,0.5,1.0,0.0,0.0,1.0,1.0,1.0,0.5,1.0,1.0,0.5,0.75,1.0,1.0,0.0,0.7361111111111112,0.1471189591078066,0.2891941034067175,0.25,0.75,0.75,0.75,0.75,0.75,1.0,1.0,0.8,0.2366814066119183,0.0,0.0,0.0120025268477574,0.5060012634238786,0.3891067870853088,0.5741476610465189,57.414766104651896,96,1.0,291131,0.0,Not listed,291131.0,0.296,0.133622000127878,0.8844755999744244,0.6444547839042455,64.44547839042455,77,15.542
Pathalibam Chah Bagisha 127 N,291936,124.0,733,143,1,a,a,a,,,,,,0.0,Yes,Yes,Yes,Yes,No,No,No,No,Yes,b,Yes,b,b,b,b,b,Yes,Yes,b,Yes,Yes,c,b,c,Yes,b,Yes,Yes,Yes,No,No,No,0.0,20.0,3.4,0.0,0.0,0.0,0.0,10.3,0.0,10.3,1.0,0.75,0.75,0.75,0.0,0.0,0.0,1.0,1.0,1.0,0.5,1.0,0.5,0.25,1.0,1.0,1.0,0.0,0.6388888888888888,0.1691678035470668,0.2897156266654647,0.5,0.5,0.5,0.5,0.5,1.0,1.0,1.0,0.7,0.1612903225806451,0.0274193548387096,0.0,0.0,0.4917741935483871,0.3710158505089381,0.516354298990376,51.6354298990376,372,1.0,291936,0.0,Not listed,291936.0,0.124,0.115441651280042,0.9397116697439916,0.6439659521403035,64.39659521403036,78,34.8
Rangagarah No.2,291970,56.4,439,81,1,a,a,b,,,,,,0.0,Yes,No,Yes,Yes,No,No,No,No,Yes,b,Yes,b,b,Yes,a,b,Yes,Yes,b,Yes,Yes,c,b,c,Yes,c,a,a,Yes,No,No,No,0.0,8.8,2.3,0.0,0.0,1.6,0.0,13.6,0.0,13.6,1.0,0.75,0.75,0.5,0.0,0.0,0.0,1.0,1.0,1.0,0.5,1.0,0.5,0.25,1.0,0.75,0.75,0.0,0.5972222222222222,0.1284738041002278,0.2316102307709083,0.5,0.5,1.0,0.75,0.5,1.0,1.0,1.0,0.775,0.1560283687943262,0.0407801418439716,0.0,0.0283687943262411,0.5019503546099291,0.3839557099435519,0.516499255236993,51.6499255236993,370,1.0,291970,0.0,Not listed,291970.0,0.121,0.151559429996952,0.9333881140006096,0.6438511597845037,64.38511597845037,79,37.393
Hunghungia No.4,291872,260.6,307,57,1,a,a,b,,,1.0,,,0.0,No,No,Yes,Yes,No,No,No,No,Yes,b,a,b,a,a,a,a,a,Yes,a,Yes,Yes,b,b,b,Yes,b,Yes,a,Yes,No,No,No,0.0,24.9,14.1,0.0,1.1,1.9,1.1,206.3,0.0,206.3,1.0,0.75,0.75,0.5,1.0,0.0,0.0,0.0,1.0,1.0,0.5,0.75,0.75,0.5,1.0,1.0,0.75,0.0,0.625,0.8488599348534203,0.2486495873458853,0.5,0.75,0.75,0.75,0.75,0.75,1.0,1.0,0.775,0.0955487336914811,0.0541059094397544,0.0,0.0157329240214888,0.4916346891788181,0.3708384587674139,0.5250800885899541,52.50800885899542,300,1.0,291872,0.0,Not listed,291872.0,0.182,0.0904789279847588,0.9273042144030482,0.6437098514128028,64.37098514128027,80,29.168
Nowjan Gaon No.1,291219,214.6,534,118,1,a,a,a,,,,,,1.0,Yes,No,Yes,No,Yes,No,No,Yes,Yes,c,a,b,a,Yes,a,a,a,Yes,a,Yes,Yes,b,b,b,Yes,c,Yes,Yes,Yes,No,No,No,0.0,41.1,0.0,4.0,0.0,0.0,0.0,164.4,0.0,164.4,1.0,0.75,0.75,0.75,0.0,0.0,0.0,1.0,0.0,1.0,0.25,0.75,0.75,0.5,1.0,1.0,1.0,0.0,0.5833333333333334,0.4018726591760299,0.2952198151034691,0.5,0.75,1.0,0.75,0.75,0.75,1.0,1.0,0.8,0.1915191053122087,0.0,0.0,0.0,0.5,0.3814756671899529,0.5359334205471913,53.59334205471913,247,1.0,291219,0.0,Not listed,291219.0,0.315,0.122164411181806,0.8810671177636388,0.6434531509598157,64.34531509598158,81,15.164
Handiqui Chuk Gaon,291112,190.8,1033,211,3,2,b,b,,,,,,1.0,Yes,Yes,Yes,Yes,No,No,No,No,Yes,b,a,b,Yes,Yes,a,a,a,Yes,b,Yes,Yes,c,b,c,Yes,b,Yes,Yes,Yes,No,No,No,0.0,13.6,0.0,0.0,25.2,0.0,4.2,137.4,0.0,137.4,1.0,1.0,0.5,0.5,0.0,0.0,0.0,1.0,1.0,1.0,0.5,0.75,0.5,0.25,1.0,1.0,1.0,0.0,0.6111111111111112,0.1847047434656341,0.2900831232732626,0.5,1.0,1.0,0.75,0.75,0.75,1.0,1.0,0.8,0.0712788259958071,0.0,0.0,0.1540880503144654,0.5770440251572326,0.4794437368561357,0.5611873059673206,56.11873059673206,135,1.0,291112,0.0,Not listed,291112.0,0.392,0.174819714766075,0.847436057046785,0.6434117641654501,64.34117641654501,82,6.682
Chenimari Gaon,291724,193.9,1076,210,2,a,a,a,,,,,,1.0,Yes,No,Yes,Yes,No,Yes,No,No,Yes,c,Yes,c,a,a,Yes,Yes,Yes,Yes,b,Yes,Yes,b,c,b,Yes,c,Yes,Yes,Yes,No,No,No,0.0,33.9,23.0,93.3,0.1,0.0,0.2,38.3,0.0,38.3,1.0,0.75,0.75,0.75,0.0,0.0,0.0,1.0,1.0,1.0,0.25,1.0,0.5,0.5,1.0,1.0,1.0,0.0,0.6388888888888888,0.1802044609665427,0.2899766776950975,0.25,0.75,0.75,1.0,1.0,1.0,1.0,1.0,0.825,0.1748323878287777,0.1186178442496132,0.0,0.001547189272821,0.4651882413615266,0.3372095376810621,0.5471582991822089,54.71582991822089,192,1.0,291724,0.0,Not listed,291724.0,0.294,0.125043249342563,0.8867913501314875,0.6427921401285288,64.27921401285288,83,19.858
Deroibam No.79,292185,250.9,716,139,1,b,b,b,,,,,,0.0,Yes,No,Yes,No,No,Yes,No,No,c,c,Yes,c,b,b,c,a,Yes,Yes,a,Yes,Yes,c,c,c,Yes,c,a,Yes,Yes,Yes,Yes,No,0.0,40.1,0.0,0.0,0.0,0.0,77.0,0.0,0.0,0.0,1.0,0.5,0.5,0.5,0.0,0.0,0.0,1.0,0.0,0.25,0.25,1.0,0.75,0.25,1.0,0.75,1.0,0.0,0.4861111111111111,0.3504189944134078,0.2368599198978955,0.25,0.5,0.5,0.25,0.75,1.0,1.0,1.0,0.7,0.159824631327222,0.0,0.0,0.3068951773614986,0.6534475886807494,0.5765974047588808,0.5060622387040278,50.60622387040278,448,1.0,292185,0.0,Very Low (1-4),292185.0,0.292,0.101983985152161,0.8920032029695678,0.6425058718761332,64.25058718761332,84,37.389
Kamaldoi Gaon,291940,163.7,515,110,1,1,b,b,,,,,,0.0,No,Yes,Yes,Yes,No,No,No,No,Yes,b,a,b,a,a,a,a,b,Yes,b,Yes,Yes,c,b,c,Yes,c,Yes,Yes,Yes,No,No,No,0.0,17.0,2.0,6.4,3.0,2.0,0.0,101.0,0.0,101.0,1.0,1.0,0.5,0.5,0.0,0.0,0.0,0.0,1.0,1.0,0.5,0.75,0.5,0.25,1.0,1.0,1.0,0.0,0.5555555555555556,0.3178640776699029,0.2360898955859597,0.5,0.75,0.75,0.75,0.75,0.5,1.0,1.0,0.725,0.1038485033598045,0.0122174709835064,0.0,0.030543677458766,0.5116065974343311,0.3962344488568418,0.4946582525567472,49.46582525567472,550,1.0,291940,0.0,Not listed,291940.0,0.091,0.126318310140126,0.9474363379719748,0.6424321764138061,64.24321764138061,85,36.598
Teloijan Darkhsta No.25,292003,199.1,2108,419,3,a,a,a,,,,,,1.0,Yes,Yes,Yes,Yes,No,No,No,No,Yes,b,Yes,b,b,b,b,Yes,Yes,Yes,Yes,Yes,Yes,c,b,b,Yes,Yes,a,Yes,Yes,No,No,No,0.0,21.1,3.0,0.0,0.1,2.1,0.0,15.8,0.0,15.8,1.0,0.75,0.75,0.75,0.0,0.0,0.0,1.0,1.0,1.0,0.5,1.0,1.0,0.25,1.0,0.75,1.0,0.0,0.6527777777777778,0.0944497153700189,0.2879483131474794,0.5,0.5,0.5,0.5,1.0,1.0,1.0,1.0,0.8,0.1059768960321446,0.0150678051230537,0.0,0.011049723756906,0.501004520341537,0.3827530007482652,0.5517321228809674,55.17321228809674,171,1.0,292003,0.0,Not listed,292003.0,0.29,0.153690178304056,0.8822619643391888,0.6423048141347851,64.23048141347851,86,28.958
Athabari Gaon,291720,101.1,1198,260,1,2,1,b,,,,,,1.0,Yes,Yes,Yes,Yes,No,No,No,No,c,c,Yes,c,a,Yes,a,a,a,Yes,b,Yes,Yes,a,c,b,Yes,b,Yes,Yes,Yes,No,No,No,0.0,11.8,3.8,0.0,1.8,1.0,1.1,70.5,0.0,70.5,1.0,1.0,1.0,0.5,0.0,0.0,0.0,1.0,1.0,0.25,0.25,1.0,0.5,0.75,1.0,1.0,1.0,0.0,0.625,0.0843906510851419,0.2877103852143285,0.25,0.75,1.0,0.75,0.75,0.75,1.0,1.0,0.775,0.1167161226508407,0.0375865479723046,0.0,0.0385756676557863,0.5080118694362018,0.3916634446519992,0.539010285233982,53.9010285233982,229,1.0,291720,0.0,Not listed,291720.0,0.272,0.134775766944976,0.8914448466110048,0.6422550516457839,64.2255051645784,87,23.254
Saragfala Gohain Gaon,291853,153.7,537,109,1,1,a,b,,,,,,1.0,Yes,Yes,Yes,Yes,Yes,No,No,No,c,c,Yes,c,c,c,b,Yes,Yes,Yes,b,Yes,Yes,a,c,c,Yes,c,Yes,Yes,Yes,No,No,No,0.0,18.8,0.0,0.0,0.1,0.0,1.0,130.4,0.0,130.4,1.0,1.0,0.75,0.5,0.0,0.0,0.0,1.0,1.0,0.25,0.25,1.0,0.5,0.75,1.0,1.0,1.0,0.0,0.6111111111111112,0.286219739292365,0.2924842664071406,0.25,0.25,0.25,0.5,1.0,1.0,1.0,1.0,0.675,0.1223162003903708,0.0,0.0,0.007156798959011,0.5035783994795056,0.3860259082863415,0.5056040260368313,50.56040260368313,455,1.0,291853,0.0,Not listed,291853.0,0.129,0.111770509841847,0.9389458980316306,0.6416033120573886,64.16033120573886,88,31.054
Saguni Bari Gaon,291265,178.0,2133,433,1,a,a,a,,,,,,1.0,Yes,Yes,Yes,No,No,No,No,Yes,Yes,b,Yes,b,Yes,a,a,a,a,Yes,Yes,Yes,Yes,b,a,c,Yes,b,Yes,Yes,Yes,No,Yes,No,0.0,35.0,0.0,0.0,0.0,0.0,0.0,16.8,0.0,16.8,1.0,0.75,0.75,0.75,0.0,0.0,0.0,1.0,0.0,1.0,0.5,1.0,1.0,0.5,1.0,1.0,1.0,0.0,0.625,0.0834505391467416,0.3448310058067372,0.5,1.0,0.75,0.75,0.75,0.75,1.0,1.0,0.85,0.196629213483146,0.0,0.0,0.0,0.5,0.3814756671899529,0.5737528848896749,57.37528848896749,98,1.0,291265,0.0,Not listed,291265.0,0.537,0.0943641329481324,0.8200271734103735,0.6414399708943267,64.14399708943267,89,3.854
Gozpuria Bongali,291880,102.0,408,77,1,a,a,b,,,,,,0.0,No,Yes,Yes,No,No,No,No,No,Yes,b,Yes,b,a,Yes,a,a,Yes,Yes,b,Yes,Yes,b,b,c,Yes,b,Yes,a,Yes,No,No,No,0.0,9.2,8.5,0.0,1.3,1.0,0.9,74.3,0.0,74.3,1.0,0.75,0.75,0.5,0.0,0.0,0.0,0.0,0.0,1.0,0.5,1.0,0.5,0.5,1.0,1.0,0.75,0.0,0.5138888888888888,0.25,0.234484700581941,0.5,0.75,1.0,0.75,0.75,1.0,1.0,1.0,0.825,0.0901960784313725,0.0833333333333333,0.0,0.0313725490196078,0.4906862745098039,0.3696324683719642,0.5085198910421003,50.85198910421003,428,1.0,291880,0.0,Not listed,291880.0,0.212,0.156132163652556,0.9051735672694888,0.6411354723090754,64.11354723090754,90,28.694
Chaulkhowa Grant Gaon,291283,312.2,1373,290,1,2,1,b,,,1.0,,,1.0,Yes,Yes,Yes,No,No,No,No,Yes,Yes,b,Yes,b,Yes,Yes,Yes,Yes,Yes,Yes,a,Yes,Yes,c,b,c,Yes,b,Yes,Yes,Yes,No,No,No,0.0,195.6,6.6,0.0,0.0,0.0,0.0,38.4,0.0,38.4,1.0,1.0,1.0,0.5,1.0,0.0,0.0,1.0,0.0,1.0,0.5,1.0,0.75,0.25,1.0,1.0,1.0,0.0,0.6666666666666666,0.2273852876911871,0.2910926499435122,0.5,1.0,1.0,1.0,1.0,1.0,1.0,1.0,0.925,0.6265214606021781,0.0211402946828955,0.0,0.0,0.4936579115951313,0.3734111591712031,0.5916220609867854,59.16220609867854,60,0.997777777781457,291283,0.0,Not listed,291283.0,0.538,0.110342298867417,0.8165315402265165,0.6403974524521653,64.03974524521652,91,5.498
Borahajer Konwar Gaon,291140,184.2,2098,446,1,2,1,b,,,,,,1.0,Yes,Yes,Yes,Yes,No,No,Yes,No,Yes,b,Yes,b,a,a,a,a,a,Yes,Yes,Yes,Yes,c,b,c,a,b,Yes,Yes,Yes,No,No,No,0.0,40.6,0.0,6.8,0.0,0.9,0.0,109.8,0.0,109.8,1.0,1.0,1.0,0.5,0.0,0.0,0.0,1.0,1.0,1.0,0.5,1.0,1.0,0.25,0.75,1.0,1.0,0.0,0.6666666666666666,0.0877979027645376,0.2877909772382827,0.5,0.75,0.75,0.75,0.75,0.75,1.0,1.0,0.825,0.2204125950054289,0.0,0.0,0.004885993485342,0.502442996742671,0.3845821465644639,0.5630308402891301,56.303084028913005,126,1.0,291140,0.0,Not listed,291140.0,0.361,0.140002218122124,0.8636995563755752,0.6401148888444703,64.01148888444703,92,10.034
No.2 Garudharia Gaon,291123,758.5,980,190,1,a,a,b,,,,,,1.0,Yes,Yes,Yes,Yes,No,No,No,No,c,c,Yes,,b,b,Yes,b,Yes,Yes,b,Yes,Yes,b,b,b,Yes,c,Yes,Yes,Yes,No,No,No,0.0,155.2,0.0,0.0,3.2,1.5,0.0,581.9,0.0,581.9,1.0,0.75,0.75,0.5,0.0,0.0,0.0,1.0,1.0,0.25,0.25,1.0,0.5,0.5,1.0,1.0,1.0,0.0,0.5833333333333334,0.7739795918367347,0.3040212931427499,0.0,0.5,0.5,1.0,0.5,1.0,1.0,1.0,0.7,0.204614370468029,0.0,0.0,0.0061964403427818,0.5030982201713909,0.3854153192132287,0.5089217204616665,50.89217204616665,423,1.0,291123,0.0,Not listed,291123.0,0.228,0.0878549205449458,0.9140290158910108,0.639429227524076,63.9429227524076,93,19.662
Subachuk  Gaon,291120,197.4,1345,273,2,2,1,b,,,1.0,,,1.0,Yes,Yes,Yes,Yes,No,No,No,Yes,Yes,c,a,a,Yes,b,a,a,a,Yes,b,Yes,Yes,b,c,b,Yes,c,Yes,Yes,Yes,No,No,No,0.0,3.0,0.0,4.0,0.0,1.8,0.0,185.3,0.0,185.3,1.0,1.0,1.0,0.5,1.0,0.0,0.0,1.0,1.0,1.0,0.25,0.75,0.5,0.5,1.0,1.0,1.0,0.0,0.6944444444444444,0.1467657992565055,0.2891857500856617,0.75,1.0,0.5,0.75,0.75,0.75,1.0,1.0,0.775,0.0151975683890577,0.0,0.0,0.0091185410334346,0.5045592705167173,0.3872731697308337,0.5558621825786934,55.58621825786933,154,1.0,291120,0.0,Not listed,291120.0,0.307,0.119101555882791,0.8840796888234418,0.6390192885104172,63.90192885104173,94,13.47
Bongal Gaon,291267,137.5,1920,385,1,a,a,b,,,1.0,,,1.0,Yes,Yes,Yes,No,No,No,No,No,Yes,b,Yes,b,Yes,Yes,Yes,Yes,Yes,Yes,a,Yes,Yes,a,b,a,Yes,b,Yes,Yes,Yes,No,Yes,No,0.0,112.0,0.0,1.6,0.0,0.0,0.0,14.3,0.0,14.3,1.0,0.75,0.75,0.5,1.0,0.0,0.0,1.0,0.0,1.0,0.5,1.0,0.75,0.75,1.0,1.0,1.0,0.0,0.6666666666666666,0.0716145833333333,0.2874081917589638,0.5,1.0,1.0,1.0,1.0,1.0,1.0,1.0,0.925,0.8145454545454546,0.0,0.0,0.0,0.5,0.3814756671899529,0.5923138480443984,59.23138480443984,57,1.0,291267,0.0,Not listed,291267.0,0.531,0.143551940755185,0.811989611848963,0.6388692427578192,63.88692427578192,95,4.372
Kalalur,291862,82.8,382,79,1,1,1,b,,,1.0,,,0.0,No,Yes,No,Yes,No,Yes,No,No,Yes,c,b,c,Yes,b,b,Yes,b,Yes,b,Yes,Yes,b,b,c,Yes,c,Yes,a,Yes,No,No,No,0.0,13.8,3.2,0.0,3.3,2.0,1.8,48.1,0.0,48.1,1.0,1.0,1.0,0.5,1.0,0.0,0.0,0.0,1.0,1.0,0.25,0.5,0.5,0.5,1.0,1.0,0.75,0.0,0.6111111111111112,0.2167539267015706,0.2336983282831608,0.25,1.0,0.5,0.5,1.0,0.5,1.0,1.0,0.675,0.1666666666666666,0.038647342995169,0.0,0.0857487922705314,0.531280193236715,0.421251109139308,0.4979525816764296,49.79525816764296,519,1.0,291862,0.0,Not listed,291862.0,0.059,0.134262521630078,0.9554474956739843,0.6387912467112803,63.87912467112803,96,35.153
Fatikacua Nepali,291997,185.7,1049,232,2,1,1,a,,,1.0,,,1.0,Yes,No,No,Yes,No,No,No,No,Yes,a,Yes,a,a,a,a,b,Yes,Yes,b,Yes,Yes,a,a,c,Yes,Yes,Yes,Yes,Yes,No,No,No,0.0,36.9,7.0,0.0,0.8,2.0,0.0,74.1,0.0,74.1,1.0,1.0,1.0,0.75,1.0,0.0,0.0,1.0,1.0,1.0,0.75,1.0,0.5,0.75,1.0,1.0,1.0,0.0,0.7638888888888888,0.177025738798856,0.289901491099804,0.75,0.75,0.75,0.75,0.5,1.0,1.0,1.0,0.8,0.1987075928917609,0.0376952073236402,0.0,0.0150780829294561,0.4962304792676359,0.3766823990687365,0.5787840748109205,57.87840748109205,81,1.0,291997,0.0,Not listed,291997.0,0.25,0.256745191017023,0.8736509617965954,0.6384381173538997,63.84381173538996,97,30.393
Lahoal T.E. 27/148 Orr,291304,651.5,4086,850,4,3,1,1,,,,,,1.0,Yes,Yes,Yes,Yes,No,Yes,No,Yes,Yes,c,Yes,a,a,a,a,a,a,Yes,Yes,Yes,Yes,b,c,b,Yes,c,Yes,Yes,Yes,No,No,No,0.0,107.8,0.0,0.0,0.3,0.0,0.0,268.9,0.0,268.9,1.0,1.0,1.0,1.0,0.0,0.0,0.0,1.0,1.0,1.0,0.25,1.0,1.0,0.5,1.0,1.0,1.0,0.0,0.7083333333333334,0.1594468918257464,0.3466285542275285,0.75,0.75,0.75,0.75,0.75,0.75,1.0,1.0,0.85,0.165464313123561,0.0,0.0,0.0004604758250191,0.5002302379125096,0.3817684343942431,0.595094158769064,59.5094158769064,51,1.0,291304,0.0,Not listed,291304.0,0.553,0.11987383688394,0.810125232623212,0.6379724967653034,63.79724967653034,98,10.731
Rangchali Nepali,291839,158.0,589,127,2,1,c,c,,,1.0,,,0.0,Yes,Yes,Yes,Yes,No,No,No,No,Yes,b,Yes,b,b,b,a,b,Yes,Yes,b,Yes,Yes,a,b,a,Yes,Yes,Yes,Yes,Yes,No,No,No,0.0,75.0,3.0,0.0,11.4,2.5,1.8,44.0,0.0,44.0,1.0,1.0,0.25,0.25,1.0,0.0,0.0,1.0,1.0,1.0,0.5,1.0,0.5,0.75,1.0,1.0,1.0,0.0,0.6805555555555556,0.2682512733446519,0.2920592567000988,0.5,0.5,0.5,0.75,0.5,1.0,1.0,1.0,0.725,0.4746835443037974,0.0189873417721519,0.0,0.0993670886075949,0.5439873417721519,0.4374093356914334,0.5481355702022003,54.81355702022002,188,1.0,291839,0.0,Not listed,291839.0,0.269,0.170879943829131,0.8851240112341738,0.6376758190224093,63.76758190224093,99,25.753
Madhakoli No.2,291769,59.1,598,124,1,a,a,b,,,,,,0.0,Yes,Yes,Yes,Yes,No,Yes,No,No,Yes,b,a,b,Yes,Yes,Yes,b,a,Yes,b,Yes,Yes,c,b,c,a,a,Yes,Yes,Yes,No,No,No,0.0,7.2,2.4,0.0,0.5,0.5,0.5,43.2,0.0,43.2,1.0,0.75,0.75,0.5,0.0,0.0,0.0,1.0,1.0,1.0,0.5,0.75,0.5,0.25,0.75,1.0,1.0,0.0,0.5972222222222222,0.0988294314381271,0.2309090498143803,0.5,1.0,1.0,1.0,0.5,0.75,1.0,1.0,0.8,0.1218274111675127,0.0406091370558375,0.0,0.0253807106598984,0.5005076142131979,0.3821211420921355,0.5234570464275777,52.345704642757774,316,1.0,291769,0.0,Not listed,291769.0,0.224,0.133390460720848,0.9061219078558304,0.6374941969097475,63.749419690974754,100,27.393
Ghugul Pather,291837,77.7,261,55,1,1,a,c,,,,,,0.0,No,Yes,Yes,Yes,No,No,No,No,Yes,c,a,a,a,a,a,a,a,Yes,a,Yes,Yes,a,c,b,Yes,Yes,Yes,a,Yes,No,No,No,0.0,5.2,2.0,0.0,1.2,1.8,2.0,13.7,0.0,13.7,1.0,1.0,0.75,0.25,0.0,0.0,0.0,0.0,1.0,1.0,0.25,0.75,0.75,0.75,1.0,1.0,0.75,0.0,0.5694444444444444,0.2977011494252873,0.2356129800690043,0.75,0.75,0.75,0.75,0.75,0.75,1.0,1.0,0.8,0.0669240669240669,0.0257400257400257,0.0,0.0643500643500643,0.5244530244530246,0.4125697799167188,0.5237783121117059,52.37783121117059,312,1.0,291837,0.0,Not listed,291837.0,0.306,0.0827443281991048,0.8916511343601791,0.6374491657488306,63.74491657488306,101,27.857
Thangal Gaon,291121,119.3,1056,219,1,a,a,b,,,1.0,,,1.0,No,Yes,Yes,Yes,No,No,No,Yes,Yes,c,a,a,Yes,b,a,a,a,Yes,a,Yes,Yes,b,b,b,Yes,c,Yes,Yes,Yes,No,No,No,0.0,6.4,0.0,0.0,11.8,1.3,0.0,97.4,0.0,97.4,1.0,0.75,0.75,0.5,1.0,0.0,0.0,0.0,1.0,1.0,0.25,0.75,0.75,0.5,1.0,1.0,1.0,0.0,0.625,0.1129734848484848,0.2312436003549669,0.75,1.0,0.5,0.75,0.75,0.75,1.0,1.0,0.8,0.0536462699077954,0.0,0.0,0.1098072087175188,0.5549036043587594,0.4512902975362561,0.544318959595993,54.431895959599295,204,1.0,291121,0.0,Not listed,291121.0,0.284,0.175504823398126,0.8796990353203749,0.6373840588473302,63.73840588473302,102,15.152
Sepon Chah Bagicha 207/25 & 44,291957,108.2,178,42,1,a,a,b,,,,,,0.0,No,No,Yes,Yes,No,No,No,No,Yes,a,Yes,c,c,Yes,a,a,Yes,Yes,b,Yes,Yes,b,c,c,a,Yes,Yes,a,Yes,No,No,No,0.0,5.5,1.5,0.0,0.7,1.8,0.0,12.7,0.0,12.7,1.0,0.75,0.75,0.5,0.0,0.0,0.0,0.0,1.0,1.0,0.75,1.0,0.5,0.5,0.75,1.0,0.75,0.0,0.5694444444444444,0.6078651685393258,0.1858064597777276,0.25,0.25,1.0,0.75,0.75,1.0,1.0,1.0,0.75,0.0508317929759704,0.0138632162661737,0.0,0.0231053604436229,0.5073937153419593,0.3908774088335747,0.4919882078222579,49.1988207822258,572,1.0,291957,0.0,Not listed,291957.0,0.066,0.124772934350169,0.955245413129966,0.6371813915214546,63.71813915214546,103,41.291
Mohanbari Hindu Gaon,291298,160.1,714,153,1,a,a,a,,,,,,1.0,Yes,Yes,No,Yes,No,No,No,Yes,Yes,b,Yes,a,a,a,Yes,Yes,Yes,Yes,a,Yes,Yes,b,a,b,Yes,b,Yes,Yes,Yes,Yes,Yes,No,0.0,70.1,0.0,0.0,6.7,0.0,4.8,66.4,0.0,66.4,1.0,0.75,0.75,0.75,0.0,0.0,0.0,1.0,1.0,1.0,0.5,1.0,0.75,0.5,1.0,1.0,1.0,0.0,0.6666666666666666,0.2242296918767506,0.2910180103578882,0.75,0.75,0.75,1.0,1.0,1.0,1.0,1.0,0.9,0.4378513429106808,0.0,0.0,0.0718301061836352,0.5359150530918176,0.4271447299911653,0.5948501152543718,59.48501152543718,53,1.0,291298,0.0,Not listed,291298.0,0.598,0.100147771007493,0.8005704457985015,0.6370543904075475,63.705439040754754,104,12.123
Khowang 11/164 Nlr Grant,291768,479.5,3378,715,2,3,1,b,1.0,1.0,1.0,,1.0,1.0,Yes,Yes,Yes,Yes,No,No,No,No,Yes,Yes,Yes,b,Yes,Yes,Yes,b,Yes,Yes,Yes,Yes,Yes,c,b,c,Yes,a,Yes,Yes,Yes,No,No,No,0.0,142.7,4.1,0.0,7.8,4.2,0.0,231.8,0.0,231.8,1.0,1.0,1.0,0.5,1.0,1.0,0.0,1.0,1.0,1.0,1.0,1.0,1.0,0.25,1.0,1.0,1.0,0.0,0.8194444444444444,0.1419478981645944,0.3462146489898139,0.5,1.0,1.0,1.0,0.5,1.0,1.0,1.0,0.9,0.297601668404588,0.0085505735140771,0.0,0.0250260688216892,0.5099478623566215,0.3941252252886396,0.6402398184162925,64.02398184162925,13,1.0,291768,0.25,Low (5-8),291768.0,0.255,0.101335280531226,0.7782329438937547,0.6369656235982514,63.69656235982514,105,25.328
Modhupur Deori F.V.,291252,147.0,505,86,1,a,a,c,,,,,,1.0,Yes,No,Yes,Yes,No,No,No,Yes,Yes,c,Yes,b,Yes,Yes,c,c,c,Yes,b,Yes,Yes,b,c,b,Yes,c,Yes,Yes,Yes,No,No,No,0.0,36.0,0.0,0.0,0.0,0.0,0.0,111.0,0.0,111.0,1.0,0.75,0.75,0.25,0.0,0.0,0.0,1.0,1.0,1.0,0.25,1.0,0.5,0.5,1.0,1.0,1.0,0.0,0.6111111111111112,0.291089108910891,0.2925994420354369,0.5,1.0,1.0,0.25,0.25,0.25,1.0,1.0,0.675,0.2448979591836734,0.0,0.0,0.0,0.5,0.3814756671899529,0.5047227717246277,50.47227717246277,462,1.0,291252,0.0,Not listed,291252.0,0.164,0.113986915525003,0.9280026168949994,0.6365722573453519,63.6572257345352,106,23.283
Silsili Demowkinar,291865,96.9,396,88,2,a,a,a,,,,,,0.0,No,Yes,No,Yes,No,No,No,No,Yes,c,Yes,c,Yes,Yes,c,c,Yes,Yes,a,Yes,Yes,a,c,c,Yes,c,Yes,a,Yes,No,No,No,0.0,9.8,10.2,0.0,1.0,0.0,2.0,70.5,0.0,70.5,1.0,0.75,0.75,0.75,0.0,0.0,0.0,0.0,1.0,1.0,0.25,1.0,0.75,0.75,1.0,1.0,0.75,0.0,0.5972222222222222,0.2446969696969697,0.2343592675392938,0.25,1.0,1.0,0.25,0.25,1.0,1.0,1.0,0.75,0.1011351909184726,0.1052631578947368,0.0,0.0309597523219814,0.4839009287925697,0.3610043207566428,0.5050962365917075,50.50962365917076,457,1.0,291865,0.0,Not listed,291865.0,0.095,0.187737235732363,0.9339525528535274,0.6363214861397309,63.63214861397309,107,33.06
Longsoo,291261,185.0,1218,256,3,1,a,b,,,1.0,,,1.0,Yes,Yes,No,Yes,No,Yes,No,Yes,Yes,c,Yes,a,a,Yes,Yes,Yes,Yes,Yes,b,Yes,Yes,b,c,c,Yes,c,Yes,Yes,Yes,No,No,No,0.0,77.2,0.0,0.0,12.1,0.0,10.2,73.0,0.0,73.0,1.0,1.0,0.75,0.5,1.0,0.0,0.0,1.0,1.0,1.0,0.25,1.0,0.5,0.5,1.0,1.0,1.0,0.0,0.6944444444444444,0.1518883415435139,0.2893069140293754,0.75,0.75,1.0,1.0,1.0,1.0,1.0,1.0,0.9,0.4172972972972973,0.0,0.0,0.1205405405405405,0.5602702702702702,0.4581144724001866,0.6075607340984923,60.75607340984923,33,1.0,291261,0.0,Not listed,291261.0,0.682,0.0364358600994664,0.7881128279801067,0.6362890305594147,63.62890305594146,108,14.44
Aliachuk Gaon,291168,245.1,307,65,1,a,a,b,,,,,,1.0,No,Yes,Yes,No,No,No,No,Yes,c,c,a,c,a,a,a,a,a,Yes,a,Yes,Yes,b,c,b,Yes,c,Yes,a,Yes,No,No,No,0.0,45.8,0.0,0.0,11.5,2.2,0.0,178.9,0.0,178.9,1.0,0.75,0.75,0.5,0.0,0.0,0.0,0.0,0.0,0.25,0.25,0.75,0.75,0.5,1.0,1.0,0.75,0.0,0.4583333333333333,0.7983713355048859,0.2474553760603746,0.25,0.75,0.75,0.75,0.75,0.75,1.0,1.0,0.75,0.1868625050999592,0.0,0.0,0.0558955528355773,0.5279477764177887,0.4170136560414582,0.4848499085567186,48.48499085567186,640,1.0,291168,0.0,Not listed,291168.0,0.278,0.0606599975202233,0.9044680004959552,0.6362030926196945,63.62030926196945,109,18.362
Tinchukia Gaon,291130,330.8,1447,286,3,a,a,c,,,1.0,,1.0,1.0,No,Yes,Yes,Yes,No,No,No,No,Yes,c,a,b,Yes,Yes,a,a,a,Yes,a,Yes,Yes,a,b,a,Yes,c,Yes,Yes,Yes,No,No,No,0.0,140.5,0.0,0.0,8.2,0.0,0.0,159.7,0.0,159.7,1.0,0.75,0.75,0.25,1.0,0.0,0.0,0.0,1.0,1.0,0.25,0.75,0.75,0.75,1.0,1.0,1.0,0.0,0.625,0.2286109191430546,0.2339787827692931,0.5,1.0,1.0,0.75,0.75,0.75,1.0,1.0,0.825,0.4247279322853688,0.0,0.0,0.024788391777509,0.5123941958887546,0.3972359476764383,0.5416918852276109,54.16918852276109,216,1.0,291130,0.0,Not listed,291130.0,0.279,0.16882076139779,0.882535847720442,0.6360944269319658,63.60944269319658,110,16.872
Deroi T.E. Co.No.8 Darkhastor,292112,335.2,1956,399,1,a,a,b,,,,,,1.0,Yes,Yes,Yes,No,No,No,No,No,Yes,c,Yes,c,c,c,c,Yes,Yes,Yes,Yes,Yes,Yes,b,c,b,Yes,Yes,Yes,Yes,Yes,No,Yes,No,0.0,28.8,0.0,0.0,0.0,0.0,0.0,45.7,0.0,45.7,1.0,0.75,0.75,0.5,0.0,0.0,0.0,1.0,0.0,1.0,0.25,1.0,1.0,0.5,1.0,1.0,1.0,0.0,0.5972222222222222,0.1713701431492842,0.3469105759408316,0.25,0.25,0.25,0.25,1.0,1.0,1.0,1.0,0.7,0.0859188544152744,0.0,0.0,0.0,0.5,0.3814756671899529,0.522328332978754,52.2328332978754,325,1.0,292112,0.0,Not listed,292112.0,0.343,0.0868546383402871,0.8797290723319425,0.6358406229964778,63.58406229964778,111,34.982
Hunghungia No.2,291876,31.2,131,25,1,a,a,b,,,,,,0.0,No,No,Yes,Yes,No,No,No,No,Yes,b,a,b,a,a,a,a,a,Yes,a,Yes,Yes,b,b,c,Yes,a,Yes,a,Yes,No,No,No,0.0,4.7,2.7,0.0,0.5,0.7,0.5,16.9,0.0,16.9,1.0,0.75,0.75,0.5,0.0,0.0,0.0,0.0,1.0,1.0,0.5,0.75,0.75,0.5,1.0,1.0,0.75,0.0,0.5694444444444444,0.2381679389312977,0.2342048357997641,0.5,0.75,0.75,0.75,0.75,0.75,1.0,1.0,0.775,0.1506410256410256,0.0865384615384615,0.0,0.0544871794871794,0.5012820512820513,0.3831059050839271,0.5100335010778375,51.00335010778375,415,1.0,291876,0.0,Not listed,291876.0,0.195,0.149025331478713,0.9116949337042574,0.635695068194233,63.5695068194233,112,28.873
Jationi,291972,129.8,429,86,1,1,a,a,,,,,,0.0,Yes,Yes,Yes,Yes,No,No,No,No,Yes,b,b,b,b,b,a,b,a,Yes,b,Yes,Yes,b,b,c,Yes,c,Yes,a,Yes,No,No,No,0.0,30.4,6.3,6.1,6.7,0.0,0.0,40.1,0.0,40.1,1.0,1.0,0.75,0.75,0.0,0.0,0.0,1.0,1.0,1.0,0.5,0.5,0.5,0.5,1.0,1.0,0.75,0.0,0.625,0.3025641025641026,0.2928708610705983,0.5,0.5,0.5,0.75,0.5,0.75,1.0,1.0,0.65,0.234206471494607,0.0485362095531587,0.0,0.0516178736517719,0.5112480739599383,0.395778555584851,0.5036234263846198,50.362342638461975,470,1.0,291972,0.0,Not listed,291972.0,0.135,0.134195408738157,0.9326609182523686,0.6356488659063246,63.56488659063246,113,36.02
Deodhai Bangali,291942,185.0,693,128,1,a,b,b,,,,,,0.0,Yes,Yes,Yes,Yes,No,No,No,No,Yes,c,Yes,c,c,c,b,a,Yes,Yes,a,Yes,Yes,c,c,c,Yes,c,a,Yes,Yes,No,No,No,0.0,13.4,0.0,0.0,0.1,0.0,2.1,129.6,0.0,129.6,1.0,0.75,0.5,0.5,0.0,0.0,0.0,1.0,1.0,1.0,0.25,1.0,0.75,0.25,1.0,0.75,1.0,0.0,0.5972222222222222,0.2669552669552669,0.2348857450040104,0.25,0.25,0.25,0.5,0.75,1.0,1.0,1.0,0.675,0.0724324324324324,0.0,0.0,0.0118918918918918,0.5059459459459459,0.3890364461793033,0.4883342810424188,48.83342810424188,608,1.0,291942,0.0,Not listed,291942.0,0.049,0.136483772241403,0.9580032455517192,0.6352782013985858,63.52782013985858,114,37.817
Lukumai No.1 (Lukumoni No.1),291875,62.4,85,18,1,a,a,b,,,,,,0.0,No,No,Yes,Yes,No,No,No,No,c,b,a,b,a,a,a,a,a,a,a,Yes,Yes,c,b,c,Yes,a,Yes,a,Yes,No,No,No,0.0,6.7,2.6,0.0,1.6,1.0,1.0,41.8,0.0,41.8,1.0,0.75,0.75,0.5,0.0,0.0,0.0,0.0,1.0,0.25,0.5,0.75,0.75,0.25,1.0,1.0,0.75,0.0,0.5138888888888888,0.7341176470588235,0.2459355779105334,0.5,0.75,0.75,0.75,0.75,0.75,0.75,1.0,0.75,0.1073717948717948,0.0416666666666666,0.0,0.0576923076923076,0.5163461538461538,0.4022612003381234,0.4954083567674802,49.54083567674802,542,1.0,291875,0.0,Not listed,291875.0,0.202,0.156216369884106,0.9081567260231788,0.6350857649376234,63.508576493762334,115,28.967
Modhupur Thakera Pukhuri F.V.,291249,144.0,836,145,1,1,a,c,,,,,,1.0,Yes,Yes,Yes,Yes,No,No,No,Yes,Yes,c,Yes,b,Yes,Yes,c,c,c,Yes,a,Yes,Yes,b,b,b,Yes,c,Yes,Yes,Yes,No,No,No,0.0,21.6,0.0,0.0,0.0,0.0,0.0,122.4,0.0,122.4,1.0,1.0,0.75,0.25,0.0,0.0,0.0,1.0,1.0,1.0,0.25,1.0,0.75,0.5,1.0,1.0,1.0,0.0,0.6388888888888888,0.1722488038277512,0.2897885018363613,0.5,1.0,1.0,0.25,0.25,0.25,1.0,1.0,0.7,0.15,0.0,0.0,0.0,0.5,0.3814756671899529,0.5184644811193031,51.84644811193031,353,1.0,291249,0.0,Not listed,291249.0,0.194,0.143276224959868,0.9131447550080264,0.6349263775407938,63.49263775407938,116,21.024
Kachamari,292102,260.2,1112,240,2,a,a,b,,,,,,1.0,Yes,Yes,Yes,No,No,Yes,No,No,Yes,b,a,b,Yes,a,b,a,a,Yes,a,Yes,Yes,c,b,b,Yes,b,Yes,Yes,Yes,No,No,No,0.0,12.0,0.0,105.7,0.0,0.0,0.0,89.0,0.0,89.0,1.0,0.75,0.75,0.5,0.0,0.0,0.0,1.0,0.0,1.0,0.5,0.75,0.75,0.25,1.0,1.0,1.0,0.0,0.5694444444444444,0.2339928057553956,0.2912489381500244,0.5,1.0,0.75,0.5,0.75,0.75,1.0,1.0,0.775,0.0461183704842428,0.0,0.0,0.0,0.5,0.3814756671899529,0.5239684790866077,52.39684790866077,310,1.0,292102,0.0,Not listed,292102.0,0.317,0.155912482044249,0.8737175035911502,0.6345205860524592,63.45205860524592,117,29.411
Panitula Gaon,291915,191.2,602,133,1,1,b,b,,,1.0,,,1.0,Yes,Yes,No,Yes,No,No,No,No,Yes,c,Yes,c,c,c,c,Yes,Yes,Yes,b,Yes,Yes,b,c,c,Yes,b,Yes,Yes,Yes,No,No,No,0.0,54.9,0.0,39.3,0.1,0.0,2.9,88.6,0.0,88.6,1.0,1.0,0.5,0.5,1.0,0.0,0.0,1.0,1.0,1.0,0.25,1.0,0.5,0.5,1.0,1.0,1.0,0.0,0.6805555555555556,0.3176079734219268,0.2932266950724916,0.25,0.25,0.25,0.25,1.0,1.0,1.0,1.0,0.65,0.2871338912133891,0.0,0.0,0.0156903765690376,0.5078451882845187,0.3914514953068449,0.5167358617183808,51.67358617183808,367,1.0,291915,0.0,Not listed,291915.0,0.13,0.150581322184585,0.930883735563083,0.6343778922893829,63.43778922893829,118,32.95
Tikhori Bongali,291992,56.7,304,63,1,a,a,a,,,,,,0.0,No,Yes,Yes,Yes,No,No,No,No,c,a,a,a,a,a,a,a,a,Yes,b,Yes,Yes,b,a,c,Yes,c,Yes,a,Yes,No,No,No,0.0,5.2,0.0,0.0,0.0,0.0,0.4,31.0,0.0,31.0,1.0,0.75,0.75,0.75,0.0,0.0,0.0,0.0,1.0,0.25,0.75,0.75,0.5,0.5,1.0,1.0,0.75,0.0,0.5416666666666666,0.1865131578947368,0.2329830407161135,0.75,0.75,0.75,0.75,0.75,0.75,1.0,1.0,0.775,0.091710758377425,0.0,0.0,0.0070546737213403,0.5035273368606702,0.3859609777977125,0.5033546224052375,50.33546224052375,474,1.0,291992,0.0,Not listed,291992.0,0.188,0.180041540367113,0.9075916919265774,0.6341765836193163,63.41765836193163,119,32.447
Rajgarh T.E. No.122 Nlr,292134,224.4,1732,340,1,a,a,a,,,,,,2.0,Yes,No,Yes,No,No,No,No,No,Yes,c,Yes,c,Yes,Yes,c,c,Yes,Yes,Yes,Yes,Yes,a,c,a,Yes,a,Yes,Yes,Yes,No,No,No,0.0,58.2,0.0,0.0,0.0,0.0,0.0,166.2,0.0,166.2,1.0,0.75,0.75,0.75,0.0,0.0,0.0,1.0,0.0,1.0,0.25,1.0,1.0,0.75,1.0,1.0,1.0,0.0,0.625,0.1295612009237875,0.3459216653494269,0.25,1.0,1.0,0.25,0.25,1.0,1.0,1.0,0.775,0.2593582887700534,0.0,0.0,0.0,0.5,0.3814756671899529,0.5515255497753473,55.15255497753473,172,1.0,292134,0.0,Not listed,292134.0,0.471,0.101078881126605,0.838484223774679,0.6340954559257214,63.40954559257214,120,38.184
Nij Khanikar Gaon,291105,162.1,893,201,1,a,b,b,,,1.0,,,1.0,Yes,Yes,Yes,No,No,No,No,Yes,Yes,b,Yes,b,Yes,Yes,a,a,a,Yes,b,Yes,Yes,b,a,b,Yes,b,Yes,Yes,Yes,No,No,No,0.0,19.2,0.0,9.8,0.8,0.0,0.9,124.5,0.0,124.5,1.0,0.75,0.5,0.5,1.0,0.0,0.0,1.0,0.0,1.0,0.5,1.0,0.5,0.5,1.0,1.0,1.0,0.0,0.625,0.1815229563269876,0.2900078641819412,0.5,1.0,1.0,0.75,0.75,0.75,1.0,1.0,0.825,0.1184454040715607,0.0,0.0,0.0104873534855027,0.5052436767427514,0.3881434508031847,0.5538806562061223,55.388065620612224,161,1.0,291105,0.0,Not listed,291105.0,0.442,0.110409322790983,0.8453181354418033,0.6338507378426843,63.38507378426843,121,5.924
Moran Chah Co.140/168 No Fs Grant,291993,184.2,569,126,1,a,a,a,,,,,,0.0,Yes,Yes,Yes,No,Yes,Yes,No,No,c,a,Yes,,b,b,Yes,b,Yes,Yes,b,Yes,Yes,b,a,b,Yes,Yes,Yes,Yes,Yes,No,No,No,0.0,5.0,5.0,0.0,0.0,0.0,0.0,14.1,0.0,14.1,1.0,0.75,0.75,0.75,0.0,0.0,0.0,1.0,0.0,0.25,0.75,1.0,0.5,0.5,1.0,1.0,1.0,0.0,0.5694444444444444,0.323725834797891,0.2933714013862464,0.0,0.5,0.5,1.0,0.5,1.0,1.0,1.0,0.7,0.0271444082519001,0.0271444082519001,0.0,0.0,0.4918566775244299,0.3711207359415829,0.4999281086459893,49.99281086459893,507,1.0,291993,0.0,Not listed,291993.0,0.191,0.153291616371516,0.9120416767256968,0.6338276314280777,63.382763142807775,122,33.355
Dikhari Kinar No.4,291794,137.8,952,205,3,1,1,b,,,,,,1.0,No,Yes,Yes,Yes,No,No,No,No,c,c,Yes,c,Yes,Yes,b,Yes,Yes,Yes,b,Yes,Yes,a,c,c,a,c,Yes,Yes,Yes,No,No,No,0.0,18.0,2.0,0.0,0.5,2.0,0.5,94.8,0.0,94.8,1.0,1.0,1.0,0.5,0.0,0.0,0.0,0.0,1.0,0.25,0.25,1.0,0.5,0.75,0.75,1.0,1.0,0.0,0.5555555555555556,0.1447478991596638,0.1748523062312967,0.25,1.0,1.0,0.5,1.0,1.0,1.0,1.0,0.825,0.1306240928882438,0.0145137880986937,0.0,0.0217706821480406,0.5065312046444121,0.389780652687557,0.5080580959842245,50.80580959842245,430,1.0,291794,0.0,Not listed,291794.0,0.156,0.184647732018942,0.9162704535962116,0.6336883558994424,63.36883558994424,123,28.682
Chakoi Pathar Bridhi Blook,291184,11.1,369,79,1,a,a,b,,,,,,1.0,Yes,No,Yes,Yes,No,Yes,No,Yes,Yes,c,Yes,c,a,a,b,b,b,Yes,a,Yes,Yes,a,c,b,a,c,Yes,a,Yes,No,No,No,0.0,0.0,0.0,0.0,0.0,0.0,0.0,11.1,0.0,11.1,1.0,0.75,0.75,0.5,0.0,0.0,0.0,1.0,1.0,1.0,0.25,1.0,0.75,0.75,0.75,1.0,0.75,0.0,0.625,0.0300813008130081,0.229282944227978,0.25,0.75,0.75,0.5,0.5,0.5,1.0,1.0,0.7,0.0,0.0,0.0,0.0,0.5,0.3814756671899529,0.499865869494985,49.98658694949851,508,1.0,291184,0.0,Not listed,291184.0,0.145,0.044886321999125,0.947522735600175,0.6335511803755575,63.35511803755575,124,25.351
Kaowimari No.2,291991,39.2,206,46,1,a,a,a,,,,,,0.0,Yes,Yes,Yes,Yes,No,No,No,No,Yes,a,a,a,a,a,a,a,a,Yes,b,Yes,Yes,c,a,c,a,Yes,Yes,a,Yes,No,No,No,0.0,6.3,1.5,0.0,0.0,0.0,0.0,17.0,0.0,17.0,1.0,0.75,0.75,0.75,0.0,0.0,0.0,1.0,1.0,1.0,0.75,0.75,0.5,0.25,0.75,1.0,0.75,0.0,0.6111111111111112,0.1902912621359223,0.2330724045483623,0.75,0.75,0.75,0.75,0.75,0.75,1.0,1.0,0.775,0.1607142857142857,0.0382653061224489,0.0,0.0,0.4885204081632653,0.3668783840066639,0.5169215557162011,51.69215557162011,365,1.0,291991,0.0,Not listed,291991.0,0.185,0.163621530658806,0.9117756938682388,0.6330101362853857,63.30101362853857,125,32.999
Ophulia T.E. No.33,292107,358.2,2862,537,1,a,a,c,,,,,,1.0,Yes,Yes,Yes,No,No,No,No,No,Yes,c,Yes,c,c,c,c,a,Yes,Yes,Yes,Yes,Yes,a,c,b,Yes,c,Yes,Yes,Yes,No,Yes,No,0.0,24.2,0.4,0.0,0.0,0.0,0.0,133.0,0.0,133.0,1.0,0.75,0.75,0.25,0.0,0.0,0.0,1.0,0.0,1.0,0.25,1.0,1.0,0.75,1.0,1.0,1.0,0.0,0.5972222222222222,0.1251572327044025,0.3458174979013994,0.25,0.25,0.25,0.25,0.75,1.0,1.0,1.0,0.675,0.0675600223338916,0.0011166945840312,0.0,0.0,0.4996649916247906,0.3810496753784622,0.5144698651065979,51.44698651065978,383,1.0,292107,0.0,Not listed,292107.0,0.298,0.123808875948517,0.8858382248102966,0.6329471157062379,63.29471157062378,126,33.473
Kalalur Block No.2,291861,112.8,11,2,1,a,a,c,,,,,,0.0,No,No,No,Yes,No,Yes,No,No,Yes,b,c,c,c,c,c,c,a,c,b,Yes,Yes,a,c,c,Yes,c,Yes,a,Yes,No,No,No,0.0,5.0,10.1,49.7,2.2,0.0,2.0,30.0,0.0,30.0,1.0,0.75,0.75,0.25,0.0,0.0,0.0,0.0,1.0,1.0,0.5,0.25,0.5,0.75,1.0,1.0,0.75,0.0,0.5277777777777778,10.254545454545454,0.4711230950389952,0.25,0.25,0.25,0.25,0.25,0.75,0.25,1.0,0.4,0.0443262411347517,0.0895390070921985,0.0,0.0372340425531914,0.4917553191489361,0.3709918500951936,0.4439235882232319,44.3923588223232,984,1.0,291861,0.0,Not listed,291861.0,0.077,0.142173437770371,0.9484653124459258,0.6328156762523981,63.28156762523981,127,34.441
Mautani No.1,291846,112.2,231,48,1,a,a,b,,,,,,0.0,No,Yes,Yes,Yes,No,No,No,No,Yes,c,a,Yes,b,a,a,a,a,Yes,b,Yes,Yes,b,c,c,Yes,c,Yes,a,Yes,No,No,No,0.0,8.2,9.2,22.3,1.2,0.6,0.6,64.2,0.0,64.2,1.0,0.75,0.75,0.5,0.0,0.0,0.0,0.0,1.0,1.0,0.25,0.75,0.5,0.5,1.0,1.0,0.75,0.0,0.5416666666666666,0.4857142857142857,0.2400600713347099,1.0,0.5,0.75,0.75,0.75,0.75,1.0,1.0,0.775,0.0730837789661319,0.0819964349376114,0.0,0.0213903743315508,0.4860962566844919,0.3637958679975487,0.5006908580998539,50.0690858099854,496,1.0,291846,0.0,Not listed,291846.0,0.195,0.167701474083888,0.9079597051832224,0.6327682801065988,63.27682801065989,128,27.582
182 No.Banhbari Grant,291199,85.7,558,106,1,1,a,a,,,,,,1.0,Yes,No,Yes,Yes,No,Yes,No,Yes,Yes,c,a,c,a,Yes,a,a,a,Yes,b,Yes,Yes,a,c,c,a,c,Yes,Yes,Yes,No,No,No,0.0,10.7,0.0,0.0,0.0,0.0,0.0,75.0,0.0,75.0,1.0,1.0,0.75,0.75,0.0,0.0,0.0,1.0,1.0,1.0,0.25,0.75,0.5,0.75,0.75,1.0,1.0,0.0,0.6388888888888888,0.153584229390681,0.2322041698710767,0.25,0.75,1.0,0.75,0.75,0.75,1.0,1.0,0.75,0.1248541423570595,0.0,0.0,0.0,0.5,0.3814756671899529,0.519068398127982,51.9068398127982,351,1.0,291199,0.0,Not listed,291199.0,0.154,0.1781247928666,0.91817504142668,0.6325424091169342,63.254240911693415,129,26.113
Roshipather No.3,291905,59.6,177,40,1,a,a,a,,,,,,0.0,No,Yes,Yes,Yes,No,No,No,No,Yes,b,Yes,b,b,Yes,b,b,Yes,Yes,b,Yes,Yes,a,b,c,Yes,Yes,Yes,a,Yes,No,No,No,0.0,7.2,2.0,0.0,0.0,0.0,0.0,31.2,0.0,31.2,1.0,0.75,0.75,0.75,0.0,0.0,0.0,0.0,1.0,1.0,0.5,1.0,0.5,0.75,1.0,1.0,0.75,0.0,0.5972222222222222,0.3367231638418079,0.2365359712115764,0.5,0.5,1.0,0.5,0.5,1.0,1.0,1.0,0.75,0.1208053691275167,0.0335570469798657,0.0,0.0,0.4899328859060403,0.368674470304384,0.5071744424193265,50.717444241932654,436,1.0,291905,0.0,Not listed,291905.0,0.176,0.136317764124921,0.9199364471750158,0.6324097422185582,63.240974221855815,130,32.048
Garudharia Charaihabi Gaon,291124,84.5,492,89,1,a,a,b,,,,,,1.0,Yes,Yes,Yes,Yes,No,No,No,Yes,Yes,c,a,b,a,b,b,b,b,Yes,a,Yes,Yes,a,b,a,a,c,Yes,Yes,Yes,No,No,No,0.0,2.3,0.0,2.0,11.4,1.4,0.0,65.4,0.0,65.4,1.0,0.75,0.75,0.5,0.0,0.0,0.0,1.0,1.0,1.0,0.25,0.75,0.75,0.75,0.75,1.0,1.0,0.0,0.625,0.1717479674796748,0.2326337983672684,0.5,0.75,0.5,0.5,0.5,0.5,1.0,1.0,0.675,0.0272189349112426,0.0,0.0,0.1514792899408284,0.5757396449704142,0.4777851058493493,0.512465470761687,51.2465470761687,400,1.0,291124,0.0,Not listed,291124.0,0.233,0.0622112322370009,0.9176577535525998,0.6318893168902594,63.18893168902594,131,18.393
Athabari Gaon,291287,264.7,2299,503,1,a,a,a,,,1.0,,,2.0,Yes,Yes,Yes,Yes,No,No,No,Yes,Yes,c,Yes,a,Yes,Yes,a,a,a,Yes,Yes,Yes,Yes,c,Yes,c,a,c,Yes,Yes,Yes,No,No,No,0.0,215.2,0.0,0.0,0.0,0.0,0.0,23.5,0.0,23.5,1.0,0.75,0.75,0.75,1.0,0.0,0.0,1.0,1.0,1.0,0.25,1.0,1.0,0.25,0.75,1.0,1.0,0.0,0.6944444444444444,0.1151370160939538,0.2884376316928549,0.75,1.0,1.0,0.75,0.75,0.75,1.0,1.0,0.9,0.8129958443520967,0.0,0.0,0.0,0.5,0.3814756671899529,0.5920156524723155,59.20156524723155,59,1.0,291287,0.0,Not listed,291287.0,0.586,0.0893579200238741,0.8063284159952252,0.6318621243997968,63.18621243997968,132,9.461
Naharani Bongali,291944,39.2,446,105,1,1,1,c,,,,,,0.0,Yes,Yes,Yes,No,No,No,No,No,Yes,c,c,c,b,b,a,a,a,Yes,b,Yes,Yes,b,c,b,a,c,Yes,a,Yes,No,No,No,0.0,12.0,2.0,0.0,1.0,1.2,0.0,18.0,0.0,18.0,1.0,1.0,1.0,0.25,0.0,0.0,0.0,1.0,0.0,1.0,0.25,0.25,0.5,0.5,0.75,1.0,0.75,0.0,0.5138888888888888,0.0878923766816143,0.2306503546953038,0.25,0.5,0.5,0.75,0.75,0.75,1.0,1.0,0.625,0.3061224489795918,0.0510204081632653,0.0,0.0561224489795918,0.5127551020408163,0.3976948707269407,0.4531737850414363,45.317378504143626,919,1.0,291944,0.0,Not listed,291944.0,0.0,0.130995860835097,0.9738008278329806,0.6318371504160594,63.183715041605936,133,40.111
Simoluguri Gaon,291213,19.4,25,6,1,a,a,a,,,,,,1.0,No,No,No,Yes,No,No,No,Yes,Yes,c,a,a,a,a,a,a,a,a,a,a,Yes,c,c,c,Yes,c,Yes,a,Yes,No,No,No,0.0,17.8,0.0,0.0,0.0,0.0,0.0,1.5,0.0,1.5,1.0,0.75,0.75,0.75,0.0,0.0,0.0,0.0,1.0,1.0,0.25,0.75,0.75,0.25,1.0,1.0,0.75,0.0,0.5555555555555556,0.7759999999999999,0.2469262248920593,0.75,0.75,0.75,0.75,0.75,0.75,0.75,1.0,0.775,0.9175257731958764,0.0,0.0,0.0,0.5,0.3814756671899529,0.5094155785498944,50.94155785498944,418,1.0,291213,0.0,Not listed,291213.0,0.268,0.124949083532984,0.8946101832934032,0.6317969796188692,63.17969796188692,134,21.182
Gozpuria No.2 (Gozpuria Block),291879,69.5,126,22,1,a,a,b,,,,,,0.0,No,Yes,Yes,Yes,No,No,No,No,Yes,b,a,a,a,Yes,a,a,a,Yes,a,Yes,Yes,a,b,c,a,b,Yes,a,Yes,No,No,No,0.0,9.5,3.9,0.0,1.2,0.4,0.4,47.3,0.0,47.3,1.0,0.75,0.75,0.5,0.0,0.0,0.0,0.0,1.0,1.0,0.5,0.75,0.75,0.75,0.75,1.0,0.75,0.0,0.5694444444444444,0.5515873015873016,0.1844753144358926,0.75,0.75,1.0,0.75,0.75,0.75,1.0,1.0,0.825,0.1366906474820144,0.056115107913669,0.0,0.0287769784172661,0.4975539568345324,0.3783653140282124,0.5116530025257267,51.16530025257266,402,1.0,291879,0.0,Not listed,291879.0,0.195,0.163875270102137,0.9087249459795724,0.631363604105034,63.1363604105034,135,30.453
Gozpuria Nepali,291878,141.4,539,117,1,a,a,b,,,,,,0.0,No,No,Yes,Yes,No,No,No,No,Yes,b,Yes,b,a,Yes,a,a,Yes,Yes,b,Yes,Yes,a,b,c,a,b,Yes,Yes,Yes,No,No,No,0.0,12.3,5.9,13.6,1.2,1.1,1.0,98.0,0.0,98.0,1.0,0.75,0.75,0.5,0.0,0.0,0.0,0.0,1.0,1.0,0.5,1.0,0.5,0.75,0.75,1.0,1.0,0.0,0.5833333333333334,0.2623376623376623,0.1776336672525897,0.5,0.75,1.0,0.75,0.75,1.0,1.0,1.0,0.825,0.086987270155587,0.0417256011315417,0.0,0.0233380480905233,0.4991513437057991,0.3803965281031355,0.5138210557671079,51.38210557671079,389,1.0,291878,0.0,Not listed,291878.0,0.193,0.154735843732512,0.9111528312534976,0.6309290285300168,63.09290285300168,136,29.8
Tepojan,291976,47.9,238,44,1,a,a,b,,,,,,0.0,Yes,Yes,Yes,Yes,No,No,No,No,c,b,Yes,b,b,b,b,b,Yes,Yes,b,Yes,Yes,c,b,b,Yes,b,Yes,a,Yes,No,No,No,0.0,10.0,5.0,0.0,0.0,0.0,0.0,12.7,0.0,12.7,1.0,0.75,0.75,0.5,0.0,0.0,0.0,1.0,1.0,0.25,0.5,1.0,0.5,0.25,1.0,1.0,0.75,0.0,0.5694444444444444,0.2012605042016806,0.2904747181395554,0.5,0.5,0.5,0.5,0.5,1.0,1.0,1.0,0.7,0.208768267223382,0.104384133611691,0.0,0.0,0.4686847599164926,0.3416556601763879,0.4933109226812776,49.33109226812776,563,1.0,291976,0.0,Not listed,291976.0,0.161,0.172284068547566,0.9172431862904868,0.6307643030775417,63.07643030775417,137,34.161
Sessakuch Gaon No.4,291166,86.1,213,47,1,a,b,b,,,,,,1.0,No,Yes,Yes,No,No,No,No,No,Yes,c,a,c,a,a,a,a,a,Yes,a,Yes,Yes,a,b,b,Yes,c,Yes,a,Yes,No,No,No,0.0,7.2,0.0,0.0,10.4,2.5,0.0,64.7,0.0,64.7,1.0,0.75,0.5,0.5,0.0,0.0,0.0,0.0,0.0,1.0,0.25,0.75,0.75,0.75,1.0,1.0,0.75,0.0,0.5,0.404225352112676,0.2381326064137783,0.25,0.75,0.75,0.75,0.75,0.75,1.0,1.0,0.75,0.0836236933797909,0.0,0.0,0.1498257839721254,0.5749128919860627,0.4767338186949933,0.5048799153424433,50.48799153424432,460,1.0,291166,0.0,Not listed,291166.0,0.306,0.17338732876169,0.873522534247662,0.6304522381067585,63.04522381067586,138,16.313
Singrijan No.1,291923,77.5,316,60,1,a,a,b,,,,,,0.0,No,No,Yes,No,No,No,No,No,Yes,b,b,c,Yes,a,b,a,a,Yes,b,Yes,Yes,b,b,c,a,c,Yes,a,Yes,No,No,No,0.0,23.0,2.8,0.0,2.8,1.5,1.2,35.6,35.6,0.0,1.0,0.75,0.75,0.5,0.0,0.0,0.0,0.0,0.0,1.0,0.5,0.5,0.5,0.5,0.75,1.0,0.75,0.0,0.4722222222222222,0.245253164556962,0.1772295661224286,0.25,1.0,0.75,0.5,0.75,0.75,1.0,1.0,0.7,0.2967741935483871,0.0361290322580645,0.0,0.0709677419354838,0.5246451612903226,0.4128140983440523,0.4549257667549731,45.49257667549732,901,1.0,291923,0.0,Not listed,291923.0,0.051,0.124549755720862,0.9597900488558276,0.630145525824546,63.0145525824546,139,36.164
Chabua T.E.,291456,844.8,5576,1101,2,a,a,c,,1.0,1.0,,,1.0,Yes,Yes,Yes,Yes,No,No,No,No,Yes,a,Yes,a,a,a,a,a,a,Yes,Yes,Yes,Yes,Yes,a,c,Yes,a,Yes,Yes,Yes,No,No,Yes,0.0,11.9,0.0,0.0,0.0,0.0,0.0,212.0,0.0,212.0,1.0,0.75,0.75,0.25,1.0,1.0,0.0,1.0,1.0,1.0,0.75,1.0,1.0,1.0,1.0,1.0,1.0,1.0,0.8611111111111112,0.1515064562410329,0.4035835955484081,0.75,0.75,0.75,0.75,0.75,0.75,1.0,1.0,0.85,0.0140861742424242,0.0,0.0,0.0,0.5,0.3814756671899529,0.6474688101028705,64.74688101028705,9,1.0,291456,0.0,Not listed,291456.0,0.75,0.100017377696485,0.7549965244607031,0.6301158587498763,63.01158587498763,140,26.875
Kamaldoi Bongali,291939,137.6,662,135,1,a,a,b,,,,,,0.0,Yes,Yes,Yes,Yes,No,No,No,No,Yes,b,Yes,b,b,a,b,b,Yes,Yes,b,Yes,Yes,c,b,c,a,Yes,Yes,Yes,Yes,No,No,No,0.0,16.7,22.7,44.1,0.8,2.1,0.0,51.1,0.0,51.1,1.0,0.75,0.75,0.5,0.0,0.0,0.0,1.0,1.0,1.0,0.5,1.0,0.5,0.25,0.75,1.0,1.0,0.0,0.6111111111111112,0.2078549848942598,0.2334878408291114,0.5,0.5,0.75,0.5,0.5,1.0,1.0,1.0,0.725,0.1213662790697674,0.1649709302325581,0.0,0.0210755813953488,0.4610465116279069,0.331942973969552,0.4950383327789661,49.50383327789661,548,1.0,291939,0.0,Not listed,291939.0,0.104,0.135414003845285,0.941717199230943,0.629850285995088,62.9850285995088,141,36.528
Ekoratoli Binoigutia,291295,187.7,1217,272,1,a,a,b,,,1.0,,,1.0,Yes,Yes,Yes,Yes,No,No,No,Yes,Yes,c,Yes,a,b,Yes,Yes,Yes,Yes,Yes,b,Yes,Yes,b,c,b,Yes,c,Yes,Yes,Yes,Yes,No,No,0.0,79.2,0.0,0.0,9.6,0.0,10.0,76.6,0.0,76.6,1.0,0.75,0.75,0.5,1.0,0.0,0.0,1.0,1.0,1.0,0.25,1.0,0.5,0.5,1.0,1.0,1.0,0.0,0.6805555555555556,0.1542317173377156,0.2893623421033513,0.75,0.5,1.0,1.0,1.0,1.0,1.0,1.0,0.875,0.4219499200852424,0.0,0.0,0.1044219499200852,0.5522109749600426,0.4478663888816868,0.5945527521910641,59.4552752191064,54,1.0,291295,0.0,Not listed,291295.0,0.625,0.12104562475605,0.78829087504879,0.6298368938776069,62.98368938776069,142,13.8
Dewanbari Bagisha 24/149 No.Grant,291127,109.4,347,72,1,a,a,a,,,,,,1.0,No,No,Yes,Yes,No,No,No,Yes,Yes,c,Yes,c,a,a,a,a,a,Yes,a,Yes,Yes,b,c,b,Yes,c,Yes,a,Yes,No,No,No,0.0,79.4,0.0,0.0,0.0,0.0,0.0,26.7,0.0,26.7,1.0,0.75,0.75,0.75,0.0,0.0,0.0,0.0,1.0,1.0,0.25,1.0,0.75,0.5,1.0,1.0,0.75,0.0,0.5833333333333334,0.3152737752161383,0.2360286269339653,0.25,0.75,0.75,0.75,0.75,0.75,1.0,1.0,0.775,0.7257769652650823,0.0,0.0,0.0,0.5,0.3814756671899529,0.5136356235048152,51.36356235048152,390,1.0,291127,0.0,Not listed,291127.0,0.232,0.179697397391822,0.8944605205216356,0.6290127150206385,62.90127150206385,143,20.312
Dikhari Chah Comp. 230/238 Nlr,291950,69.9,641,134,1,b,b,b,,,,,,0.0,Yes,Yes,Yes,No,No,No,No,No,Yes,b,b,c,b,b,b,a,b,Yes,b,Yes,Yes,c,b,c,Yes,b,Yes,Yes,Yes,No,No,No,0.0,0.0,0.0,0.0,0.0,0.0,0.0,69.9,0.0,69.9,1.0,0.5,0.5,0.5,0.0,0.0,0.0,1.0,0.0,1.0,0.5,0.5,0.5,0.25,1.0,1.0,1.0,0.0,0.5138888888888888,0.1090483619344774,0.2882936162199633,0.25,0.5,0.5,0.5,0.75,0.5,1.0,1.0,0.6,0.0,0.0,0.0,0.0,0.5,0.3814756671899529,0.4568407597152036,45.68407597152036,889,1.0,291950,0.0,Not listed,291950.0,0.054,0.172986541928091,0.9492026916143818,0.6289758307792365,62.89758307792365,144,39.888
No.4 Silputa Gaon,291787,18.6,3,1,1,a,a,a,,,,,,0.0,No,No,Yes,No,No,No,No,No,Yes,c,Yes,c,b,b,b,c,Yes,a,b,Yes,c,a,c,c,Yes,c,Yes,b,Yes,No,No,No,0.0,2.6,2.0,0.0,0.3,0.0,0.0,12.6,0.0,12.6,1.0,0.75,0.75,0.75,0.0,0.0,0.0,0.0,0.0,1.0,0.25,1.0,0.5,0.75,1.0,1.0,0.5,0.0,0.5138888888888888,6.2,0.3752205744321382,0.25,0.5,0.5,0.5,0.25,1.0,0.75,0.25,0.55,0.1397849462365591,0.1075268817204301,0.0,0.0161290322580645,0.4758064516129032,0.3507115004810857,0.4574196659264739,45.74196659264739,886,1.0,291787,0.0,Not listed,291787.0,0.079,0.229513848967713,0.9303972302064574,0.6285707607627804,62.85707607627804,145,33.311
Bortani Darkhasta No.95,291960,106.7,239,63,1,a,a,a,,,,,,0.0,No,Yes,Yes,No,No,No,No,No,c,a,b,b,b,b,b,b,a,Yes,b,Yes,Yes,c,c,c,Yes,b,Yes,a,Yes,No,No,No,0.0,2.5,2.6,1.8,0.3,1.8,0.4,8.9,0.0,8.9,1.0,0.75,0.75,0.75,0.0,0.0,0.0,0.0,0.0,0.25,0.75,0.5,0.5,0.25,1.0,1.0,0.75,0.0,0.4583333333333333,0.4464435146443515,0.2391311963291136,0.5,0.5,0.5,0.5,0.5,0.75,1.0,1.0,0.625,0.0234301780693533,0.0243673851921274,0.0,0.0234301780693533,0.5044048734770384,0.3870768406850882,0.4392815005526294,43.92815005526294,1013,1.0,291960,0.0,Not listed,291960.0,0.055,0.0959265739617148,0.9643146852076572,0.6285701992681045,62.85701992681045,146,40.924
Bolai T.E. (B) No-45-Grant,291162,275.4,1334,256,1,a,a,a,,,,,,1.0,No,Yes,Yes,No,No,No,No,Yes,c,c,a,a,Yes,a,a,a,a,Yes,a,Yes,Yes,a,a,b,Yes,c,Yes,Yes,Yes,No,No,No,0.0,260.2,0.0,0.0,0.0,0.0,0.0,15.2,0.0,15.2,1.0,0.75,0.75,0.75,0.0,0.0,0.0,0.0,0.0,0.25,0.25,0.75,0.75,0.75,1.0,1.0,1.0,0.0,0.5,0.2064467766116941,0.2334545323546223,0.75,1.0,0.75,0.75,0.75,0.75,1.0,1.0,0.825,0.94480755265069,0.0,0.0,0.0,0.5,0.3814756671899529,0.5071587665266462,50.71587665266462,437,1.0,291162,0.0,Not listed,291162.0,0.365,0.104802626042085,0.869539474791583,0.6284007730837817,62.84007730837817,147,11.925
Bordoibam Bridhi Blook,291178,12.9,439,89,1,1,b,b,,,,,,1.0,No,Yes,Yes,Yes,Yes,No,No,No,Yes,c,a,c,a,a,a,a,a,Yes,a,Yes,Yes,a,c,c,Yes,c,Yes,a,Yes,No,No,No,0.0,2.9,0.0,0.0,0.0,0.0,0.0,10.0,0.0,10.0,1.0,1.0,0.5,0.5,0.0,0.0,0.0,0.0,1.0,1.0,0.25,0.75,0.75,0.75,1.0,1.0,0.75,0.0,0.5694444444444444,0.029384965831435,0.2292664737553521,0.25,0.75,0.75,0.75,0.75,0.75,1.0,1.0,0.75,0.2248062015503875,0.0,0.0,0.0,0.5,0.3814756671899529,0.5009728629879397,50.097286298793975,492,1.0,291178,0.0,Not listed,291178.0,0.198,0.154927217407233,0.9096145565185534,0.6283837911247524,62.83837911247524,148,21.463
Diroighat Block Gaon,291954,15.9,105,18,1,a,a,b,,,,,,0.0,No,No,Yes,Yes,No,Yes,No,No,Yes,c,b,b,b,a,b,a,b,Yes,a,Yes,Yes,b,c,c,a,c,Yes,a,Yes,No,No,No,0.0,2.5,0.4,0.0,0.2,0.2,0.3,10.4,0.0,10.4,1.0,0.75,0.75,0.5,0.0,0.0,0.0,0.0,1.0,1.0,0.25,0.5,0.75,0.5,0.75,1.0,0.75,0.0,0.5277777777777778,0.1514285714285714,0.1750103247606532,0.5,0.5,0.75,0.5,0.75,0.5,1.0,1.0,0.675,0.1572327044025157,0.0251572327044025,0.0,0.0440251572327044,0.5144654088050314,0.3998696721068689,0.4581709600559815,45.81709600559816,880,1.0,291954,0.0,Not listed,291954.0,0.035,0.077803548581977,0.9739392902836046,0.6283087481196356,62.830874811963554,149,42.783
No.1 Garudharia Gaon,291125,27.0,436,73,1,2,1,b,,,1.0,,,1.0,No,Yes,Yes,Yes,No,No,No,Yes,Yes,c,Yes,a,Yes,b,b,b,b,Yes,b,Yes,Yes,c,b,c,a,c,Yes,a,Yes,No,No,No,0.0,1.3,0.0,4.3,3.2,0.0,0.0,17.6,0.0,17.6,1.0,1.0,1.0,0.5,1.0,0.0,0.0,0.0,1.0,1.0,0.25,1.0,0.5,0.25,0.75,1.0,0.75,0.0,0.6111111111111112,0.0619266055045871,0.1728933268807167,0.75,1.0,0.5,0.5,0.5,0.5,1.0,1.0,0.725,0.0481481481481481,0.0,0.0,0.1185185185185185,0.5592592592592593,0.4568288854003141,0.5048668865780197,50.48668865780197,461,1.0,291125,0.0,Not listed,291125.0,0.22,0.0338818893309278,0.9272236221338144,0.627637113383752,62.7637113383752,150,19.826
Khowang Nlr Grant No.319,291840,222.5,1169,264,1,a,a,a,,,,,,1.0,Yes,Yes,Yes,Yes,No,No,No,No,Yes,c,a,c,Yes,a,a,a,a,Yes,a,Yes,Yes,b,c,b,Yes,c,a,Yes,Yes,No,No,No,0.0,16.7,4.7,0.0,1.0,0.7,0.6,12.8,0.0,12.8,1.0,0.75,0.75,0.75,0.0,0.0,0.0,1.0,1.0,1.0,0.25,0.75,0.75,0.5,1.0,0.75,1.0,0.0,0.625,0.190333618477331,0.2330734064066348,0.25,1.0,0.75,0.75,0.75,0.75,1.0,1.0,0.775,0.0750561797752809,0.0211235955056179,0.0,0.0103370786516853,0.4988314606741573,0.3799897694600745,0.5230163054936736,52.30163054936736,321,1.0,291840,0.0,Not listed,291840.0,0.261,0.143986290435645,0.892902741912871,0.6274279137858183,62.74279137858183,151,26.58
No.1 Burikhowang,291731,126.4,521,104,1,a,a,a,,,,,,0.0,No,No,No,Yes,No,Yes,No,No,Yes,b,Yes,b,a,a,Yes,Yes,Yes,Yes,b,Yes,Yes,c,b,c,a,b,Yes,Yes,Yes,No,No,No,0.0,28.4,0.0,0.0,0.1,0.0,3.1,89.7,0.0,89.7,1.0,0.75,0.75,0.75,0.0,0.0,0.0,0.0,1.0,1.0,0.5,1.0,0.5,0.25,0.75,1.0,1.0,0.0,0.5694444444444444,0.2426103646833013,0.1771670557443393,0.5,0.75,0.75,1.0,1.0,1.0,1.0,1.0,0.85,0.2246835443037974,0.0,0.0,0.0253164556962025,0.5126582278481013,0.3975716869026092,0.5211672124277178,52.11672124277178,335,1.0,291731,0.0,Not listed,291731.0,0.304,0.133765409904261,0.8820469180191478,0.6267462841791354,62.67462841791354,152,21.16
Chakalia No.2,291966,54.2,599,122,1,b,a,c,,,,,,0.0,No,No,No,Yes,No,No,No,No,Yes,c,a,c,a,a,a,b,a,Yes,a,Yes,Yes,b,c,b,Yes,Yes,a,Yes,Yes,No,No,No,0.0,6.0,1.4,0.0,0.4,1.3,0.0,19.2,0.0,19.2,1.0,0.5,0.75,0.25,0.0,0.0,0.0,0.0,1.0,1.0,0.25,0.75,0.75,0.5,1.0,0.75,1.0,0.0,0.5277777777777778,0.0904841402337228,0.1735688007639288,0.25,0.75,0.75,0.75,0.5,0.75,1.0,1.0,0.725,0.1107011070110701,0.025830258302583,0.0,0.0313653136531365,0.5079335793357933,0.3915638920910402,0.4711494230536347,47.11494230536347,769,1.0,291966,0.0,Not listed,291966.0,0.071,0.148546201143884,0.9489907597712232,0.6267230879131276,62.67230879131276,153,38.963
Halmari Nlr Grant No.330,291726,278.6,488,104,1,a,a,b,,,,,,0.0,No,Yes,Yes,No,No,No,No,No,Yes,c,a,a,a,a,a,a,a,Yes,b,Yes,Yes,c,c,c,Yes,Yes,Yes,Yes,Yes,No,No,No,0.0,27.6,1.0,0.0,1.4,2.1,0.0,82.5,0.0,82.5,1.0,0.75,0.75,0.5,0.0,0.0,0.0,0.0,0.0,1.0,0.25,0.75,0.5,0.25,1.0,1.0,1.0,0.0,0.4861111111111111,0.5709016393442623,0.242075015310189,0.75,0.75,0.75,0.75,0.75,0.75,1.0,1.0,0.775,0.0990667623833452,0.0035893754486719,0.0,0.0125628140703517,0.5052045944005743,0.3880937542613268,0.4921652824575904,49.21652824575904,570,1.0,291726,0.0,Not listed,291726.0,0.329,0.0952132911932978,0.8822573417613404,0.6266357536712824,62.663575367128246,154,21.979
Rajabheta 135 F.S.,291257,102.0,464,106,1,a,a,a,,,1.0,,,1.0,Yes,Yes,Yes,No,No,No,No,No,Yes,a,Yes,c,Yes,Yes,Yes,Yes,Yes,Yes,b,Yes,Yes,c,Yes,c,a,c,Yes,Yes,Yes,No,No,No,0.0,75.2,0.0,0.0,0.0,0.0,0.0,26.8,0.0,26.8,1.0,0.75,0.75,0.75,1.0,0.0,0.0,1.0,0.0,1.0,0.75,1.0,0.5,0.25,0.75,1.0,1.0,0.0,0.6388888888888888,0.2198275862068965,0.2337710298220516,0.25,1.0,1.0,1.0,1.0,1.0,1.0,1.0,0.875,0.7372549019607844,0.0,0.0,0.0,0.5,0.3814756671899529,0.5569601131157258,55.696011311572576,148,1.0,291257,0.0,Not listed,291257.0,0.443,0.136456663914675,0.839808667217065,0.6265875744208319,62.65875744208319,155,3.577
Bora Bogpara T.E.8/185 Orr Grant,291099,261.4,840,187,1,a,a,a,,,,,,1.0,Yes,Yes,Yes,Yes,Yes,No,No,Yes,Yes,b,Yes,b,a,Yes,a,a,a,Yes,b,Yes,Yes,a,b,a,a,b,Yes,Yes,Yes,No,No,No,0.0,4.6,0.0,0.0,3.4,0.0,0.0,251.2,0.0,251.2,1.0,0.75,0.75,0.75,0.0,0.0,0.0,1.0,1.0,1.0,0.5,1.0,0.5,0.75,0.75,1.0,1.0,0.0,0.6527777777777778,0.3111904761904762,0.2359320443026093,0.5,0.75,1.0,0.75,0.75,0.75,1.0,1.0,0.8,0.0175975516449885,0.0,0.0,0.0130068859984697,0.5065034429992349,0.3897453513805028,0.5401265257961974,54.01265257961973,224,1.0,291099,0.0,Not listed,291099.0,0.31,0.176613579326895,0.871677284134621,0.6261157274365762,62.61157274365762,156,14.588
Moni Pather,291841,117.0,623,128,1,a,a,b,,,,,,0.0,No,Yes,Yes,No,No,No,No,No,Yes,b,Yes,b,a,a,a,b,Yes,Yes,b,Yes,Yes,a,b,b,Yes,b,Yes,Yes,Yes,No,No,No,0.0,12.1,3.3,0.0,1.1,0.8,0.3,91.2,0.0,91.2,1.0,0.75,0.75,0.5,0.0,0.0,0.0,0.0,0.0,1.0,0.5,1.0,0.5,0.75,1.0,1.0,1.0,0.0,0.5416666666666666,0.1878009630818619,0.2330135012855856,0.5,0.75,0.75,0.75,0.5,1.0,1.0,1.0,0.775,0.1034188034188034,0.0282051282051282,0.0,0.0188034188034188,0.500940170940171,0.3826711749788673,0.5027042769838366,50.270427698383656,478,1.0,291841,0.0,Not listed,291841.0,0.243,0.193690179254121,0.8883619641491758,0.6259988372278968,62.59988372278968,157,27.145
Meleingal Gaon,291310,262.7,1180,244,1,a,a,a,,,,,,1.0,Yes,Yes,Yes,Yes,No,No,No,Yes,Yes,c,Yes,a,Yes,Yes,a,a,a,Yes,a,Yes,Yes,b,c,b,Yes,c,Yes,Yes,Yes,No,No,No,0.0,32.2,0.0,33.6,1.5,3.1,2.0,165.4,0.0,165.4,1.0,0.75,0.75,0.75,0.0,0.0,0.0,1.0,1.0,1.0,0.25,1.0,0.75,0.5,1.0,1.0,1.0,0.0,0.6527777777777778,0.2226271186440677,0.2909801045521218,0.75,1.0,1.0,0.75,0.75,0.75,1.0,1.0,0.875,0.1225732775028549,0.0,0.0,0.0251237152645603,0.5125618576322801,0.3974491439280171,0.5779292993680784,57.79292993680784,82,1.0,291310,0.0,Not listed,291310.0,0.585,0.141244270254541,0.7962511459490917,0.6258628561068698,62.58628561068698,158,12.903
Joonktoli Barbam 24/170 Np,292190,220.7,2096,447,1,a,a,c,,,,,,2.0,Yes,No,Yes,Yes,No,Yes,No,No,c,c,Yes,c,Yes,b,c,b,Yes,Yes,Yes,Yes,Yes,b,c,c,a,b,Yes,Yes,Yes,No,No,Yes,0.0,28.8,0.0,0.0,0.0,0.0,0.0,18.7,0.0,18.7,1.0,0.75,0.75,0.25,0.0,0.0,0.0,1.0,1.0,0.25,0.25,1.0,1.0,0.5,0.75,1.0,1.0,1.0,0.6388888888888888,0.1052958015267175,0.2882048565782554,0.25,1.0,0.5,0.25,0.5,1.0,1.0,1.0,0.75,0.1304938830992297,0.0,0.0,0.0,0.5,0.3814756671899529,0.5330685698047766,53.30685698047765,263,1.0,292190,0.0,Not listed,292190.0,0.368,0.116683814684171,0.8662632370631658,0.6257778590483231,62.577785904832304,159,40.356
Nemupather 69 No.,292184,652.4,1881,365,4,3,1,a,,,1.0,,,1.0,Yes,Yes,Yes,No,Yes,Yes,No,No,Yes,b,a,c,Yes,b,Yes,a,a,Yes,a,Yes,Yes,c,c,c,a,b,Yes,Yes,Yes,No,No,No,0.0,80.3,0.0,0.0,0.0,0.0,0.7,306.8,0.0,306.8,1.0,1.0,1.0,0.75,1.0,0.0,0.0,1.0,0.0,1.0,0.5,0.75,0.75,0.25,0.75,1.0,1.0,0.0,0.6527777777777778,0.3468367889420521,0.2367751896764968,0.25,1.0,0.5,1.0,0.75,0.75,1.0,1.0,0.775,0.1230839975475168,0.0,0.0,0.0010729613733905,0.5005364806866952,0.3821578482829249,0.5313198115201536,53.13198115201536,269,1.0,292184,0.0,Not listed,292184.0,0.28,0.152204137592004,0.8855591724815992,0.6257411436542026,62.574114365420265,160,36.292
No.3 Burikhowang,291732,302.8,877,178,1,1,a,a,,,,,,0.0,No,Yes,Yes,Yes,Yes,No,No,No,Yes,c,Yes,a,a,a,a,b,Yes,Yes,b,Yes,Yes,c,c,c,Yes,c,Yes,Yes,Yes,No,No,No,0.0,38.8,4.5,0.0,3.3,0.0,0.0,120.2,0.0,120.2,1.0,1.0,0.75,0.75,0.0,0.0,0.0,0.0,1.0,1.0,0.25,1.0,0.5,0.25,1.0,1.0,1.0,0.0,0.5833333333333334,0.3452679589509692,0.2367380820025947,0.75,0.75,0.75,0.75,0.5,1.0,1.0,1.0,0.8,0.1281373844121532,0.0148612945838837,0.0,0.010898282694848,0.5009907529722589,0.3827354943603293,0.5215649527060479,52.15649527060479,330,1.0,291732,0.0,Not listed,291732.0,0.331,0.14272962079819,0.872154075840362,0.6254564749908429,62.54564749908429,161,20.463
Pathalibam Chah Bagicha 301 No,291909,47.6,566,116,1,1,1,b,,,,,,0.0,No,Yes,Yes,Yes,No,No,No,No,Yes,c,Yes,c,c,c,b,Yes,Yes,Yes,b,Yes,Yes,b,b,c,Yes,Yes,Yes,Yes,Yes,No,No,No,0.0,4.8,0.0,0.0,0.4,0.0,0.9,2.9,0.0,2.9,1.0,1.0,1.0,0.5,0.0,0.0,0.0,0.0,1.0,1.0,0.25,1.0,0.5,0.5,1.0,1.0,1.0,0.0,0.5972222222222222,0.0840989399293286,0.23056062820182,0.25,0.25,0.25,0.5,1.0,1.0,1.0,1.0,0.675,0.1008403361344537,0.0,0.0,0.0273109243697479,0.5136554621848739,0.3988397556824927,0.4892136637425091,48.92136637425092,604,1.0,291909,0.0,Not listed,291909.0,0.137,0.135108436874755,0.9318783126250488,0.6252174454528485,62.52174454528485,162,33.701
Bolai Gaon,291220,275.4,717,134,1,a,b,b,,,,,,1.0,Yes,No,No,Yes,No,No,Yes,Yes,Yes,c,a,b,a,a,c,a,a,Yes,a,Yes,Yes,b,c,b,Yes,c,Yes,Yes,Yes,No,Yes,No,0.0,55.9,0.0,30.4,0.0,0.0,0.0,186.6,0.0,186.6,1.0,0.75,0.5,0.5,0.0,0.0,0.0,1.0,1.0,1.0,0.25,0.75,0.75,0.5,1.0,1.0,1.0,0.0,0.6111111111111112,0.3841004184100418,0.2947994467279267,0.5,0.75,0.75,0.25,0.75,0.75,1.0,1.0,0.725,0.2029774872912128,0.0,0.0,0.0,0.5,0.3814756671899529,0.5202727728977501,52.02727728977501,342,1.0,291220,0.0,Not listed,291220.0,0.326,0.150288261430852,0.8721423477138296,0.6247781508460064,62.47781508460064,163,16.464
Banhbari Gaon No.1,291201,129.0,460,94,1,1,a,a,,,,,,1.0,No,No,Yes,No,Yes,No,No,Yes,Yes,c,a,c,c,a,a,a,a,Yes,a,Yes,Yes,a,c,b,a,c,Yes,Yes,Yes,No,No,No,0.0,14.2,0.0,0.0,11.2,5.4,0.0,98.3,0.0,98.3,1.0,1.0,0.75,0.75,0.0,0.0,0.0,0.0,0.0,1.0,0.25,0.75,0.75,0.75,0.75,1.0,1.0,0.0,0.5416666666666666,0.2804347826086956,0.178061720031668,0.25,0.25,0.75,0.75,0.75,0.75,1.0,1.0,0.7,0.1100775193798449,0.0,0.0,0.1286821705426356,0.5643410852713178,0.4632908619619583,0.4825902690669753,48.25902690669753,662,1.0,291201,0.0,Not listed,291201.0,0.14,0.157326799644608,0.9265346400710784,0.6246229153306421,62.46229153306421,164,27.317
Hiloibam Gaon,291076,10.1,181,38,1,a,b,c,,,,,,1.0,No,Yes,Yes,Yes,No,No,No,Yes,Yes,c,Yes,a,b,b,a,a,a,Yes,b,Yes,Yes,c,c,c,a,c,Yes,b,Yes,No,No,No,0.0,0.1,0.0,6.3,2.1,0.0,0.0,1.6,0.0,1.6,1.0,0.75,0.5,0.25,0.0,0.0,0.0,0.0,1.0,1.0,0.25,1.0,0.5,0.25,0.75,1.0,0.5,0.0,0.4861111111111111,0.0558011049723756,0.1727484398773267,0.75,0.5,0.5,0.75,0.75,0.75,1.0,1.0,0.75,0.0099009900990099,0.0,0.0,0.2079207920792079,0.603960396039604,0.5136702053250852,0.4924489288121265,49.24489288121265,569,1.0,291076,0.0,Not listed,291076.0,0.266,0.171256846896589,0.8859486306206822,0.6246170930163674,62.46170930163674,165,17.172
Natun Majhi,291974,137.2,366,76,1,a,a,a,,,,,,0.0,Yes,Yes,Yes,Yes,No,Yes,No,No,Yes,b,Yes,b,b,b,b,b,Yes,Yes,b,Yes,Yes,b,b,c,Yes,c,a,a,Yes,No,No,No,0.0,10.0,5.0,0.0,5.0,0.0,0.0,97.0,0.0,97.0,1.0,0.75,0.75,0.75,0.0,0.0,0.0,1.0,1.0,1.0,0.5,1.0,0.5,0.5,1.0,0.75,0.75,0.0,0.625,0.374863387978142,0.2374381052910167,0.5,0.5,0.5,0.5,0.5,1.0,1.0,1.0,0.7,0.0728862973760933,0.0364431486880466,0.0,0.0364431486880466,0.5072886297376094,0.3907437834968031,0.5037582830221148,50.37582830221148,467,1.0,291974,0.0,Not listed,291974.0,0.142,0.207840157102522,0.9158319685794956,0.6243038812790729,62.430388127907285,166,34.374
Godabahar Gaon,291293,97.9,755,159,1,a,a,b,,,1.0,,,1.0,Yes,Yes,Yes,Yes,No,No,No,Yes,Yes,c,Yes,a,a,a,Yes,Yes,Yes,Yes,a,Yes,Yes,b,c,b,Yes,c,Yes,Yes,Yes,No,No,No,0.0,46.4,0.0,0.0,5.4,0.0,0.0,40.5,0.0,40.5,1.0,0.75,0.75,0.5,1.0,0.0,0.0,1.0,1.0,1.0,0.25,1.0,0.75,0.5,1.0,1.0,1.0,0.0,0.6944444444444444,0.1296688741721854,0.2887813550113939,0.75,0.75,0.75,1.0,1.0,1.0,1.0,1.0,0.9,0.4739530132788559,0.0,0.0,0.0551583248212461,0.5275791624106231,0.416544931793728,0.5991154362227052,59.91154362227052,45,1.0,291293,0.0,Not listed,291293.0,0.635,0.177784642287829,0.7739430715424342,0.6242543071388815,62.42543071388816,167,15.951
Lezai Miri Pather Gaon,291182,214.5,1123,222,2,2,1,b,,,1.0,,,1.0,Yes,Yes,Yes,Yes,No,Yes,No,Yes,c,c,b,b,Yes,b,b,b,b,Yes,b,Yes,Yes,a,b,c,Yes,c,Yes,Yes,Yes,No,No,No,0.0,35.5,0.0,0.0,0.0,0.0,0.0,179.0,0.0,179.0,1.0,1.0,1.0,0.5,1.0,0.0,0.0,1.0,1.0,0.25,0.25,0.5,0.5,0.75,1.0,1.0,1.0,0.0,0.6527777777777778,0.1910062333036509,0.2902321729671973,0.5,1.0,0.5,0.5,0.5,0.5,1.0,1.0,0.65,0.1655011655011655,0.0,0.0,0.0,0.5,0.3814756671899529,0.5070476211242344,50.70476211242344,438,1.0,291182,0.0,Not listed,291182.0,0.19,0.160216468726668,0.9109567062546664,0.6241620758221588,62.41620758221588,168,23.153
Japara Gaon,291109,132.9,920,215,1,1,1,a,,,,,,1.0,Yes,Yes,Yes,Yes,No,No,No,Yes,b,b,Yes,b,Yes,Yes,a,a,a,Yes,a,Yes,Yes,b,a,b,a,b,Yes,Yes,Yes,No,No,No,0.0,103.2,0.0,0.0,0.0,6.0,0.0,23.7,0.0,23.7,1.0,1.0,1.0,0.75,0.0,0.0,0.0,1.0,1.0,0.5,0.5,1.0,0.75,0.5,0.75,1.0,1.0,0.0,0.6527777777777778,0.1444565217391304,0.2319882713983725,0.5,1.0,1.0,0.75,0.75,0.75,1.0,1.0,0.85,0.7765237020316027,0.0,0.0,0.0451467268623024,0.5225733634311512,0.4101796301086853,0.5582274383157746,55.82274383157746,146,1.0,291109,0.0,Very Low (1-4),291109.0,0.431,0.176086355578602,0.8354827288842797,0.6237171039196079,62.37171039196079,169,4.999
Modhupur Paroliguri F.V.,291246,28.0,356,69,1,a,a,c,,,,,,1.0,Yes,Yes,Yes,No,No,No,No,Yes,Yes,c,Yes,,Yes,Yes,c,c,c,Yes,a,Yes,Yes,b,c,c,Yes,c,Yes,a,Yes,No,No,No,0.0,3.6,0.0,0.0,0.0,0.0,0.0,24.4,0.0,24.4,1.0,0.75,0.75,0.25,0.0,0.0,0.0,1.0,0.0,1.0,0.25,1.0,0.75,0.5,1.0,1.0,0.75,0.0,0.5555555555555556,0.0786516853932584,0.2875746409535481,0.0,1.0,1.0,0.25,0.25,0.25,1.0,1.0,0.65,0.1285714285714286,0.0,0.0,0.0,0.5,0.3814756671899529,0.4820776825652665,48.207768256526656,668,1.0,291246,0.0,Not listed,291246.0,0.178,0.176700585920854,0.9112598828158291,0.6236189634432117,62.36189634432117,170,22.206
Garihali Chetia,291919,96.2,311,61,1,a,a,b,,,,,,0.0,Yes,No,Yes,Yes,No,Yes,No,No,Yes,b,b,c,b,b,c,c,a,Yes,a,Yes,Yes,b,b,c,Yes,c,Yes,a,Yes,No,No,No,0.0,10.2,2.0,0.0,2.2,0.0,1.8,49.8,0.0,49.8,1.0,0.75,0.75,0.5,0.0,0.0,0.0,1.0,1.0,1.0,0.5,0.5,0.75,0.5,1.0,1.0,0.75,0.0,0.6111111111111112,0.3093247588424437,0.2930307714687719,0.25,0.5,0.5,0.25,0.25,0.75,1.0,1.0,0.575,0.106029106029106,0.0207900207900207,0.0,0.0415800415800415,0.5145530145530146,0.3999810703107407,0.4785316847071189,47.85316847071189,702,1.0,291919,0.0,Not listed,291919.0,0.109,0.144877805974786,0.9383244388050428,0.6235846289358212,62.35846289358212,171,33.919
Roshipather No.1,291906,97.5,210,46,1,a,a,b,,,,,,0.0,No,Yes,Yes,Yes,No,No,No,No,Yes,c,Yes,c,b,b,b,a,Yes,Yes,b,Yes,Yes,a,b,c,Yes,a,Yes,a,Yes,No,No,No,0.0,9.7,0.0,0.0,0.1,0.0,0.3,85.2,0.0,85.2,1.0,0.75,0.75,0.5,0.0,0.0,0.0,0.0,1.0,1.0,0.25,1.0,0.5,0.75,1.0,1.0,0.75,0.0,0.5694444444444444,0.4642857142857143,0.2395532194480946,0.25,0.5,0.5,0.5,0.75,1.0,1.0,1.0,0.7,0.0994871794871794,0.0,0.0,0.0041025641025641,0.5020512820512821,0.3840840478203117,0.4890662255371971,48.90662255371971,605,1.0,291906,0.0,Not listed,291906.0,0.155,0.193662977821825,0.914767404435635,0.6234078738093244,62.34078738093244,172,32.767
"Bokul T.E. 6 No.L,C,R",291302,122.5,3353,707,3,a,a,a,,,,,,1.0,Yes,Yes,Yes,Yes,No,No,No,Yes,Yes,b,Yes,a,a,a,a,a,a,Yes,Yes,Yes,Yes,b,b,b,Yes,b,a,Yes,Yes,No,No,No,0.0,51.5,0.0,0.0,0.0,0.0,0.0,50.9,0.0,50.9,1.0,0.75,0.75,0.75,0.0,0.0,0.0,1.0,1.0,1.0,0.5,1.0,1.0,0.5,1.0,0.75,1.0,0.0,0.6666666666666666,0.0365344467640918,0.2865784382001644,0.75,0.75,0.75,0.75,0.75,0.75,1.0,1.0,0.85,0.4204081632653061,0.0,0.0,0.0,0.5,0.3814756671899529,0.5696064096546984,56.96064096546984,105,1.0,291302,0.0,Not listed,291302.0,0.521,0.164575334358712,0.8107849331282576,0.6231799328798371,62.31799328798371,173,8.641
Mankatta T.E. 1/159 Rr(B)Grant,291107,197.8,1693,339,1,2,1,a,,,,,,1.0,No,Yes,Yes,Yes,No,No,Yes,No,Yes,b,Yes,b,a,Yes,a,a,a,Yes,Yes,Yes,Yes,b,a,b,a,b,Yes,Yes,Yes,No,No,No,0.0,190.2,0.0,0.0,0.0,0.0,0.0,7.5,0.0,7.5,1.0,1.0,1.0,0.75,0.0,0.0,0.0,0.0,1.0,1.0,0.5,1.0,1.0,0.5,0.75,1.0,1.0,0.0,0.6388888888888888,0.1168340224453632,0.2313349139906355,0.5,0.75,1.0,0.75,0.75,0.75,1.0,1.0,0.85,0.9615773508594538,0.0,0.0,0.0,0.5,0.3814756671899529,0.5488510841578718,54.88510841578717,184,1.0,291107,0.0,Not listed,291107.0,0.445,0.106617510937483,0.8451764978125034,0.6231256777011532,62.31256777011532,174,4.734
Bakulbari 26/147 Orr,291285,79.1,795,181,2,1,1,a,,,,,,1.0,Yes,Yes,No,Yes,No,No,No,Yes,Yes,b,Yes,a,Yes,a,a,a,a,Yes,a,Yes,Yes,b,b,b,Yes,b,Yes,Yes,Yes,No,No,No,0.0,52.3,0.0,0.0,0.0,0.0,0.0,26.8,0.0,26.8,1.0,1.0,1.0,0.75,0.0,0.0,0.0,1.0,1.0,1.0,0.5,1.0,0.75,0.5,1.0,1.0,1.0,0.0,0.6944444444444444,0.0994968553459119,0.2880676935936897,0.75,1.0,0.75,0.75,0.75,0.75,1.0,1.0,0.85,0.661188369152971,0.0,0.0,0.0,0.5,0.3814756671899529,0.5769231679475242,57.692316794752415,85,1.0,291285,0.0,Very Low (1-4),291285.0,0.554,0.121452542778321,0.8095094914443358,0.6230420700546497,62.304207005464974,175,8.15
Lengapather Gaon,291079,114.7,396,64,2,,b,c,,,,,,1.0,No,No,Yes,No,No,No,No,Yes,Yes,c,a,c,a,a,c,c,c,Yes,a,Yes,Yes,b,c,b,Yes,c,Yes,c,Yes,No,No,No,0.0,44.8,16.0,0.0,0.0,0.0,50.4,0.0,0.0,0.0,1.0,0.0,0.5,0.25,0.0,0.0,0.0,0.0,0.0,1.0,0.25,0.75,0.75,0.5,1.0,1.0,0.25,0.0,0.4027777777777778,0.2896464646464646,0.2354224619007799,0.25,0.75,0.75,0.25,0.25,0.25,1.0,1.0,0.6,0.3905841325196164,0.1394943330427201,0.0,0.4394071490845684,0.6778552746294682,0.6076338656983818,0.4610768330593157,46.10768330593157,850,1.0,291079,0.0,Not listed,291079.0,0.316,0.113995538354139,0.8824008923291722,0.6229610522616211,62.29610522616211,176,12.051
Dihingia Gaon No.3,291781,75.0,241,48,1,a,a,b,,,,,,0.0,Yes,No,Yes,Yes,No,Yes,No,No,Yes,c,Yes,,b,b,b,Yes,b,Yes,b,Yes,Yes,a,c,c,a,Yes,Yes,b,Yes,No,No,No,0.0,9.4,0.5,0.0,0.5,0.5,0.5,61.6,0.0,61.6,1.0,0.75,0.75,0.5,0.0,0.0,0.0,1.0,1.0,1.0,0.25,1.0,0.5,0.75,0.75,1.0,0.5,0.0,0.5972222222222222,0.3112033195020747,0.2359323480865893,0.0,0.5,0.5,0.5,1.0,0.5,1.0,1.0,0.65,0.1253333333333333,0.0066666666666666,0.0,0.02,0.508,0.3916483516483517,0.4816183129068732,48.16183129068733,673,1.0,291781,0.0,Not listed,291781.0,0.153,0.0808774314456362,0.9379245137108728,0.6229001452532492,62.29001452532492,177,28.25
Nahartoli T.E. Grant,291440,362.1,3627,774,1,3,1,1,,,,,,1.0,Yes,Yes,Yes,No,No,No,No,No,Yes,b,Yes,Yes,Yes,Yes,Yes,Yes,c,Yes,Yes,Yes,Yes,c,c,a,a,c,Yes,Yes,Yes,No,Yes,No,0.0,45.1,0.0,0.0,0.0,0.0,0.0,18.5,0.0,18.5,1.0,1.0,1.0,1.0,0.0,0.0,0.0,1.0,0.0,1.0,0.5,1.0,1.0,0.25,0.75,1.0,1.0,0.0,0.6388888888888888,0.0998345740281224,0.2880756816834134,1.0,1.0,1.0,1.0,1.0,0.25,1.0,1.0,0.925,0.1245512289422811,0.0,0.0,0.0,0.5,0.3814756671899529,0.5855362760810663,58.55362760810663,69,1.0,291440,0.0,Not listed,291440.0,0.672,0.133982901068895,0.7716034197862209,0.6228816384138347,62.28816384138347,178,17.529
Dikhari Moran No.2,291988,91.1,381,84,1,a,a,a,,,,,,0.0,Yes,No,Yes,No,No,No,No,No,Yes,a,Yes,c,a,a,c,c,Yes,Yes,b,Yes,Yes,b,a,c,Yes,b,Yes,a,Yes,No,No,No,0.0,7.7,2.2,0.0,0.0,0.0,2.4,41.6,0.0,41.6,1.0,0.75,0.75,0.75,0.0,0.0,0.0,1.0,0.0,1.0,0.75,1.0,0.5,0.5,1.0,1.0,0.75,0.0,0.5972222222222222,0.2391076115485564,0.291369919101768,0.25,0.75,0.75,0.25,0.25,1.0,1.0,1.0,0.675,0.0845225027442371,0.0241492864983534,0.0,0.0263446761800219,0.5059275521405049,0.3890130568819607,0.5024506467073897,50.24506467073897,480,1.0,291988,0.0,Not listed,291988.0,0.197,0.24888116810378,0.891123766379244,0.6226439448594338,62.26439448594338,179,31.585
Lepetkatta Bangali Gaon,291164,267.5,1040,226,1,2,1,a,,,1.0,,,1.0,Yes,Yes,Yes,No,No,No,No,Yes,Yes,c,Yes,c,a,a,a,a,a,Yes,a,Yes,Yes,b,a,b,a,c,Yes,Yes,Yes,No,No,No,0.0,237.2,0.0,0.0,0.0,0.0,0.0,20.3,0.0,20.3,1.0,1.0,1.0,0.75,1.0,0.0,0.0,1.0,0.0,1.0,0.25,1.0,0.75,0.5,0.75,1.0,1.0,0.0,0.6666666666666666,0.2572115384615384,0.2346552757360904,0.25,0.75,0.75,0.75,0.75,0.75,1.0,1.0,0.775,0.8867289719626168,0.0,0.0,0.0,0.5,0.3814756671899529,0.5341256190386798,53.41256190386798,255,1.0,291164,0.0,Not listed,291164.0,0.338,0.101732093149349,0.8782535813701302,0.6221866015605677,62.21866015605677,180,13.133
Polonga Gaon,291453,334.3,1901,391,4,2,a,c,,,,,,1.0,Yes,Yes,Yes,No,No,No,No,No,a,a,Yes,a,a,a,a,a,a,Yes,Yes,Yes,Yes,Yes,a,a,Yes,c,Yes,Yes,Yes,No,No,No,0.0,12.5,0.0,10.7,0.0,0.0,0.0,247.4,0.0,247.4,1.0,1.0,0.75,0.25,0.0,0.0,0.0,1.0,0.0,0.75,0.75,1.0,1.0,1.0,1.0,1.0,1.0,0.0,0.6388888888888888,0.1758548132561809,0.4041595093805667,0.75,0.75,0.75,0.75,0.75,0.75,1.0,1.0,0.85,0.0373915644630571,0.0,0.0,0.0,0.5,0.3814756671899529,0.5920572330053546,59.20572330053546,58,1.0,291453,0.0,Not listed,291453.0,0.801,0.125766942579545,0.7345466114840911,0.6220798720172711,62.20798720172711,181,29.786
Nunghungia No.3,291873,113.0,416,89,1,a,a,b,,,,,,0.0,No,No,Yes,Yes,No,No,No,No,Yes,b,a,a,c,a,a,a,a,Yes,b,Yes,Yes,b,b,b,Yes,Yes,Yes,a,Yes,No,No,No,0.0,0.0,0.0,0.0,0.0,0.0,0.0,113.0,0.0,113.0,1.0,0.75,0.75,0.5,0.0,0.0,0.0,0.0,1.0,1.0,0.5,0.75,0.5,0.5,1.0,1.0,0.75,0.0,0.5555555555555556,0.2716346153846153,0.2349964260443892,0.75,0.25,0.75,0.75,0.75,0.75,1.0,1.0,0.725,0.0,0.0,0.0,0.0,0.5,0.3814756671899529,0.4914331288379768,49.14331288379768,581,1.0,291873,0.0,Not listed,291873.0,0.219,0.158212055908087,0.9026575888183824,0.6220334921169433,62.20334921169432,182,26.686
Kotoha Bangali Gaon,291211,126.5,903,182,1,1,1,a,,,,,,1.0,Yes,Yes,Yes,Yes,No,No,No,Yes,Yes,c,c,a,a,Yes,b,b,b,Yes,a,Yes,Yes,a,b,c,Yes,c,Yes,Yes,Yes,No,No,No,0.0,23.6,9.0,28.2,8.0,0.0,0.0,41.4,0.0,41.4,1.0,1.0,1.0,0.75,0.0,0.0,0.0,1.0,1.0,1.0,0.25,0.25,0.75,0.75,1.0,1.0,1.0,0.0,0.6527777777777778,0.1400885935769656,0.2890278135518487,0.75,0.75,1.0,0.5,0.5,0.5,1.0,1.0,0.7,0.1865612648221344,0.0711462450592885,0.0,0.0632411067193675,0.5102766798418972,0.3945433448539038,0.5243600668031874,52.436006680318734,304,0.957812500069849,291211,0.0,Not listed,291211.0,0.275,0.208653784705197,0.8757692430589605,0.6217461523396319,62.1746152339632,183,20.051
Rangrangia Gaon,291930,78.2,318,65,1,a,b,b,,,,,,0.0,No,No,Yes,Yes,No,No,No,No,Yes,c,b,c,a,b,b,a,a,Yes,b,Yes,Yes,c,b,c,a,c,Yes,b,Yes,No,No,No,0.0,28.5,2.8,0.0,3.0,1.5,0.8,31.0,0.0,31.0,1.0,0.75,0.5,0.5,0.0,0.0,0.0,0.0,1.0,1.0,0.25,0.5,0.5,0.25,0.75,1.0,0.5,0.0,0.4722222222222222,0.2459119496855346,0.1772451484250755,0.25,0.75,0.5,0.5,0.75,0.75,1.0,1.0,0.65,0.3644501278772378,0.0358056265984654,0.0,0.067774936061381,0.523145780051151,0.4109075068154353,0.4395483440249115,43.95483440249115,1010,1.0,291930,0.0,Very Low (1-4),291930.0,0.019,0.149716332519686,0.9643567334960628,0.6216901065270093,62.169010652700926,184,38.731
Kalatomoni Gaon,291077,352.9,95,19,a,a,a,b,,,1.0,,,1.0,No,No,Yes,Yes,No,No,No,Yes,c,c,Yes,Yes,b,b,a,a,a,a,b,Yes,Yes,b,b,b,Yes,c,a,b,Yes,No,No,No,0.0,17.2,0.0,0.8,26.8,1.3,0.0,304.0,0.0,304.0,0.75,0.75,0.75,0.5,1.0,0.0,0.0,0.0,1.0,0.25,0.25,1.0,0.5,0.5,1.0,0.75,0.5,0.0,0.5277777777777778,3.714736842105263,0.2021507118650766,1.0,0.5,0.5,0.75,0.75,0.75,0.75,1.0,0.75,0.0487390195522811,0.0,0.0,0.0796259563615755,0.5398129781807878,0.4321012752377364,0.4939023774582609,49.39023774582608,557,1.0,291077,0.0,Not listed,291077.0,0.294,0.105403778829584,0.8907192442340832,0.621640566945563,62.1640566945563,185,13.908
Tetun Bari,291959,87.0,185,37,1,a,a,b,,,,,,0.0,No,Yes,Yes,No,No,No,No,No,c,b,a,a,a,a,a,a,a,Yes,b,Yes,Yes,b,c,b,a,b,Yes,a,Yes,No,No,No,0.0,7.9,1.2,0.0,1.3,24.9,1.2,20.0,0.0,20.0,1.0,0.75,0.75,0.5,0.0,0.0,0.0,0.0,0.0,0.25,0.5,0.75,0.5,0.5,0.75,1.0,0.75,0.0,0.4444444444444444,0.4702702702702703,0.1825519155348327,0.75,0.75,0.75,0.75,0.75,0.75,1.0,1.0,0.775,0.0908045977011494,0.0137931034482758,0.0,0.3149425287356321,0.6533333333333333,0.5764521193092622,0.5045395138566717,50.453951385667175,463,1.0,291959,0.25,Low (5-8),291959.0,0.049,0.120408313404283,0.8362183373191434,0.621593131707755,62.1593131707755,186,41.852
Bolai T.E. (A) No-45-Grant,291161,285.2,450,94,1,a,a,a,,,,,,1.0,Yes,Yes,Yes,Yes,No,No,No,Yes,Yes,c,Yes,c,Yes,Yes,a,a,a,Yes,a,Yes,Yes,b,a,b,a,c,Yes,Yes,Yes,No,No,No,0.0,264.2,0.0,0.0,0.0,0.0,0.0,21.0,0.0,21.0,1.0,0.75,0.75,0.75,0.0,0.0,0.0,1.0,1.0,1.0,0.25,1.0,0.75,0.5,0.75,1.0,1.0,0.0,0.6388888888888888,0.6337777777777778,0.2435622301483011,0.25,1.0,1.0,0.75,0.75,0.75,1.0,1.0,0.825,0.926367461430575,0.0,0.0,0.0,0.5,0.3814756671899529,0.5444079131972881,54.44079131972881,203,1.0,291161,0.0,Not listed,291161.0,0.394,0.178722658175026,0.8460554683649948,0.6215340949615662,62.15340949615662,187,9.946
Dhemechi Haladhibari,291933,75.0,400,74,1,a,a,c,,,,,,0.0,No,Yes,Yes,Yes,No,No,No,No,Yes,c,b,c,Yes,b,b,Yes,b,Yes,b,Yes,Yes,c,b,c,a,c,Yes,a,Yes,No,No,No,0.0,23.5,3.8,0.0,3.0,1.8,1.6,28.7,0.0,28.7,1.0,0.75,0.75,0.25,0.0,0.0,0.0,0.0,1.0,1.0,0.25,0.5,0.5,0.25,0.75,1.0,0.75,0.0,0.4861111111111111,0.1875,0.1758635254364557,0.25,1.0,0.5,0.5,1.0,0.5,1.0,1.0,0.675,0.3133333333333333,0.0506666666666666,0.0,0.0853333333333333,0.5274666666666668,0.4164018838304554,0.4512740359029828,45.12740359029828,934,1.0,291933,0.0,Not listed,291933.0,0.09,0.115669083193042,0.9498661833613916,0.6213726372782389,62.137263727823886,188,35.615
Garoimari Gaon,291716,21.3,1110,236,1,2,a,a,,,,,,1.0,Yes,No,Yes,Yes,Yes,Yes,No,No,Yes,a,Yes,b,b,b,b,b,Yes,Yes,b,Yes,Yes,b,b,b,Yes,Yes,Yes,Yes,Yes,No,No,No,0.0,2.0,2.2,0.0,0.3,0.0,1.2,12.4,0.0,12.4,1.0,1.0,0.75,0.75,0.0,0.0,0.0,1.0,1.0,1.0,0.75,1.0,0.5,0.5,1.0,1.0,1.0,0.0,0.6805555555555556,0.0191891891891891,0.2861681692956332,0.5,0.5,0.5,0.5,0.5,1.0,1.0,1.0,0.7,0.0938967136150234,0.1032863849765258,0.0,0.0704225352112676,0.504225352112676,0.3868485639109382,0.5290506439949848,52.90506439949848,281,1.0,291716,0.0,Not listed,291716.0,0.251,0.226027146199554,0.8794945707600892,0.6213671552145847,62.13671552145848,189,22.698
Kawoimari N.C.,291212,161.7,1132,246,1,a,a,a,,,,,,1.0,Yes,Yes,Yes,Yes,Yes,No,No,No,Yes,c,c,a,Yes,a,b,b,b,Yes,b,Yes,Yes,c,c,c,Yes,c,Yes,Yes,Yes,No,No,No,0.0,48.0,6.1,0.0,3.0,0.0,0.0,105.0,0.0,105.0,1.0,0.75,0.75,0.75,0.0,0.0,0.0,1.0,1.0,1.0,0.25,0.25,0.5,0.25,1.0,1.0,1.0,0.0,0.5833333333333334,0.1428445229681978,0.2890929997923772,0.75,1.0,0.75,0.5,0.5,0.5,1.0,1.0,0.675,0.2968460111317254,0.0377241805813234,0.0,0.0185528756957328,0.4979591836734693,0.3788805946240348,0.4963827022062346,49.63827022062346,533,0.981443298999796,291212,0.0,Not listed,291212.0,0.265,0.139265802029037,0.8926468395941926,0.6211640749793765,62.11640749793765,190,20.75
Domardalang No.1,292001,106.8,644,142,1,1,1,b,,,1.0,,,0.0,Yes,Yes,Yes,Yes,No,No,No,No,Yes,b,Yes,b,b,b,b,b,Yes,Yes,b,Yes,Yes,a,b,c,Yes,Yes,Yes,Yes,Yes,No,No,No,0.0,9.4,2.2,0.0,0.1,2.1,1.1,36.5,0.0,36.5,1.0,1.0,1.0,0.5,1.0,0.0,0.0,1.0,1.0,1.0,0.5,1.0,0.5,0.75,1.0,1.0,1.0,0.0,0.7361111111111112,0.1658385093167702,0.2896368785759176,0.5,0.5,0.5,0.5,0.5,1.0,1.0,1.0,0.7,0.0880149812734082,0.0205992509363295,0.0,0.0308988764044943,0.5092696629213482,0.3932628366817772,0.5450895647581127,54.50895647581127,201,1.0,292001,0.0,Not listed,292001.0,0.275,0.215626074466894,0.8743747851066213,0.6211485591888946,62.114855918889454,191,28.926
Deroi T.E. 44/188,292182,432.3,3179,605,4,b,a,a,,,,,,1.0,Yes,Yes,Yes,No,Yes,No,No,No,Yes,b,Yes,c,c,Yes,c,Yes,Yes,Yes,Yes,Yes,Yes,c,c,b,a,b,a,Yes,Yes,No,Yes,No,0.0,15.8,0.0,0.0,0.0,0.0,0.0,16.0,0.0,16.0,1.0,0.5,0.75,0.75,0.0,0.0,0.0,1.0,0.0,1.0,0.5,1.0,1.0,0.25,0.75,0.75,1.0,0.0,0.5694444444444444,0.1359861591695501,0.2317879211667661,0.25,0.25,1.0,0.25,1.0,1.0,1.0,1.0,0.775,0.0365486930372426,0.0,0.0,0.0,0.5,0.3814756671899529,0.5091032248407932,50.91032248407932,420,1.0,292182,0.0,Very Low (1-4),292182.0,0.344,0.106617558279568,0.8754764883440864,0.6203589257078191,62.03589257078191,192,36.581
Lahoal 19/150 Orr (27 No.LC),291305,271.1,423,99,1,a,a,a,,,,,,1.0,Yes,No,No,Yes,No,No,No,Yes,Yes,b,Yes,Yes,Yes,a,a,a,a,Yes,b,Yes,Yes,b,b,b,Yes,b,Yes,a,Yes,No,Yes,No,0.0,37.8,26.7,0.0,0.0,0.0,0.0,28.9,0.0,28.9,1.0,0.75,0.75,0.75,0.0,0.0,0.0,1.0,1.0,1.0,0.5,1.0,0.5,0.5,1.0,1.0,0.75,0.0,0.6388888888888888,0.6408983451536644,0.3008735106982095,1.0,1.0,0.75,0.75,0.75,0.75,1.0,1.0,0.85,0.1394319439321283,0.0984876429361858,0.0,0.0,0.4704537071191442,0.3439050278909056,0.5587216054749558,55.872160547495575,145,1.0,291305,0.0,Not listed,291305.0,0.569,0.104305828363883,0.8084388343272234,0.6201796655890777,62.017966558907766,193,10.585
Borbil Gergeri Gaon,291714,61.0,381,78,1,a,a,a,,,,,,0.0,No,No,No,Yes,No,No,No,No,Yes,a,a,a,a,a,a,a,a,Yes,a,Yes,Yes,a,b,a,a,b,Yes,a,Yes,No,No,No,0.0,28.1,4.7,0.0,3.2,1.4,0.0,15.1,0.0,15.1,1.0,0.75,0.75,0.75,0.0,0.0,0.0,0.0,1.0,1.0,0.75,0.75,0.75,0.75,0.75,1.0,0.75,0.0,0.5972222222222222,0.1601049868766404,0.1752155487791358,0.75,0.75,0.75,0.75,0.75,0.75,1.0,1.0,0.8,0.4606557377049181,0.0770491803278688,0.0,0.0754098360655737,0.5145901639344261,0.4000283089276062,0.5131151045358608,51.31151045358608,393,1.0,291714,0.0,Not listed,291714.0,0.245,0.185637400830278,0.8893725198339444,0.6195571414675026,61.95571414675026,194,21.278
Gandhia No.2,292037,262.6,598,121,1,1,1,a,,,1.0,,,1.0,Yes,Yes,Yes,Yes,No,No,No,No,a,c,a,c,c,c,c,b,b,Yes,b,Yes,Yes,c,c,c,Yes,c,Yes,Yes,Yes,No,No,No,0.0,12.9,0.0,0.0,0.0,0.0,124.8,124.8,0.0,124.8,1.0,1.0,1.0,0.75,1.0,0.0,0.0,1.0,1.0,0.75,0.25,0.75,0.5,0.25,1.0,1.0,1.0,0.0,0.6805555555555556,0.4391304347826087,0.2961010765501424,0.25,0.25,0.25,0.25,0.5,0.5,1.0,1.0,0.525,0.0491241431835491,0.0,0.0,0.4752475247524751,0.7376237623762376,0.6836346114988266,0.5383910803261899,53.83910803261899,232,1.0,292037,0.0,Not listed,292037.0,0.458,0.0908892493125333,0.8444221501374933,0.619339320917357,61.9339320917357,195,26.217
Ghuraghas No.2,291885,54.2,217,48,1,a,b,a,,,1.0,,,0.0,Yes,Yes,Yes,Yes,No,No,No,No,Yes,b,b,b,b,b,a,b,b,Yes,b,Yes,Yes,a,b,c,Yes,Yes,Yes,a,Yes,No,No,No,0.0,14.8,2.0,0.0,3.4,1.7,0.0,24.7,0.0,24.7,1.0,0.75,0.5,0.75,1.0,0.0,0.0,1.0,1.0,1.0,0.5,0.5,0.5,0.75,1.0,1.0,0.75,0.0,0.6666666666666666,0.2497695852534562,0.2916221077045121,0.5,0.5,0.5,0.75,0.5,0.5,1.0,1.0,0.625,0.2730627306273063,0.03690036900369,0.0,0.0940959409594095,0.5359778597785978,0.4272245940669768,0.51251711240619,51.251711240619,397,1.0,291885,0.0,Not listed,291885.0,0.259,0.145230396782767,0.8932539206434466,0.6192907842935531,61.929078429355314,196,27.622
Deroi No.57 Darkhastar,292120,316.4,288,70,1,1,,a,,,,,,0.0,Yes,Yes,Yes,No,Yes,Yes,No,No,Yes,a,Yes,c,b,a,c,Yes,Yes,Yes,a,Yes,Yes,a,c,a,a,a,Yes,a,Yes,No,No,No,0.0,40.1,0.0,0.0,0.0,0.0,0.0,36.2,0.0,36.2,1.0,1.0,0.0,0.75,0.0,0.0,0.0,1.0,0.0,1.0,0.75,1.0,0.75,0.75,0.75,1.0,0.75,0.0,0.5833333333333334,1.098611111111111,0.254556973906514,0.25,0.5,0.75,0.25,1.0,1.0,1.0,1.0,0.75,0.1267383059418458,0.0,0.0,0.0,0.5,0.3814756671899529,0.5107677102479524,51.07677102479524,409,1.0,292120,0.0,Not listed,292120.0,0.363,0.100838112609554,0.8709323774780893,0.6192335445463572,61.923354454635714,197,35.513
Phatangibor (Phatingbor),292072,451.0,1554,316,1,2,a,a,,,1.0,,,1.0,Yes,Yes,Yes,No,No,Yes,No,No,Yes,b,Yes,c,Yes,Yes,c,c,a,Yes,Yes,Yes,Yes,a,c,a,Yes,c,Yes,Yes,Yes,No,No,No,0.0,17.3,0.0,0.0,0.0,0.0,0.0,33.7,0.0,33.7,1.0,1.0,0.75,0.75,1.0,0.0,0.0,1.0,0.0,1.0,0.5,1.0,1.0,0.75,1.0,1.0,1.0,0.0,0.7083333333333334,0.2902187902187902,0.3497217134536451,0.25,1.0,1.0,0.25,0.25,0.75,1.0,1.0,0.75,0.0383592017738359,0.0,0.0,0.0,0.5,0.3814756671899529,0.5658088951347352,56.58088951347352,116,1.0,292072,0.0,Not listed,292072.0,0.511,0.176348475912135,0.8114303048175731,0.6192239003689335,61.92239003689335,198,35.142
Sepon Chah Bagicha 224/122&116,291961,80.3,264,53,1,,a,c,,,,,,0.0,No,Yes,Yes,No,No,No,No,No,Yes,c,b,a,c,Yes,Yes,a,a,Yes,b,Yes,Yes,c,c,c,a,c,a,a,Yes,No,No,No,0.0,2.2,1.4,0.0,0.3,0.0,0.0,5.0,0.0,5.0,1.0,0.0,0.75,0.25,0.0,0.0,0.0,0.0,0.0,1.0,0.25,0.5,0.5,0.25,0.75,0.75,0.75,0.0,0.375,0.3041666666666666,0.1214801952318378,0.75,0.25,1.0,1.0,0.75,0.75,1.0,1.0,0.75,0.0273972602739726,0.0174346201743462,0.0,0.0037359900373599,0.4966376089663761,0.3772000993136023,0.4245600686706799,42.45600686706799,1111,1.0,291961,0.0,Very Low (1-4),291961.0,0.071,0.123543227782886,0.9539913544434228,0.618546605482369,61.85466054823689,199,39.861
Lepetkatta Kachari Gaon,291141,327.9,1219,244,2,2,a,1,,,1.0,,,1.0,Yes,Yes,Yes,Yes,No,Yes,No,Yes,Yes,b,a,b,Yes,a,a,a,a,Yes,a,Yes,Yes,b,a,b,a,b,Yes,Yes,Yes,No,No,No,0.0,220.8,0.0,12.8,0.0,0.0,0.0,90.9,0.0,90.9,1.0,1.0,0.75,1.0,1.0,0.0,0.0,1.0,1.0,1.0,0.5,0.75,0.75,0.5,0.75,1.0,1.0,0.0,0.7222222222222222,0.2689909762100081,0.2349338958142408,0.5,1.0,0.75,0.75,0.75,0.75,1.0,1.0,0.8,0.6733760292772187,0.0,0.0,0.0,0.5,0.3814756671899529,0.5555841629471063,55.55841629471063,155,1.0,291141,0.0,Not listed,291141.0,0.369,0.164807818236601,0.8563384363526798,0.6184901985731251,61.84901985731251,200,10.438
Fatikacua Ahom Gaon,291989,74.0,297,68,a,a,a,a,,,,,,0.0,No,No,Yes,Yes,No,No,No,No,Yes,a,Yes,a,a,a,a,a,Yes,Yes,b,Yes,Yes,c,a,c,Yes,a,a,a,Yes,No,No,No,0.0,7.0,1.2,0.0,0.0,0.0,2.0,36.4,0.0,36.4,0.75,0.75,0.75,0.75,0.0,0.0,0.0,0.0,1.0,1.0,0.75,1.0,0.5,0.25,1.0,0.75,0.75,0.0,0.5555555555555556,0.2491582491582491,0.1201790762894573,0.75,0.75,0.75,0.75,0.75,1.0,1.0,1.0,0.825,0.0945945945945946,0.0162162162162162,0.0,0.027027027027027,0.5086486486486486,0.3924731639017352,0.4949282907416003,49.49282907416003,549,1.0,291989,0.0,Not listed,291989.0,0.218,0.116121511407393,0.9113756977185214,0.6184660227450332,61.84660227450331,201,30.972
Bolai No-Gaon,291222,103.9,653,140,1,1,1,b,,,1.0,,,1.0,Yes,No,Yes,Yes,No,No,No,Yes,Yes,c,a,b,Yes,c,a,a,a,Yes,a,Yes,Yes,b,c,b,Yes,c,Yes,Yes,Yes,No,No,No,0.0,26.8,0.0,0.0,0.0,0.0,0.0,72.4,0.0,72.4,1.0,1.0,1.0,0.5,1.0,0.0,0.0,1.0,1.0,1.0,0.25,0.75,0.75,0.5,1.0,1.0,1.0,0.0,0.7083333333333334,0.1591117917304747,0.289477770932615,0.5,1.0,0.25,0.75,0.75,0.75,1.0,1.0,0.75,0.2579403272377286,0.0,0.0,0.0,0.5,0.3814756671899529,0.5507479095044776,55.07479095044776,177,1.0,291222,0.0,Not listed,291222.0,0.344,0.249353540968462,0.8469292918063076,0.6183625095341697,61.83625095341697,202,15.837
Purani Kuwari,292055,98.2,321,71,1,1,b,b,,,,,,0.0,No,No,Yes,Yes,No,Yes,No,No,Yes,b,b,c,b,b,c,a,a,Yes,b,Yes,Yes,b,b,b,a,Yes,Yes,a,Yes,No,No,No,0.0,7.9,0.0,0.0,0.0,0.0,90.3,0.0,0.0,0.0,1.0,1.0,0.5,0.5,0.0,0.0,0.0,0.0,1.0,1.0,0.5,0.5,0.5,0.5,0.75,1.0,0.75,0.0,0.5277777777777778,0.3059190031152648,0.1786645005429929,0.25,0.5,0.5,0.25,0.75,0.75,1.0,1.0,0.6,0.080448065173116,0.0,0.0,0.919551934826884,0.9597759674134418,0.966120146946449,0.5498345989694825,54.98345989694825,179,1.0,292055,0.0,Not listed,292055.0,0.622,0.207922834055447,0.7718154331889107,0.6183103204532798,61.83103204532798,203,39.519
Ahomgaon Kataki Pukhuri,291772,75.0,268,58,1,1,b,b,,,,,,0.0,Yes,No,No,Yes,No,No,No,No,Yes,a,c,b,b,b,a,Yes,b,Yes,b,Yes,Yes,b,c,c,Yes,b,Yes,a,Yes,No,No,No,35.0,2.0,0.0,13.0,0.0,0.0,17.0,8.0,0.0,8.0,1.0,1.0,0.5,0.5,0.0,0.0,0.0,1.0,1.0,1.0,0.75,0.25,0.5,0.5,1.0,1.0,0.75,0.0,0.5972222222222222,0.2798507462686567,0.2923336200544116,0.5,0.5,0.5,0.75,1.0,0.5,1.0,1.0,0.65,0.0266666666666666,0.0,0.4666666666666667,0.2266666666666666,0.52,0.4069073783359498,0.4987704362363484,49.87704362363484,514,1.0,291772,0.0,Very Low (1-4),291772.0,0.224,0.238647649286401,0.8850704701427198,0.6181476998210833,61.81476998210833,204,24.736
Behiating T.E.,291113,221.5,1173,250,1,a,a,a,,,,,,4.0,Yes,Yes,Yes,Yes,No,No,No,Yes,Yes,c,a,c,a,Yes,a,a,a,Yes,b,Yes,Yes,c,a,c,Yes,c,Yes,Yes,Yes,No,Yes,No,0.0,0.0,25.8,0.0,2.6,0.0,0.0,193.1,0.0,193.1,1.0,0.75,0.75,0.75,0.0,0.0,0.0,1.0,1.0,1.0,0.25,0.75,0.5,0.25,1.0,1.0,1.0,0.0,0.6111111111111112,0.1888320545609548,0.2901807469259772,0.25,0.75,1.0,0.75,0.75,0.75,1.0,1.0,0.75,0.0,0.1164785553047404,0.0,0.0117381489841986,0.4709255079006772,0.3445049629506257,0.5192239570993972,51.922395709939714,349,1.0,291113,0.0,Not listed,291113.0,0.392,0.113358185480069,0.8597283629039862,0.6181122763356827,61.811227633568265,205,7.076
Boragadhai,291578,173.0,5213,1280,1,3,1,a,,,,,,1.0,Yes,Yes,Yes,No,No,Yes,No,No,Yes,a,Yes,a,Yes,Yes,c,b,Yes,Yes,Yes,Yes,Yes,Yes,a,c,Yes,Yes,Yes,Yes,Yes,No,No,No,0.0,31.0,0.0,36.0,0.0,0.0,0.0,77.0,0.0,77.0,1.0,1.0,1.0,0.75,0.0,0.0,0.0,1.0,0.0,1.0,0.75,1.0,1.0,1.0,1.0,1.0,1.0,0.0,0.6944444444444444,0.0331862651064646,0.40078495765035,0.75,1.0,1.0,0.25,0.5,1.0,1.0,1.0,0.85,0.1791907514450867,0.0,0.0,0.0,0.5,0.3814756671899529,0.6051024839616892,60.51024839616892,38,1.0,291578,0.0,Not listed,291578.0,0.823,0.132170985032293,0.7266658029935414,0.618083910688497,61.8083910688497,206,43.753
Hatimora Gaon,291093,195.7,893,172,1,a,a,a,,,1.0,,,1.0,Yes,No,Yes,Yes,No,No,No,Yes,Yes,b,b,a,Yes,Yes,a,a,a,Yes,b,Yes,Yes,b,b,b,Yes,b,Yes,Yes,Yes,No,Yes,No,0.0,97.4,0.0,1.4,0.0,0.0,0.0,70.6,0.0,70.6,1.0,0.75,0.75,0.75,1.0,0.0,0.0,1.0,1.0,1.0,0.5,0.5,0.5,0.5,1.0,1.0,1.0,0.0,0.6805555555555556,0.2191489361702127,0.2908978347958413,0.75,1.0,1.0,0.75,0.75,0.75,1.0,1.0,0.8,0.4977005620848237,0.0,0.0,0.0,0.5,0.3814756671899529,0.5591584810258399,55.91584810258399,142,1.0,291093,0.0,Not listed,291093.0,0.484,0.178651459544188,0.8190697080911624,0.6175736920139182,61.75736920139182,207,3.96
102 No-Nelami Grant,291190,86.6,158,30,1,a,a,c,,,,,,1.0,No,No,Yes,Yes,Yes,No,No,Yes,Yes,c,b,c,a,c,c,c,c,Yes,a,Yes,Yes,a,c,b,Yes,a,Yes,c,Yes,No,No,No,0.0,2.1,0.0,0.0,10.0,0.0,0.0,74.5,0.0,74.5,1.0,0.75,0.75,0.25,0.0,0.0,0.0,0.0,1.0,1.0,0.25,0.5,0.75,0.75,1.0,1.0,0.25,0.0,0.5138888888888888,0.5481012658227847,0.2415357160678939,0.25,0.75,0.25,0.25,0.25,0.25,1.0,1.0,0.525,0.0242494226327944,0.0,0.0,0.115473441108545,0.5577367205542725,0.4548928471726228,0.4373347206737203,43.733472067372034,1030,1.0,291190,0.0,Not listed,291190.0,0.102,0.0481632177524871,0.9597673564495026,0.617524798672668,61.7524798672668,208,28.816
Roshipather Nepali,291908,146.0,698,156,1,1,a,b,,,,,,0.0,No,Yes,Yes,Yes,No,No,No,No,Yes,b,Yes,b,b,b,b,b,Yes,Yes,b,Yes,Yes,b,b,c,Yes,c,Yes,Yes,Yes,No,No,No,0.0,30.0,5.0,6.6,0.0,0.0,0.0,43.6,0.0,43.6,1.0,1.0,0.75,0.5,0.0,0.0,0.0,0.0,1.0,1.0,0.5,1.0,0.5,0.5,1.0,1.0,1.0,0.0,0.5972222222222222,0.2091690544412607,0.2335189226318,0.5,0.5,0.5,0.5,0.5,1.0,1.0,1.0,0.7,0.2054794520547945,0.0342465753424657,0.0,0.0,0.4897260273972603,0.3684114320122148,0.4913675726159485,49.13675726159485,583,1.0,291908,0.0,Not listed,291908.0,0.153,0.222216847896939,0.9096566304206122,0.617504097628027,61.750409762802704,209,33.3
Jokai Noghaaria Gaon Fv.Kaibarta,291243,14.4,270,50,1,a,a,c,,,,,,1.0,No,Yes,Yes,Yes,No,No,No,Yes,b,c,a,c,a,a,b,b,b,Yes,b,Yes,Yes,a,c,c,Yes,c,Yes,a,No,No,No,No,0.0,2.4,0.0,0.0,0.0,0.0,0.0,12.0,0.0,12.0,1.0,0.75,0.75,0.25,0.0,0.0,0.0,0.0,1.0,0.5,0.25,0.75,0.5,0.75,1.0,1.0,0.75,0.0,0.5138888888888888,0.0533333333333333,0.1726900694574807,0.25,0.75,0.75,0.5,0.5,0.5,1.0,1.0,0.65,0.1666666666666666,0.0,0.0,0.0,0.5,0.3814756671899529,0.442939873024583,44.2939873024583,994,0.889556135953095,291243,0.0,Not listed,291243.0,0.081,0.0413908750076383,0.9674218249984724,0.6173625974422521,61.73625974422521,210,29.044
Dalapa,292105,330.4,1513,303,3,1,a,b,,,1.0,,,1.0,Yes,Yes,Yes,No,No,Yes,No,No,Yes,b,a,b,Yes,b,b,a,a,Yes,a,Yes,Yes,a,b,b,a,c,Yes,Yes,Yes,No,No,No,0.0,45.0,0.0,0.0,0.0,0.0,0.3,191.5,0.0,191.5,1.0,1.0,0.75,0.5,1.0,0.0,0.0,1.0,0.0,1.0,0.5,0.75,0.75,0.75,0.75,1.0,1.0,0.0,0.6527777777777778,0.2183740912095175,0.2337366501769099,0.5,1.0,0.5,0.5,0.75,0.75,1.0,1.0,0.75,0.1361985472154963,0.0,0.0,0.0009079903147699,0.500453995157385,0.3820529608751677,0.5230391991637054,52.30391991637055,320,1.0,292105,0.0,Not listed,292105.0,0.323,0.122020919052365,0.878695816189527,0.6172204331513134,61.72204331513134,211,30.957
Burisuti Kaibatra Gaon,291189,35.3,318,63,1,a,a,b,,,,,,1.0,Yes,No,No,Yes,No,No,No,Yes,Yes,c,a,c,a,c,c,c,c,Yes,a,Yes,Yes,b,c,c,Yes,c,Yes,c,Yes,No,No,No,0.0,15.8,0.0,0.0,0.0,0.0,0.0,19.5,0.0,19.5,1.0,0.75,0.75,0.5,0.0,0.0,0.0,1.0,1.0,1.0,0.25,0.75,0.75,0.5,1.0,1.0,0.25,0.0,0.5833333333333334,0.111006289308176,0.2883399272485133,0.25,0.75,0.25,0.25,0.25,0.25,1.0,1.0,0.55,0.4475920679886686,0.0,0.0,0.0,0.5,0.3814756671899529,0.4592134485834523,45.92134485834523,867,1.0,291189,0.0,Not listed,291189.0,0.084,0.151259794953061,0.9445480410093878,0.6171255482943764,61.71255482943764,212,30.14
Kashi Pather,291883,79.2,101,24,1,a,a,a,,,,,,0.0,No,No,No,Yes,No,No,No,No,Yes,b,a,b,b,a,a,a,a,Yes,a,Yes,Yes,a,b,c,a,a,Yes,a,Yes,No,No,No,0.0,13.8,2.0,0.0,2.8,1.3,0.0,41.8,0.0,41.8,1.0,0.75,0.75,0.75,0.0,0.0,0.0,0.0,1.0,1.0,0.5,0.75,0.75,0.75,0.75,1.0,0.75,0.0,0.5833333333333334,0.7841584158415842,0.1899763394773868,0.5,0.5,0.75,0.75,0.75,0.75,1.0,1.0,0.75,0.1742424242424242,0.0252525252525252,0.0,0.0517676767676767,0.5183080808080809,0.404755958327387,0.4992786098681575,49.92786098681575,511,1.0,291883,0.0,Not listed,291883.0,0.244,0.149694752974759,0.8968610494050482,0.616951898380474,61.695189838047405,213,28.389
Khowang 319 No. Nlr Grant,291803,103.8,716,144,2,1,c,c,,,,,,0.0,Yes,Yes,Yes,Yes,No,No,No,No,Yes,c,a,c,a,a,a,a,a,Yes,a,Yes,Yes,a,c,c,a,Yes,Yes,Yes,Yes,No,No,No,0.0,0.0,0.0,0.0,0.0,0.0,0.0,103.8,0.0,103.8,1.0,1.0,0.25,0.25,0.0,0.0,0.0,1.0,1.0,1.0,0.25,0.75,0.75,0.75,0.75,1.0,1.0,0.0,0.5972222222222222,0.1449720670391061,0.2320004656367425,0.25,0.75,0.75,0.75,0.75,0.75,1.0,1.0,0.75,0.0,0.0,0.0,0.0,0.5,0.3814756671899529,0.5086008054027318,50.86008054027318,425,1.0,291803,0.0,Not listed,291803.0,0.305,0.149993850013195,0.878501229997361,0.6166219584866229,61.66219584866229,214,25.125
Dihing Thakerani Gaon,291226,207.4,378,75,1,1,a,c,,,,,,1.0,Yes,No,Yes,Yes,No,No,No,No,Yes,c,c,Yes,Yes,b,b,a,c,Yes,b,Yes,Yes,c,c,c,Yes,c,Yes,a,Yes,No,No,No,0.0,13.9,0.0,19.1,4.4,0.0,0.0,118.0,0.0,118.0,1.0,1.0,0.75,0.25,0.0,0.0,0.0,1.0,1.0,1.0,0.25,0.25,0.5,0.25,1.0,1.0,0.75,0.0,0.5555555555555556,0.5486772486772487,0.2986921969839184,1.0,1.0,0.5,0.5,0.75,0.25,1.0,1.0,0.675,0.0670202507232401,0.0,0.0,0.0212150433944069,0.5106075216972035,0.3949640385788616,0.4950547458506408,49.505474585064086,546,1.0,291226,0.0,Not listed,291226.0,0.398,0.0570083932915753,0.869198321341685,0.6165969835694829,61.65969835694829,215,14.357
Dewanbari Kaibatra Gaon No.1,291171,125.4,573,120,1,a,a,a,,,1.0,,,1.0,Yes,Yes,Yes,No,No,No,No,Yes,Yes,c,a,c,b,b,a,a,a,Yes,a,Yes,Yes,a,a,c,a,c,Yes,Yes,Yes,No,No,No,0.0,35.7,0.0,16.7,2.2,0.0,0.0,66.2,0.0,66.2,1.0,0.75,0.75,0.75,1.0,0.0,0.0,1.0,0.0,1.0,0.25,0.75,0.75,0.75,0.75,1.0,1.0,0.0,0.6388888888888888,0.218848167539267,0.2337478635460761,0.25,0.5,0.5,0.75,0.75,0.75,1.0,1.0,0.7,0.284688995215311,0.0,0.0,0.0175438596491228,0.5087719298245614,0.392629926464513,0.5066851734016438,50.66851734016438,442,1.0,291171,0.0,Not listed,291171.0,0.255,0.131658700839243,0.8971682598321514,0.6161987587890566,61.61987587890566,216,18.111
Modhupur Tinchukia F.V.,291250,124.0,414,76,1,a,a,c,,,,,,1.0,Yes,Yes,Yes,Yes,No,No,No,Yes,Yes,c,Yes,b,Yes,Yes,c,c,c,Yes,a,Yes,Yes,c,c,c,a,c,Yes,a,Yes,No,No,No,0.0,17.0,0.0,0.0,0.0,0.0,0.0,107.0,0.0,107.0,1.0,0.75,0.75,0.25,0.0,0.0,0.0,1.0,1.0,1.0,0.25,1.0,0.75,0.25,0.75,1.0,0.75,0.0,0.5833333333333334,0.2995169082125604,0.2356559283714628,0.5,1.0,1.0,0.25,0.25,0.25,1.0,1.0,0.7,0.1370967741935483,0.0,0.0,0.0,0.5,0.3814756671899529,0.4910424488641896,49.10424488641896,587,1.0,291250,0.0,Not listed,291250.0,0.168,0.250297125093138,0.8995405749813724,0.6159515621639076,61.59515621639076,217,22.889
Kapwotepor Gaon,291118,283.0,2908,582,3,2,b,b,,,,,,1.0,Yes,Yes,Yes,No,No,No,No,No,Yes,c,a,a,Yes,c,b,b,b,Yes,a,Yes,Yes,b,b,b,Yes,c,Yes,Yes,Yes,No,No,No,0.0,160.6,0.0,0.0,0.0,0.0,0.0,97.4,0.0,97.4,1.0,1.0,0.5,0.5,0.0,0.0,0.0,1.0,0.0,1.0,0.25,0.75,0.75,0.5,1.0,1.0,1.0,0.0,0.5694444444444444,0.0973177441540577,0.2880161508848153,0.75,1.0,0.25,0.5,0.5,0.5,1.0,1.0,0.7,0.5674911660777385,0.0,0.0,0.0,0.5,0.3814756671899529,0.5006602822703055,50.06602822703054,499,1.0,291118,0.0,Not listed,291118.0,0.323,0.181666279450555,0.866766744109889,0.6159320854436524,61.59320854436524,218,11.758
Baghtoli Bahani,291798,133.0,400,80,1,1,a,b,,,,,,0.0,No,No,Yes,Yes,Yes,Yes,No,No,Yes,b,b,b,b,b,a,a,a,Yes,b,Yes,Yes,b,c,c,Yes,b,Yes,a,Yes,No,No,No,0.0,11.9,8.1,0.0,0.6,0.0,2.5,105.4,0.0,105.4,1.0,1.0,0.75,0.5,0.0,0.0,0.0,0.0,1.0,1.0,0.5,0.5,0.5,0.5,1.0,1.0,0.75,0.0,0.5555555555555556,0.3325,0.2364360803454101,0.5,0.5,0.5,0.75,0.75,0.75,1.0,1.0,0.675,0.0894736842105263,0.0609022556390977,0.0,0.0233082706766917,0.4933834586466165,0.3730621687657133,0.4751103427283841,47.511034272838415,729,1.0,291798,0.0,Not listed,291798.0,0.21,0.113062424556607,0.9143875150886788,0.6158233514366811,61.58233514366811,219,26.338
29 No-Nelami Grant,291188,110.4,319,51,1,a,a,c,,,,,,1.0,No,No,Yes,No,Yes,No,No,Yes,Yes,c,a,c,a,a,c,c,c,Yes,a,Yes,Yes,b,c,c,Yes,c,Yes,b,Yes,No,No,No,0.0,5.4,0.0,0.0,0.0,0.0,0.0,105.0,0.0,105.0,1.0,0.75,0.75,0.25,0.0,0.0,0.0,0.0,0.0,1.0,0.25,0.75,0.75,0.5,1.0,1.0,0.5,0.0,0.4722222222222222,0.3460815047021944,0.2367573248718746,0.25,0.75,0.75,0.25,0.25,0.25,1.0,1.0,0.6,0.0489130434782608,0.0,0.0,0.0,0.5,0.3814756671899529,0.4335400202115148,43.35400202115148,1056,1.0,291188,0.0,Not listed,291188.0,0.09,0.127299684892191,0.9475400630215618,0.6154267065050864,61.54267065050863,220,29.978
Majumelia Gaon,291867,219.5,348,68,1,a,a,a,,,,,,0.0,Yes,No,Yes,Yes,No,No,No,No,c,c,c,c,c,c,b,c,a,Yes,b,Yes,Yes,a,c,c,Yes,b,Yes,a,Yes,No,No,No,0.0,20.2,2.1,55.9,4.0,0.0,2.2,94.8,0.0,94.8,1.0,0.75,0.75,0.75,0.0,0.0,0.0,1.0,1.0,0.25,0.25,0.25,0.5,0.75,1.0,1.0,0.75,0.0,0.5555555555555556,0.6307471264367817,0.3006334030281649,0.25,0.25,0.25,0.5,0.25,0.75,1.0,1.0,0.5,0.0920273348519362,0.0095671981776765,0.0,0.0282460136674259,0.5112528473804101,0.3957846253973818,0.4432041647254064,44.32041647254065,991,1.0,291867,0.0,Not listed,291867.0,0.1,0.0933977402214939,0.9513204519557013,0.615054225348929,61.505422534892894,221,33.553
Bogpara Gaon,291100,243.1,983,209,2,1,a,b,,,1.0,,,1.0,Yes,Yes,Yes,No,No,No,No,Yes,Yes,b,b,a,a,Yes,a,a,a,Yes,b,Yes,Yes,a,b,a,Yes,b,Yes,Yes,Yes,No,No,No,0.0,33.9,0.0,28.3,4.9,1.1,0.0,168.2,0.0,168.2,1.0,1.0,0.75,0.5,1.0,0.0,0.0,1.0,0.0,1.0,0.5,0.5,0.5,0.75,1.0,1.0,1.0,0.0,0.6388888888888888,0.2473041709053916,0.2915637930418771,0.75,0.75,1.0,0.75,0.75,0.75,1.0,1.0,0.775,0.13944878650761,0.0,0.0,0.0246812011517893,0.5123406005758947,0.3971677966506667,0.5445467298128248,54.454672981282485,202,1.0,291100,0.0,Not listed,291100.0,0.498,0.158394642012513,0.8189210715974974,0.6150345463970682,61.50345463970682,222,6.606
Laokhowa,291946,36.8,507,104,1,a,b,c,,,,,,0.0,No,Yes,Yes,No,Yes,No,No,No,c,c,a,b,b,b,Yes,b,b,Yes,b,Yes,Yes,c,a,c,a,c,a,Yes,Yes,No,No,No,0.0,9.4,2.5,0.0,1.1,1.7,1.5,19.0,0.0,19.0,1.0,0.75,0.5,0.25,0.0,0.0,0.0,0.0,0.0,0.25,0.25,0.75,0.5,0.25,0.75,0.75,1.0,0.0,0.3888888888888889,0.0725838264299802,0.1160025459226914,0.5,0.5,0.5,1.0,0.5,0.5,1.0,1.0,0.675,0.2554347826086957,0.0679347826086956,0.0,0.1168478260869565,0.5380434782608696,0.4298512046959253,0.4146930996420801,41.46930996420801,1163,1.0,291946,0.0,Not listed,291946.0,0.005,0.16368881093558,0.965762237812884,0.6147832123102153,61.478321231021525,223,40.459
No.2 Burikhowang (No.2 Khowang,291729,127.9,434,82,1,1,b,b,,,1.0,,,0.0,No,Yes,Yes,Yes,No,No,No,No,Yes,c,Yes,a,a,a,a,b,Yes,Yes,b,Yes,Yes,c,c,c,a,Yes,Yes,a,Yes,No,No,No,0.0,18.0,0.0,0.0,0.0,0.0,0.0,89.1,0.0,89.1,1.0,1.0,0.5,0.5,1.0,0.0,0.0,0.0,1.0,1.0,0.25,1.0,0.5,0.25,0.75,1.0,0.75,0.0,0.5833333333333334,0.2947004608294931,0.1783991473746041,0.75,0.75,0.75,0.75,0.5,1.0,1.0,1.0,0.8,0.1407349491790461,0.0,0.0,0.0,0.5,0.3814756671899529,0.506728253614975,50.672825361497495,441,1.0,291729,0.0,Not listed,291729.0,0.31,0.12661977544557,0.881676044910886,0.6144915548864984,61.44915548864984,224,20.509
Sorojini T.E.,292136,626.2,3034,593,2,a,a,a,,,,,,1.0,Yes,Yes,Yes,No,No,Yes,No,No,Yes,c,Yes,c,Yes,Yes,c,c,Yes,Yes,Yes,Yes,Yes,b,b,a,a,Yes,Yes,Yes,Yes,Yes,No,No,0.0,95.5,0.0,0.0,0.0,0.0,0.0,530.7,0.0,530.7,1.0,0.75,0.75,0.75,0.0,0.0,0.0,1.0,0.0,1.0,0.25,1.0,1.0,0.5,0.75,1.0,1.0,0.0,0.5972222222222222,0.2063941990771259,0.2905961458764254,0.25,1.0,1.0,0.25,0.25,1.0,1.0,1.0,0.775,0.1525071862024912,0.0,0.0,0.0,0.5,0.3814756671899529,0.5307497254626525,53.07497254626525,271,1.0,292136,0.0,Not listed,292136.0,0.495,0.138272255783252,0.8238455488433496,0.6144086060849392,61.44086060849392,225,36.968
Jaypur Chah Bagicha,292389,994.6,2879,619,1,2,1,a,,,,,,1.0,Yes,Yes,Yes,Yes,No,No,No,No,Yes,a,Yes,b,Yes,Yes,c,c,Yes,Yes,Yes,Yes,Yes,c,b,c,b,Yes,Yes,Yes,Yes,No,No,No,3.0,22.8,22.8,0.0,306.8,0.0,0.0,332.5,0.0,332.5,1.0,1.0,1.0,0.75,0.0,0.0,0.0,1.0,1.0,1.0,0.75,1.0,1.0,0.25,0.5,1.0,1.0,0.0,0.6805555555555556,0.3454671761028134,0.2938856512462839,0.5,1.0,1.0,0.25,0.25,1.0,1.0,1.0,0.8,0.0229237884576714,0.0229237884576714,0.0030162879549567,0.3084657148602453,0.6467524633018299,0.5680839800227351,0.5972270977050069,59.72270977050069,48,1.0,292389,0.0,Not listed,292389.0,0.805,0.0999527982975034,0.7385094403404993,0.614087785951181,61.40877859511809,226,51.825
Borbil Block (Borbil Gaon),291717,133.5,33,8,a,a,a,a,,,,,,0.0,Yes,Yes,Yes,Yes,Yes,Yes,No,No,Yes,a,a,b,b,b,a,a,a,a,a,Yes,c,a,c,b,Yes,a,a,a,Yes,No,No,No,0.0,11.5,8.1,0.0,1.6,0.0,0.0,109.8,0.0,109.8,0.75,0.75,0.75,0.75,0.0,0.0,0.0,1.0,1.0,1.0,0.75,0.75,0.75,0.75,1.0,0.75,0.75,0.0,0.6388888888888888,4.045454545454546,0.2671160639623189,0.5,0.5,0.5,0.75,0.75,0.75,0.75,0.25,0.625,0.0861423220973782,0.0606741573033707,0.0,0.0119850187265917,0.4877902621722846,0.3659499409098125,0.4871912263947644,48.71912263947644,619,1.0,291717,0.0,Not listed,291717.0,0.232,0.0596474355482994,0.91847051289034,0.6140597122831877,61.40597122831877,227,22.517
Sealkati T.E. 252 No.Nlr,291460,174.0,5825,1186,1,b,b,b,,,,,,5.0,Yes,Yes,Yes,No,Yes,Yes,No,No,b,b,Yes,b,b,Yes,b,b,b,Yes,Yes,Yes,Yes,Yes,b,c,Yes,Yes,Yes,Yes,Yes,No,No,No,0.0,1.6,0.0,0.0,0.0,0.0,0.0,111.6,0.0,111.6,1.0,0.5,0.5,0.5,0.0,0.0,0.0,1.0,0.0,0.5,0.5,1.0,1.0,1.0,1.0,1.0,1.0,0.0,0.5833333333333334,0.0298712446351931,0.4007065471792818,0.5,0.5,1.0,0.5,0.5,0.5,1.0,1.0,0.75,0.0091954022988505,0.0,0.0,0.0,0.5,0.3814756671899529,0.5473051035661444,54.73051035661444,191,1.0,291460,0.0,Not listed,291460.0,0.705,0.11042313403131,0.766415373193738,0.6139641361508086,61.39641361508086,228,23.242
Tikhari Chah Co. Darkasta No,291981,42.2,219,44,a,a,a,a,,,,,,0.0,No,No,Yes,Yes,No,No,No,No,Yes,b,Yes,a,a,a,a,a,Yes,Yes,b,Yes,Yes,c,a,b,Yes,c,a,a,Yes,No,No,No,0.0,5.2,2.0,0.0,0.0,0.0,0.0,20.5,0.0,20.5,0.75,0.75,0.75,0.75,0.0,0.0,0.0,0.0,1.0,1.0,0.5,1.0,0.5,0.25,1.0,0.75,0.75,0.0,0.5416666666666666,0.1926940639269406,0.1188435239449586,0.75,0.75,0.75,0.75,0.75,1.0,1.0,1.0,0.825,0.1232227488151658,0.0473933649289099,0.0,0.0,0.485781990521327,0.36339625168332,0.4853067979895702,48.530679798957024,637,1.0,291981,0.0,Not listed,291981.0,0.185,0.164755949165728,0.9115488101668544,0.6138398428054794,61.38398428054794,229,34.137
Konwar Handiqui Gaon,291087,192.0,1197,230,1,a,a,a,,,,,,1.0,Yes,Yes,Yes,No,No,No,Yes,No,Yes,b,a,b,Yes,a,a,a,a,Yes,b,Yes,Yes,a,a,a,Yes,b,Yes,Yes,Yes,No,No,No,75.0,0.0,0.0,0.0,8.0,5.0,0.0,97.0,0.0,97.0,1.0,0.75,0.75,0.75,0.0,0.0,0.0,1.0,0.0,1.0,0.5,0.75,0.5,0.75,1.0,1.0,1.0,0.0,0.5972222222222222,0.1604010025062656,0.2895082647485995,0.5,1.0,0.75,0.75,0.75,0.75,1.0,1.0,0.775,0.0,0.0,0.390625,0.0677083333333333,0.4557291666666667,0.3251815149136578,0.519218924725437,51.921892472543696,350,1.0,291087,0.0,Not listed,291087.0,0.426,0.139931234677144,0.8442137530645712,0.6138397946500271,61.38397946500271,230,4.181
Khagarijan,291965,40.0,136,33,1,a,a,c,,,,,,0.0,No,No,Yes,Yes,No,No,No,No,Yes,c,b,c,c,Yes,Yes,b,a,Yes,b,Yes,Yes,b,c,b,a,Yes,Yes,c,Yes,No,No,No,0.0,6.8,2.6,0.0,0.6,1.4,0.0,7.4,0.0,7.4,1.0,0.75,0.75,0.25,0.0,0.0,0.0,0.0,1.0,1.0,0.25,0.5,0.5,0.5,0.75,1.0,0.25,0.0,0.4722222222222222,0.2941176470588235,0.1783853620291743,0.25,0.25,1.0,1.0,0.5,0.75,1.0,1.0,0.675,0.1699999999999999,0.065,0.0,0.05,0.5055000000000001,0.3884693877551021,0.4428457736138695,44.28457736138696,995,1.0,291965,0.0,Not listed,291965.0,0.08,0.180948253425669,0.9398103493148662,0.6137908883965054,61.37908883965054,231,38.369
Lazai Miri Gaon,291204,160.4,1830,316,2,a,a,a,,,,,,1.0,Yes,Yes,Yes,Yes,No,No,No,Yes,Yes,c,b,c,Yes,b,b,b,b,Yes,b,Yes,Yes,a,b,b,a,c,Yes,Yes,Yes,No,No,No,0.0,40.4,0.0,0.0,0.0,0.0,0.0,120.0,0.0,120.0,1.0,0.75,0.75,0.75,0.0,0.0,0.0,1.0,1.0,1.0,0.25,0.5,0.5,0.75,0.75,1.0,1.0,0.0,0.6111111111111112,0.0876502732240437,0.2306446282009066,0.25,1.0,0.5,0.5,0.5,0.5,1.0,1.0,0.625,0.2518703241895261,0.0,0.0,0.0,0.5,0.3814756671899529,0.474234068265995,47.4234068265995,740,1.0,291204,0.0,Not listed,291204.0,0.173,0.0703777323497281,0.9340244535300544,0.6134922885407413,61.34922885407413,232,24.237
No-Hazar Konwar Gaon,291138,185.6,538,120,1,1,a,a,,,,,,1.0,No,Yes,Yes,Yes,No,No,No,Yes,Yes,a,a,c,Yes,Yes,a,a,a,Yes,a,Yes,Yes,b,a,b,a,c,Yes,Yes,Yes,No,No,No,0.0,31.4,0.0,4.5,0.0,0.0,0.0,133.3,0.0,133.3,1.0,1.0,0.75,0.75,0.0,0.0,0.0,0.0,1.0,1.0,0.75,0.75,0.75,0.5,0.75,1.0,1.0,0.0,0.6111111111111112,0.3449814126394052,0.179588447154602,0.25,1.0,1.0,0.75,0.75,0.75,1.0,1.0,0.8,0.1691810344827586,0.0,0.0,0.0,0.5,0.3814756671899529,0.5139700230044189,51.39700230044188,386,1.0,291138,0.0,Not listed,291138.0,0.344,0.0933792840364822,0.8781241431927036,0.613368119144225,61.3368119144225,233,11.115
Konwargaon No.2,291780,114.2,421,83,2,1,1,b,,,,,,0.0,Yes,Yes,No,Yes,No,Yes,No,No,Yes,c,b,c,b,b,b,Yes,b,Yes,b,Yes,Yes,b,c,c,a,c,Yes,b,Yes,No,No,No,0.0,15.6,2.0,0.0,0.2,0.0,2.0,92.7,0.0,92.7,1.0,1.0,1.0,0.5,0.0,0.0,0.0,1.0,1.0,1.0,0.25,0.5,0.5,0.5,0.75,1.0,0.5,0.0,0.5833333333333334,0.2712589073634204,0.2349875393894858,0.25,0.5,0.5,0.5,1.0,0.5,1.0,1.0,0.625,0.1366024518388791,0.0175131348511383,0.0,0.0192644483362521,0.5043782837127846,0.3870430295248909,0.469488824085683,46.9488824085683,782,1.0,291780,0.0,Not listed,291780.0,0.177,0.0899444100679458,0.9289111179864108,0.6133677864706695,61.33677864706695,234,26.249
Naharoni No.2,291796,174.9,741,150,1,1,b,b,,,,,,0.0,No,Yes,Yes,Yes,No,No,No,No,Yes,b,Yes,b,b,b,a,Yes,Yes,Yes,b,Yes,Yes,b,c,c,a,b,Yes,Yes,Yes,No,No,No,0.0,70.4,45.0,0.0,8.0,0.0,3.3,21.1,0.0,21.1,1.0,1.0,0.5,0.5,0.0,0.0,0.0,0.0,1.0,1.0,0.5,1.0,0.5,0.5,0.75,1.0,1.0,0.0,0.5694444444444444,0.2360323886639676,0.1770114662984156,0.5,0.5,0.5,0.75,1.0,1.0,1.0,1.0,0.775,0.4025157232704403,0.2572898799313893,0.0,0.0646083476272155,0.4551172098341909,0.3244033594437907,0.4839946495744731,48.399464957447314,648,1.0,291796,0.0,Not listed,291796.0,0.176,0.172435182779444,0.9127129634441112,0.6129985558688171,61.29985558688171,235,28.421
Bortani Darkhasta No.5,291964,24.1,76,20,1,a,c,c,,,,,,0.0,No,Yes,Yes,Yes,No,No,No,No,Yes,c,Yes,c,c,b,Yes,b,a,a,b,Yes,Yes,c,c,c,a,c,Yes,a,Yes,No,No,No,0.0,2.2,1.2,0.0,0.2,0.0,0.0,0.0,0.0,0.0,1.0,0.75,0.25,0.25,0.0,0.0,0.0,0.0,1.0,1.0,0.25,1.0,0.5,0.25,0.75,1.0,0.75,0.0,0.4861111111111111,0.3171052631578948,0.1789290901366425,0.25,0.25,0.5,1.0,0.5,0.75,0.75,1.0,0.65,0.0912863070539419,0.0497925311203319,0.0,0.0082987551867219,0.4892116182572614,0.3677573167792492,0.4348115136677882,43.481151366778825,1049,1.0,291964,0.0,Not listed,291964.0,0.061,0.126580157925536,0.9563839684148928,0.6124494574170052,61.24494574170052,236,40.199
Dehingia Gaon,291934,263.6,949,205,2,1,a,c,,,,,,1.0,No,Yes,Yes,Yes,No,No,No,No,Yes,b,c,c,a,a,b,b,c,Yes,b,Yes,Yes,c,c,c,Yes,c,Yes,Yes,Yes,No,No,No,0.0,65.0,3.6,40.0,2.0,4.0,0.0,124.0,0.0,124.0,1.0,1.0,0.75,0.25,0.0,0.0,0.0,0.0,1.0,1.0,0.5,0.25,0.5,0.25,1.0,1.0,1.0,0.0,0.5277777777777778,0.2777660695468915,0.2351414538695153,0.25,0.75,0.75,0.5,0.5,0.25,1.0,1.0,0.575,0.2465857359635811,0.0136570561456752,0.0,0.0227617602427921,0.5072837632776934,0.3907375953766588,0.441377326987155,44.1377326987155,1006,1.0,291934,0.0,Not listed,291934.0,0.067,0.1523508743619,0.94942982512762,0.6121679328249257,61.21679328249257,237,36.772
Sessa T.E. 14/153 Orr Grant,291146,575.8,3331,607,1,a,a,b,,,1.0,,,1.0,Yes,Yes,Yes,No,No,No,No,Yes,Yes,b,Yes,b,b,Yes,b,b,b,Yes,Yes,Yes,Yes,c,b,c,Yes,b,Yes,Yes,Yes,No,No,No,0.0,25.7,286.9,0.0,23.1,0.0,0.0,240.0,0.0,240.0,1.0,0.75,0.75,0.5,1.0,0.0,0.0,1.0,0.0,1.0,0.5,1.0,1.0,0.25,1.0,1.0,1.0,0.0,0.6527777777777778,0.1728610027018913,0.3469458393730877,0.5,0.5,1.0,0.5,0.5,0.5,1.0,1.0,0.75,0.044633553317124,0.4982632858631469,0.0,0.040118096561306,0.3705800625217089,0.2169071438659093,0.5183123330608982,51.83123330608982,355,1.0,291146,0.0,Not listed,291146.0,0.418,0.0873733650909736,0.8571253269818053,0.6121226622158804,61.21226622158804,238,9.212
Moderkhat T.E.,291329,325.4,1317,279,1,a,b,b,,,,,,1.0,Yes,Yes,No,Yes,No,No,No,Yes,Yes,c,a,b,a,Yes,a,a,a,Yes,b,Yes,Yes,c,c,c,Yes,c,Yes,Yes,Yes,No,Yes,No,0.0,4.2,0.0,0.0,0.4,0.6,0.5,100.0,0.0,100.0,1.0,0.75,0.5,0.5,0.0,0.0,0.0,1.0,1.0,1.0,0.25,0.75,0.5,0.25,1.0,1.0,1.0,0.0,0.5833333333333334,0.2470766894457099,0.2915584124028834,0.5,0.75,1.0,0.75,0.75,0.75,1.0,1.0,0.775,0.0129071911493546,0.0,0.0,0.0046097111247695,0.5023048555623848,0.3844064882347436,0.5281042340810029,52.81042340810029,284,1.0,291329,0.0,Not listed,291329.0,0.555,0.0857061967737749,0.816358760645245,0.6120940805940305,61.209408059403046,239,13.183
Kenya Pather No.70,292186,209.9,1059,200,1,a,a,b,,,,,,1.0,Yes,Yes,Yes,No,No,No,No,No,Yes,c,a,c,Yes,b,a,a,a,Yes,a,Yes,Yes,c,c,c,a,b,Yes,Yes,Yes,No,No,No,26.8,0.0,0.0,0.0,0.0,0.0,0.0,136.4,0.0,136.4,1.0,0.75,0.75,0.5,0.0,0.0,0.0,1.0,0.0,1.0,0.25,0.75,0.75,0.25,0.75,1.0,1.0,0.0,0.5416666666666666,0.1982058545797922,0.2332596091002541,0.25,1.0,0.5,0.75,0.75,0.75,1.0,1.0,0.75,0.0,0.0,0.1276798475464507,0.0,0.4744640304907098,0.3490044971702904,0.4885324683757882,48.85324683757882,607,1.0,292186,0.0,Not listed,292186.0,0.313,0.138121102606544,0.8784757794786912,0.6120558886420836,61.20558886420836,240,37.911
Sologuri Bongali,291916,96.5,519,106,1,a,a,b,,,,,,0.0,No,No,Yes,Yes,No,No,No,No,Yes,c,Yes,c,c,c,b,a,Yes,Yes,b,Yes,Yes,b,c,c,Yes,b,Yes,Yes,Yes,No,No,No,0.0,9.2,0.0,0.0,0.1,0.0,0.5,85.0,0.0,85.0,1.0,0.75,0.75,0.5,0.0,0.0,0.0,0.0,1.0,1.0,0.25,1.0,0.5,0.5,1.0,1.0,1.0,0.0,0.5694444444444444,0.1859344894026975,0.2329693534193241,0.25,0.25,0.25,0.5,0.75,1.0,1.0,1.0,0.65,0.0953367875647668,0.0,0.0,0.0062176165803108,0.5031088082901554,0.3854287829121285,0.4726892060483679,47.26892060483679,757,1.0,291916,0.0,Not listed,291916.0,0.126,0.237075575893676,0.9147848848212649,0.6119706097201563,61.19706097201563,241,33.96
Dewanbari Kaibatra Gaon No.2,291172,50.9,930,190,1,a,a,a,,,,,,1.0,No,Yes,Yes,No,No,No,No,Yes,Yes,c,Yes,c,a,a,a,a,a,Yes,b,Yes,Yes,a,a,c,a,c,Yes,Yes,Yes,No,No,No,0.0,12.2,0.0,0.0,1.2,0.0,0.0,35.7,0.0,35.7,1.0,0.75,0.75,0.75,0.0,0.0,0.0,0.0,0.0,1.0,0.25,1.0,0.5,0.75,0.75,1.0,1.0,0.0,0.5277777777777778,0.0547311827956989,0.1727231329138836,0.25,0.75,0.75,0.75,0.75,0.75,1.0,1.0,0.75,0.2396856581532416,0.0,0.0,0.0235756385068762,0.5117878192534382,0.396464887904686,0.4794182052538526,47.94182052538526,691,1.0,291172,0.0,Not listed,291172.0,0.243,0.144175199072412,0.8982649601855176,0.6119565004883809,61.19565004883809,242,19.356
Sessakuch Gaon No.3,291167,80.3,26,7,a,a,c,c,,,,,,1.0,No,No,Yes,No,No,No,No,No,Yes,c,a,c,a,a,a,a,a,a,a,a,Yes,b,b,b,Yes,c,a,a,Yes,No,No,No,0.0,11.2,0.0,19.4,6.7,3.3,0.0,37.4,0.0,37.4,0.75,0.75,0.25,0.25,0.0,0.0,0.0,0.0,0.0,1.0,0.25,0.75,0.75,0.5,1.0,0.75,0.75,0.0,0.4305555555555556,3.088461538461538,0.18733736696943,0.25,0.75,0.75,0.75,0.75,0.75,0.75,1.0,0.725,0.1394769613947696,0.0,0.0,0.12453300124533,0.562266500622665,0.4606528500853354,0.4641038006483135,46.41038006483135,820,1.0,291167,0.0,Not listed,291167.0,0.285,0.189204698825307,0.8766590602349387,0.6115958933491333,61.159589334913335,243,16.995
Maijan Hindu Kodomoni,291292,771.8,3551,723,3,b,b,b,,,,,,1.0,Yes,Yes,Yes,Yes,No,No,No,Yes,Yes,c,Yes,a,a,a,a,a,a,Yes,Yes,Yes,Yes,b,b,c,Yes,c,a,Yes,Yes,No,No,No,0.0,358.7,0.0,0.0,11.8,0.0,15.6,300.8,0.0,300.8,1.0,0.5,0.5,0.5,0.0,0.0,0.0,1.0,1.0,1.0,0.25,1.0,1.0,0.5,1.0,0.75,1.0,0.0,0.6111111111111112,0.2173472261334835,0.2908552187897164,0.75,0.75,0.75,0.75,0.75,0.75,1.0,1.0,0.85,0.4647577092511013,0.0,0.0,0.0355014252396994,0.5177507126198497,0.4040472169891339,0.5613010258730337,56.13010258730336,134,1.0,291292,0.0,Not listed,291292.0,0.689,0.114201954666264,0.7704596090667473,0.6115047308724981,61.15047308724981,244,17.609
Suta Bogpara 10/165 (B),291094,236.3,1066,221,1,2,b,b,,,1.0,,,1.0,Yes,Yes,Yes,Yes,No,No,No,No,Yes,a,Yes,b,Yes,Yes,b,b,b,Yes,b,Yes,Yes,b,b,b,Yes,b,Yes,Yes,Yes,No,No,No,0.0,81.4,0.0,0.0,0.0,0.0,0.0,139.6,0.0,139.6,1.0,1.0,0.5,0.5,1.0,0.0,0.0,1.0,1.0,1.0,0.75,1.0,0.5,0.5,1.0,1.0,1.0,0.0,0.7083333333333334,0.2216697936210131,0.2909574608590666,0.5,1.0,1.0,0.5,0.5,0.5,1.0,1.0,0.75,0.3444773592890394,0.0,0.0,0.0,0.5,0.3814756671899529,0.5511178319860905,55.111783198609054,174,1.0,291094,0.0,Not listed,291094.0,0.487,0.126328679037364,0.8286342641925273,0.6114144209702705,61.14144209702705,245,5.065
Modhupur Nahoroni F.V.,291251,144.0,159,29,1,a,a,c,,,,,,1.0,No,Yes,Yes,Yes,No,No,No,Yes,Yes,c,Yes,b,b,Yes,c,c,c,Yes,b,Yes,Yes,c,c,c,Yes,c,Yes,a,Yes,No,No,No,0.0,21.6,0.0,0.0,0.0,0.0,0.0,122.4,0.0,122.4,1.0,0.75,0.75,0.25,0.0,0.0,0.0,0.0,1.0,1.0,0.25,1.0,0.5,0.25,1.0,1.0,0.75,0.0,0.5277777777777778,0.9056603773584906,0.2499930932132851,0.5,0.5,1.0,0.25,0.25,0.25,1.0,1.0,0.625,0.15,0.0,0.0,0.0,0.5,0.3814756671899529,0.4582378511857563,45.82378511857564,879,1.0,291251,0.0,Not listed,291251.0,0.176,0.152715648858486,0.9166568702283028,0.6113823714731353,61.13823714731353,246,22.408
Lukumai Bil,291913,69.2,490,100,1,1,a,c,,,,,,0.0,No,Yes,Yes,Yes,No,Yes,No,No,c,c,b,c,b,b,b,a,b,Yes,b,Yes,Yes,b,c,c,Yes,c,Yes,Yes,Yes,No,No,No,0.0,10.9,0.5,0.0,1.0,1.2,0.5,35.0,0.0,35.0,1.0,1.0,0.75,0.25,0.0,0.0,0.0,0.0,1.0,0.25,0.25,0.5,0.5,0.5,1.0,1.0,1.0,0.0,0.5,0.1412244897959183,0.231911823862265,0.25,0.5,0.5,0.5,0.75,0.5,1.0,1.0,0.6,0.157514450867052,0.0072254335260115,0.0,0.0390173410404624,0.5173410404624277,0.4035262837905282,0.4436832127236719,44.36832127236719,986,1.0,291913,0.0,Not listed,291913.0,0.166,0.0907714523523946,0.932045709529521,0.6113251823459539,61.13251823459539,247,30.602
Chring Gaon,291089,123.2,1380,325,1,a,a,a,,,,,,1.0,Yes,Yes,Yes,Yes,No,No,No,Yes,Yes,a,a,a,Yes,a,a,a,a,Yes,b,Yes,Yes,b,a,c,a,a,Yes,Yes,Yes,No,No,No,0.0,83.0,0.0,0.0,0.0,0.0,0.0,19.9,0.0,19.9,1.0,0.75,0.75,0.75,0.0,0.0,0.0,1.0,1.0,1.0,0.75,0.75,0.5,0.5,0.75,1.0,1.0,0.0,0.6388888888888888,0.0892753623188405,0.230683066576342,0.75,1.0,0.75,0.75,0.75,0.75,1.0,1.0,0.8,0.6737012987012987,0.0,0.0,0.0,0.5,0.3814756671899529,0.5336881223042983,53.36881223042983,258,1.0,291089,0.0,Not listed,291089.0,0.462,0.102151094231987,0.8409697811536025,0.6112800291840196,61.12800291840196,248,2.176
Rahmoria,291371,247.1,579,118,1,1,1,a,,,,,,0.0,Yes,No,Yes,No,No,No,No,No,Yes,c,c,c,c,a,b,Yes,c,Yes,a,Yes,Yes,c,c,c,a,c,Yes,Yes,Yes,No,No,No,0.0,5.6,0.0,10.6,0.0,193.6,0.0,37.4,0.0,37.4,1.0,1.0,1.0,0.75,0.0,0.0,0.0,1.0,0.0,1.0,0.25,0.25,0.75,0.25,0.75,1.0,1.0,0.0,0.5555555555555556,0.4267702936096718,0.2386658638999096,0.25,0.25,0.75,0.5,1.0,0.25,1.0,1.0,0.6,0.0226628895184135,0.0,0.0,0.7834884662080129,0.8917442331040064,0.8796119761605107,0.5544777500959684,55.447775009596846,159,1.0,291371,0.0,Not listed,291371.0,0.788,0.0739238334296397,0.7488152333140721,0.6111343557246829,61.11343557246829,249,22.797
Khanikar T.E.32/31 N.L.R.Grant,291102,124.8,1052,210,1,a,b,b,,,,,,1.0,No,No,Yes,No,No,No,Yes,No,Yes,b,a,b,Yes,Yes,a,a,a,Yes,b,Yes,Yes,b,b,b,Yes,b,Yes,Yes,Yes,No,No,No,0.0,0.3,0.0,0.0,0.0,1.1,0.0,122.2,0.0,122.2,1.0,0.75,0.5,0.5,0.0,0.0,0.0,0.0,0.0,1.0,0.5,0.75,0.5,0.5,1.0,1.0,1.0,0.0,0.5,0.1186311787072243,0.2313774222859227,0.5,1.0,1.0,0.75,0.75,0.75,1.0,1.0,0.8,0.0024038461538461,0.0,0.0,0.0088141025641025,0.5044070512820513,0.3870796099504892,0.5002602775615785,50.02602775615785,505,1.0,291102,0.0,Not listed,291102.0,0.46,0.120286328629404,0.8379427342741192,0.6110833907737018,61.108339077370175,250,6.521
Sensuwa Pukhuri Gaon,291854,120.8,331,64,1,1,1,b,,,1.0,,,0.0,No,No,Yes,Yes,No,No,No,No,Yes,c,c,c,c,c,b,Yes,a,Yes,b,Yes,Yes,b,c,b,Yes,c,Yes,a,Yes,No,No,No,0.0,14.5,0.0,0.0,0.3,0.0,0.4,101.8,0.0,101.8,1.0,1.0,1.0,0.5,1.0,0.0,0.0,0.0,1.0,1.0,0.25,0.25,0.5,0.5,1.0,1.0,0.75,0.0,0.5972222222222222,0.3649546827794562,0.2372037338145694,0.25,0.25,0.25,0.5,1.0,0.75,1.0,1.0,0.575,0.1200331125827814,0.0,0.0,0.0057947019867549,0.5028973509933774,0.38515989686756,0.4581384683827099,45.813846838271,881,1.0,291854,0.0,Not listed,291854.0,0.12,0.0842118755350601,0.947157624892988,0.6109379679409715,61.09379679409715,251,31.159
Baghtoli Sonowal,291773,90.7,111,21,1,a,b,b,,,,,,1.0,Yes,No,Yes,Yes,No,No,No,No,Yes,b,b,b,b,b,b,Yes,b,Yes,b,Yes,Yes,a,b,c,a,b,Yes,a,Yes,No,No,No,0.0,7.0,5.6,0.0,0.6,0.0,1.3,72.6,0.0,72.6,1.0,0.75,0.5,0.5,0.0,0.0,0.0,1.0,1.0,1.0,0.5,0.5,0.5,0.75,0.75,1.0,0.75,0.0,0.5833333333333334,0.8171171171171171,0.2478987716832657,0.5,0.5,0.5,0.5,1.0,0.5,1.0,1.0,0.65,0.0771775082690187,0.0617420066152149,0.0,0.0209481808158765,0.4919514884233737,0.3712412961113543,0.4770562854764206,47.705628547642064,714,1.0,291773,0.0,Not listed,291773.0,0.199,0.161018710531943,0.9080962578936114,0.6108993904949641,61.08993904949641,252,26.09
Dihing Kaibatra Gaon,291214,21.1,435,88,1,b,b,b,,,,,,1.0,Yes,Yes,Yes,Yes,Yes,No,No,Yes,Yes,c,c,c,Yes,a,a,a,a,Yes,a,Yes,Yes,a,c,b,Yes,c,a,a,Yes,No,No,No,0.0,5.1,0.6,0.0,0.0,0.0,0.0,15.0,0.0,15.0,1.0,0.5,0.5,0.5,0.0,0.0,0.0,1.0,1.0,1.0,0.25,0.25,0.75,0.75,1.0,0.75,0.75,0.0,0.5555555555555556,0.0485057471264367,0.2297187392787555,0.25,1.0,0.75,0.75,0.75,0.75,1.0,1.0,0.725,0.2417061611374407,0.0284360189573459,0.0,0.0,0.4914691943127962,0.3706280178859732,0.4879441772857724,48.79441772857725,613,1.0,291214,0.0,Not listed,291214.0,0.268,0.190700364955702,0.8814599270088596,0.6106078583061286,61.06078583061287,253,21.76
Bhalukaguri,291947,185.7,916,197,1,a,b,c,,,1.0,,,1.0,Yes,No,Yes,Yes,No,No,No,No,c,c,a,b,a,a,Yes,a,a,Yes,b,Yes,Yes,c,b,c,a,c,Yes,Yes,Yes,No,No,No,0.0,20.3,5.2,19.3,6.8,3.9,4.5,120.5,0.0,120.5,1.0,0.75,0.5,0.25,1.0,0.0,0.0,1.0,1.0,0.25,0.25,0.75,0.5,0.25,0.75,1.0,1.0,0.0,0.5694444444444444,0.2027292576419213,0.2333666015511323,0.5,0.75,0.75,1.0,0.75,0.75,1.0,1.0,0.775,0.1093161012385568,0.028002154011847,0.0,0.081852450188476,0.532525578890684,0.4228347235501633,0.5177697062089268,51.77697062089268,359,1.0,291947,0.25,Low (5-8),291947.0,0.024,0.166335366337089,0.8345329267325822,0.6105800296133406,61.05800296133405,254,40.98
Hatigarh Balijan,291597,72.3,1011,202,2,1,1,1,,,,,,1.0,Yes,No,No,Yes,No,No,No,No,Yes,c,Yes,c,c,c,c,Yes,Yes,Yes,b,Yes,Yes,a,c,a,Yes,c,Yes,Yes,Yes,No,No,No,0.0,28.2,0.0,0.0,0.0,0.0,41.4,0.0,0.0,0.0,1.0,1.0,1.0,1.0,0.0,0.0,0.0,1.0,1.0,1.0,0.25,1.0,0.5,0.75,1.0,1.0,1.0,0.0,0.6944444444444444,0.071513353115727,0.2874057973517142,0.25,0.25,0.25,0.25,1.0,1.0,1.0,1.0,0.65,0.3900414937759336,0.0,0.0,0.5726141078838174,0.7863070539419086,0.7455395819355511,0.5895704768361498,58.95704768361498,62,1.0,291597,0.0,Not listed,291597.0,0.755,0.15737854707949,0.742024290584102,0.610492102861902,61.0492102861902,255,34.377
Ghoramora Gaon,291108,111.9,302,62,1,1,b,b,,,,,,1.0,No,Yes,No,Yes,No,No,No,No,Yes,b,Yes,b,a,a,b,b,b,Yes,a,Yes,Yes,b,b,b,Yes,b,Yes,a,Yes,No,No,No,0.0,30.7,0.0,10.0,9.4,1.1,0.0,58.8,0.0,58.8,1.0,1.0,0.5,0.5,0.0,0.0,0.0,0.0,1.0,1.0,0.5,1.0,0.75,0.5,1.0,1.0,0.75,0.0,0.5833333333333334,0.3705298013245033,0.2373356025843603,0.5,0.75,0.75,0.5,0.5,0.5,1.0,1.0,0.725,0.2743521000893655,0.0,0.0,0.0938337801608579,0.5469168900804289,0.4411345070096505,0.5108941353813535,51.08941353813536,408,1.0,291108,0.0,Not listed,291108.0,0.427,0.11297669148814,0.8493046617023721,0.6102259413784865,61.02259413784865,256,7.863
Sessamukh Gaon,291185,176.5,145,27,1,a,a,c,,,,,,1.0,No,No,No,Yes,No,No,No,Yes,Yes,c,b,c,a,c,c,c,c,Yes,a,a,Yes,a,c,c,a,c,Yes,b,Yes,No,No,No,0.0,65.4,0.0,0.0,28.1,5.4,0.0,77.7,0.0,77.7,1.0,0.75,0.75,0.25,0.0,0.0,0.0,0.0,1.0,1.0,0.25,0.5,0.75,0.75,0.75,1.0,0.5,0.0,0.5138888888888888,1.217241379310345,0.2002200889418253,0.25,0.75,0.25,0.25,0.25,0.25,1.0,1.0,0.525,0.3705382436260623,0.0,0.0,0.1898016997167138,0.594900849858357,0.5021502172453206,0.4364572879067426,43.64572879067426,1039,1.0,291185,0.0,Not listed,291185.0,0.115,0.0804132553904456,0.9494173489219108,0.6101444943910188,61.01444943910188,257,27.369
Dikhari Kinar Saragfala,291791,105.2,489,97,1,a,a,a,,,,,,0.0,Yes,No,Yes,No,Yes,No,No,No,c,c,c,c,c,b,b,a,a,Yes,b,Yes,Yes,c,c,c,a,c,Yes,Yes,Yes,No,No,No,0.0,11.0,1.0,0.0,0.5,0.5,0.5,90.7,0.0,90.7,1.0,0.75,0.75,0.75,0.0,0.0,0.0,1.0,0.0,0.25,0.25,0.25,0.5,0.25,0.75,1.0,1.0,0.0,0.4722222222222222,0.2151329243353783,0.2336599865714769,0.25,0.25,0.5,0.5,0.75,0.75,1.0,1.0,0.575,0.1045627376425855,0.0095057034220532,0.0,0.0142585551330798,0.504277566539924,0.3869149590225093,0.4263535440029266,42.63535440029266,1099,1.0,291791,0.0,Not listed,291791.0,0.125,0.0804852371115239,0.9464029525776952,0.6100134215273237,61.00134215273238,258,30.293
Teloijan Gaon,292002,180.5,886,181,1,a,a,b,,,,,,0.0,No,Yes,Yes,Yes,No,No,No,No,Yes,b,Yes,b,b,b,b,a,Yes,Yes,b,Yes,Yes,a,b,c,Yes,Yes,Yes,Yes,Yes,No,No,No,0.0,17.0,2.0,7.4,0.1,1.8,0.0,75.0,0.0,75.0,1.0,0.75,0.75,0.5,0.0,0.0,0.0,0.0,1.0,1.0,0.5,1.0,0.5,0.75,1.0,1.0,1.0,0.0,0.5972222222222222,0.2037246049661399,0.2333901445890245,0.5,0.5,0.5,0.5,0.75,1.0,1.0,1.0,0.725,0.0941828254847645,0.0110803324099723,0.0,0.0105263157894736,0.5019390581717451,0.3839413455559082,0.5019413608139933,50.194136081399336,485,1.0,292002,0.0,Not listed,292002.0,0.292,0.19967861992402,0.8724642760151959,0.6099244483867208,60.99244483867208,259,28.193
Ophulia Alikiner,292108,165.1,891,176,2,1,a,c,,,,,,0.0,Yes,Yes,Yes,No,No,Yes,No,No,a,c,Yes,c,a,a,c,a,Yes,Yes,b,Yes,Yes,a,c,b,a,c,Yes,Yes,Yes,No,No,No,0.0,32.9,0.0,0.0,0.0,0.3,0.0,98.5,0.0,98.5,1.0,1.0,0.75,0.25,0.0,0.0,0.0,1.0,0.0,0.75,0.25,1.0,0.5,0.75,0.75,1.0,1.0,0.0,0.5555555555555556,0.1852974186307519,0.2329542847282663,0.25,0.75,0.75,0.25,0.75,1.0,1.0,1.0,0.725,0.1992731677771047,0.0,0.0,0.001817080557238,0.5009085402786191,0.3826309538864701,0.4911536508482495,49.11536508482495,586,1.0,292108,0.0,Not listed,292108.0,0.318,0.159834845158805,0.872633030968239,0.6096864266523326,60.96864266523326,260,32.323
Koliani No.Gaon,291156,148.4,795,163,1,1,1,b,,,,,,1.0,Yes,Yes,Yes,Yes,No,No,No,Yes,Yes,b,b,b,Yes,Yes,b,b,b,Yes,b,Yes,Yes,c,b,c,Yes,c,Yes,Yes,Yes,No,No,No,0.0,9.3,0.0,3.8,10.7,0.0,0.0,89.2,0.0,89.2,1.0,1.0,1.0,0.5,0.0,0.0,0.0,1.0,1.0,1.0,0.5,0.5,0.5,0.25,1.0,1.0,1.0,0.0,0.625,0.1866666666666666,0.2901295288154684,0.5,1.0,1.0,0.5,0.5,0.5,1.0,1.0,0.7,0.0626684636118598,0.0,0.0,0.0721024258760107,0.5360512129380054,0.4273178688850618,0.5242459559808795,52.424595598087954,308,1.0,291156,0.0,Not listed,291156.0,0.436,0.182812255034941,0.8326375489930118,0.6096850821338311,60.96850821338311,261,10.71
Saragfala Goan,291793,181.9,214,45,1,a,b,b,,,1.0,,,0.0,Yes,Yes,Yes,Yes,No,No,No,No,Yes,c,c,c,c,c,b,a,a,Yes,b,Yes,Yes,a,b,c,a,b,Yes,b,Yes,No,No,No,0.0,12.6,0.0,0.0,0.3,0.0,2.1,164.9,0.0,164.9,1.0,0.75,0.5,0.5,1.0,0.0,0.0,1.0,1.0,1.0,0.25,0.25,0.5,0.75,0.75,1.0,0.5,0.0,0.5972222222222222,0.85,0.248676553407171,0.25,0.25,0.25,0.5,0.75,0.75,1.0,1.0,0.55,0.0692688290269378,0.0,0.0,0.0131940626717976,0.5065970313358988,0.3898643569577364,0.4544475652988956,45.44475652988956,905,1.0,291793,0.0,Not listed,291793.0,0.142,0.0548083663471703,0.946438326730566,0.6092241225876797,60.92241225876796,262,29.582
Motak Kaibatra Gaon,291191,133.2,979,176,1,1,1,b,,,,,,1.0,Yes,No,Yes,No,Yes,No,No,Yes,Yes,c,b,c,c,c,c,c,c,Yes,a,Yes,Yes,a,c,c,Yes,c,Yes,Yes,Yes,No,No,No,0.0,8.7,0.0,13.5,6.7,0.0,0.0,103.0,0.0,103.0,1.0,1.0,1.0,0.5,0.0,0.0,0.0,1.0,0.0,1.0,0.25,0.5,0.75,0.75,1.0,1.0,1.0,0.0,0.5972222222222222,0.1360572012257405,0.2889324586736331,0.25,0.25,0.25,0.25,0.25,0.25,1.0,1.0,0.475,0.0653153153153153,0.0,0.0,0.0503003003003003,0.5251501501501501,0.4134562348848062,0.4467299172009251,44.67299172009251,966,1.0,291191,0.0,Not listed,291191.0,0.108,0.0929521734762262,0.9490095653047548,0.6088553760230311,60.88553760230311,263,28.868
Akhoi Phutia,291860,126.3,244,50,1,a,a,a,,,,,,0.0,No,Yes,No,Yes,No,No,No,No,c,c,a,c,a,a,c,c,c,Yes,b,Yes,Yes,a,c,c,Yes,c,Yes,a,Yes,No,No,No,0.0,13.8,11.0,0.0,1.1,2.8,0.0,89.3,0.0,89.3,1.0,0.75,0.75,0.75,0.0,0.0,0.0,0.0,1.0,0.25,0.25,0.75,0.5,0.75,1.0,1.0,0.75,0.0,0.5277777777777778,0.5176229508196721,0.2408148097997519,0.25,0.75,0.75,0.25,0.25,0.25,1.0,1.0,0.575,0.1092636579572446,0.0870942201108471,0.0,0.0308788598574821,0.4893111638954869,0.367883897575109,0.4382249264094042,43.82249264094042,1023,1.0,291860,0.0,Not listed,291860.0,0.073,0.159913013198798,0.9461173973602404,0.6088332460303005,60.88332460303005,264,34.127
Ghugulpather No.1,291835,90.9,218,40,1,b,a,c,,,,,,0.0,Yes,Yes,Yes,Yes,No,No,No,No,Yes,c,a,c,a,a,a,a,a,Yes,c,Yes,Yes,b,c,c,a,c,Yes,a,Yes,No,No,No,0.0,10.5,5.1,0.0,0.1,2.0,0.0,54.4,0.0,54.4,1.0,0.5,0.75,0.25,0.0,0.0,0.0,1.0,1.0,1.0,0.25,0.75,0.25,0.5,0.75,1.0,0.75,0.0,0.5416666666666666,0.4169724770642202,0.2384341152825402,0.25,0.75,0.75,0.75,0.75,0.75,1.0,1.0,0.7,0.1155115511551155,0.0561056105610561,0.0,0.0231023102310231,0.4947194719471947,0.374761023983089,0.4799774002839195,47.99774002839195,688,1.0,291835,0.0,Not listed,291835.0,0.291,0.154347321852631,0.8818305356294738,0.6085548966698879,60.8554896669888,265,26.182
Nogachuk Pather Gaon,291198,55.2,99,17,1,a,,a,,1.0,,,,0.0,No,No,No,Yes,No,No,No,No,Yes,c,a,c,a,a,c,c,c,c,b,a,Yes,b,c,c,Yes,c,Yes,c,Yes,No,No,No,0.0,3.3,0.0,0.0,6.7,0.0,0.0,41.8,0.0,41.8,1.0,0.75,0.0,0.75,0.0,1.0,0.0,0.0,1.0,1.0,0.25,0.75,0.5,0.5,1.0,1.0,0.25,0.0,0.5416666666666666,0.5575757575757576,0.2417598170554806,0.25,0.75,0.75,0.25,0.25,0.25,0.25,1.0,0.5,0.0597826086956521,0.0,0.0,0.1213768115942029,0.5606884057971014,0.4586461674970992,0.4375858544299567,43.75858544299567,1029,1.0,291198,0.0,Not listed,291198.0,0.166,0.01168096759824,0.947863806480352,0.6083824019805759,60.83824019805759,266,24.405
Charaihabi Gaon No.3,291740,105.0,117,20,1,a,,c,,,1.0,,,0.0,No,No,Yes,Yes,No,No,No,No,Yes,c,Yes,c,b,Yes,b,c,Yes,Yes,a,Yes,Yes,b,c,c,Yes,Yes,Yes,a,Yes,No,No,No,0.0,11.0,7.0,0.0,1.1,0.7,0.0,81.7,0.0,81.7,1.0,0.75,0.0,0.25,1.0,0.0,0.0,0.0,1.0,1.0,0.25,1.0,0.75,0.5,1.0,1.0,0.75,0.0,0.5694444444444444,0.8974358974358975,0.2497985588655759,0.25,0.5,1.0,0.5,0.25,1.0,1.0,1.0,0.725,0.1047619047619047,0.0666666666666666,0.0,0.0171428571428571,0.4885714285714285,0.3669432608208118,0.4956994029916675,49.569940299166745,538,1.0,291740,0.0,Not listed,291740.0,0.379,0.108582789265646,0.8645834421468708,0.6083245056982641,60.83245056982641,267,18.608
Chari Banhi Gaon,291195,344.2,290,63,1,a,a,b,,,,,,1.0,No,No,Yes,No,No,Yes,No,Yes,Yes,c,a,c,b,c,c,c,c,Yes,a,Yes,Yes,a,c,b,Yes,c,Yes,c,Yes,No,No,No,0.0,89.5,0.0,0.0,23.1,7.1,0.0,212.3,0.0,212.3,1.0,0.75,0.75,0.5,0.0,0.0,0.0,0.0,0.0,1.0,0.25,0.75,0.75,0.75,1.0,1.0,0.25,0.0,0.4861111111111111,1.186896551724138,0.2566451972061651,0.25,0.5,0.25,0.25,0.25,0.25,1.0,1.0,0.525,0.2600232423009878,0.0,0.0,0.0877396862289366,0.5438698431144684,0.4372599260953209,0.4306410622983831,43.06410622983832,1073,1.0,291195,0.0,Not listed,291195.0,0.116,0.160664748387096,0.9330670503225807,0.6079771083448716,60.79771083448716,268,28.876
Jokai 36 Gharia Gaon F.V.,291244,57.6,693,135,1,a,a,c,,,,,,1.0,No,Yes,Yes,Yes,No,No,No,Yes,Yes,c,Yes,c,b,b,b,b,Yes,Yes,b,Yes,Yes,a,c,c,a,c,Yes,Yes,Yes,No,No,No,0.0,9.6,0.0,0.0,0.0,0.0,0.0,48.0,0.0,48.0,1.0,0.75,0.75,0.25,0.0,0.0,0.0,0.0,1.0,1.0,0.25,1.0,0.5,0.75,0.75,1.0,1.0,0.0,0.5555555555555556,0.0831168831168831,0.1733945423827158,0.25,0.5,0.5,0.5,0.5,1.0,1.0,1.0,0.675,0.1666666666666666,0.0,0.0,0.0,0.5,0.3814756671899529,0.4610326579225585,46.10326579225585,852,1.0,291244,0.0,Not listed,291244.0,0.2,0.0470138018662012,0.9305972396267598,0.6078088815248758,60.78088815248758,269,20.555
Dighalia Block,291907,16.6,276,59,1,a,b,b,,,,,,0.0,No,Yes,Yes,Yes,No,No,No,No,Yes,b,b,b,b,b,b,a,b,Yes,b,Yes,Yes,a,b,c,Yes,b,Yes,a,Yes,No,No,No,0.0,3.0,2.0,0.0,0.0,0.0,0.0,3.5,0.0,3.5,1.0,0.75,0.5,0.5,0.0,0.0,0.0,0.0,1.0,1.0,0.5,0.5,0.5,0.75,1.0,1.0,0.75,0.0,0.5416666666666666,0.0601449275362318,0.2299940418377257,0.5,0.5,0.5,0.5,0.75,0.5,1.0,1.0,0.625,0.180722891566265,0.1204819277108433,0.0,0.0,0.463855421686747,0.3355147434321273,0.4475181258125235,44.75181258125235,957,1.0,291907,0.0,Very Low (1-4),291907.0,0.161,0.0719572950424101,0.937308540991518,0.6077491383708578,60.774913837085776,270,32.871
Chowdang Gaon,291659,224.0,1941,407,2,2,1,b,,,1.0,,,1.0,Yes,Yes,Yes,No,No,Yes,No,No,Yes,a,Yes,a,Yes,Yes,c,a,Yes,Yes,Yes,Yes,Yes,b,c,b,a,Yes,Yes,Yes,Yes,No,No,No,0.0,42.0,0.0,6.2,0.0,0.0,0.0,90.0,0.0,90.0,1.0,1.0,1.0,0.5,1.0,0.0,0.0,1.0,0.0,1.0,0.75,1.0,1.0,0.5,0.75,1.0,1.0,0.0,0.6944444444444444,0.1154044307058217,0.2884439568742132,0.75,1.0,1.0,0.25,0.75,1.0,1.0,1.0,0.875,0.1875,0.0,0.0,0.0,0.5,0.3814756671899529,0.584517233767655,58.4517233767655,71,1.0,291659,0.0,Not listed,291659.0,0.676,0.200396836795642,0.7571206326408716,0.6071805923533949,60.718059235339496,271,29.74
Rawomari Gaon,291117,274.4,1300,249,2,2,b,b,,,,,,1.0,Yes,Yes,Yes,Yes,No,No,No,No,Yes,b,Yes,b,b,b,b,b,b,Yes,b,Yes,Yes,b,b,b,Yes,b,Yes,Yes,Yes,No,Yes,No,0.0,175.6,0.0,0.0,0.0,0.0,0.0,95.4,0.0,95.4,1.0,1.0,0.5,0.5,0.0,0.0,0.0,1.0,1.0,1.0,0.5,1.0,0.5,0.5,1.0,1.0,1.0,0.0,0.6388888888888888,0.211076923076923,0.2907069067594692,0.5,0.5,0.5,0.5,0.5,0.5,1.0,1.0,0.65,0.6399416909620992,0.0,0.0,0.0,0.5,0.3814756671899529,0.5036940823500802,50.36940823500802,468,1.0,291117,0.0,Not listed,291117.0,0.357,0.124304870777082,0.8680390258445836,0.6071136871061936,60.71136871061936,272,9.308
Filnuguri Grant 4/152,291270,478.0,5912,1158,4,1,a,b,,,,,,1.0,Yes,Yes,Yes,No,No,No,No,Yes,Yes,b,Yes,b,b,b,b,b,b,Yes,Yes,Yes,Yes,Yes,b,b,Yes,b,a,Yes,Yes,No,No,No,0.0,80.0,0.0,0.0,1.0,10.0,5.0,370.0,0.0,370.0,1.0,1.0,0.75,0.5,0.0,0.0,0.0,1.0,0.0,1.0,0.5,1.0,1.0,1.0,1.0,0.75,1.0,0.0,0.6388888888888888,0.0808525033829499,0.3447695542380799,0.5,0.5,0.5,0.5,0.5,0.5,1.0,1.0,0.7,0.1673640167364016,0.0,0.0,0.0334728033472803,0.5167364016736402,0.4027574338393228,0.5364660975496067,53.64660975496067,244,0.995477386942161,291270,0.0,Not listed,291270.0,0.596,0.0996635562776699,0.8012672887444661,0.6071129191332048,60.71129191332047,273,8.385
Kachomari Deori Gaon,291225,107.2,162,28,1,a,c,c,,,,,,1.0,Yes,No,No,Yes,No,No,No,Yes,Yes,c,Yes,c,c,Yes,a,c,c,Yes,a,Yes,Yes,b,c,b,Yes,c,Yes,a,Yes,No,No,No,0.0,6.7,0.0,0.0,3.4,0.0,0.0,22.3,0.0,22.3,1.0,0.75,0.25,0.25,0.0,0.0,0.0,1.0,1.0,1.0,0.25,1.0,0.75,0.5,1.0,1.0,0.75,0.0,0.5833333333333334,0.6617283950617284,0.3013662057026052,0.25,0.25,1.0,0.75,0.25,0.25,1.0,1.0,0.65,0.0625,0.0,0.0,0.0317164179104477,0.5158582089552239,0.4016407366620587,0.4965030320913964,49.65030320913964,530,1.0,291225,0.0,Not listed,291225.0,0.382,0.158501254829357,0.8536997490341286,0.6070675615386116,60.70675615386117,274,15.282
Phatikasua Ikrani,291897,133.2,587,120,1,a,b,b,,,1.0,,,0.0,Yes,Yes,Yes,Yes,No,No,No,No,Yes,b,b,b,b,b,a,a,a,Yes,a,Yes,Yes,a,b,c,Yes,a,a,Yes,Yes,No,No,No,0.0,14.5,7.1,0.0,0.1,1.7,0.0,40.2,0.0,40.2,1.0,0.75,0.5,0.5,1.0,0.0,0.0,1.0,1.0,1.0,0.5,0.5,0.75,0.75,1.0,0.75,1.0,0.0,0.6666666666666666,0.2269165247018739,0.2339387051083979,0.5,0.5,0.5,0.75,0.75,0.75,1.0,1.0,0.7,0.1088588588588588,0.0533033033033033,0.0,0.0135135135135135,0.4907657657657657,0.3697335483049769,0.5090980526047615,50.90980526047615,421,1.0,291897,0.0,Not listed,291897.0,0.246,0.218301043777783,0.8825397912444434,0.6069606250206234,60.69606250206234,275,28.846
Samuguri,291896,64.5,237,48,1,a,a,b,,,,,,0.0,No,No,Yes,Yes,No,No,No,No,Yes,c,b,b,b,b,b,a,a,Yes,a,Yes,Yes,b,b,c,Yes,a,Yes,a,Yes,No,No,No,0.0,2.9,3.1,0.0,0.0,2.0,1.1,32.2,0.0,32.2,1.0,0.75,0.75,0.5,0.0,0.0,0.0,0.0,1.0,1.0,0.25,0.5,0.75,0.5,1.0,1.0,0.75,0.0,0.5416666666666666,0.2721518987341772,0.2350086613929991,0.5,0.5,0.5,0.5,0.75,0.75,1.0,1.0,0.675,0.0449612403100775,0.0480620155038759,0.0,0.0480620155038759,0.5096124031007752,0.3936986601438428,0.475408564043685,47.540856404368505,726,1.0,291896,0.0,Not listed,291896.0,0.259,0.186880742732008,0.8849238514535984,0.6067765049512656,60.67765049512656,276,28.952
Domordalang,291895,125.6,550,115,1,1,1,b,,,1.0,,,1.0,Yes,Yes,Yes,Yes,No,No,No,No,Yes,b,b,c,b,b,b,a,a,Yes,b,Yes,Yes,b,b,c,Yes,Yes,Yes,Yes,Yes,No,No,No,0.0,12.7,11.0,22.9,0.0,3.1,2.2,50.5,0.0,50.5,1.0,1.0,1.0,0.5,1.0,0.0,0.0,1.0,1.0,1.0,0.5,0.5,0.5,0.5,1.0,1.0,1.0,0.0,0.6944444444444444,0.2283636363636363,0.2911157909107975,0.25,0.5,0.5,0.5,0.75,0.75,1.0,1.0,0.625,0.1011146496815286,0.0875796178343949,0.0,0.0421974522292993,0.4948248407643312,0.3748950094491496,0.5088690607286404,50.88690607286404,424,1.0,291895,0.0,Not listed,291895.0,0.285,0.168172996312443,0.8808654007375114,0.6063593594400765,60.63593594400765,277,27.785
Madhakoli Grant No.128,291799,86.1,209,42,a,c,a,a,,,,,,0.0,No,Yes,Yes,Yes,No,No,No,No,Yes,b,a,b,b,Yes,a,a,a,Yes,b,Yes,Yes,b,b,c,Yes,b,a,a,Yes,No,No,No,0.0,5.3,2.2,0.0,0.4,0.4,0.5,5.2,0.0,5.2,0.75,0.25,0.75,0.75,0.0,0.0,0.0,0.0,1.0,1.0,0.5,0.75,0.5,0.5,1.0,0.75,0.75,0.0,0.5138888888888888,0.4119617224880382,0.1240298811776784,0.5,0.5,1.0,0.75,0.75,0.75,1.0,1.0,0.75,0.0615563298490127,0.0255516840882694,0.0,0.0150987224157955,0.4998838559814169,0.3813279801333559,0.460745288543313,46.074528854331305,855,1.0,291799,0.0,Not listed,291799.0,0.214,0.0772705515036508,0.92034588969927,0.606345023194131,60.634502319413095,278,27.338
Joypur Town,292341,129.3,2491,520,6,2,1,1,,1.0,,,1.0,2.0,Yes,No,Yes,Yes,No,No,No,No,Yes,b,Yes,b,Yes,Yes,c,b,Yes,Yes,Yes,Yes,Yes,Yes,b,c,Yes,Yes,Yes,Yes,Yes,No,No,No,9.0,120.3,0.0,0.0,0.0,0.0,0.0,0.0,0.0,0.0,1.0,1.0,1.0,1.0,0.0,1.0,0.0,1.0,1.0,1.0,0.5,1.0,1.0,1.0,1.0,1.0,1.0,0.0,0.8055555555555556,0.0519068647129666,0.4012277576410425,0.5,1.0,1.0,0.25,0.5,1.0,1.0,1.0,0.825,0.9303944315545244,0.0,0.0696055684454756,0.0,0.4860788863109049,0.3637737800813704,0.6219505843154236,62.19505843154237,22,1.0,292341,0.0,Very Low (1-4),292341.0,0.832,0.173364345802117,0.7157271308395766,0.6061638587582969,60.61638587582969,279,53.328
Silputa No.3,291790,20.7,189,48,1,a,a,b,,,,,,0.0,No,No,Yes,No,No,No,No,No,c,c,c,c,b,b,b,Yes,a,Yes,b,Yes,Yes,c,c,c,Yes,a,Yes,b,Yes,No,No,No,0.0,9.2,0.5,0.0,0.5,0.5,0.5,7.8,0.0,7.8,1.0,0.75,0.75,0.5,0.0,0.0,0.0,0.0,0.0,0.25,0.25,0.25,0.5,0.25,1.0,1.0,0.5,0.0,0.3888888888888889,0.1095238095238095,0.2311620048807959,0.25,0.5,0.5,0.5,1.0,0.75,1.0,1.0,0.625,0.4444444444444444,0.0241545893719806,0.0,0.072463768115942,0.5289855072463768,0.4183332195754556,0.4261793673575124,42.61793673575124,1102,1.0,291790,0.0,Not listed,291790.0,0.15,0.268533694789948,0.9012932610420104,0.6060577885733214,60.60577885733214,280,27.788
Phatikasua Borbam,291898,169.2,733,151,1,a,b,b,,,,,,0.0,No,Yes,Yes,Yes,No,No,No,No,Yes,b,b,b,b,b,a,a,a,Yes,a,Yes,Yes,a,b,c,a,a,Yes,Yes,Yes,No,No,No,0.0,54.8,2.0,0.0,7.8,2.0,0.0,74.6,0.0,74.6,1.0,0.75,0.5,0.5,0.0,0.0,0.0,0.0,1.0,1.0,0.5,0.5,0.75,0.75,0.75,1.0,1.0,0.0,0.5555555555555556,0.2308321964529331,0.1768884656942124,0.5,0.5,0.5,0.75,0.75,0.75,1.0,1.0,0.7,0.3238770685579196,0.0118203309692671,0.0,0.0579196217494089,0.5254137115839244,0.4137913757974549,0.475869280471933,47.5869280471933,722,1.0,291898,0.0,Not listed,291898.0,0.227,0.171361666792109,0.8976276666415782,0.6053418894498027,60.53418894498027,281,28.864
Chiring Hula No.2,291335,147.2,925,190,1,1,a,a,,,,,,1.0,Yes,Yes,Yes,Yes,No,Yes,No,Yes,Yes,c,Yes,b,Yes,Yes,b,b,b,Yes,a,Yes,Yes,c,c,c,Yes,c,Yes,Yes,Yes,No,No,No,0.0,25.9,0.0,0.0,0.8,3.2,2.2,95.2,0.0,95.2,1.0,1.0,0.75,0.75,0.0,0.0,0.0,1.0,1.0,1.0,0.25,1.0,0.75,0.25,1.0,1.0,1.0,0.0,0.6527777777777778,0.1591351351351351,0.2894783230762206,0.5,1.0,1.0,0.5,0.5,0.5,1.0,1.0,0.775,0.1759510869565217,0.0,0.0,0.0421195652173913,0.5210597826086957,0.4082549825950448,0.5497150217325085,54.971502173250855,180,1.0,291335,0.0,Not listed,291335.0,0.578,0.178542115259728,0.7908915769480545,0.6049644589375338,60.49644589375338,282,17.671
Hatkhula Gaon,291308,223.0,1355,290,1,a,a,a,,,1.0,,,1.0,Yes,Yes,Yes,Yes,No,Yes,No,Yes,Yes,c,Yes,b,Yes,Yes,b,b,b,Yes,a,Yes,Yes,c,c,c,Yes,c,Yes,Yes,Yes,No,No,No,0.0,27.0,0.0,9.8,2.0,5.0,4.0,165.2,0.0,165.2,1.0,0.75,0.75,0.75,1.0,0.0,0.0,1.0,1.0,1.0,0.25,1.0,0.75,0.25,1.0,1.0,1.0,0.0,0.6944444444444444,0.1645756457564575,0.2896070079529405,0.5,1.0,1.0,0.5,0.5,0.5,1.0,1.0,0.775,0.1210762331838565,0.0,0.0,0.0493273542600896,0.5246636771300448,0.4128376428184243,0.5610803916630311,56.10803916630312,136,1.0,291308,0.0,Not listed,291308.0,0.603,0.152106566449514,0.7886786867100972,0.6047988730950377,60.479887309503766,283,14.445
Dikom Sessa 15/154 Orr,291321,480.6,2607,563,1,2,1,1,,,1.0,,,1.0,Yes,Yes,Yes,Yes,No,No,No,Yes,Yes,c,Yes,b,Yes,Yes,b,b,b,Yes,Yes,Yes,Yes,c,c,c,a,c,Yes,Yes,Yes,No,No,No,0.0,223.7,0.0,0.0,5.6,0.0,10.0,217.6,0.0,217.6,1.0,1.0,1.0,1.0,1.0,0.0,0.0,1.0,1.0,1.0,0.25,1.0,1.0,0.25,0.75,1.0,1.0,0.0,0.7361111111111112,0.1843498273878021,0.2900747284120261,0.5,1.0,1.0,0.5,0.5,0.5,1.0,1.0,0.8,0.4654598418643362,0.0,0.0,0.0324594257178526,0.5162297128589264,0.4021131356604873,0.5769690870128819,57.69690870128819,84,1.0,291321,0.0,Not listed,291321.0,0.632,0.153101108234429,0.7797797783531142,0.6047475637933254,60.47475637933254,284,18.761
Agni Pothar Gaon,291313,219.0,860,171,1,a,a,a,,,,,,1.0,No,Yes,Yes,Yes,No,No,No,Yes,Yes,c,a,a,a,a,a,a,a,Yes,a,Yes,Yes,c,c,c,Yes,c,Yes,Yes,Yes,No,No,No,0.0,20.0,0.0,3.0,4.0,0.0,2.0,182.8,0.0,182.8,1.0,0.75,0.75,0.75,0.0,0.0,0.0,0.0,1.0,1.0,0.25,0.75,0.75,0.25,1.0,1.0,1.0,0.0,0.5694444444444444,0.2546511627906976,0.2345947149449273,0.75,0.75,0.75,0.75,0.75,0.75,1.0,1.0,0.8,0.091324200913242,0.0,0.0,0.0273972602739726,0.5136986301369864,0.3988946474269371,0.5207887193327304,52.07887193327304,336,1.0,291313,0.0,Not listed,291313.0,0.539,0.113949134090419,0.8155101731819162,0.604686945123039,60.4686945123039,285,11.229
Dowania Gaon No.1,292409,273.5,1729,358,1,2,1,a,,,,,,1.0,Yes,Yes,Yes,Yes,No,Yes,No,No,Yes,Yes,Yes,b,Yes,Yes,b,b,Yes,Yes,Yes,Yes,Yes,c,b,c,a,Yes,Yes,Yes,Yes,No,No,No,0.0,91.4,0.0,2.7,0.0,0.0,0.0,160.7,0.0,160.7,1.0,1.0,1.0,0.75,0.0,0.0,0.0,1.0,1.0,1.0,1.0,1.0,1.0,0.25,0.75,1.0,1.0,0.0,0.7083333333333334,0.158183921341816,0.2894558239326204,0.5,1.0,1.0,0.5,0.5,1.0,1.0,1.0,0.85,0.3341864716636197,0.0,0.0,0.0,0.5,0.3814756671899529,0.5807424227544791,58.07424227544791,79,1.0,292409,0.0,Not listed,292409.0,0.734,0.0888783933077023,0.7620243213384595,0.6043950345970319,60.43950345970319,286,53.407
Dibrual Changmai,291303,104.2,1300,300,1,a,1,1,,,,,,1.0,Yes,Yes,Yes,Yes,No,No,No,No,Yes,c,a,a,Yes,Yes,a,a,a,Yes,b,Yes,Yes,b,c,b,Yes,c,a,Yes,Yes,No,No,No,0.0,25.1,0.0,0.0,0.0,0.0,0.0,69.0,0.0,69.0,1.0,0.75,1.0,1.0,0.0,0.0,0.0,1.0,1.0,1.0,0.25,0.75,0.5,0.5,1.0,0.75,1.0,0.0,0.6388888888888888,0.0801538461538461,0.2304673145514144,0.75,1.0,1.0,0.75,0.75,0.75,1.0,1.0,0.825,0.2408829174664107,0.0,0.0,0.0,0.5,0.3814756671899529,0.5411341842980664,54.11341842980664,223,1.0,291303,0.0,Not listed,291303.0,0.545,0.126002576745159,0.8112994846509682,0.6043579725767338,60.435797257673386,287,9.135
Borkula (Naohalia No.2 Borkula,291572,86.7,507,103,1,a,a,a,,,,,,0.0,No,No,Yes,Yes,No,No,No,No,Yes,a,Yes,a,Yes,Yes,c,c,Yes,Yes,b,Yes,Yes,c,a,c,Yes,c,Yes,Yes,Yes,No,No,No,0.0,30.1,0.0,0.0,0.0,0.0,46.4,0.0,0.0,0.0,1.0,0.75,0.75,0.75,0.0,0.0,0.0,0.0,1.0,1.0,0.75,1.0,0.5,0.25,1.0,1.0,1.0,0.0,0.5972222222222222,0.1710059171597633,0.2326162465857199,0.75,1.0,1.0,0.25,0.25,1.0,1.0,1.0,0.775,0.3471741637831603,0.0,0.0,0.5351787773933102,0.7675893886966552,0.7217384691433136,0.5843073110306483,58.43073110306483,72,1.0,291572,0.0,Not listed,291572.0,0.87,0.158702541575398,0.7072594916849204,0.6043186286918952,60.43186286918952,288,45.723
Borbill Gaon No.1,291233,204.7,644,131,1,a,b,c,,,,,,1.0,No,No,Yes,No,No,No,No,Yes,Yes,c,c,c,Yes,Yes,a,a,a,Yes,a,Yes,Yes,c,c,c,Yes,c,Yes,Yes,Yes,No,No,No,0.0,32.2,0.0,0.0,6.1,0.0,0.0,161.8,0.0,161.8,1.0,0.75,0.5,0.25,0.0,0.0,0.0,0.0,0.0,1.0,0.25,0.25,0.75,0.25,1.0,1.0,1.0,0.0,0.4444444444444444,0.3178571428571428,0.236089731556223,0.25,1.0,1.0,0.75,0.75,0.75,1.0,1.0,0.75,0.1573033707865168,0.0,0.0,0.0297997068881289,0.5148998534440645,0.4004221056353097,0.4752179651272288,47.52179651272288,727,1.0,291233,0.0,Not listed,291233.0,0.428,0.167650926034949,0.8380698147930102,0.6043136746515564,60.43136746515564,289,14.827
Tingkhong Gaon,291085,331.7,1358,255,2,2,a,a,,,1.0,,,1.0,Yes,Yes,Yes,Yes,Yes,No,No,Yes,Yes,b,b,b,Yes,b,a,a,a,Yes,b,Yes,Yes,a,a,a,a,b,Yes,Yes,Yes,No,No,No,0.0,115.0,0.0,0.0,4.1,8.0,0.0,195.0,0.0,195.0,1.0,1.0,0.75,0.75,1.0,0.0,0.0,1.0,1.0,1.0,0.5,0.5,0.5,0.75,0.75,1.0,1.0,0.0,0.6944444444444444,0.2442562592047128,0.2343488433752194,0.5,1.0,0.5,0.75,0.75,0.75,1.0,1.0,0.725,0.3466988242387699,0.0,0.0,0.0364787458546879,0.518239372927344,0.4046685903785693,0.5306320400306299,53.06320400306299,272,0.833576642611311,291085,0.0,Not listed,291085.0,0.402,0.147857072363452,0.8498285855273096,0.604218933611514,60.421893361151405,290,6.013
Mudai Gaon,291423,271.0,1611,312,2,2,b,c,,,,,,1.0,No,No,Yes,Yes,No,No,No,No,Yes,b,Yes,b,Yes,Yes,a,a,Yes,Yes,Yes,Yes,Yes,c,b,c,Yes,a,Yes,Yes,Yes,No,No,Yes,0.0,12.1,9.7,12.2,37.1,0.0,0.0,160.0,0.0,160.0,1.0,1.0,0.5,0.25,0.0,0.0,0.0,0.0,1.0,1.0,0.5,1.0,1.0,0.25,1.0,1.0,1.0,1.0,0.6388888888888888,0.1682184978274363,0.2896931726536995,0.5,1.0,1.0,0.75,0.75,1.0,1.0,1.0,0.9,0.0446494464944649,0.0357933579335793,0.0,0.13690036900369,0.5577121771217712,0.4548616380983277,0.5931178430053127,59.31178430053127,56,1.0,291423,0.0,Not listed,291423.0,0.856,0.171843111988266,0.7088313776023468,0.6041850899191128,60.41850899191128,291,30.27
Metekani Gaon,291128,93.2,835,167,1,b,b,b,,,,,,1.0,No,Yes,Yes,No,No,No,No,No,c,c,a,c,a,a,a,a,a,Yes,b,Yes,Yes,a,b,b,Yes,c,Yes,Yes,No,No,No,No,0.0,3.5,0.0,0.0,0.0,1.5,0.2,87.2,0.0,87.2,1.0,0.5,0.5,0.5,0.0,0.0,0.0,0.0,0.0,0.25,0.25,0.75,0.5,0.75,1.0,1.0,1.0,0.0,0.4444444444444444,0.1116167664670658,0.1740686526327858,0.25,0.75,0.75,0.75,0.75,0.75,1.0,1.0,0.725,0.0375536480686695,0.0,0.0,0.0182403433476394,0.5091201716738197,0.3930727457704772,0.450742823423403,45.074282342340304,937,1.0,291128,0.0,Not listed,291128.0,0.243,0.177604707111261,0.8915790585777478,0.6041096984548672,60.41096984548672,292,18.809
Moud T.E.,291466,355.2,510,99,1,a,a,b,,,,,,0.0,No,No,Yes,No,No,No,No,No,Yes,c,Yes,b,b,b,a,a,Yes,Yes,b,Yes,Yes,b,b,c,a,c,Yes,Yes,Yes,No,No,No,0.0,50.0,0.0,0.0,201.0,0.0,0.0,104.2,0.0,104.2,1.0,0.75,0.75,0.5,0.0,0.0,0.0,0.0,0.0,1.0,0.25,1.0,0.5,0.5,0.75,1.0,1.0,0.0,0.5,0.6964705882352941,0.1879022515707991,0.5,0.5,0.5,0.75,0.75,1.0,1.0,1.0,0.75,0.1407657657657657,0.0,0.0,0.5658783783783784,0.7829391891891893,0.741257053757054,0.5452269736441105,54.52269736441105,199,1.0,291466,0.0,Not listed,291466.0,0.787,0.12024091493436,0.739851817013128,0.6041048477615091,60.41048477615091,293,30.602
Mohanbari 31/160 Orr,291297,302.9,2094,415,3,a,b,b,,,,,,1.0,Yes,Yes,Yes,Yes,No,No,Yes,No,Yes,c,a,a,Yes,a,a,a,a,Yes,a,Yes,Yes,c,a,c,Yes,c,a,Yes,Yes,Yes,No,No,0.0,135.8,0.0,0.0,7.0,0.0,9.0,131.0,0.0,131.0,1.0,0.75,0.5,0.5,0.0,0.0,0.0,1.0,1.0,1.0,0.25,0.75,0.75,0.25,1.0,0.75,1.0,0.0,0.5833333333333334,0.1446513849092645,0.2319928805140918,0.75,1.0,0.75,0.75,0.75,0.75,1.0,1.0,0.825,0.4483327830967317,0.0,0.0,0.0528227137669197,0.5264113568834599,0.4150599671516523,0.5343435468921868,53.43435468921868,253,1.0,291297,0.0,Not listed,291297.0,0.611,0.0993116828296664,0.7968376634340667,0.6039922805748975,60.39922805748975,294,12.346
Borbil Khaliamari Gaon,291715,29.0,410,90,2,,b,b,,,,,,0.0,Yes,No,Yes,Yes,No,No,No,No,Yes,c,b,c,b,b,b,b,b,Yes,b,Yes,Yes,a,b,b,Yes,a,Yes,a,Yes,No,No,No,0.0,0.0,0.0,0.0,0.0,0.0,0.0,29.0,0.0,29.0,1.0,0.0,0.5,0.5,0.0,0.0,0.0,1.0,1.0,1.0,0.25,0.5,0.5,0.75,1.0,1.0,0.75,0.0,0.5416666666666666,0.0707317073170731,0.287387309014821,0.25,0.5,0.5,0.5,0.5,0.5,1.0,1.0,0.575,0.0,0.0,0.0,0.0,0.5,0.3814756671899529,0.4560586273583625,45.60586273583625,892,0.987323943682959,291715,0.0,Not listed,291715.0,0.249,0.13155961901633,0.8989880761967339,0.6036634078108918,60.36634078108918,295,21.805
Rashi Pather No.2,291985,116.6,681,156,1,a,b,b,,,,,,0.0,No,No,Yes,Yes,No,No,No,No,Yes,a,Yes,b,b,b,b,b,Yes,Yes,b,Yes,Yes,a,b,c,a,b,Yes,Yes,Yes,No,No,No,0.0,20.0,10.0,0.0,5.0,0.0,0.0,41.5,0.0,41.5,1.0,0.75,0.5,0.5,0.0,0.0,0.0,0.0,1.0,1.0,0.75,1.0,0.5,0.75,0.75,1.0,1.0,0.0,0.5833333333333334,0.1712187958883994,0.1754784246821735,0.5,0.5,0.5,0.5,0.5,1.0,1.0,1.0,0.7,0.1715265866209262,0.0857632933104631,0.0,0.0428816466552315,0.4957118353344768,0.3760228989339501,0.4749075192906667,47.49075192906667,734,1.0,291985,0.0,Not listed,291985.0,0.157,0.22286806538043,0.908326386923914,0.6036035957802014,60.36035957802014,296,33.633
Nalani Kapahua No.3,292030,97.3,317,63,1,a,a,c,,,,,,0.0,No,Yes,Yes,Yes,No,No,No,No,c,c,a,a,a,a,c,c,c,Yes,c,Yes,Yes,b,c,b,Yes,c,Yes,a,Yes,No,No,No,0.0,2.7,2.7,0.0,0.0,0.0,45.9,45.9,0.0,45.9,1.0,0.75,0.75,0.25,0.0,0.0,0.0,0.0,1.0,0.25,0.25,0.75,0.25,0.5,1.0,1.0,0.75,0.0,0.4722222222222222,0.3069400630914826,0.2358315089073637,0.75,0.75,0.75,0.25,0.25,0.25,1.0,1.0,0.6,0.0277492291880781,0.0277492291880781,0.0,0.4717368961973278,0.7275436793422405,0.6708169234964128,0.4911768174816791,49.11768174816791,585,1.0,292030,0.0,Not listed,292030.0,0.503,0.196189884809785,0.809862023038043,0.6035252249665201,60.35252249665201,297,28.469
Dulia Mahorani Gaon,291145,108.6,352,80,1,a,a,a,,,,,,1.0,No,Yes,Yes,No,No,No,No,Yes,Yes,c,a,c,a,a,a,a,a,Yes,a,Yes,Yes,c,a,c,Yes,c,Yes,a,Yes,No,No,No,0.0,7.4,0.0,1.2,0.4,0.9,0.0,97.0,0.0,97.0,1.0,0.75,0.75,0.75,0.0,0.0,0.0,0.0,0.0,1.0,0.25,0.75,0.75,0.25,1.0,1.0,0.75,0.0,0.5,0.3085227272727273,0.2358689438025837,0.25,0.75,0.75,0.75,0.75,0.75,1.0,1.0,0.75,0.0681399631675874,0.0,0.0,0.0119705340699815,0.5059852670349908,0.3890864463082301,0.4867845252122919,48.67845252122919,625,1.0,291145,0.0,Not listed,291145.0,0.41,0.183310330590991,0.8403379338818018,0.6034653764496012,60.34653764496012,298,8.301
Chakali Bhoria Gaon,291605,132.0,900,193,2,1,1,a,,,,,,0.0,Yes,Yes,Yes,No,No,Yes,No,No,Yes,a,Yes,c,a,Yes,c,b,Yes,Yes,b,Yes,Yes,Yes,c,c,Yes,Yes,Yes,Yes,Yes,No,No,No,0.0,25.0,0.0,1.5,0.0,0.0,0.0,50.0,0.0,50.0,1.0,1.0,1.0,0.75,0.0,0.0,0.0,1.0,0.0,1.0,0.75,1.0,0.5,1.0,1.0,1.0,1.0,0.0,0.6666666666666666,0.1466666666666666,0.3463262624366435,0.25,0.75,1.0,0.25,0.5,1.0,1.0,1.0,0.725,0.1893939393939394,0.0,0.0,0.0,0.5,0.3814756671899529,0.5470433657138181,54.70433657138181,193,1.0,291605,0.0,Not listed,291605.0,0.666,0.0708420416693599,0.786031591666128,0.6032155523541051,60.32155523541051,299,27.68
Jerai,291430,365.2,1664,362,2,b,b,c,,,1.0,,,1.0,Yes,Yes,Yes,Yes,Yes,Yes,No,No,Yes,b,Yes,b,Yes,Yes,a,Yes,Yes,Yes,Yes,Yes,Yes,c,b,c,a,b,Yes,Yes,Yes,No,Yes,Yes,0.0,10.0,9.1,20.4,19.6,0.0,0.0,176.1,0.0,176.1,1.0,0.5,0.5,0.25,1.0,0.0,0.0,1.0,1.0,1.0,0.5,1.0,1.0,0.25,0.75,1.0,1.0,1.0,0.7083333333333334,0.2194711538461538,0.2909054562388991,0.5,1.0,1.0,0.75,1.0,1.0,1.0,1.0,0.925,0.0273822562979189,0.0249178532311062,0.0,0.0536692223439211,0.5193592552026287,0.4060926165056974,0.6085282206941978,60.85282206941977,32,1.0,291430,0.0,Not listed,291430.0,0.861,0.153377696979553,0.7110244606040894,0.6030500407772152,60.30500407772153,300,31.591
Dewanbari Bagisha,291129,143.0,543,112,1,a,a,a,,,,,,1.0,No,No,Yes,No,No,No,No,No,Yes,c,a,c,b,b,b,b,b,Yes,a,Yes,Yes,a,a,a,Yes,c,Yes,Yes,Yes,No,No,No,0.0,123.0,0.0,0.0,0.0,0.0,0.0,16.5,0.0,16.5,1.0,0.75,0.75,0.75,0.0,0.0,0.0,0.0,0.0,1.0,0.25,0.75,0.75,0.75,1.0,1.0,1.0,0.0,0.5416666666666666,0.2633517495395948,0.2348005106893164,0.25,0.5,0.5,0.5,0.5,0.5,1.0,1.0,0.625,0.8601398601398601,0.0,0.0,0.0,0.5,0.3814756671899529,0.4579119277769863,45.79119277769863,882,1.0,291129,0.0,Not listed,291129.0,0.235,0.120931705298477,0.9053136589403046,0.6030469413269439,60.3046941326944,301,20.518
Modhupur Nepali F.V.,291247,126.0,562,107,1,2,1,c,,1.0,,,,1.0,No,Yes,Yes,Yes,No,No,No,No,Yes,c,Yes,b,Yes,Yes,c,c,c,Yes,b,Yes,Yes,a,c,c,a,c,Yes,Yes,Yes,No,No,No,0.0,20.8,0.0,0.0,0.0,0.0,0.0,105.2,0.0,105.2,1.0,1.0,1.0,0.25,0.0,1.0,0.0,0.0,1.0,1.0,0.25,1.0,0.5,0.75,0.75,1.0,1.0,0.0,0.6388888888888888,0.2241992882562277,0.1767315769326609,0.5,1.0,1.0,0.25,0.25,0.25,1.0,1.0,0.675,0.165079365079365,0.0,0.0,0.0,0.5,0.3814756671899529,0.482700249893378,48.270024989337806,660,1.0,291247,0.0,Not listed,291247.0,0.197,0.125156708150023,0.9158686583699954,0.6027517076596564,60.27517076596563,302,21.039
Bhogamur Gaon,291173,253.6,726,150,1,1,b,b,,,,,,1.0,No,Yes,Yes,Yes,Yes,No,No,Yes,Yes,c,b,c,Yes,b,b,b,b,Yes,b,Yes,Yes,b,c,c,Yes,c,Yes,Yes,Yes,No,No,No,0.0,56.2,0.0,16.2,0.0,0.0,0.0,181.1,0.0,181.1,1.0,1.0,0.5,0.5,0.0,0.0,0.0,0.0,1.0,1.0,0.25,0.5,0.5,0.5,1.0,1.0,1.0,0.0,0.5416666666666666,0.3493112947658402,0.2368337193806074,0.25,1.0,0.5,0.5,0.5,0.5,1.0,1.0,0.625,0.221608832807571,0.0,0.0,0.0,0.5,0.3814756671899529,0.4584202299498091,45.84202299498092,874,1.0,291173,0.0,Not listed,291173.0,0.257,0.0983316414033523,0.9032336717193296,0.6027232486113766,60.27232486113766,303,19.13
Demowkinar Bongali,291871,103.6,396,79,1,a,b,b,,,,,,0.0,No,Yes,Yes,Yes,Yes,No,No,No,a,c,c,c,b,c,c,a,a,Yes,b,Yes,Yes,a,c,c,Yes,b,Yes,a,Yes,No,No,No,0.0,16.7,0.6,0.0,1.0,1.0,1.0,65.8,0.0,65.8,1.0,0.75,0.5,0.5,0.0,0.0,0.0,0.0,1.0,0.75,0.25,0.25,0.5,0.75,1.0,1.0,0.75,0.0,0.5,0.2616161616161616,0.2347594586753588,0.25,0.5,0.25,0.25,0.75,0.75,1.0,1.0,0.55,0.1611969111969112,0.0057915057915057,0.0,0.0289575289575289,0.5127413127413127,0.3976773364528467,0.428225331959409,42.822533195940906,1091,1.0,291871,0.0,Not listed,291871.0,0.158,0.0833049256491498,0.93593901487017,0.6027170710848346,60.27170710848346,304,30.51
Sessakiner  Bridhi Blook,291179,55.9,108,22,a,a,b,b,,,,,,0.0,No,No,Yes,No,Yes,No,No,No,c,c,a,c,a,a,a,a,a,Yes,a,a,Yes,a,c,c,Yes,c,a,a,No,No,No,No,0.0,25.0,0.0,0.0,0.0,0.0,0.0,30.9,0.0,30.9,0.75,0.75,0.5,0.5,0.0,0.0,0.0,0.0,0.0,0.25,0.25,0.75,0.75,0.75,1.0,0.75,0.75,0.0,0.4305555555555556,0.5175925925925926,0.0693855203053626,0.25,0.75,0.75,0.75,0.75,0.75,1.0,1.0,0.75,0.4472271914132379,0.0,0.0,0.0,0.5,0.3814756671899529,0.4262804024032201,42.628040240322015,1100,1.0,291179,0.0,Not listed,291179.0,0.166,0.0259858853839284,0.9450028229232144,0.6025688593241193,60.25688593241193,305,23.992
Lonboi No.341 Nlr,292174,110.9,330,65,1,a,a,b,,,,,,1.0,Yes,No,Yes,No,No,No,No,No,b,c,Yes,c,b,a,c,Yes,Yes,Yes,b,Yes,Yes,c,b,b,a,a,Yes,a,Yes,No,No,No,0.0,13.4,0.0,0.0,0.0,0.0,0.0,17.3,0.0,17.3,1.0,0.75,0.75,0.5,0.0,0.0,0.0,1.0,0.0,0.5,0.25,1.0,0.5,0.25,0.75,1.0,0.75,0.0,0.5,0.336060606060606,0.2365202996740447,0.25,0.5,0.75,0.25,1.0,1.0,1.0,1.0,0.725,0.12082957619477,0.0,0.0,0.0,0.5,0.3814756671899529,0.4779252083565018,47.79252083565018,708,1.0,292174,0.0,Not listed,292174.0,0.43,0.0908391050213059,0.8528321789957388,0.6024842965952997,60.24842965952997,306,37.221
Chakalia Gaon,291901,72.3,912,199,2,2,a,a,,,,,,1.0,Yes,No,Yes,Yes,No,No,No,No,Yes,a,Yes,a,a,a,Yes,b,Yes,Yes,b,Yes,Yes,b,a,c,Yes,a,Yes,Yes,Yes,No,No,No,0.0,7.5,0.0,6.6,1.3,0.0,0.5,54.4,0.0,54.4,1.0,1.0,0.75,0.75,0.0,0.0,0.0,1.0,1.0,1.0,0.75,1.0,0.5,0.5,1.0,1.0,1.0,0.0,0.6805555555555556,0.0792763157894736,0.2875894153913035,0.75,0.75,0.75,1.0,0.5,1.0,1.0,1.0,0.825,0.1037344398340249,0.0,0.0,0.0248962655601659,0.5124481327800829,0.3973045330484571,0.5689971493464061,56.89971493464061,107,1.0,291901,0.25,Low (5-8),291901.0,0.271,0.151895129343671,0.7633209741312659,0.6018214234576008,60.18214234576008,307,27.522
Tepar Pather Gaon,291119,223.7,349,65,1,a,a,c,,,,,,1.0,No,Yes,Yes,No,No,No,No,No,c,c,a,a,a,a,b,b,b,Yes,a,Yes,Yes,c,c,c,Yes,c,a,a,No,No,No,No,0.0,17.8,0.0,0.0,25.1,1.7,0.0,176.5,0.0,176.5,1.0,0.75,0.75,0.25,0.0,0.0,0.0,0.0,0.0,0.25,0.25,0.75,0.75,0.25,1.0,0.75,0.75,0.0,0.4166666666666667,0.6409742120343839,0.1294467337556471,0.75,0.75,0.75,0.5,0.5,0.5,1.0,1.0,0.725,0.0795708538220831,0.0,0.0,0.1198033080017881,0.5599016540008941,0.4576457452758622,0.4455574991607509,44.55574991607509,970,1.0,291119,0.0,Not listed,291119.0,0.315,0.0803725168709259,0.8894254966258148,0.601778743880617,60.1778743880617,308,12.6
Bijulibari T.E.,291516,178.0,2482,510,1,a,a,a,,,,,,1.0,Yes,No,Yes,Yes,No,No,No,No,Yes,a,Yes,a,Yes,Yes,c,b,Yes,Yes,Yes,Yes,Yes,c,a,b,Yes,c,Yes,Yes,Yes,No,No,No,0.0,10.0,0.0,0.0,0.0,0.0,0.0,68.0,0.0,68.0,1.0,0.75,0.75,0.75,0.0,0.0,0.0,1.0,1.0,1.0,0.75,1.0,1.0,0.25,1.0,1.0,1.0,0.0,0.6805555555555556,0.0717163577759871,0.3445534561816734,0.75,1.0,1.0,0.25,0.5,1.0,1.0,1.0,0.85,0.0561797752808988,0.0,0.0,0.0,0.5,0.3814756671899529,0.5875723863722979,58.75723863722979,65,1.0,291516,0.0,Not listed,291516.0,0.869,0.0946957706418142,0.7203608458716372,0.6015040524725662,60.15040524725662,309,42.915
Teporchal Bamgaon,291868,148.8,651,112,1,a,b,b,,,,,,0.0,No,Yes,Yes,Yes,No,No,No,No,Yes,c,Yes,c,c,c,c,Yes,Yes,Yes,b,Yes,Yes,a,c,c,a,b,Yes,Yes,Yes,No,No,No,0.0,13.5,0.0,0.0,0.1,0.0,0.7,128.0,0.0,128.0,1.0,0.75,0.5,0.5,0.0,0.0,0.0,0.0,1.0,1.0,0.25,1.0,0.5,0.75,0.75,1.0,1.0,0.0,0.5555555555555556,0.2285714285714286,0.1768349915524685,0.25,0.25,0.25,0.25,1.0,1.0,1.0,1.0,0.65,0.0907258064516128,0.0,0.0,0.0053763440860215,0.5026881720430108,0.3848939079353826,0.4550764183640826,45.50764183640826,898,1.0,291868,0.0,Not listed,291868.0,0.12,0.202387534766288,0.9235224930467424,0.6013518312971214,60.13518312971215,310,32.874
Lepetkatta Bangla Block,291135,18.7,152,44,a,a,b,b,,,,,,1.0,Yes,No,Yes,Yes,No,No,No,No,Yes,c,a,b,b,b,a,a,a,Yes,a,Yes,Yes,c,b,c,Yes,c,a,a,Yes,No,No,No,0.0,2.0,0.0,0.0,0.7,0.0,0.0,16.0,0.0,16.0,0.75,0.75,0.5,0.5,0.0,0.0,0.0,1.0,1.0,1.0,0.25,0.75,0.75,0.25,1.0,0.75,0.75,0.0,0.5555555555555556,0.1230263157894736,0.1743385237074289,0.5,0.5,0.5,0.75,0.75,0.75,1.0,1.0,0.725,0.106951871657754,0.0,0.0,0.0374331550802139,0.518716577540107,0.4052753968720357,0.4810285991901533,48.10285991901533,681,1.0,291135,0.0,Not listed,291135.0,0.34,0.0907565217127841,0.8798486956574432,0.6013154187206399,60.131541872063984,311,11.858
Bamunbari 320 No.Nlr Grant,291832,157.2,224,45,1,,1,a,,,,,,0.0,No,No,Yes,Yes,No,No,No,No,Yes,a,a,b,a,a,b,Yes,a,Yes,b,Yes,Yes,a,b,a,Yes,c,a,a,Yes,No,No,No,0.0,4.4,12.5,0.0,0.0,1.5,3.1,7.2,0.0,7.2,1.0,0.0,1.0,0.75,0.0,0.0,0.0,0.0,1.0,1.0,0.75,0.75,0.5,0.75,1.0,0.75,0.75,0.0,0.5555555555555556,0.7017857142857142,0.1880279707152243,0.5,0.75,0.75,0.5,1.0,0.75,1.0,1.0,0.75,0.0279898218829516,0.0795165394402035,0.0,0.0292620865139949,0.4907760814249364,0.3697466655481923,0.4848452146773334,48.484521467733344,641,1.0,291832,0.0,Not listed,291832.0,0.355,0.109660218411831,0.8715679563176337,0.6010961750380884,60.10961750380884,312,25.559
Changmai Garia Gaon,291142,245.0,1882,407,1,2,a,a,,,,,,1.0,Yes,Yes,Yes,Yes,No,No,No,Yes,Yes,c,Yes,c,Yes,a,a,a,a,Yes,Yes,Yes,Yes,b,a,b,Yes,c,Yes,Yes,Yes,No,No,No,0.0,34.0,0.0,0.0,5.0,0.0,0.0,199.0,0.0,199.0,1.0,1.0,0.75,0.75,0.0,0.0,0.0,1.0,1.0,1.0,0.25,1.0,1.0,0.5,1.0,1.0,1.0,0.0,0.6805555555555556,0.1301806588735388,0.3459363174428507,0.25,1.0,0.75,0.75,0.75,0.75,1.0,1.0,0.825,0.1387755102040816,0.0,0.0,0.0204081632653061,0.5102040816326531,0.3944510300195432,0.5830131742535102,58.301317425351016,76,1.0,291142,0.25,Low (5-8),291142.0,0.387,0.164837389532605,0.725932522093479,0.6010247427010358,60.10247427010358,313,9.161
Mereli Pathar,291434,174.6,2645,551,2,2,c,c,,,1.0,,,1.0,Yes,No,Yes,Yes,No,No,No,No,a,a,Yes,a,a,a,a,a,Yes,Yes,Yes,Yes,Yes,a,a,a,a,c,Yes,Yes,Yes,No,Yes,Yes,0.0,5.8,0.1,3.2,2.6,0.0,0.0,85.0,0.0,85.0,1.0,1.0,0.25,0.25,1.0,0.0,0.0,1.0,1.0,0.75,0.75,1.0,1.0,0.75,0.75,1.0,1.0,1.0,0.75,0.0660113421550094,0.287275657802052,0.75,0.75,0.75,0.75,0.75,1.0,1.0,1.0,0.875,0.0332187857961053,0.0005727376861397,0.0,0.0148911798396334,0.5072737686139748,0.3907248863066241,0.5999638917118378,59.996389171183786,43,1.0,291434,0.0,Not listed,291434.0,0.79,0.123010482893987,0.7383979034212026,0.6007868087649877,60.078680876498765,314,26.289
Modhupur Baragharia F.V.,291248,19.2,311,48,2,a,a,c,,,,,,1.0,No,Yes,Yes,Yes,No,No,No,Yes,Yes,c,Yes,b,Yes,Yes,c,c,c,Yes,b,Yes,Yes,a,c,b,a,c,Yes,a,Yes,No,No,No,0.0,3.2,0.0,0.0,0.0,0.0,0.0,16.0,0.0,16.0,1.0,0.75,0.75,0.25,0.0,0.0,0.0,0.0,1.0,1.0,0.25,1.0,0.5,0.75,0.75,1.0,0.75,0.0,0.5416666666666666,0.0617363344051446,0.1728888263816497,0.5,1.0,1.0,0.25,0.25,0.25,1.0,1.0,0.675,0.1666666666666666,0.0,0.0,0.0,0.5,0.3814756671899529,0.4574340067000697,45.74340067000697,884,1.0,291248,0.0,Not listed,291248.0,0.17,0.178370442204536,0.9133259115590928,0.6007739212975426,60.07739212975426,315,22.898
Janzi Mukh N.C.,291202,67.0,79,17,1,a,a,a,,,,,,1.0,No,No,Yes,Yes,No,No,No,No,Yes,c,Yes,c,a,a,b,b,b,b,a,a,Yes,a,c,b,a,c,Yes,a,Yes,No,No,No,0.0,10.0,0.0,0.0,0.0,0.0,0.0,57.0,0.0,57.0,1.0,0.75,0.75,0.75,0.0,0.0,0.0,0.0,1.0,1.0,0.25,1.0,0.75,0.75,0.75,1.0,0.75,0.0,0.5833333333333334,0.8481012658227848,0.1914887853376517,0.25,0.75,0.75,0.5,0.5,0.5,0.5,1.0,0.65,0.1492537313432835,0.0,0.0,0.0,0.5,0.3814756671899529,0.4650006631057369,46.50006631057369,815,1.0,291202,0.0,Not listed,291202.0,0.165,0.182411882785099,0.9140176234429802,0.600700595790098,60.07005957900981,316,25.282
Mahkhowa No.3,292124,171.2,530,105,1,a,b,b,,,,,,2.0,Yes,No,Yes,No,No,No,No,No,a,b,Yes,c,b,a,c,a,Yes,Yes,a,Yes,Yes,a,c,a,a,Yes,Yes,Yes,Yes,No,No,No,0.0,27.3,0.0,0.0,0.0,0.0,0.0,93.8,0.0,93.8,1.0,0.75,0.5,0.5,0.0,0.0,0.0,1.0,0.0,0.75,0.5,1.0,0.75,0.75,0.75,1.0,1.0,0.0,0.5694444444444444,0.3230188679245283,0.2362118222936907,0.25,0.5,0.75,0.25,0.75,1.0,1.0,1.0,0.725,0.1594626168224299,0.0,0.0,0.0,0.5,0.3814756671899529,0.4952092001225244,49.52092001225244,543,1.0,292124,0.0,Not listed,292124.0,0.41,0.143247257136746,0.8483505485726508,0.6006145250809759,60.06145250809759,317,36.039
Diksom Kiner,292110,230.7,1077,218,1,2,a,c,,,,,,1.0,Yes,No,Yes,No,No,No,No,No,Yes,c,Yes,c,c,c,c,c,Yes,Yes,b,Yes,Yes,b,c,b,Yes,Yes,Yes,Yes,Yes,No,No,No,0.0,15.8,0.0,0.0,21.6,0.0,0.0,193.3,0.0,193.3,1.0,1.0,0.75,0.25,0.0,0.0,0.0,1.0,0.0,1.0,0.25,1.0,0.5,0.5,1.0,1.0,1.0,0.0,0.5694444444444444,0.2142061281337047,0.2907809221221789,0.25,0.25,0.25,0.25,0.25,1.0,1.0,1.0,0.575,0.0684872128305158,0.0,0.0,0.0936280884265279,0.546814044213264,0.4410037296903357,0.4757570875797229,47.57570875797229,723,1.0,292110,0.0,Not listed,292110.0,0.351,0.140877171164438,0.8665245657671123,0.60045561629094,60.045561629094,318,33.063
June Gaon,291786,100.2,689,132,1,a,a,a,,,,,,0.0,No,No,Yes,Yes,No,No,No,No,Yes,c,b,c,a,a,b,c,a,Yes,a,Yes,Yes,a,c,c,a,c,Yes,Yes,Yes,No,No,No,0.0,10.0,11.0,0.0,0.6,2.4,0.0,73.8,0.0,73.8,1.0,0.75,0.75,0.75,0.0,0.0,0.0,0.0,1.0,1.0,0.25,0.5,0.75,0.75,0.75,1.0,1.0,0.0,0.5694444444444444,0.1454281567489114,0.1748683964239464,0.25,0.75,0.75,0.5,0.25,0.75,1.0,1.0,0.65,0.0998003992015968,0.1097804391217564,0.0,0.029940119760479,0.4820359281437126,0.3586328128672013,0.452804772790538,45.2804772790538,922,1.0,291786,0.0,Not listed,291786.0,0.103,0.187499851179125,0.931600029764175,0.6001520329417368,60.01520329417368,319,30.636
Teloikinar Bongali,291888,98.1,440,90,1,a,a,a,,,,,,0.0,Yes,Yes,Yes,Yes,No,No,No,No,Yes,c,b,b,b,b,c,b,b,Yes,a,Yes,Yes,a,c,c,Yes,Yes,Yes,a,Yes,No,No,No,0.0,6.8,2.0,0.0,0.0,1.8,0.0,83.0,0.0,83.0,1.0,0.75,0.75,0.75,0.0,0.0,0.0,1.0,1.0,1.0,0.25,0.5,0.75,0.75,1.0,1.0,0.75,0.0,0.625,0.2229545454545454,0.2909878492072973,0.5,0.5,0.5,0.25,0.5,0.5,1.0,1.0,0.6,0.0693170234454638,0.0203873598369011,0.0,0.018348623853211,0.5030581039755352,0.3853643080379647,0.4860698239094173,48.60698239094173,629,1.0,291888,0.0,Not listed,291888.0,0.34,0.124609693492098,0.8730780613015804,0.5997828330281512,59.97828330281512,320,26.051
Balijan T.E.,291405,131.0,5859,1160,1,a,a,a,,,1.0,,,1.0,Yes,Yes,Yes,Yes,No,Yes,No,No,Yes,c,Yes,b,Yes,b,b,b,b,Yes,Yes,Yes,Yes,Yes,b,c,Yes,c,Yes,Yes,Yes,No,Yes,No,0.0,16.1,0.0,0.0,0.0,0.0,0.0,106.7,0.0,106.7,1.0,0.75,0.75,0.75,1.0,0.0,0.0,1.0,1.0,1.0,0.25,1.0,1.0,1.0,1.0,1.0,1.0,0.0,0.75,0.0223587642942481,0.4005288538203633,0.5,1.0,0.5,0.5,0.5,0.5,1.0,1.0,0.75,0.1229007633587786,0.0,0.0,0.0,0.5,0.3814756671899529,0.5889273468930813,58.892734689308135,63,1.0,291405,0.0,Not listed,291405.0,0.842,0.0865388401038836,0.7300922319792233,0.5993904563252731,59.93904563252731,321,27.783
Garchinga (Gorginga),292187,178.7,584,123,1,a,a,a,,,1.0,,,0.0,Yes,Yes,Yes,No,No,Yes,No,No,Yes,c,Yes,c,c,b,c,a,Yes,Yes,a,Yes,Yes,c,c,c,a,c,Yes,Yes,Yes,No,No,No,0.0,52.2,0.0,0.0,0.0,0.0,0.0,73.0,0.0,73.0,1.0,0.75,0.75,0.75,1.0,0.0,0.0,1.0,0.0,1.0,0.25,1.0,0.75,0.25,0.75,1.0,1.0,0.0,0.625,0.3059931506849315,0.2358091115048435,0.25,0.25,0.5,0.25,0.75,1.0,1.0,1.0,0.675,0.2921096810296587,0.0,0.0,0.0,0.5,0.3814756671899529,0.4939974113142015,49.39974113142015,556,1.0,292187,0.0,Not listed,292187.0,0.345,0.129817456215776,0.8705365087568449,0.5993882314574418,59.93882314574418,322,38.102
Dikom Sessa Gaon,291322,724.8,3227,645,3,1,b,c,,,1.0,,,1.0,Yes,Yes,Yes,No,No,No,No,Yes,Yes,c,Yes,b,b,b,b,b,b,Yes,Yes,Yes,Yes,c,c,c,Yes,c,Yes,Yes,Yes,No,No,No,0.0,50.3,0.0,16.2,10.1,10.9,15.2,220.5,0.0,220.5,1.0,1.0,0.5,0.25,1.0,0.0,0.0,1.0,0.0,1.0,0.25,1.0,1.0,0.25,1.0,1.0,1.0,0.0,0.625,0.2246048961884102,0.3481697422413628,0.5,0.5,0.5,0.5,0.5,0.5,1.0,1.0,0.7,0.0693984547461368,0.0,0.0,0.0499448123620309,0.5249724061810155,0.4132302182207575,0.5359384792044922,53.59384792044922,246,1.0,291322,0.0,Not listed,291322.0,0.658,0.136806914737974,0.7752386170524053,0.5991224151144164,59.91224151144164,323,19.793
2 No. Naohalia,291571,296.2,2432,476,3,2,1,a,,,1.0,,,1.0,Yes,Yes,Yes,No,No,Yes,No,No,Yes,Yes,Yes,Yes,a,Yes,c,a,Yes,Yes,Yes,Yes,Yes,a,c,a,Yes,c,Yes,Yes,Yes,No,Yes,No,0.0,50.0,0.0,0.0,0.0,0.0,0.0,90.0,0.0,90.0,1.0,1.0,1.0,0.75,1.0,0.0,0.0,1.0,0.0,1.0,1.0,1.0,1.0,0.75,1.0,1.0,1.0,0.0,0.75,0.1217927631578947,0.3457379178070011,1.0,0.75,1.0,0.25,0.75,1.0,1.0,1.0,0.875,0.1688048615800135,0.0,0.0,0.0,0.5,0.3814756671899529,0.6127296128897408,61.27296128897408,26,1.0,291571,0.0,Not listed,291571.0,0.881,0.178165075912136,0.7000669848175728,0.5986826234572723,59.86826234572723,324,45.882
Namrup Chah Bagicha (S/F) Rly,292373,1489.2,1583,328,1,2,1,1,,1.0,,,,1.0,No,Yes,Yes,Yes,Yes,Yes,No,No,Yes,Yes,Yes,Yes,Yes,Yes,c,c,Yes,Yes,Yes,Yes,Yes,c,a,c,a,Yes,Yes,Yes,Yes,No,Yes,No,0.0,0.0,0.0,0.0,0.0,0.0,0.0,1489.2,0.0,1489.2,1.0,1.0,1.0,1.0,0.0,1.0,0.0,0.0,1.0,1.0,1.0,1.0,1.0,0.25,0.75,1.0,1.0,0.0,0.7222222222222222,0.9407454200884398,0.2508229628179357,1.0,1.0,1.0,0.25,0.25,1.0,1.0,1.0,0.85,0.0,0.0,0.0,0.0,0.5,0.3814756671899529,0.5745564296980301,57.45564296980301,94,1.0,292373,0.0,Not listed,292373.0,0.664,0.144792884520509,0.7718414230958982,0.5986636600213362,59.86636600213362,325,47.684
Borghuguloni,291805,134.8,523,102,1,a,a,c,,,,,,0.0,No,Yes,Yes,Yes,Yes,No,Yes,No,Yes,c,b,b,a,b,b,b,a,Yes,a,Yes,Yes,c,c,c,Yes,Yes,Yes,Yes,Yes,No,No,No,0.0,22.9,2.8,0.0,0.0,3.0,0.0,62.3,0.0,62.3,1.0,0.75,0.75,0.25,0.0,0.0,0.0,0.0,1.0,1.0,0.25,0.5,0.75,0.25,1.0,1.0,1.0,0.0,0.5277777777777778,0.2577437858508604,0.2346678650304502,0.5,0.75,0.5,0.5,0.5,0.75,1.0,1.0,0.675,0.1698813056379821,0.0207715133531157,0.0,0.0222551928783382,0.5048961424332344,0.3877015311945367,0.4706517169409643,47.06517169409644,775,1.0,291805,0.0,Not listed,291805.0,0.34,0.157903303501958,0.8664193392996085,0.5983899316566365,59.838993165663645,326,23.632
Ahomgaon No.1,291775,100.5,341,69,1,1,1,b,,,,,,0.0,No,No,Yes,Yes,No,Yes,No,No,Yes,c,b,c,b,a,b,a,b,Yes,a,Yes,Yes,a,c,c,a,c,Yes,a,Yes,No,No,No,0.0,14.0,0.7,0.0,0.1,0.0,0.4,84.0,0.0,84.0,1.0,1.0,1.0,0.5,0.0,0.0,0.0,0.0,1.0,1.0,0.25,0.5,0.75,0.75,0.75,1.0,0.75,0.0,0.5694444444444444,0.2947214076246334,0.1783996428309937,0.25,0.5,0.75,0.5,0.75,0.5,1.0,1.0,0.65,0.1393034825870646,0.0069651741293532,0.0,0.0049751243781094,0.5003980099502487,0.3819817708943508,0.4583573759977297,45.835737599772976,875,1.0,291775,0.0,Not listed,291775.0,0.197,0.12553383738237,0.915793232523526,0.5982144693513114,59.82144693513114,327,25.711
Puberun Krishipam  Nigam F.V.,292011,35.0,1035,211,2,2,a,c,,,,,,1.0,Yes,Yes,Yes,Yes,No,No,No,No,Yes,c,b,c,Yes,a,b,c,b,Yes,b,Yes,Yes,a,c,c,Yes,c,Yes,Yes,Yes,No,No,No,0.0,1.6,2.6,0.0,0.6,0.0,1.6,19.6,0.0,19.6,1.0,1.0,0.75,0.25,0.0,0.0,0.0,1.0,1.0,1.0,0.25,0.5,0.5,0.75,1.0,1.0,1.0,0.0,0.6111111111111112,0.0338164251207729,0.2865141485949348,0.25,1.0,0.75,0.5,0.25,0.5,1.0,1.0,0.625,0.0457142857142857,0.0742857142857142,0.0,0.0628571428571428,0.5091428571428571,0.3931015922852657,0.4905266333835646,49.05266333835646,592,1.0,292011,0.0,Not listed,292011.0,0.41,0.104080832588528,0.8561838334822944,0.5980673093844413,59.80673093844413,328,19.089
Jokai Komar Gaon F.V.,291241,49.6,350,81,1,1,a,c,,,1.0,,,1.0,No,No,Yes,Yes,No,No,No,Yes,Yes,c,a,c,a,a,b,b,b,Yes,b,Yes,Yes,b,c,c,a,c,Yes,a,Yes,No,No,No,0.0,8.3,0.0,0.0,0.0,0.0,0.0,41.3,0.0,41.3,1.0,1.0,0.75,0.25,1.0,0.0,0.0,0.0,1.0,1.0,0.25,0.75,0.5,0.5,0.75,1.0,0.75,0.0,0.5833333333333334,0.1417142857142857,0.1747805519053876,0.25,0.75,0.75,0.5,0.5,0.5,1.0,1.0,0.65,0.1673387096774193,0.0,0.0,0.0,0.5,0.3814756671899529,0.4608236047476708,46.082360474767086,853,1.0,291241,0.0,Not listed,291241.0,0.161,0.169886037002912,0.9177227925994176,0.5980056050946069,59.80056050946069,329,23.381
Namrup Chah Bagicha (West Of R),292408,198.0,7777,1589,7,2,1,c,1.0,1.0,1.0,,,1.0,Yes,Yes,Yes,Yes,No,Yes,No,No,Yes,b,Yes,Yes,b,b,c,c,c,Yes,Yes,Yes,Yes,Yes,b,b,Yes,Yes,Yes,Yes,Yes,No,No,Yes,0.0,20.0,0.0,0.0,0.0,0.0,0.0,120.0,0.0,120.0,1.0,1.0,1.0,0.25,1.0,1.0,0.0,1.0,1.0,1.0,0.5,1.0,1.0,1.0,1.0,1.0,1.0,1.0,0.875,0.0254596888260254,0.4006022002613252,1.0,0.5,0.5,0.25,0.25,0.25,1.0,1.0,0.675,0.101010101010101,0.0,0.0,0.0,0.5,0.3814756671899529,0.597695683503322,59.7695683503322,47,1.0,292408,0.0,Not listed,292408.0,0.7,0.129979788478275,0.764004042304345,0.5979735170655623,59.79735170655624,330,51.289
Kharjan Grant,291401,422.3,1431,287,1,b,b,b,,,1.0,,,1.0,Yes,Yes,Yes,Yes,No,No,No,No,Yes,b,Yes,b,Yes,Yes,b,Yes,Yes,Yes,b,Yes,Yes,c,b,c,a,b,Yes,Yes,Yes,No,Yes,Yes,0.0,40.0,35.2,0.0,112.0,29.1,0.0,206.0,0.0,206.0,1.0,0.5,0.5,0.5,1.0,0.0,0.0,1.0,1.0,1.0,0.5,1.0,0.5,0.25,0.75,1.0,1.0,1.0,0.6944444444444444,0.2951083158630329,0.2355516515484779,0.5,1.0,1.0,0.5,1.0,1.0,1.0,1.0,0.85,0.0947193937958797,0.0833530665403741,0.0,0.3341226616149656,0.6420554108453707,0.5621112759572218,0.599921279189675,59.9921279189675,44,1.0,291401,0.0,Not listed,291401.0,0.892,0.10308381002134,0.7117832379957321,0.5979178994789955,59.79178994789955,331,32.176
Khanikar T.E. 2 L.C.R. Grant,291106,250.8,171,33,1,a,b,b,,,,,,1.0,No,No,Yes,Yes,No,No,No,Yes,b,b,Yes,b,a,a,a,a,a,Yes,a,Yes,Yes,b,a,b,a,b,Yes,a,No,No,No,No,0.0,1.1,0.0,0.0,0.0,1.6,0.0,245.8,0.0,245.8,1.0,0.75,0.5,0.5,0.0,0.0,0.0,0.0,1.0,0.5,0.5,1.0,0.75,0.5,0.75,1.0,0.75,0.0,0.5277777777777778,1.4666666666666668,0.1489769100807208,0.5,0.75,0.75,0.75,0.75,0.75,1.0,1.0,0.8,0.0043859649122807,0.0,0.0,0.0063795853269537,0.5031897926634769,0.3855317614716111,0.4862950242589469,48.629502425894685,628,1.0,291106,0.0,Not listed,291106.0,0.427,0.0754334381170363,0.8568133123765928,0.5977993166915591,59.77993166915591,332,7.029
Hapjan Parbat Chah Bagicha 87/84,292413,280.4,550,110,1,2,2,1,,,1.0,,,0.0,Yes,Yes,No,No,No,No,No,No,Yes,a,Yes,Yes,Yes,Yes,a,a,Yes,Yes,b,Yes,Yes,c,a,b,a,Yes,Yes,Yes,Yes,No,No,No,0.0,40.2,0.0,0.0,0.0,0.0,0.0,0.0,0.0,0.0,1.0,1.0,1.0,1.0,1.0,0.0,0.0,1.0,0.0,1.0,0.75,1.0,0.5,0.25,0.75,1.0,1.0,0.0,0.6805555555555556,0.5098181818181817,0.2406302029114118,1.0,1.0,1.0,0.75,0.75,1.0,1.0,1.0,0.9,0.1433666191155492,0.0,0.0,0.0,0.5,0.3814756671899529,0.5765915730547324,57.65915730547325,88,1.0,292413,0.0,Not listed,292413.0,0.77,0.0902941187856668,0.7509411762428666,0.5977553713034925,59.77553713034926,333,55.674
Bolaibari Gaon,291160,129.5,1022,230,1,b,b,b,,,,,,1.0,Yes,Yes,Yes,Yes,No,No,No,Yes,Yes,c,b,c,Yes,b,b,b,b,Yes,b,Yes,Yes,b,c,b,Yes,c,Yes,Yes,Yes,No,No,No,0.0,25.3,0.0,4.0,0.0,0.0,0.0,80.0,0.0,80.0,1.0,0.5,0.5,0.5,0.0,0.0,0.0,1.0,1.0,1.0,0.25,0.5,0.5,0.5,1.0,1.0,1.0,0.0,0.5694444444444444,0.1267123287671233,0.2887114235826277,0.25,1.0,0.5,0.5,0.5,0.5,1.0,1.0,0.625,0.1953667953667953,0.0,0.0,0.0,0.5,0.3814756671899529,0.4783341004447586,47.83341004447586,705,1.0,291160,0.0,Not listed,291160.0,0.384,0.132647596461042,0.8582704807077917,0.5977073982572666,59.77073982572666,334,11.804
Duliajan No.2,291518,30.8,1917,413,1,2,1,a,,,1.0,,,1.0,Yes,Yes,Yes,Yes,No,No,No,No,Yes,Yes,Yes,a,a,Yes,c,b,a,Yes,Yes,Yes,Yes,a,a,b,Yes,Yes,Yes,Yes,Yes,No,No,Yes,0.0,25.0,0.0,0.0,0.0,0.0,0.0,5.0,0.0,5.0,1.0,1.0,1.0,0.75,1.0,0.0,0.0,1.0,1.0,1.0,1.0,1.0,1.0,0.75,1.0,1.0,1.0,1.0,0.8611111111111112,0.0160667709963484,0.3432371716060709,0.75,0.75,1.0,0.25,0.5,0.75,1.0,1.0,0.8,0.8116883116883117,0.0,0.0,0.0,0.5,0.3814756671899529,0.6173822041172861,61.738220411728605,23,1.0,291518,0.0,Not listed,291518.0,0.829,0.0751890169309552,0.736262196613809,0.5975355216255344,59.75355216255343,335,41.396
Pandhua Gaon,291658,174.0,14,3,1,a,a,b,,,,,,0.0,No,No,Yes,No,No,No,No,No,Yes,a,a,a,c,b,c,b,a,b,b,Yes,c,b,c,b,Yes,a,Yes,a,Yes,No,No,No,0.0,23.0,0.0,151.0,0.0,0.0,0.0,0.0,0.0,0.0,1.0,0.75,0.75,0.5,0.0,0.0,0.0,0.0,0.0,1.0,0.75,0.75,0.5,0.5,1.0,1.0,0.75,0.0,0.5138888888888888,12.428571428571429,0.5225455228083349,0.75,0.25,0.5,0.25,0.5,0.75,0.5,0.25,0.5,0.132183908045977,0.0,0.0,0.0,0.5,0.3814756671899529,0.4854037363622965,48.54037363622965,636,1.0,291658,0.0,Not listed,291658.0,0.672,0.121445894294405,0.774110821141119,0.5975020592370243,59.75020592370242,336,30.445
Garihali Chuk,291866,74.3,123,26,1,a,a,b,,,,,,0.0,Yes,No,Yes,Yes,No,No,No,No,Yes,c,c,c,c,c,c,c,a,Yes,a,a,Yes,b,c,c,a,c,Yes,a,Yes,No,No,No,0.0,12.0,2.0,0.0,1.0,0.0,2.0,45.2,0.0,45.2,1.0,0.75,0.75,0.5,0.0,0.0,0.0,1.0,1.0,1.0,0.25,0.25,0.75,0.5,0.75,1.0,0.75,0.0,0.5694444444444444,0.6040650406504064,0.2428594321610571,0.25,0.25,0.25,0.25,0.25,0.75,1.0,1.0,0.5,0.161507402422611,0.0269179004037685,0.0,0.0403768506056527,0.5121130551816958,0.3968784532137733,0.4324516597941301,43.24516597941301,1062,1.0,291866,0.0,Not listed,291866.0,0.112,0.117966644450925,0.942806671109815,0.5973692944662562,59.736929446625616,337,33.124
Duliabam Bongali,291766,36.7,78,15,1,b,b,b,,,,,,0.0,No,No,Yes,Yes,No,No,No,No,Yes,b,Yes,a,b,b,a,b,Yes,b,b,Yes,Yes,c,c,c,a,Yes,Yes,a,Yes,No,No,No,0.0,7.1,1.9,0.0,0.0,2.1,0.0,20.0,0.0,20.0,1.0,0.5,0.5,0.5,0.0,0.0,0.0,0.0,1.0,1.0,0.5,1.0,0.5,0.25,0.75,1.0,0.75,0.0,0.5138888888888888,0.4705128205128205,0.1825576525970744,0.75,0.5,0.5,0.75,0.5,1.0,0.5,1.0,0.7,0.1934604904632152,0.0517711171662125,0.0,0.0572207084468664,0.5130790190735695,0.398106758947553,0.4637329871610015,46.37329871610015,823,1.0,291766,0.0,Not listed,291766.0,0.288,0.167973287351806,0.8800053425296388,0.5973575640032571,59.73575640032571,338,23.456
Bolai T.E. 42/137 Rr Grant,291159,95.5,419,83,1,a,a,a,,,,,,1.0,No,No,Yes,Yes,No,No,No,Yes,Yes,c,a,c,a,a,a,a,a,Yes,a,Yes,Yes,a,a,c,a,c,Yes,a,Yes,No,No,No,0.0,35.4,0.0,0.0,0.0,0.0,0.0,54.5,0.0,54.5,1.0,0.75,0.75,0.75,0.0,0.0,0.0,0.0,1.0,1.0,0.25,0.75,0.75,0.75,0.75,1.0,0.75,0.0,0.5694444444444444,0.2279236276849642,0.1768196690610673,0.25,0.75,0.75,0.75,0.75,0.75,1.0,1.0,0.75,0.3706806282722513,0.0,0.0,0.0,0.5,0.3814756671899529,0.4878611618143685,48.78611618143685,614,1.0,291159,0.0,Not listed,291159.0,0.384,0.101216304510607,0.8645567390978786,0.5972489629829113,59.72489629829113,339,13.818
Deroi Grant No.1,292183,316.4,1287,274,4,2,a,b,,,,,,1.0,No,Yes,Yes,No,Yes,Yes,No,No,Yes,b,a,c,Yes,a,c,a,a,Yes,a,Yes,Yes,c,c,c,a,a,Yes,Yes,Yes,No,No,No,0.0,43.5,0.0,0.0,0.0,0.0,0.0,165.9,0.0,165.9,1.0,1.0,0.75,0.5,0.0,0.0,0.0,0.0,0.0,1.0,0.5,0.75,0.75,0.25,0.75,1.0,1.0,0.0,0.5138888888888888,0.2458430458430458,0.1772435186364227,0.25,1.0,0.75,0.25,0.75,0.75,1.0,1.0,0.725,0.1374841972187105,0.0,0.0,0.0,0.5,0.3814756671899529,0.4665782353193184,46.65782353193185,805,1.0,292183,0.0,Very Low (1-4),292183.0,0.316,0.142174333270474,0.8767651333459052,0.5972382830759607,59.72382830759607,340,36.462
Ghuguloni Nepali,291806,284.0,532,107,1,1,b,c,,,,,,0.0,No,Yes,Yes,Yes,Yes,Yes,Yes,No,Yes,c,b,b,a,a,b,a,b,Yes,b,Yes,Yes,c,c,c,Yes,c,Yes,Yes,Yes,No,No,No,0.0,30.0,2.0,0.0,0.0,1.0,0.0,120.8,0.0,120.8,1.0,1.0,0.5,0.25,0.0,0.0,0.0,0.0,1.0,1.0,0.25,0.5,0.5,0.25,1.0,1.0,1.0,0.0,0.5138888888888888,0.5338345864661654,0.2411982650450041,0.5,0.75,0.75,0.5,0.75,0.5,1.0,1.0,0.675,0.1056338028169014,0.0070422535211267,0.0,0.0035211267605633,0.4996478873239436,0.3810279257965375,0.4674773736427807,46.74773736427807,797,1.0,291806,0.0,Not listed,291806.0,0.36,0.155522881284458,0.8608954237431083,0.596811924627975,59.68119246279751,341,23.1
Bhajoni,291483,221.0,948,204,2,a,a,1,,,,,,1.0,No,Yes,Yes,No,No,No,No,No,Yes,a,Yes,c,Yes,Yes,c,b,Yes,Yes,b,Yes,Yes,a,c,Yes,Yes,Yes,Yes,Yes,Yes,No,No,No,0.0,50.0,0.0,20.1,0.0,0.0,51.0,0.0,0.0,0.0,1.0,0.75,0.75,1.0,0.0,0.0,0.0,0.0,0.0,1.0,0.75,1.0,0.5,0.75,1.0,1.0,1.0,0.0,0.5833333333333334,0.2331223628691983,0.2340854923449444,0.25,1.0,1.0,0.25,0.5,1.0,1.0,1.0,0.75,0.2262443438914027,0.0,0.0,0.2307692307692307,0.6153846153846154,0.5281970776476272,0.5349941219490949,53.49941219490949,250,1.0,291483,0.0,Not listed,291483.0,0.665,0.139728721354682,0.7725542557290636,0.5967726370250057,59.67726370250057,342,24.877
Mukalbari T.E.,291380,76.0,3198,663,2,3,1,c,,,,,,1.0,Yes,Yes,Yes,No,No,No,No,No,c,c,Yes,b,b,Yes,b,b,Yes,Yes,Yes,Yes,Yes,c,c,c,c,c,Yes,Yes,Yes,Yes,No,No,0.0,0.0,0.0,0.0,0.0,0.0,0.0,76.0,0.0,76.0,1.0,1.0,1.0,0.25,0.0,0.0,0.0,1.0,0.0,0.25,0.25,1.0,1.0,0.25,0.25,1.0,1.0,0.0,0.5138888888888888,0.0237648530331457,0.2862763978753851,0.5,0.5,1.0,0.5,0.5,1.0,1.0,1.0,0.8,0.0,0.0,0.0,0.0,0.5,0.3814756671899529,0.516336455129059,51.6336455129059,373,1.0,291380,0.0,Not listed,291380.0,0.767,0.0,0.7699,0.5967504495473392,59.67504495473393,343,20.924
Hatkhula Bongali,291436,207.8,2520,537,1,2,1,a,,,,,,2.0,Yes,Yes,Yes,Yes,No,Yes,No,No,Yes,a,Yes,a,a,a,a,a,a,Yes,Yes,Yes,Yes,c,a,c,a,b,Yes,Yes,Yes,No,No,No,0.0,47.3,0.0,4.8,0.0,0.0,0.0,128.6,0.0,128.6,1.0,1.0,1.0,0.75,0.0,0.0,0.0,1.0,1.0,1.0,0.75,1.0,1.0,0.25,0.75,1.0,1.0,0.0,0.6944444444444444,0.0824603174603174,0.28766472686315,0.75,0.75,0.75,0.75,0.75,0.75,1.0,1.0,0.85,0.2276227141482194,0.0,0.0,0.0,0.5,0.3814756671899529,0.5768224262648893,57.682242626488936,86,1.0,291436,0.0,Not listed,291436.0,0.764,0.135198516726316,0.7437602966547368,0.5966416504561751,59.66416504561751,344,24.861
Halmari 20 Darkhasta,291807,70.3,671,130,1,1,b,b,,,,,,0.0,Yes,Yes,Yes,Yes,No,No,Yes,No,b,b,a,b,b,a,b,a,b,Yes,b,Yes,Yes,c,c,c,a,Yes,Yes,Yes,Yes,No,No,No,0.0,10.2,0.8,0.0,0.0,0.4,0.0,33.5,0.0,33.5,1.0,1.0,0.5,0.5,0.0,0.0,0.0,1.0,1.0,0.5,0.5,0.75,0.5,0.25,0.75,1.0,1.0,0.0,0.5694444444444444,0.1047690014903129,0.2310495389877566,0.5,0.5,0.75,0.5,0.75,0.5,1.0,1.0,0.675,0.1450924608819345,0.011379800853485,0.0,0.0056899004267425,0.4994310099573257,0.3807521476694409,0.4787739253919384,47.87739253919384,698,1.0,291807,0.0,Very Low (1-4),291807.0,0.351,0.139019875390264,0.8668960249219472,0.5966336168661341,59.66336168661341,345,22.353
Demowkinar,291851,58.4,14,3,1,a,a,a,,,,,,0.0,No,No,Yes,No,Yes,No,No,No,c,c,c,c,c,c,c,b,a,b,b,Yes,Yes,b,c,c,Yes,c,Yes,a,Yes,No,No,No,0.0,30.4,0.5,0.0,0.5,0.0,0.0,26.0,0.0,26.0,1.0,0.75,0.75,0.75,0.0,0.0,0.0,0.0,0.0,0.25,0.25,0.25,0.5,0.5,1.0,1.0,0.75,0.0,0.4305555555555556,4.171428571428572,0.3272385958325511,0.25,0.25,0.25,0.25,0.5,0.75,0.5,1.0,0.45,0.5205479452054794,0.0085616438356164,0.0,0.0085616438356164,0.5017123287671232,0.3836530397195759,0.4011791457909419,40.11791457909419,1219,1.0,291851,0.0,Not listed,291851.0,0.141,0.198027859908961,0.9180944280182078,0.5965953761233573,59.65953761233573,346,32.646
Madhakali No.3,291845,83.1,674,143,1,a,b,b,,,,,,0.0,Yes,No,Yes,Yes,No,Yes,No,No,Yes,b,Yes,b,a,a,a,b,Yes,Yes,b,Yes,Yes,b,b,c,Yes,b,Yes,Yes,Yes,No,No,No,0.0,7.8,2.5,0.0,1.0,0.6,0.6,65.1,0.0,65.1,1.0,0.75,0.5,0.5,0.0,0.0,0.0,1.0,1.0,1.0,0.5,1.0,0.5,0.5,1.0,1.0,1.0,0.0,0.625,0.123293768545994,0.2886305640767402,0.5,0.75,0.75,0.75,0.5,1.0,1.0,1.0,0.775,0.0938628158844765,0.0300842358604091,0.0,0.02647412755716,0.5042117930204573,0.3868313223651027,0.5382739054922056,53.82739054922055,234,1.0,291845,0.25,Low (5-8),291845.0,0.21,0.170366699333731,0.7779266601332537,0.596353003427252,59.6353003427252,347,28.119
Nilmoni 15/55/79,292166,243.5,736,140,1,2,b,b,,,,,,0.0,Yes,Yes,Yes,No,No,No,No,No,Yes,c,Yes,c,Yes,Yes,c,c,Yes,Yes,b,Yes,Yes,b,b,c,a,b,Yes,Yes,Yes,No,Yes,No,0.0,24.8,0.0,0.0,0.0,0.0,0.0,218.6,0.0,218.6,1.0,1.0,0.5,0.5,0.0,0.0,0.0,1.0,0.0,1.0,0.25,1.0,0.5,0.5,0.75,1.0,1.0,0.0,0.5555555555555556,0.3308423913043478,0.2363968727809926,0.25,1.0,1.0,0.25,0.25,1.0,1.0,1.0,0.725,0.1018480492813141,0.0,0.0,0.0,0.5,0.3814756671899529,0.4917832405221277,49.178324052212766,574,1.0,292166,0.0,Not listed,292166.0,0.485,0.0858384990777689,0.8373323001844463,0.5962534883475196,59.625348834751954,348,39.943
Padumoni Miri Gaon,291859,63.4,45,9,1,a,a,a,,,,,,0.0,No,No,No,Yes,No,No,No,No,Yes,c,Yes,c,b,b,c,c,Yes,b,a,Yes,c,c,c,c,Yes,c,Yes,a,Yes,No,No,No,0.0,11.6,9.0,0.0,0.3,1.4,0.0,38.4,0.0,38.4,1.0,0.75,0.75,0.75,0.0,0.0,0.0,0.0,1.0,1.0,0.25,1.0,0.75,0.25,1.0,1.0,0.75,0.0,0.5694444444444444,1.4088888888888889,0.2618960015017834,0.25,0.5,0.5,0.25,0.25,1.0,0.5,0.25,0.525,0.1829652996845426,0.1419558359621451,0.0,0.0268138801261829,0.4708201892744479,0.3443710413065979,0.4342093197478765,43.42093197478765,1053,1.0,291859,0.0,Not listed,291859.0,0.085,0.1961977837945,0.9352604432411,0.5962338338678755,59.62338338678755,349,32.398
Chaharikata No.1,291756,206.0,982,180,1,1,1,b,,,1.0,,,1.0,Yes,Yes,Yes,Yes,No,No,No,No,Yes,c,Yes,a,Yes,Yes,c,c,c,Yes,b,Yes,Yes,a,c,c,a,c,Yes,Yes,Yes,No,No,No,0.0,12.6,9.9,0.0,2.0,0.0,1.4,175.0,0.0,175.0,1.0,1.0,1.0,0.5,1.0,0.0,0.0,1.0,1.0,1.0,0.25,1.0,0.5,0.75,0.75,1.0,1.0,0.0,0.7083333333333334,0.2097759674134419,0.2335332779977649,0.75,1.0,1.0,0.25,0.25,0.25,1.0,1.0,0.7,0.0611650485436893,0.0480582524271844,0.0,0.016504854368932,0.4938349514563107,0.3736362805017452,0.5201939089331236,52.01939089331236,343,1.0,291756,0.0,Not listed,291756.0,0.441,0.0666339467858574,0.8543732106428286,0.5961780458318344,59.61780458318344,350,19.449
Motak Gaon,291196,140.5,497,100,1,1,1,b,,,,,,1.0,Yes,No,Yes,No,No,No,No,Yes,Yes,c,a,c,a,c,c,c,c,Yes,b,Yes,Yes,a,c,c,a,c,Yes,Yes,Yes,No,No,No,0.0,84.7,0.0,0.0,0.0,6.1,0.0,49.8,0.0,49.8,1.0,1.0,1.0,0.5,0.0,0.0,0.0,1.0,0.0,1.0,0.25,0.75,0.5,0.75,0.75,1.0,1.0,0.0,0.5833333333333334,0.2826961770623742,0.2352580661366358,0.25,0.75,0.25,0.25,0.25,0.25,1.0,1.0,0.525,0.602846975088968,0.0,0.0,0.0434163701067615,0.5217081850533808,0.4090794817790242,0.4439637462232971,44.39637462232972,983,1.0,291196,0.0,Not listed,291196.0,0.145,0.146832470773632,0.9271335058452737,0.596029841139122,59.60298411391221,351,26.526
Kekuri Bangali,292101,253.4,1704,355,4,4,1,b,,,,,,1.0,No,Yes,Yes,No,No,No,No,No,Yes,b,Yes,b,b,Yes,b,Yes,Yes,Yes,Yes,Yes,Yes,b,b,Yes,Yes,c,Yes,Yes,Yes,No,No,No,0.0,19.3,0.0,0.0,0.0,0.0,0.4,173.5,0.0,173.5,1.0,1.0,1.0,0.5,0.0,0.0,0.0,0.0,0.0,1.0,0.5,1.0,1.0,0.5,1.0,1.0,1.0,0.0,0.5833333333333334,0.1487089201877934,0.2892317108961258,0.5,0.5,1.0,0.5,1.0,1.0,1.0,1.0,0.85,0.0761641673243883,0.0,0.0,0.0015785319652722,0.5007892659826361,0.382479286414341,0.549637118340233,54.9637118340233,181,1.0,292101,0.25,Low (5-8),292101.0,0.334,0.170462560976481,0.7407074878047037,0.5959628158080641,59.59628158080641,352,28.799
Ghuguloni Bongali,291833,175.8,711,149,2,1,1,b,,,,,,0.0,Yes,Yes,Yes,Yes,Yes,No,No,No,a,c,b,c,b,b,b,b,b,Yes,b,Yes,Yes,a,c,a,Yes,Yes,Yes,Yes,Yes,No,No,No,0.0,34.9,1.6,0.0,0.0,1.8,0.0,52.3,0.0,52.3,1.0,1.0,1.0,0.5,0.0,0.0,0.0,1.0,1.0,0.75,0.25,0.5,0.5,0.75,1.0,1.0,1.0,0.0,0.625,0.2472573839662447,0.2915626863862863,0.25,0.5,0.5,0.5,0.5,0.5,1.0,1.0,0.575,0.1985210466439135,0.0091012514220705,0.0,0.0102389078498293,0.5023890784982936,0.3845135849036387,0.4785433885772993,47.854338857729935,701,1.0,291833,0.0,Not listed,291833.0,0.34,0.111438380962032,0.8757123238075936,0.5958526388551548,59.58526388551548,353,24.741
Domordalang No.3,291886,9.8,167,36,a,a,b,b,,,,,,0.0,No,Yes,Yes,No,No,No,No,No,Yes,b,a,b,a,a,b,b,b,Yes,b,Yes,Yes,b,b,b,Yes,a,b,a,Yes,No,No,No,0.0,3.4,0.0,0.0,2.0,0.0,0.0,4.4,0.0,4.4,0.75,0.75,0.5,0.5,0.0,0.0,0.0,0.0,0.0,1.0,0.5,0.75,0.5,0.5,1.0,0.5,0.75,0.0,0.4444444444444444,0.0586826347305389,0.1156737398115351,0.5,0.75,0.75,0.5,0.5,0.5,1.0,1.0,0.675,0.346938775510204,0.0,0.0,0.2040816326530612,0.6020408163265306,0.5112292954858553,0.4447754051611659,44.47754051611659,976,1.0,291886,0.0,Not listed,291886.0,0.312,0.0931708392386159,0.8877658321522768,0.5957091621366728,59.57091621366728,354,26.129
Niz Moidomia,291299,213.4,2104,463,1,a,a,a,,,,,,2.0,Yes,Yes,Yes,Yes,No,No,No,No,Yes,c,Yes,a,Yes,Yes,Yes,Yes,Yes,Yes,Yes,Yes,Yes,c,a,c,a,c,Yes,Yes,Yes,Yes,No,No,0.0,100.3,0.0,0.0,0.0,8.5,0.0,95.6,0.0,95.6,1.0,0.75,0.75,0.75,0.0,0.0,0.0,1.0,1.0,1.0,0.25,1.0,1.0,0.25,0.75,1.0,1.0,0.0,0.6388888888888888,0.1014258555133079,0.2881133204044823,0.75,1.0,1.0,1.0,1.0,1.0,1.0,1.0,0.975,0.4700093720712277,0.0,0.0,0.0398313027179006,0.5199156513589503,0.4068001218222132,0.6056105766877854,60.56105766877854,36,1.0,291299,0.25,Low (5-8),291299.0,0.589,0.149487043384318,0.6684025913231364,0.5954093849037072,59.54093849037072,355,10.536
Miripothar  Gaon,291289,213.0,3745,744,1,3,b,b,,,1.0,,,1.0,Yes,Yes,Yes,No,No,No,No,Yes,Yes,c,Yes,b,a,a,b,b,b,Yes,Yes,Yes,Yes,b,a,b,a,c,Yes,Yes,Yes,No,No,No,0.0,71.9,0.0,2.1,0.4,2.0,0.0,134.0,0.0,134.0,1.0,1.0,0.5,0.5,1.0,0.0,0.0,1.0,0.0,1.0,0.25,1.0,1.0,0.5,0.75,1.0,1.0,0.0,0.6388888888888888,0.0568758344459279,0.2870595748339003,0.5,0.75,0.75,0.5,0.5,0.5,1.0,1.0,0.75,0.3375586854460094,0.0,0.0,0.0112676056338028,0.5056338028169014,0.3886395294845999,0.5342150218276173,53.42150218276173,254,1.0,291289,0.0,Not listed,291289.0,0.616,0.135614875196905,0.788077024960619,0.5952916331154128,59.52916331154128,356,11.858
Dangar Chuk,291421,219.6,785,164,1,a,a,a,,,,,,0.0,Yes,Yes,Yes,Yes,No,No,No,No,Yes,a,Yes,a,Yes,Yes,a,a,Yes,Yes,b,Yes,Yes,c,a,c,Yes,a,Yes,Yes,Yes,No,Yes,No,0.0,9.0,25.0,26.0,13.1,0.0,0.0,112.7,0.0,112.7,1.0,0.75,0.75,0.75,0.0,0.0,0.0,1.0,1.0,1.0,0.75,1.0,0.5,0.25,1.0,1.0,1.0,0.0,0.6527777777777778,0.2797452229299363,0.2923311241015904,0.75,1.0,1.0,0.75,0.75,1.0,1.0,1.0,0.875,0.040983606557377,0.1138433515482695,0.0,0.0596539162112932,0.4956739526411657,0.3759747278482642,0.5739721710394949,57.39721710394949,97,1.0,291421,0.0,Not listed,291421.0,0.824,0.129266717850203,0.7269466564299594,0.5952576527746211,59.525765277462106,357,28.191
Lengrai T.E. 13 No. F.S.,291471,325.1,1848,382,1,a,a,a,,,,,,1.0,Yes,Yes,Yes,No,Yes,Yes,No,No,Yes,b,Yes,b,b,Yes,b,b,a,Yes,Yes,Yes,Yes,b,b,c,a,Yes,Yes,Yes,Yes,No,No,No,0.0,2.3,0.0,0.0,0.0,0.0,0.0,192.3,0.0,192.3,1.0,0.75,0.75,0.75,0.0,0.0,0.0,1.0,0.0,1.0,0.5,1.0,1.0,0.5,0.75,1.0,1.0,0.0,0.6111111111111112,0.1759199134199134,0.2898753349147567,0.5,0.5,1.0,0.5,0.5,0.75,1.0,1.0,0.775,0.0070747462319286,0.0,0.0,0.0,0.5,0.3814756671899529,0.5340417449444576,53.40417449444576,257,1.0,291471,0.0,Not listed,291471.0,0.709,0.0603047143381106,0.775239057132378,0.5947858066601334,59.478580666013336,358,26.58
Teloibari Gaon,291842,68.9,447,100,1,a,a,a,,,,,,0.0,No,Yes,Yes,No,No,No,No,No,Yes,c,a,a,a,a,Yes,Yes,a,Yes,b,Yes,Yes,a,a,b,Yes,Yes,Yes,a,Yes,No,No,No,0.0,10.0,0.0,0.0,1.0,0.0,0.5,53.8,0.0,53.8,1.0,0.75,0.75,0.75,0.0,0.0,0.0,0.0,0.0,1.0,0.25,0.75,0.5,0.75,1.0,1.0,0.75,0.0,0.5138888888888888,0.1541387024608501,0.2322172848714224,0.75,0.75,0.75,1.0,1.0,0.75,1.0,1.0,0.825,0.1451378809869375,0.0,0.0,0.0217706821480406,0.5108853410740204,0.39531730968596,0.5130900053772698,51.30900053772698,394,1.0,291842,0.25,Low (5-8),291842.0,0.231,0.126570219520733,0.7803859560958534,0.594506300109091,59.4506300109091,359,27.477
Panitula Pukhuri,291914,45.4,87,15,1,a,a,c,,,,,,0.0,Yes,No,No,Yes,No,No,No,No,Yes,c,c,c,c,c,c,Yes,b,c,b,Yes,Yes,a,c,c,Yes,c,Yes,b,Yes,No,No,No,0.0,4.0,2.6,0.0,0.1,0.0,0.3,36.5,0.0,36.5,1.0,0.75,0.75,0.25,0.0,0.0,0.0,1.0,1.0,1.0,0.25,0.25,0.5,0.75,1.0,1.0,0.5,0.0,0.5555555555555556,0.5218390804597701,0.2980573914281831,0.25,0.25,0.25,0.25,1.0,0.5,0.25,1.0,0.45,0.0881057268722467,0.0572687224669603,0.0,0.0088105726872246,0.4872246696035242,0.3652307415680607,0.4214493850595467,42.14493850595468,1121,1.0,291914,0.0,Not listed,291914.0,0.126,0.122436679242722,0.9377126641514556,0.594384024752837,59.4384024752837,360,32.159
Jaloni Gt 15,291577,661.0,3715,759,1,3,1,a,,,,,,1.0,Yes,Yes,Yes,Yes,No,Yes,No,No,Yes,a,Yes,a,Yes,Yes,c,c,Yes,Yes,Yes,Yes,Yes,c,b,c,a,Yes,Yes,Yes,Yes,No,No,No,0.0,88.0,0.0,32.0,30.0,0.0,61.0,360.0,0.0,360.0,1.0,1.0,1.0,0.75,0.0,0.0,0.0,1.0,1.0,1.0,0.75,1.0,1.0,0.25,0.75,1.0,1.0,0.0,0.6944444444444444,0.1779273216689098,0.2899228163188066,0.75,1.0,1.0,0.25,0.25,1.0,1.0,1.0,0.825,0.1331316187594553,0.0,0.0,0.1376701966717095,0.5688350983358548,0.4690053840691403,0.5873928920046408,58.739289200464086,66,1.0,291577,0.0,Not listed,291577.0,0.835,0.166441580554253,0.7162116838891495,0.5943161852457325,59.431618524573246,361,46.288
Teloikinar Gaon,291834,26.5,132,27,1,b,c,b,,1.0,,,,0.0,Yes,Yes,Yes,Yes,No,No,No,No,Yes,b,b,c,c,c,b,b,a,Yes,b,Yes,Yes,a,c,c,Yes,c,Yes,a,Yes,No,No,No,0.0,7.4,1.3,0.0,1.0,1.3,0.0,10.0,0.0,10.0,1.0,0.5,0.25,0.5,0.0,1.0,0.0,1.0,1.0,1.0,0.5,0.5,0.5,0.75,1.0,1.0,0.75,0.0,0.625,0.2007575757575757,0.2904628223287882,0.25,0.25,0.25,0.5,0.5,0.75,1.0,1.0,0.55,0.2792452830188679,0.0490566037735849,0.0,0.0867924528301886,0.5286792452830189,0.4179437812860994,0.4774544618394169,47.745446183941695,711,1.0,291834,0.0,Not listed,291834.0,0.32,0.158942486315859,0.8722115027368282,0.5941918738698433,59.419187386984326,362,25.044
Borbaribongali,291433,258.4,1692,352,1,a,a,c,,,,,,1.0,Yes,Yes,Yes,Yes,No,No,No,No,Yes,a,Yes,a,Yes,Yes,c,c,Yes,Yes,Yes,Yes,Yes,c,a,c,a,b,Yes,Yes,Yes,No,Yes,Yes,0.0,7.3,12.0,22.0,23.0,0.0,0.0,180.0,0.0,180.0,1.0,0.75,0.75,0.25,0.0,0.0,0.0,1.0,1.0,1.0,0.75,1.0,1.0,0.25,0.75,1.0,1.0,1.0,0.6944444444444444,0.1527186761229314,0.2893265540062867,0.75,1.0,1.0,0.25,0.25,1.0,1.0,1.0,0.825,0.028250773993808,0.0464396284829721,0.0,0.0890092879256966,0.5305727554179567,0.4203515414262871,0.5775130578979402,57.75130578979402,83,1.0,291433,0.0,Not listed,291433.0,0.811,0.113292724372636,0.7340414551254728,0.5940009517657039,59.40009517657039,363,27.698
Kapahua Gaon,291652,202.0,1129,231,1,a,a,b,,,1.0,,,1.0,Yes,Yes,Yes,No,No,Yes,No,No,Yes,b,Yes,c,b,Yes,c,b,Yes,Yes,b,Yes,Yes,Yes,c,c,Yes,Yes,Yes,Yes,Yes,No,No,No,0.0,20.0,0.0,17.9,0.0,0.0,0.0,79.0,0.0,79.0,1.0,0.75,0.75,0.5,1.0,0.0,0.0,1.0,0.0,1.0,0.5,1.0,0.5,1.0,1.0,1.0,1.0,0.0,0.6666666666666666,0.178919397697077,0.3470891391233023,0.25,0.5,1.0,0.25,0.5,1.0,1.0,1.0,0.7,0.099009900990099,0.0,0.0,0.0,0.5,0.3814756671899529,0.5397340848854828,53.97340848854828,226,1.0,291652,0.0,Not listed,291652.0,0.656,0.146017553485024,0.7739964893029951,0.5935922305805166,59.35922305805165,364,28.405
Raza Ali T.E. 42/17 Appl,291586,49.6,2007,410,1,2,a,b,,,,,,1.0,Yes,Yes,Yes,Yes,No,No,No,No,Yes,Yes,Yes,b,b,Yes,c,a,Yes,Yes,Yes,Yes,Yes,c,b,c,Yes,Yes,Yes,Yes,Yes,No,No,No,0.0,9.6,0.0,0.0,0.0,0.0,0.0,40.0,0.0,40.0,1.0,1.0,0.75,0.5,0.0,0.0,0.0,1.0,1.0,1.0,1.0,1.0,1.0,0.25,1.0,1.0,1.0,0.0,0.6944444444444444,0.0247135027404085,0.3434416935132892,0.5,0.5,1.0,0.25,0.75,1.0,1.0,1.0,0.8,0.1935483870967742,0.0,0.0,0.0,0.5,0.3814756671899529,0.575766667927424,57.5766667927424,90,1.0,291586,0.0,Not listed,291586.0,0.777,0.203871904657152,0.7261256190685696,0.5935320210842431,59.35320210842431,365,38.43
Naga Gaon,292398,132.5,650,137,2,1,1,b,,,,,,0.0,Yes,Yes,Yes,Yes,No,No,No,No,Yes,b,Yes,b,Yes,Yes,Yes,Yes,Yes,Yes,b,Yes,Yes,b,b,c,a,Yes,Yes,Yes,Yes,No,No,No,0.0,30.3,0.0,9.8,7.1,0.0,0.0,85.3,0.0,85.3,1.0,1.0,1.0,0.5,0.0,0.0,0.0,1.0,1.0,1.0,0.5,1.0,0.5,0.5,0.75,1.0,1.0,0.0,0.6527777777777778,0.2038461538461538,0.2333930195953849,0.5,1.0,1.0,1.0,1.0,1.0,1.0,1.0,0.9,0.2286792452830188,0.0,0.0,0.0535849056603773,0.5267924528301886,0.415544563253458,0.5746516119939823,57.46516119939823,91,1.0,292398,0.0,Not listed,292398.0,0.784,0.164993351304266,0.7318013297391468,0.5934004712825237,59.34004712825237,366,52.643
Maricha Gaon,291410,148.1,2232,467,1,a,a,a,,,,,,1.0,Yes,Yes,Yes,No,No,No,No,No,b,b,Yes,b,b,b,b,Yes,Yes,Yes,Yes,Yes,Yes,c,b,c,Yes,Yes,Yes,Yes,Yes,No,No,No,0.0,54.3,0.0,0.0,0.0,0.0,0.0,83.7,0.0,83.7,1.0,0.75,0.75,0.75,0.0,0.0,0.0,1.0,0.0,0.5,0.5,1.0,1.0,0.25,1.0,1.0,1.0,0.0,0.5833333333333334,0.066353046594982,0.3444265973101122,0.5,0.5,0.5,0.5,1.0,1.0,1.0,1.0,0.8,0.3666441593517893,0.0,0.0,0.0,0.5,0.3814756671899529,0.548235116098852,54.8235116098852,187,1.0,291410,0.0,Not listed,291410.0,0.782,0.201424939634571,0.7251150120730858,0.5933740042352553,59.33740042352553,367,24.408
Borbil Gaon,291911,160.8,791,162,1,a,a,c,,,,,,0.0,No,Yes,Yes,No,No,No,No,No,Yes,c,b,c,Yes,Yes,b,c,b,Yes,b,Yes,Yes,b,c,c,a,c,Yes,Yes,Yes,No,No,No,0.0,9.5,3.0,4.1,0.3,0.0,1.3,135.3,0.0,135.3,1.0,0.75,0.75,0.25,0.0,0.0,0.0,0.0,0.0,1.0,0.25,0.5,0.5,0.5,0.75,1.0,1.0,0.0,0.4583333333333333,0.2032869785082174,0.1762369362290286,0.25,1.0,1.0,0.5,0.25,0.5,1.0,1.0,0.65,0.0590796019900497,0.0186567164179104,0.0,0.0099502487562189,0.4993781094527363,0.3806848801518311,0.4297795434209567,42.97795434209568,1079,1.0,291911,0.0,Not listed,291911.0,0.209,0.159379823872087,0.9054240352255826,0.5933315801702648,59.33315801702648,368,25.175
Latomoni,292065,195.1,1404,301,1,a,a,a,,,,,,1.0,Yes,Yes,Yes,No,No,No,No,No,Yes,a,Yes,c,Yes,Yes,a,b,Yes,Yes,b,Yes,Yes,a,a,b,a,Yes,Yes,Yes,Yes,No,No,No,0.0,40.2,0.0,0.0,0.0,0.0,0.0,154.9,0.0,154.9,1.0,0.75,0.75,0.75,0.0,0.0,0.0,1.0,0.0,1.0,0.75,1.0,0.5,0.75,0.75,1.0,1.0,0.0,0.6111111111111112,0.1389601139601139,0.2318582643812604,0.25,1.0,1.0,0.75,0.5,1.0,1.0,1.0,0.8,0.2060481804202973,0.0,0.0,0.0,0.5,0.3814756671899529,0.5270374773110835,52.70374773110835,292,1.0,292065,0.0,Not listed,292065.0,0.565,0.177471282887974,0.7950057434224052,0.5931882135427701,59.318821354277006,369,37.331
Tepojan No.2,291977,13.6,301,58,1,a,a,b,,,,,,0.0,No,Yes,Yes,Yes,No,No,No,No,Yes,b,Yes,b,b,b,a,b,Yes,Yes,b,Yes,Yes,c,b,b,a,b,a,a,Yes,No,No,No,0.0,5.0,2.0,0.0,0.0,0.0,0.0,3.5,0.0,3.5,1.0,0.75,0.75,0.5,0.0,0.0,0.0,0.0,1.0,1.0,0.5,1.0,0.5,0.25,0.75,0.75,0.75,0.0,0.5277777777777778,0.0451827242524916,0.1153544252404381,0.5,0.5,0.5,0.75,0.5,1.0,1.0,1.0,0.725,0.3676470588235294,0.1470588235294117,0.0,0.0,0.4558823529411764,0.325376304367901,0.4433583116281342,44.33583116281342,988,1.0,291977,0.0,Not listed,291977.0,0.17,0.113527858636822,0.9262944282726356,0.5931628232743489,59.31628232743489,370,33.708
Kalalur Koch,291863,182.6,727,144,1,1,1,a,,,,,,0.0,Yes,No,Yes,Yes,No,No,No,No,Yes,c,c,c,c,c,c,c,a,Yes,b,Yes,Yes,b,c,c,Yes,c,a,Yes,Yes,No,No,No,0.0,40.4,12.2,0.0,2.3,0.0,3.7,108.0,0.0,108.0,1.0,1.0,1.0,0.75,0.0,0.0,0.0,1.0,1.0,1.0,0.25,0.25,0.5,0.5,1.0,0.75,1.0,0.0,0.6111111111111112,0.2511691884456671,0.2345123554991841,0.25,0.25,0.25,0.25,0.25,0.75,1.0,1.0,0.475,0.2212486308871851,0.0668127053669222,0.0,0.0328587075575027,0.4963855421686747,0.3768795748141704,0.4292817816154079,42.92817816154079,1082,1.0,291863,0.0,Not listed,291863.0,0.06,0.125222230801135,0.956955553839773,0.5929422466328309,59.29422466328309,371,35.532
Naduwa T.E.,291414,80.0,2158,411,1,2,b,b,,,,,,1.0,Yes,Yes,Yes,Yes,No,No,No,No,Yes,b,Yes,b,b,b,b,Yes,c,Yes,Yes,Yes,Yes,c,b,c,Yes,c,Yes,Yes,Yes,No,No,No,0.0,0.0,0.0,0.0,0.0,0.0,0.0,80.0,0.0,80.0,1.0,1.0,0.5,0.5,0.0,0.0,0.0,1.0,1.0,1.0,0.5,1.0,1.0,0.25,1.0,1.0,1.0,0.0,0.6527777777777778,0.0370713623725671,0.3437339950551799,0.5,0.5,0.5,0.5,1.0,0.25,1.0,1.0,0.725,0.0,0.0,0.0,0.0,0.5,0.3814756671899529,0.5429230766462301,54.29230766462301,210,1.0,291414,0.0,Not listed,291414.0,0.698,0.144191916482094,0.7617616167035812,0.5928594955237204,59.28594955237204,372,18.752
Sessakuch N.C.,291104,2.2,384,81,1,a,b,b,,,,,,1.0,No,Yes,Yes,Yes,No,No,No,Yes,Yes,b,Yes,b,a,a,b,b,b,Yes,a,Yes,Yes,b,b,b,a,b,a,a,Yes,No,No,No,0.0,0.1,0.0,0.0,0.7,0.0,0.0,0.7,0.0,0.7,1.0,0.75,0.5,0.5,0.0,0.0,0.0,0.0,1.0,1.0,0.5,1.0,0.75,0.5,0.75,0.75,0.75,0.0,0.5416666666666666,0.0057291666666666,0.1144212267692885,0.5,0.75,0.75,0.5,0.5,0.5,1.0,1.0,0.725,0.0454545454545454,0.0,0.0,0.3181818181818181,0.6590909090909091,0.5837733694876552,0.4982766472565199,49.82766472565199,517,1.0,291104,0.0,Not listed,291104.0,0.48,0.135100636609547,0.8289798726780906,0.5927632611867066,59.27632611867067,373,7.524
Sessakiner Gaon,291181,186.8,553,97,1,a,b,b,,,,,,1.0,No,No,Yes,No,No,No,No,Yes,c,c,b,c,b,b,b,b,b,Yes,b,Yes,Yes,a,c,c,Yes,c,Yes,Yes,No,No,No,No,0.0,21.0,0.0,0.0,0.0,0.0,0.0,165.9,0.0,165.9,1.0,0.75,0.5,0.5,0.0,0.0,0.0,0.0,0.0,0.25,0.25,0.5,0.5,0.75,1.0,1.0,1.0,0.0,0.4444444444444444,0.3377938517179024,0.1794184391433181,0.25,0.5,0.5,0.5,0.5,0.5,1.0,1.0,0.575,0.1124197002141327,0.0,0.0,0.0,0.5,0.3814756671899529,0.4047608543349312,40.47608543349312,1204,1.0,291181,0.0,Not listed,291181.0,0.18,0.0365416584531147,0.9386916683093772,0.5925526271880733,59.25526271880733,374,22.942
Niz Chabua,291447,197.1,2217,480,3,3,1,c,,,,,,1.0,Yes,Yes,Yes,Yes,No,No,No,No,a,a,Yes,a,a,a,a,a,a,Yes,Yes,Yes,Yes,c,a,c,a,c,Yes,Yes,Yes,No,Yes,No,0.0,25.2,0.0,6.2,0.0,0.0,0.0,81.0,0.0,81.0,1.0,1.0,1.0,0.25,0.0,0.0,0.0,1.0,1.0,0.75,0.75,1.0,1.0,0.25,0.75,1.0,1.0,0.0,0.6527777777777778,0.0889039242219215,0.2878171380611906,0.75,0.75,0.75,0.75,0.75,0.75,1.0,1.0,0.85,0.1278538812785388,0.0,0.0,0.0,0.5,0.3814756671899529,0.5664438623977327,56.64438623977327,114,1.0,291447,0.0,Not listed,291447.0,0.801,0.135401430634992,0.7326197138730015,0.5922235201429913,59.222352014299126,375,27.78
Lacachani,291372,177.2,26,7,1,a,a,a,,,,,,0.0,No,No,Yes,No,No,No,No,No,c,c,Yes,b,b,b,b,Yes,Yes,b,b,Yes,a,c,c,c,a,c,Yes,a,Yes,No,No,No,0.0,70.4,0.0,0.0,26.3,0.0,0.0,80.5,0.0,80.5,1.0,0.75,0.75,0.75,0.0,0.0,0.0,0.0,0.0,0.25,0.25,1.0,0.5,0.25,0.75,1.0,0.75,0.0,0.4444444444444444,6.815384615384615,0.3326334637766963,0.5,0.5,0.5,0.5,1.0,1.0,0.5,0.75,0.675,0.3972911963882619,0.0,0.0,0.1484198645598194,0.5742099322799097,0.4758399452852855,0.4919374661123423,49.19374661123423,573,1.0,291372,0.0,Not listed,291372.0,0.807,0.0088812974151556,0.7561237405169688,0.5919838539437545,59.19838539437545,376,24.193
Dikhari 283 Nlr Grant,291949,137.4,741,152,1,a,a,a,,,,,,0.0,Yes,Yes,Yes,No,No,No,No,No,c,c,Yes,Yes,a,a,a,a,Yes,Yes,b,Yes,Yes,c,c,c,Yes,c,Yes,Yes,Yes,No,No,No,0.0,21.9,2.8,0.0,2.7,1.6,3.8,11.0,0.0,11.0,1.0,0.75,0.75,0.75,0.0,0.0,0.0,1.0,0.0,0.25,0.25,1.0,0.5,0.25,1.0,1.0,1.0,0.0,0.5277777777777778,0.1854251012145749,0.2901001619585201,1.0,0.75,0.75,0.75,0.75,1.0,1.0,1.0,0.85,0.1593886462882096,0.0203784570596797,0.0,0.0589519650655021,0.5233624454148471,0.4111830153626785,0.5417060880066101,54.17060880066101,215,1.0,291949,0.5,Moderate (9-12),291949.0,0.035,0.103218663060855,0.7188562673878289,0.5917449997491634,59.17449997491634,377,40.956
Dinjoy Chapori,291420,247.1,299,61,1,1,,c,,,,,,0.0,No,No,No,Yes,No,No,No,No,Yes,a,Yes,a,b,Yes,a,a,Yes,Yes,b,Yes,Yes,c,a,c,Yes,a,Yes,c,Yes,No,Yes,Yes,0.0,28.0,13.0,0.0,40.2,0.0,0.0,115.9,0.0,115.9,1.0,1.0,0.0,0.25,0.0,0.0,0.0,0.0,1.0,1.0,0.75,1.0,0.5,0.25,1.0,1.0,0.25,1.0,0.5555555555555556,0.8264214046822742,0.2481188468162129,0.75,0.5,1.0,0.75,0.75,1.0,1.0,1.0,0.825,0.1133144475920679,0.0526102792391744,0.0,0.1626871711857547,0.5655605018211252,0.4648414544350258,0.5413868914799473,54.13868914799473,220,1.0,291420,0.0,Not listed,291420.0,0.804,0.107343020048494,0.7373313959903012,0.5916884882654275,59.16884882654275,378,26.592
Chalakataki No.2,291580,108.3,3002,742,1,3,1,a,,,,,,1.0,Yes,Yes,Yes,No,No,Yes,No,No,Yes,c,Yes,a,a,a,a,a,a,Yes,Yes,Yes,Yes,a,a,a,a,Yes,Yes,Yes,Yes,No,No,No,0.0,50.0,0.0,0.0,0.0,0.0,0.0,50.0,0.0,50.0,1.0,1.0,1.0,0.75,0.0,0.0,0.0,1.0,0.0,1.0,0.25,1.0,1.0,0.75,0.75,1.0,1.0,0.0,0.6388888888888888,0.0360759493670886,0.286567593320866,0.75,0.75,0.75,0.75,0.75,0.75,1.0,1.0,0.85,0.4616805170821791,0.0,0.0,0.0,0.5,0.3814756671899529,0.5626592539904294,56.265925399042935,130,1.0,291580,0.0,Not listed,291580.0,0.806,0.131417015964903,0.7319165968070194,0.5916298871315172,59.16298871315172,379,42.99
Sukani Pather Block,292179,100.8,675,153,1,b,b,b,,,,,,1.0,Yes,Yes,Yes,No,No,No,No,No,Yes,b,Yes,c,c,a,c,a,Yes,Yes,b,Yes,Yes,c,c,b,a,a,Yes,Yes,Yes,No,No,No,0.0,12.8,0.0,30.4,0.0,0.0,0.0,43.2,0.0,43.2,1.0,0.5,0.5,0.5,0.0,0.0,0.0,1.0,0.0,1.0,0.5,1.0,0.5,0.25,0.75,1.0,1.0,0.0,0.5277777777777778,0.1493333333333333,0.2321036230523747,0.25,0.25,0.75,0.25,0.75,1.0,1.0,1.0,0.675,0.126984126984127,0.0,0.0,0.0,0.5,0.3814756671899529,0.4687654836455287,46.87654836455288,786,1.0,292179,0.0,Not listed,292179.0,0.385,0.158620052564844,0.8527759894870313,0.5913576516363991,59.13576516363991,380,37.037
1 No. Lengeri Gaon,291823,268.9,1171,257,3,2,1,a,,1.0,,,,1.0,No,Yes,Yes,Yes,No,Yes,No,No,Yes,c,Yes,c,c,Yes,Yes,b,c,Yes,b,Yes,Yes,c,c,c,Yes,Yes,Yes,Yes,Yes,No,No,No,0.0,40.2,0.0,0.0,1.4,0.0,1.0,218.5,0.0,218.5,1.0,1.0,1.0,0.75,0.0,1.0,0.0,0.0,1.0,1.0,0.25,1.0,0.5,0.25,1.0,1.0,1.0,0.0,0.6527777777777778,0.2296327924850555,0.2340029532294193,0.25,0.25,1.0,1.0,0.5,0.25,1.0,1.0,0.675,0.1494979546299739,0.0,0.0,0.008925251022685,0.5044626255113425,0.3871502773378139,0.5016252382193621,50.16252382193621,489,1.0,291823,0.0,Not listed,291823.0,0.426,0.116284745636675,0.848943050872665,0.5911505002570929,59.115050025709294,381,24.558
Ahomgaon Nagar,291774,115.4,373,69,1,1,1,b,,,1.0,,,0.0,No,No,Yes,No,No,No,No,No,Yes,b,b,b,b,b,b,b,b,Yes,b,Yes,Yes,a,c,c,a,b,Yes,a,Yes,No,No,No,0.0,35.0,0.0,0.0,15.1,0.0,0.0,45.2,0.0,45.2,1.0,1.0,1.0,0.5,1.0,0.0,0.0,0.0,0.0,1.0,0.5,0.5,0.5,0.75,0.75,1.0,0.75,0.0,0.5694444444444444,0.3093833780160858,0.1787464437075327,0.5,0.5,0.5,0.5,0.5,0.5,1.0,1.0,0.6,0.3032928942807625,0.0,0.0,0.1308492201039861,0.5654246100519931,0.4646686564240415,0.4599814533228026,45.99814533228026,862,1.0,291774,0.0,Not listed,291774.0,0.211,0.224176199456232,0.8918647601087536,0.5911328134339909,59.113281343399095,382,24.749
Duliabam Block,291764,231.8,1970,402,2,2,b,b,,,,,,1.0,No,No,Yes,Yes,No,No,No,No,Yes,c,Yes,a,a,a,a,b,Yes,Yes,Yes,Yes,Yes,c,c,c,b,Yes,Yes,Yes,Yes,No,No,No,0.0,31.6,1.1,0.0,1.0,2.1,0.0,45.0,0.0,45.0,1.0,1.0,0.5,0.5,0.0,0.0,0.0,0.0,1.0,1.0,0.25,1.0,1.0,0.25,0.5,1.0,1.0,0.0,0.5555555555555556,0.1176649746192893,0.2313545685755642,0.75,0.75,0.75,0.75,0.5,1.0,1.0,1.0,0.85,0.1363244176013805,0.0047454702329594,0.0,0.0133735979292493,0.5052631578947369,0.388168222754689,0.5293611755837178,52.93611755837178,279,1.0,291764,0.25,Low (5-8),291764.0,0.303,0.107704124118668,0.7625591751762664,0.591087545627601,59.108754562760105,383,22.67
Bakuloni No.3,291552,203.0,1756,455,2,a,b,b,,,,,,1.0,Yes,Yes,Yes,No,No,Yes,No,No,Yes,b,Yes,,Yes,Yes,c,b,Yes,Yes,Yes,Yes,Yes,Yes,b,Yes,Yes,c,Yes,Yes,Yes,No,No,No,0.0,80.0,0.0,3.0,0.0,0.0,0.0,100.0,0.0,100.0,1.0,0.75,0.5,0.5,0.0,0.0,0.0,1.0,0.0,1.0,0.5,1.0,1.0,1.0,1.0,1.0,1.0,0.0,0.625,0.1156036446469248,0.4027343831848156,0.0,1.0,1.0,0.25,0.5,1.0,1.0,1.0,0.775,0.3940886699507389,0.0,0.0,0.0,0.5,0.3814756671899529,0.5657287292341945,56.572872923419446,117,1.0,291552,0.0,Not listed,291552.0,0.909,0.159681817171466,0.6953636365657068,0.5910504005009796,59.10504005009796,384,49.996
Chungichuk,291432,195.8,1027,215,2,2,c,c,,,1.0,,,1.0,Yes,Yes,Yes,Yes,No,No,No,No,Yes,a,Yes,a,Yes,Yes,a,a,Yes,Yes,b,Yes,Yes,c,a,c,a,b,Yes,Yes,Yes,No,No,Yes,0.0,12.8,3.1,3.0,20.1,0.0,0.0,150.0,0.0,150.0,1.0,1.0,0.25,0.25,1.0,0.0,0.0,1.0,1.0,1.0,0.75,1.0,0.5,0.25,0.75,1.0,1.0,1.0,0.7083333333333334,0.1906523855890944,0.2330809462331942,0.75,1.0,1.0,0.75,0.75,1.0,1.0,1.0,0.875,0.0653728294177732,0.0158324821246169,0.0,0.102655771195097,0.5465781409601634,0.440703758520773,0.5859943215957866,58.599432159578654,68,1.0,291432,0.0,Not listed,291432.0,0.832,0.107697362792104,0.7288605274415791,0.5909200113130462,59.09200113130461,385,29.314
Lepetkatta 60 No-Fs 71 No.Nlr,291133,72.9,337,73,1,a,a,a,,,,,,1.0,No,Yes,Yes,No,No,No,No,No,c,c,a,b,a,a,a,a,a,Yes,a,Yes,Yes,b,b,b,Yes,c,a,a,No,No,No,No,0.0,7.1,0.0,0.0,0.0,0.0,0.0,62.4,0.0,62.4,1.0,0.75,0.75,0.75,0.0,0.0,0.0,0.0,0.0,0.25,0.25,0.75,0.75,0.5,1.0,0.75,0.75,0.0,0.4583333333333333,0.2163204747774481,0.1194023615209233,0.5,0.75,0.75,0.75,0.75,0.75,1.0,1.0,0.775,0.0973936899862825,0.0,0.0,0.0,0.5,0.3814756671899529,0.4532290571515547,45.32290571515548,916,1.0,291133,0.0,Not listed,291133.0,0.31,0.177916139960222,0.8714167720079555,0.590638649261906,59.06386492619061,386,13.815
Fekela Bangali,291698,70.0,206,43,1,a,c,c,,,,,,0.0,No,Yes,No,Yes,No,No,No,No,Yes,c,Yes,c,b,Yes,Yes,c,Yes,Yes,b,Yes,Yes,b,c,c,a,Yes,Yes,a,Yes,No,No,No,0.0,20.0,0.0,4.0,0.0,0.0,44.0,0.0,0.0,0.0,1.0,0.75,0.25,0.25,0.0,0.0,0.0,0.0,1.0,1.0,0.25,1.0,0.5,0.5,0.75,1.0,0.75,0.0,0.5,0.3398058252427184,0.1794660285302388,0.25,0.5,1.0,1.0,0.25,1.0,1.0,1.0,0.75,0.2857142857142857,0.0,0.0,0.6285714285714286,0.8142857142857143,0.7811168423413323,0.5510898756008261,55.10898756008261,176,1.0,291698,0.0,Not listed,291698.0,0.934,0.118108672168042,0.6961782655663916,0.5905053397103162,59.05053397103161,387,56.762
Kharjan T.E.,291424,75.3,794,163,1,2,b,b,,,,,,0.0,Yes,Yes,Yes,Yes,No,No,No,No,Yes,b,Yes,b,Yes,Yes,a,a,Yes,Yes,b,Yes,Yes,c,c,c,a,b,Yes,Yes,Yes,No,No,Yes,0.0,14.6,0.0,0.0,18.2,0.0,0.0,42.5,0.0,42.5,1.0,1.0,0.5,0.5,0.0,0.0,0.0,1.0,1.0,1.0,0.5,1.0,0.5,0.25,0.75,1.0,1.0,1.0,0.6666666666666666,0.0948362720403022,0.2308145992635776,0.5,1.0,1.0,0.75,0.75,1.0,1.0,1.0,0.85,0.1938911022576361,0.0,0.0,0.2416998671978751,0.6208499335989376,0.5351466973550071,0.5863996559535625,58.63996559535624,67,1.0,291424,0.0,Not listed,291424.0,0.857,0.1888873008596,0.70512253982808,0.5900246703503775,59.00246703503775,388,30.061
Deroighat Block No.1,291956,40.8,86,19,a,a,a,a,,,,,,0.0,No,No,Yes,No,No,No,No,No,c,a,b,a,b,b,b,a,a,b,b,Yes,Yes,b,c,c,a,b,a,a,Yes,No,No,No,0.0,5.9,1.3,0.0,1.5,1.0,1.0,27.2,0.0,27.2,0.75,0.75,0.75,0.75,0.0,0.0,0.0,0.0,0.0,0.25,0.75,0.5,0.5,0.5,0.75,0.75,0.75,0.0,0.4305555555555556,0.4744186046511627,0.0683643221674575,0.75,0.5,0.5,0.5,0.75,0.75,0.5,1.0,0.625,0.1446078431372549,0.0318627450980392,0.0,0.0857843137254902,0.5333333333333333,0.423861852433281,0.3970023399174095,39.70023399174095,1233,1.0,291956,0.0,Not listed,291956.0,0.043,0.133766605770357,0.9603466788459286,0.589809029945228,58.9809029945228,389,43.394
Deroi Alikinar,292099,20.9,118,28,1,a,,c,,,,,,0.0,No,No,Yes,No,No,No,No,No,Yes,c,Yes,c,b,c,c,a,Yes,Yes,b,a,Yes,c,c,b,Yes,c,Yes,a,Yes,No,No,No,0.0,5.7,0.0,0.0,0.0,0.0,0.0,9.8,0.0,9.8,1.0,0.75,0.0,0.25,0.0,0.0,0.0,0.0,0.0,1.0,0.25,1.0,0.5,0.25,1.0,1.0,0.75,0.0,0.4305555555555556,0.1771186440677966,0.2327608314534526,0.25,0.5,0.25,0.25,0.75,1.0,1.0,1.0,0.65,0.2727272727272727,0.0,0.0,0.0,0.5,0.3814756671899529,0.4371242301902426,43.71242301902426,1032,1.0,292099,0.0,Not listed,292099.0,0.358,0.158091207652737,0.8609817584694526,0.5898042613296371,58.980426132963714,390,30.999
Dikam T.E.,291441,553.8,4913,1013,2,3,1,c,,,,,,1.0,Yes,Yes,Yes,Yes,No,Yes,No,No,Yes,a,Yes,a,a,a,a,a,a,Yes,Yes,Yes,Yes,Yes,c,a,Yes,c,Yes,Yes,Yes,Yes,Yes,No,0.0,19.5,0.0,0.0,0.0,0.0,0.0,221.5,0.0,221.5,1.0,1.0,1.0,0.25,0.0,0.0,0.0,1.0,1.0,1.0,0.75,1.0,1.0,1.0,1.0,1.0,1.0,0.0,0.7222222222222222,0.112721351516385,0.4026662080516359,0.75,0.75,0.75,0.75,0.75,0.75,1.0,1.0,0.85,0.0352112676056338,0.0,0.0,0.0,0.5,0.3814756671899529,0.6125172410064552,61.25172410064552,27,1.0,291441,0.25,Low (5-8),291441.0,0.657,0.119466028772637,0.6540067942454726,0.5894906197895909,58.94906197895909,391,17.675
Dhunahula Bamon,292125,161.1,369,75,1,b,b,b,,,,,,1.0,Yes,No,Yes,No,No,No,No,No,c,b,b,c,b,b,c,a,c,Yes,a,Yes,Yes,b,c,a,Yes,a,Yes,a,Yes,No,No,No,0.0,20.7,0.0,0.0,0.0,0.0,0.0,111.5,0.0,111.5,1.0,0.5,0.5,0.5,0.0,0.0,0.0,1.0,0.0,0.25,0.5,0.5,0.75,0.5,1.0,1.0,0.75,0.0,0.4861111111111111,0.4365853658536585,0.2960408778106929,0.25,0.5,0.5,0.25,0.75,0.25,1.0,1.0,0.575,0.1284916201117318,0.0,0.0,0.0,0.5,0.3814756671899529,0.4443331306684416,44.43331306684416,980,1.0,292125,0.0,Not listed,292125.0,0.398,0.113609136947342,0.8578781726105316,0.5893828385753789,58.93828385753789,392,35.182
Garmara Hatigarh,291743,120.0,670,134,1,a,a,c,,,1.0,,,0.0,No,Yes,No,Yes,No,No,No,No,Yes,c,b,c,Yes,Yes,b,c,b,Yes,a,Yes,Yes,a,c,c,Yes,c,Yes,Yes,Yes,No,No,No,0.0,19.0,12.2,0.0,2.0,3.3,1.2,49.1,0.0,49.1,1.0,0.75,0.75,0.25,1.0,0.0,0.0,0.0,1.0,1.0,0.25,0.5,0.75,0.75,1.0,1.0,1.0,0.0,0.6111111111111112,0.1791044776119403,0.2328078025491091,0.25,1.0,1.0,0.5,0.25,0.5,1.0,1.0,0.675,0.1583333333333333,0.1016666666666666,0.0,0.0541666666666666,0.4965833333333333,0.3771310832025118,0.4889059450555574,48.89059450555575,606,1.0,291743,0.0,Not listed,291743.0,0.385,0.178236490580389,0.8488527018839223,0.589312693871223,58.9312693871223,393,19.914
Chapatali No.1,292224,179.0,330,68,1,a,b,b,,,,,,0.0,Yes,Yes,Yes,No,Yes,No,No,No,Yes,b,b,,b,b,c,a,a,Yes,a,Yes,Yes,b,b,b,Yes,Yes,Yes,a,Yes,No,No,No,0.0,2.1,0.0,14.2,0.0,0.0,0.0,162.7,0.0,162.7,1.0,0.75,0.5,0.5,0.0,0.0,0.0,1.0,0.0,1.0,0.5,0.5,0.75,0.5,1.0,1.0,0.75,0.0,0.5416666666666666,0.5424242424242425,0.2985442940764886,0.0,0.5,0.5,0.25,0.75,0.75,1.0,1.0,0.6,0.0117318435754189,0.0,0.0,0.0,0.5,0.3814756671899529,0.4663478736237794,46.634787362377935,806,1.0,292224,0.0,Not listed,292224.0,0.463,0.0889727047190484,0.8433054590561904,0.5891796072200913,58.917960722009134,394,43.205
Naharani Block Gaon,291943,41.0,347,73,1,a,c,c,,,,,,0.0,No,No,Yes,Yes,No,No,No,No,c,c,a,c,a,a,a,a,a,Yes,a,Yes,Yes,b,c,b,Yes,c,Yes,a,No,No,No,No,0.0,10.0,2.0,0.0,1.0,0.0,2.0,14.0,0.0,14.0,1.0,0.75,0.25,0.25,0.0,0.0,0.0,0.0,1.0,0.25,0.25,0.75,0.75,0.5,1.0,1.0,0.75,0.0,0.4722222222222222,0.1181556195965417,0.1742233167015514,0.25,0.75,0.75,0.75,0.75,0.75,1.0,1.0,0.75,0.2439024390243902,0.048780487804878,0.0,0.073170731707317,0.5219512195121951,0.4093885208867788,0.4684890889082991,46.84890889082991,789,1.0,291943,0.25,Low (5-8),291943.0,0.055,0.115323133776469,0.8354353732447062,0.5891382566062872,58.91382566062872,395,38.832
Padumoni Na-Gaon,291722,153.8,245,53,a,a,a,a,,,,,,0.0,No,No,Yes,Yes,No,Yes,No,No,Yes,c,Yes,c,a,a,Yes,Yes,Yes,Yes,b,Yes,Yes,a,c,c,a,c,a,a,Yes,No,No,No,0.0,21.2,6.6,60.3,0.1,0.0,2.7,58.3,0.0,58.3,0.75,0.75,0.75,0.75,0.0,0.0,0.0,0.0,1.0,1.0,0.25,1.0,0.5,0.75,0.75,0.75,0.75,0.0,0.5416666666666666,0.6277551020408164,0.0719912038402746,0.25,0.75,0.75,1.0,1.0,1.0,1.0,1.0,0.825,0.1378413524057217,0.0429128738621586,0.0,0.0182054616384915,0.4962288686605982,0.3766803510440887,0.476250537835553,47.6250537835553,720,1.0,291722,0.0,Not listed,291722.0,0.301,0.182798407473197,0.8731403185053606,0.5887559810188262,58.87559810188262,396,20.07
53 No-F.C. Grant,291216,41.5,185,44,a,a,b,b,,,,,,1.0,Yes,No,Yes,No,No,No,Yes,No,Yes,c,c,b,b,b,a,a,a,Yes,a,a,Yes,b,b,c,Yes,c,a,a,Yes,No,No,No,0.0,24.6,0.0,0.0,0.0,0.0,0.0,16.9,0.0,16.9,0.75,0.75,0.5,0.5,0.0,0.0,0.0,1.0,0.0,1.0,0.25,0.25,0.75,0.5,1.0,0.75,0.75,0.0,0.4861111111111111,0.2243243243243243,0.176734534421788,0.5,0.5,0.5,0.75,0.75,0.75,1.0,1.0,0.675,0.5927710843373495,0.0,0.0,0.0,0.5,0.3814756671899529,0.4445065448212154,44.450654482121536,978,0.973529411808533,291216,0.0,Not listed,291216.0,0.289,0.166217700992044,0.8800564598015912,0.5884275676045765,58.84275676045765,397,18.964
Sukani,292076,277.5,1554,297,1,a,b,b,,,,,,1.0,Yes,Yes,Yes,Yes,No,No,No,No,Yes,c,Yes,c,c,c,c,c,c,Yes,Yes,Yes,Yes,a,c,a,Yes,Yes,Yes,Yes,Yes,No,No,No,0.0,33.2,0.0,23.3,0.0,0.0,0.0,200.0,0.0,200.0,1.0,0.75,0.5,0.5,0.0,0.0,0.0,1.0,1.0,1.0,0.25,1.0,1.0,0.75,1.0,1.0,1.0,0.0,0.6527777777777778,0.1785714285714285,0.3470809085789375,0.25,0.25,0.25,0.25,0.25,0.25,1.0,1.0,0.55,0.1196396396396396,0.0,0.0,0.0,0.5,0.3814756671899529,0.4912598050271694,49.12598050271694,584,1.0,292076,0.0,Not listed,292076.0,0.469,0.116644753037782,0.8359710493924436,0.5883799969802048,58.83799969802048,398,33.865
Rongliting No.2,291326,47.2,1558,323,2,a,a,a,,,,,,1.0,Yes,Yes,Yes,Yes,No,No,No,Yes,Yes,c,Yes,a,a,b,b,b,b,Yes,Yes,Yes,Yes,c,c,c,a,c,a,Yes,Yes,No,Yes,No,0.0,5.6,0.0,0.0,0.0,0.0,2.4,36.1,0.0,36.1,1.0,0.75,0.75,0.75,0.0,0.0,0.0,1.0,1.0,1.0,0.25,1.0,1.0,0.25,0.75,0.75,1.0,0.0,0.625,0.0302952503209242,0.2292880047945253,0.75,0.75,0.5,0.5,0.5,0.5,1.0,1.0,0.75,0.1186440677966101,0.0,0.0,0.0508474576271186,0.5254237288135593,0.4138041135619827,0.5213328239110279,52.13328239110279,332,1.0,291326,0.0,Not listed,291326.0,0.591,0.127274246445918,0.7972451507108165,0.5882906785172554,58.82906785172553,399,15.982
Dhowa Pather No.1,292200,458.8,1949,375,1,a,a,b,,,,,,1.0,Yes,Yes,Yes,Yes,No,Yes,No,No,b,c,a,a,Yes,a,b,b,b,Yes,a,Yes,Yes,b,b,b,Yes,a,a,Yes,Yes,No,No,No,0.0,70.0,130.8,0.0,0.0,0.0,0.0,258.0,0.0,258.0,1.0,0.75,0.75,0.5,0.0,0.0,0.0,1.0,1.0,0.5,0.25,0.75,0.75,0.5,1.0,0.75,1.0,0.0,0.5833333333333334,0.2354027706516162,0.2341394310309937,0.75,1.0,0.75,0.5,0.5,0.5,1.0,1.0,0.75,0.1525719267654751,0.2850915431560593,0.0,0.0,0.4144725370531822,0.2727201805542819,0.4839122272019381,48.39122272019382,650,1.0,292200,0.0,Not listed,292200.0,0.444,0.0985141115031393,0.8470971776993721,0.5882817559206396,58.82817559206396,400,41.63
Tarajan,291937,124.2,802,172,1,a,a,a,,,,,,0.0,No,Yes,No,Yes,No,No,No,No,Yes,b,Yes,b,b,b,a,b,Yes,Yes,b,Yes,Yes,c,b,c,Yes,c,Yes,Yes,Yes,No,No,No,0.0,10.0,10.0,12.9,11.1,0.0,0.0,50.0,0.0,50.0,1.0,0.75,0.75,0.75,0.0,0.0,0.0,0.0,1.0,1.0,0.5,1.0,0.5,0.25,1.0,1.0,1.0,0.0,0.5833333333333334,0.154862842892768,0.2322344130288133,0.5,0.5,0.5,0.75,0.5,1.0,1.0,1.0,0.725,0.0805152979066022,0.0805152979066022,0.0,0.0893719806763285,0.5205314009661836,0.407583100129684,0.5029085566164735,50.29085566164735,477,1.0,291937,0.25,Low (5-8),291937.0,0.118,0.147027803432908,0.8101944393134184,0.5882738440020233,58.827384400202334,401,35.612
Borbil Block Gaon,291718,133.7,132,27,a,a,a,a,,,,,,0.0,No,No,Yes,Yes,Yes,Yes,No,No,Yes,a,a,b,b,b,a,a,b,Yes,a,Yes,Yes,a,c,c,Yes,a,a,a,Yes,No,No,No,0.0,9.6,6.0,0.0,0.6,0.0,1.2,113.2,0.0,113.2,0.75,0.75,0.75,0.75,0.0,0.0,0.0,0.0,1.0,1.0,0.75,0.75,0.75,0.75,1.0,0.75,0.75,0.0,0.5833333333333334,1.0128787878787875,0.138243425431336,0.5,0.5,0.5,0.75,0.75,0.5,1.0,1.0,0.7,0.0718025430067314,0.0448765893792071,0.0,0.0134629768137621,0.4932685115931189,0.3729160037526317,0.4649773904416936,46.49773904416936,816,0.987050359733671,291718,0.0,Not listed,291718.0,0.235,0.175389277641383,0.8944221444717234,0.5882671147094182,58.82671147094182,402,23.685
Nachani No.1,292040,871.2,3164,652,3,2,1,b,,,1.0,,,1.0,Yes,Yes,Yes,No,No,Yes,No,No,Yes,b,Yes,c,b,b,c,c,c,Yes,Yes,Yes,Yes,c,c,c,a,c,Yes,Yes,Yes,No,No,No,0.0,14.5,0.0,0.0,0.0,0.0,32.5,804.3,0.0,804.3,1.0,1.0,1.0,0.5,1.0,0.0,0.0,1.0,0.0,1.0,0.5,1.0,1.0,0.25,0.75,1.0,1.0,0.0,0.6666666666666666,0.2753476611883692,0.2922271081865468,0.25,0.5,0.5,0.25,0.25,0.25,1.0,1.0,0.6,0.016643709825528,0.0,0.0,0.0373048668503213,0.5186524334251608,0.4051938321418842,0.5007622101416802,50.07622101416802,494,1.0,292040,0.0,Not listed,292040.0,0.452,0.143440526060559,0.8357118947878882,0.5881206097830747,58.81206097830747,403,28.599
Chapatali No.3,291695,317.0,1910,409,1,2,c,c,,,,,,1.0,Yes,Yes,Yes,No,No,No,No,No,Yes,b,Yes,b,Yes,Yes,b,c,Yes,Yes,Yes,Yes,Yes,b,b,c,Yes,Yes,Yes,Yes,Yes,No,No,No,0.0,190.0,0.0,20.0,0.0,0.0,0.0,60.0,0.0,60.0,1.0,1.0,0.25,0.25,0.0,0.0,0.0,1.0,0.0,1.0,0.5,1.0,1.0,0.5,1.0,1.0,1.0,0.0,0.5833333333333334,0.1659685863874345,0.3467828124431794,0.5,1.0,1.0,0.5,0.25,1.0,1.0,1.0,0.825,0.5993690851735016,0.0,0.0,0.0,0.5,0.3814756671899529,0.5563241698821189,55.63241698821189,152,1.0,291695,0.0,Not listed,291695.0,0.911,0.143695546283871,0.6979608907432258,0.5881014094865781,58.81014094865781,404,54.994
Tingrai Chaariali,291598,192.1,1362,270,1,2,1,b,,,1.0,,,3.0,Yes,Yes,Yes,No,No,Yes,No,No,Yes,b,Yes,c,b,b,c,Yes,Yes,Yes,b,Yes,Yes,Yes,c,a,Yes,c,Yes,Yes,Yes,No,No,No,0.0,40.2,0.0,0.0,13.4,0.0,0.0,115.1,0.0,115.1,1.0,1.0,1.0,0.5,1.0,0.0,0.0,1.0,0.0,1.0,0.5,1.0,0.5,1.0,1.0,1.0,1.0,0.0,0.6944444444444444,0.1410425844346549,0.346193235524454,0.25,0.5,0.5,0.25,1.0,1.0,1.0,1.0,0.7,0.2092660072878709,0.0,0.0,0.0697553357626236,0.5348776678813119,0.4258256059401297,0.5553245411802505,55.53245411802506,156,1.0,291598,0.0,Not listed,291598.0,0.736,0.175793913502288,0.7440412172995424,0.5880386366919499,58.80386366919499,405,34.545
Chenglijan,291328,236.7,1690,342,2,1,a,a,,,,,,1.0,Yes,Yes,Yes,Yes,No,No,No,Yes,Yes,c,a,b,a,Yes,b,b,b,Yes,a,Yes,Yes,c,c,c,a,c,Yes,Yes,Yes,No,Yes,No,0.0,35.2,0.0,0.0,0.0,5.0,6.0,178.1,0.0,178.1,1.0,1.0,0.75,0.75,0.0,0.0,0.0,1.0,1.0,1.0,0.25,0.75,0.75,0.25,0.75,1.0,1.0,0.0,0.625,0.1400591715976331,0.2318842604883239,0.5,0.75,1.0,0.5,0.5,0.5,1.0,1.0,0.725,0.1487114490916772,0.0,0.0,0.0464723278411491,0.5232361639205746,0.4110224376384073,0.5139255526497625,51.392555264976245,387,1.0,291328,0.0,Not listed,291328.0,0.555,0.12492473370927,0.808515053258146,0.5880304520711005,58.80304520711005,406,14.196
Lepetkatta Bagisha,291136,62.6,515,106,1,a,a,a,,,,,,1.0,No,Yes,Yes,No,No,No,No,No,c,c,a,a,b,b,a,a,a,Yes,a,Yes,Yes,b,a,c,a,c,Yes,Yes,No,No,No,No,0.0,2.4,0.0,0.0,0.0,0.0,0.0,58.9,0.0,58.9,1.0,0.75,0.75,0.75,0.0,0.0,0.0,0.0,0.0,0.25,0.25,0.75,0.75,0.5,0.75,1.0,1.0,0.0,0.4722222222222222,0.1215533980582524,0.1171608275117964,0.75,0.5,0.5,0.75,0.75,0.75,1.0,1.0,0.75,0.0383386581469648,0.0,0.0,0.0,0.5,0.3814756671899529,0.4486408958714952,44.86408958714952,949,1.0,291136,0.0,Not listed,291136.0,0.332,0.109594273873579,0.8784811452252842,0.5879040150465558,58.79040150465558,407,12.529
Karangani No.18,292170,67.9,454,96,1,a,a,a,,,,,,0.0,Yes,No,No,Yes,No,No,No,No,Yes,c,Yes,c,a,a,c,c,Yes,Yes,b,Yes,Yes,c,c,b,a,a,Yes,Yes,Yes,Yes,No,No,0.0,4.4,0.0,0.0,0.0,0.0,0.0,63.5,0.0,63.5,1.0,0.75,0.75,0.75,0.0,0.0,0.0,1.0,1.0,1.0,0.25,1.0,0.5,0.25,0.75,1.0,1.0,0.0,0.6111111111111112,0.1495594713656387,0.2321089719151624,0.25,0.75,0.75,0.25,0.25,1.0,1.0,1.0,0.675,0.06480117820324,0.0,0.0,0.0,0.5,0.3814756671899529,0.489600154194559,48.9600154194559,598,1.0,292170,0.0,Very Low (1-4),292170.0,0.444,0.115730642488448,0.8436538715023104,0.5877101416582077,58.771014165820766,408,39.418
Ghuraghas No.1,291838,100.3,436,91,1,1,c,c,,1.0,1.0,,,0.0,No,Yes,Yes,Yes,No,No,No,No,Yes,c,c,c,b,b,b,b,a,Yes,b,Yes,Yes,a,b,b,Yes,Yes,Yes,a,Yes,No,No,No,0.0,16.0,0.0,0.0,2.2,0.0,1.4,73.7,0.0,73.7,1.0,1.0,0.25,0.25,1.0,1.0,0.0,0.0,1.0,1.0,0.25,0.25,0.5,0.75,1.0,1.0,0.75,0.0,0.6111111111111112,0.230045871559633,0.2340127238251386,0.25,0.5,0.5,0.5,0.5,0.75,1.0,1.0,0.575,0.1595214356929212,0.0,0.0,0.0358923230309072,0.5179461615154537,0.4042957469819741,0.4646401081304573,46.46401081304573,818,1.0,291838,0.0,Not listed,291838.0,0.277,0.165518397307627,0.8837963205384746,0.5876660712189705,58.76660712189705,409,26.48
Sarupothar Gaon,291290,289.8,2848,569,2,2,b,b,,,,,,1.0,Yes,Yes,Yes,Yes,No,No,No,Yes,Yes,c,b,b,Yes,Yes,b,b,b,Yes,a,Yes,Yes,b,b,c,Yes,c,Yes,Yes,Yes,No,Yes,No,0.0,32.2,9.7,35.6,1.3,0.0,0.0,200.8,0.0,200.8,1.0,1.0,0.5,0.5,0.0,0.0,0.0,1.0,1.0,1.0,0.25,0.5,0.75,0.5,1.0,1.0,1.0,0.0,0.6111111111111112,0.101755617977528,0.2881211203050814,0.5,1.0,1.0,0.5,0.5,0.5,1.0,1.0,0.725,0.1111111111111111,0.033471359558316,0.0,0.0044858523119392,0.4922015182884748,0.3715592304767106,0.5166199039493903,51.66199039493903,368,1.0,291290,0.0,Not listed,291290.0,0.642,0.10689241183755,0.7860215176324901,0.5871727717007731,58.71727717007731,410,13.897
Duliajan No.1,291515,44.8,612,128,1,b,b,b,,,,,,0.0,Yes,No,Yes,Yes,No,Yes,No,No,Yes,a,Yes,a,Yes,Yes,c,a,Yes,Yes,b,Yes,Yes,b,b,b,Yes,Yes,Yes,Yes,Yes,No,No,No,0.0,10.8,0.0,0.0,0.0,0.0,0.0,33.5,0.0,33.5,1.0,0.5,0.5,0.5,0.0,0.0,0.0,1.0,1.0,1.0,0.75,1.0,0.5,0.5,1.0,1.0,1.0,0.0,0.625,0.0732026143790849,0.2874457535971025,0.75,1.0,1.0,0.25,0.75,1.0,1.0,1.0,0.825,0.2410714285714286,0.0,0.0,0.0,0.5,0.3814756671899529,0.5519065718372662,55.19065718372662,170,1.0,291515,0.0,Not listed,291515.0,0.848,0.0647529624273578,0.7326494075145285,0.58714255148358,58.714255148358,411,41.756
Tipamia Gaon,291473,289.9,886,178,1,1,a,a,,,,,,0.0,Yes,Yes,Yes,No,No,No,No,No,Yes,b,Yes,b,Yes,b,b,Yes,Yes,Yes,b,Yes,Yes,a,b,a,Yes,b,Yes,Yes,Yes,No,No,No,0.0,40.7,0.0,0.0,0.0,0.0,0.0,169.3,0.0,169.3,1.0,1.0,0.75,0.75,0.0,0.0,0.0,1.0,0.0,1.0,0.5,1.0,0.5,0.75,1.0,1.0,1.0,0.0,0.625,0.3272009029345372,0.2934535974788346,0.5,1.0,0.5,0.5,1.0,1.0,1.0,1.0,0.8,0.1403932390479476,0.0,0.0,0.0,0.5,0.3814756671899529,0.5459085328076992,54.59085328076993,196,1.0,291473,0.0,Not listed,291473.0,0.754,0.162515513212387,0.7412968973575227,0.5871035083912107,58.71035083912107,412,30.099
Naduwa Grant Gaon,291415,209.8,677,145,1,1,b,b,,,,,,0.0,Yes,Yes,Yes,No,No,Yes,No,No,Yes,b,Yes,b,b,b,a,b,Yes,Yes,a,Yes,Yes,c,b,c,Yes,c,Yes,Yes,Yes,No,No,No,0.0,71.1,0.0,0.0,0.0,5.2,0.0,119.4,0.0,119.4,1.0,1.0,0.5,0.5,0.0,0.0,0.0,1.0,0.0,1.0,0.5,1.0,0.75,0.25,1.0,1.0,1.0,0.0,0.5833333333333334,0.3098966026587887,0.2930442973409062,0.5,0.5,0.5,0.75,0.5,1.0,1.0,1.0,0.75,0.3388941849380362,0.0,0.0,0.0247855100095328,0.5123927550047664,0.3972341154691693,0.5235412307623938,52.354123076239375,315,1.0,291415,0.0,Not listed,291415.0,0.707,0.13738445272985,0.76042310945403,0.587015435437214,58.7015435437214,413,19.533
Nemupather (Namoni Pather),292106,171.5,750,160,1,a,a,c,,,,,,0.0,Yes,Yes,Yes,No,No,Yes,No,No,Yes,c,Yes,c,c,c,c,b,Yes,Yes,b,Yes,Yes,a,c,b,a,c,Yes,Yes,Yes,No,No,No,0.0,18.9,0.0,0.0,0.0,0.0,0.0,102.4,0.0,102.4,1.0,0.75,0.75,0.25,0.0,0.0,0.0,1.0,0.0,1.0,0.25,1.0,0.5,0.75,0.75,1.0,1.0,0.0,0.5555555555555556,0.2286666666666666,0.2339801013703773,0.25,0.25,0.25,0.25,0.5,1.0,1.0,1.0,0.6,0.110204081632653,0.0,0.0,0.0,0.5,0.3814756671899529,0.4536790476694738,45.36790476694738,913,1.0,292106,0.0,Not listed,292106.0,0.303,0.158974759871853,0.8773050480256294,0.586638394631339,58.663839463133904,414,31.336
Charai Pung F/V,291701,65.6,473,93,1,1,c,c,,,,,,0.0,Yes,Yes,Yes,Yes,No,No,No,No,Yes,c,Yes,c,b,b,b,c,Yes,Yes,b,Yes,Yes,b,c,c,Yes,c,Yes,Yes,Yes,No,No,No,0.0,0.3,0.0,0.0,0.7,0.0,0.0,64.5,0.0,64.5,1.0,1.0,0.25,0.25,0.0,0.0,0.0,1.0,1.0,1.0,0.25,1.0,0.5,0.5,1.0,1.0,1.0,0.0,0.5972222222222222,0.1386892177589851,0.288994713992422,0.25,0.5,0.5,0.5,0.25,1.0,1.0,1.0,0.65,0.0045731707317073,0.0,0.0,0.010670731707317,0.5053353658536586,0.3882600413523759,0.4942062423241363,49.42062423241363,555,1.0,291701,0.0,Not listed,291701.0,0.493,0.183869492458418,0.8153261015083164,0.5866181253042885,58.66181253042885,415,19.783
Sapkait No.2,292139,118.5,664,137,2,1,b,b,,,,,,0.0,Yes,Yes,Yes,No,No,No,No,No,Yes,c,Yes,c,Yes,Yes,c,c,Yes,Yes,b,Yes,Yes,b,b,b,a,c,Yes,Yes,Yes,No,No,No,0.0,39.3,0.0,0.0,0.0,0.0,0.0,79.2,0.0,79.2,1.0,1.0,0.5,0.5,0.0,0.0,0.0,1.0,0.0,1.0,0.25,1.0,0.5,0.5,0.75,1.0,1.0,0.0,0.5555555555555556,0.1784638554216867,0.2327926498560414,0.25,1.0,1.0,0.25,0.25,1.0,1.0,1.0,0.725,0.3316455696202531,0.0,0.0,0.0,0.5,0.3814756671899529,0.4908821847908898,49.08821847908899,589,1.0,292139,0.0,Very Low (1-4),292139.0,0.535,0.123059740065907,0.8148880519868186,0.5863747333372307,58.637473333723065,416,39.862
Hapjan Parbat Chah Bagicha Nlr 85,292412,176.4,1145,234,1,a,a,a,,,1.0,,,1.0,Yes,Yes,No,Yes,No,No,No,No,Yes,a,a,a,c,Yes,c,c,a,Yes,a,Yes,Yes,a,a,c,a,Yes,Yes,Yes,Yes,No,Yes,No,0.0,40.5,0.0,0.0,81.0,0.0,0.0,55.0,0.0,55.0,1.0,0.75,0.75,0.75,1.0,0.0,0.0,1.0,1.0,1.0,0.75,0.75,0.75,0.75,0.75,1.0,1.0,0.0,0.7222222222222222,0.154061135371179,0.2322154501702212,0.75,0.25,1.0,0.25,0.25,0.75,1.0,1.0,0.675,0.2295918367346938,0.0,0.0,0.4591836734693877,0.7295918367346939,0.6734213308557333,0.5757936842692576,57.57936842692576,89,1.0,292412,0.0,Not listed,292412.0,0.793,0.157355067433622,0.7306289865132756,0.5863186567762255,58.63186567762255,417,55.547
Mautoni No.2,291776,51.9,244,51,1,a,a,b,,,,,,0.0,No,No,Yes,Yes,No,No,No,No,Yes,b,b,b,b,a,b,b,b,Yes,b,Yes,Yes,a,c,c,a,b,Yes,a,Yes,No,No,No,0.0,9.0,6.1,0.0,0.6,0.0,1.4,32.0,0.0,32.0,1.0,0.75,0.75,0.5,0.0,0.0,0.0,0.0,1.0,1.0,0.5,0.5,0.5,0.75,0.75,1.0,0.75,0.0,0.5416666666666666,0.2127049180327868,0.1764596995817779,0.5,0.5,0.75,0.5,0.5,0.5,1.0,1.0,0.625,0.1734104046242774,0.117533718689788,0.0,0.0385356454720616,0.4840077071290944,0.3611400985472001,0.4392596112715512,43.92596112715512,1015,1.0,291776,0.0,Not listed,291776.0,0.212,0.144936272414755,0.907412745517049,0.5862510378843441,58.62510378843441,418,25.616
Palonia Gaon,291150,82.6,300,65,1,a,a,c,,,1.0,,,1.0,No,Yes,No,Yes,No,No,No,No,Yes,c,b,b,b,Yes,b,b,b,Yes,b,Yes,Yes,c,c,c,Yes,c,Yes,b,Yes,No,No,No,0.0,5.4,0.0,0.0,10.1,2.2,0.0,52.9,0.0,52.9,1.0,0.75,0.75,0.25,1.0,0.0,0.0,0.0,1.0,1.0,0.25,0.5,0.5,0.25,1.0,1.0,0.5,0.0,0.5416666666666666,0.2753333333333333,0.2350839121456729,0.5,0.5,1.0,0.5,0.5,0.5,1.0,1.0,0.65,0.0653753026634382,0.0,0.0,0.148910411622276,0.5744552058111381,0.4761518315651835,0.4844180110161216,48.44180110161216,644,1.0,291150,0.0,Not listed,291150.0,0.491,0.191715576334884,0.8143568847330231,0.5859365066644051,58.59365066644051,419,11.459
Ghuguloni Borbam,291831,131.4,515,106,1,1,b,b,,,,,,0.0,No,Yes,Yes,Yes,No,No,No,No,Yes,b,Yes,b,b,b,b,b,Yes,Yes,b,Yes,Yes,c,b,c,a,Yes,Yes,Yes,Yes,No,No,No,0.0,6.3,20.0,0.0,0.8,5.1,2.4,86.2,0.0,86.2,1.0,1.0,0.5,0.5,0.0,0.0,0.0,0.0,1.0,1.0,0.5,1.0,0.5,0.25,0.75,1.0,1.0,0.0,0.5555555555555556,0.2551456310679612,0.1774635535037663,0.5,0.5,0.5,0.5,0.5,1.0,1.0,1.0,0.7,0.047945205479452,0.15220700152207,0.0,0.063165905631659,0.4859208523592085,0.3635728263908303,0.4659693425429965,46.59693425429965,808,1.0,291831,0.0,Not listed,291831.0,0.358,0.125083508074587,0.8675832983850826,0.5859351316885991,58.59351316885992,420,23.893
Ekoratoli Chiristian,291294,123.7,389,77,1,a,b,b,,,,,,1.0,No,No,Yes,Yes,No,No,No,Yes,Yes,c,a,b,a,b,a,a,a,Yes,a,Yes,Yes,b,b,c,Yes,c,Yes,a,Yes,No,No,No,0.0,58.7,0.0,0.0,7.5,0.0,0.0,50.1,0.0,50.1,1.0,0.75,0.5,0.5,0.0,0.0,0.0,0.0,1.0,1.0,0.25,0.75,0.75,0.5,1.0,1.0,0.75,0.0,0.5416666666666666,0.3179948586118252,0.2360929889590932,0.5,0.75,0.5,0.75,0.75,0.75,1.0,1.0,0.75,0.4745351657235246,0.0,0.0,0.0606305578011317,0.5303152789005658,0.4200241380054291,0.5034447415075258,50.34447415075258,472,1.0,291294,0.0,Not listed,291294.0,0.638,0.122543442502189,0.7840913114995622,0.5856633925404126,58.56633925404125,421,15.01
Matia Khawa,291499,8.0,378,87,1,b,b,b,,,,,,0.0,Yes,Yes,Yes,No,No,No,No,No,Yes,b,Yes,c,b,b,c,b,Yes,Yes,b,Yes,Yes,b,c,b,Yes,c,Yes,b,Yes,No,No,No,0.0,8.0,0.0,0.0,0.0,0.0,0.0,0.0,0.0,0.0,1.0,0.5,0.5,0.5,0.0,0.0,0.0,1.0,0.0,1.0,0.5,1.0,0.5,0.5,1.0,1.0,0.5,0.0,0.5277777777777778,0.0211640211640211,0.2862148801702021,0.25,0.5,0.5,0.25,0.5,1.0,1.0,1.0,0.65,1.0,0.0,0.0,0.0,0.5,0.3814756671899529,0.4747932979249856,47.47932979249856,736,1.0,291499,0.0,Not listed,,0.5151435079726652,0.1426592787977533,0.8169250918486498,0.5855451068605034,58.55451068605034,422,
Jokai 28 Gharia Gaon F.V.,291245,43.2,688,132,1,a,a,c,,,1.0,,,1.0,No,No,Yes,Yes,No,No,No,Yes,Yes,c,b,c,b,b,c,c,c,Yes,c,Yes,Yes,c,c,c,a,c,Yes,Yes,Yes,No,No,No,0.0,7.2,0.0,0.0,0.0,0.0,0.0,36.0,0.0,36.0,1.0,0.75,0.75,0.25,1.0,0.0,0.0,0.0,1.0,1.0,0.25,0.5,0.25,0.25,0.75,1.0,1.0,0.0,0.5416666666666666,0.0627906976744186,0.1729137653288862,0.25,0.5,0.5,0.25,0.25,0.25,1.0,1.0,0.475,0.1666666666666666,0.0,0.0,0.0,0.5,0.3814756671899529,0.3974402414368788,39.74402414368788,1232,1.0,291245,0.0,Not listed,291245.0,0.063,0.0325983211053378,0.9745803357789324,0.5852819257222874,58.52819257222875,423,30.435
Ophulia T.E No. 83 Darkhastor,292111,250.6,689,132,1,a,b,c,,,,,,0.0,No,No,Yes,No,No,No,No,No,Yes,c,Yes,c,c,c,c,a,Yes,Yes,a,Yes,Yes,a,b,b,a,a,Yes,Yes,Yes,No,No,No,0.0,33.2,0.0,0.0,0.0,0.0,0.4,217.0,0.0,217.0,1.0,0.75,0.5,0.25,0.0,0.0,0.0,0.0,0.0,1.0,0.25,1.0,0.75,0.75,0.75,1.0,1.0,0.0,0.5,0.3637155297532656,0.1800315668760862,0.25,0.25,0.25,0.25,0.75,1.0,1.0,1.0,0.65,0.1324820430965682,0.0,0.0,0.0015961691939345,0.5007980845969673,0.38249050003696,0.4415059917264136,44.15059917264136,1005,1.0,292111,0.0,Not listed,292111.0,0.321,0.108510594161809,0.8819978811676382,0.5851806191916208,58.51806191916208,424,34.707
Dillibari 342 Nlr,292222,250.1,1166,251,3,2,1,b,,,1.0,,,1.0,Yes,Yes,Yes,No,Yes,Yes,No,No,Yes,b,Yes,c,c,b,c,b,Yes,Yes,a,Yes,Yes,c,b,c,Yes,Yes,Yes,Yes,Yes,No,No,No,0.0,0.0,20.1,0.0,0.0,0.0,0.0,230.0,0.0,230.0,1.0,1.0,1.0,0.5,1.0,0.0,0.0,1.0,0.0,1.0,0.5,1.0,0.75,0.25,1.0,1.0,1.0,0.0,0.6666666666666666,0.2144939965694682,0.2907877310996345,0.25,0.25,0.5,0.25,0.5,1.0,1.0,1.0,0.65,0.0,0.0803678528588564,0.0,0.0,0.475889644142343,0.3508172868999966,0.5045270568215746,50.452705682157465,464,1.0,292222,0.0,Not listed,292222.0,0.492,0.13881648435482,0.824636703129036,0.5851742070615226,58.51742070615226,425,44.171
Hukuta,291574,191.0,2423,570,1,2,1,a,,,,,,1.0,Yes,Yes,Yes,No,No,No,No,No,Yes,a,Yes,a,Yes,Yes,c,b,Yes,Yes,Yes,Yes,Yes,c,a,c,a,Yes,Yes,Yes,Yes,No,Yes,No,0.0,40.0,0.0,5.0,0.0,0.0,0.0,6.0,0.0,6.0,1.0,1.0,1.0,0.75,0.0,0.0,0.0,1.0,0.0,1.0,0.75,1.0,1.0,0.25,0.75,1.0,1.0,0.0,0.6388888888888888,0.0788278992983904,0.2875788089565604,0.75,1.0,1.0,0.25,0.5,1.0,1.0,1.0,0.85,0.2094240837696335,0.0,0.0,0.0,0.5,0.3814756671899529,0.562912057899353,56.2912057899353,128,1.0,291574,0.0,Not listed,291574.0,0.85,0.150582490018114,0.7148835019963772,0.585069453116184,58.5069453116184,426,44.702
Nogaghuli 7/180 Orr,291262,216.4,349,73,1,a,a,c,,,1.0,,,1.0,No,No,Yes,No,No,No,No,Yes,Yes,c,c,c,b,b,c,c,c,Yes,b,Yes,Yes,b,b,b,a,c,Yes,a,Yes,No,No,No,0.0,3.3,25.0,0.0,0.0,164.9,0.0,20.0,0.0,20.0,1.0,0.75,0.75,0.25,1.0,0.0,0.0,0.0,0.0,1.0,0.25,0.25,0.5,0.5,0.75,1.0,0.75,0.0,0.4861111111111111,0.6200573065902579,0.1860948414924671,0.25,0.5,0.5,0.25,0.25,0.25,1.0,1.0,0.475,0.0152495378927911,0.1155268022181146,0.0,0.762014787430684,0.8463493530499075,0.8218885023083599,0.4749291886125665,47.492918861256655,732,0.292366413385358,291262,0.0,Not listed,291262.0,0.641,0.035667481201707,0.8005665037596585,0.5850335872232342,58.50335872232342,427,11.32
Bagibill Gaon,291080,253.2,495,85,1,a,a,b,,,,,,1.0,No,No,Yes,No,No,No,No,Yes,Yes,b,a,b,b,b,b,b,b,Yes,a,Yes,Yes,c,b,c,Yes,b,a,Yes,Yes,No,No,No,0.0,82.1,0.0,0.0,6.7,3.3,0.0,149.0,0.0,149.0,1.0,0.75,0.75,0.5,0.0,0.0,0.0,0.0,0.0,1.0,0.5,0.75,0.75,0.25,1.0,0.75,1.0,0.0,0.5,0.5115151515151515,0.1835274843422018,0.5,0.5,0.5,0.5,0.5,0.5,1.0,1.0,0.65,0.3242496050552922,0.0,0.0,0.0394944707740916,0.5197472353870458,0.4065859665047208,0.4471990643864946,44.71990643864947,961,1.0,291080,0.0,Not listed,291080.0,0.336,0.145046026809448,0.8701907946381104,0.5849460839165028,58.49460839165028,428,10.634
Lukumai No.2,291877,51.0,189,39,a,a,a,b,,,,,,0.0,No,Yes,Yes,Yes,No,No,No,No,Yes,b,a,b,a,a,a,b,a,Yes,b,Yes,Yes,b,b,b,a,b,a,a,Yes,No,No,No,0.0,5.1,1.2,0.0,1.2,1.2,0.7,37.0,0.0,37.0,0.75,0.75,0.75,0.5,0.0,0.0,0.0,0.0,1.0,1.0,0.5,0.75,0.5,0.5,0.75,0.75,0.75,0.0,0.5138888888888888,0.2698412698412698,0.0635254364557912,0.5,0.75,0.75,0.75,0.5,0.75,1.0,1.0,0.725,0.0999999999999999,0.0235294117647058,0.0,0.0607843137254901,0.5233333333333333,0.4111459968602826,0.4440827807082265,44.408278070822654,982,1.0,291877,0.0,Not listed,291877.0,0.2,0.170879661149462,0.9058240677701076,0.5848828857510332,58.48828857510332,429,28.857
Niz Khowang Domar Hula,291723,83.1,102,24,a,a,a,a,,,,,,0.0,No,No,Yes,No,No,Yes,No,No,Yes,c,Yes,c,a,a,a,a,Yes,Yes,a,a,Yes,b,c,b,Yes,c,a,a,Yes,No,No,No,0.0,13.1,16.9,0.0,0.0,0.0,0.0,51.0,0.0,51.0,0.75,0.75,0.75,0.75,0.0,0.0,0.0,0.0,0.0,1.0,0.25,1.0,0.75,0.5,1.0,0.75,0.75,0.0,0.5,0.8147058823529412,0.1335560242493843,0.25,0.75,0.75,0.75,0.75,1.0,1.0,1.0,0.8,0.1576413959085439,0.2033694344163658,0.0,0.0,0.4389891696750903,0.3038951765099264,0.4591680413643313,45.916804136433136,868,1.0,291723,0.0,Not listed,291723.0,0.286,0.24784513623043,0.864630972753914,0.5848256716404007,58.48256716404007,430,21.265
Sessakuch Gaon No.2,291169,35.8,256,56,1,a,b,b,,,,,,1.0,Yes,No,Yes,No,No,No,No,No,Yes,c,a,c,a,a,a,a,a,Yes,a,Yes,Yes,b,c,b,Yes,c,Yes,a,Yes,No,No,No,0.0,13.1,0.0,4.1,0.0,0.0,0.0,16.1,0.0,16.1,1.0,0.75,0.5,0.5,0.0,0.0,0.0,1.0,0.0,1.0,0.25,0.75,0.75,0.5,1.0,1.0,0.75,0.0,0.5416666666666666,0.13984375,0.2890220222451661,0.25,0.75,0.75,0.75,0.75,0.75,1.0,1.0,0.75,0.3659217877094972,0.0,0.0,0.0,0.5,0.3814756671899529,0.5089673056659487,50.89673056659487,422,1.0,291169,0.25,Low (5-8),291169.0,0.276,0.145188776950658,0.7631622446098685,0.5847417534837319,58.4741753483732,431,17.637
Disang Kiner,292359,107.0,400,86,1,1,1,c,,,,,,0.0,No,No,Yes,Yes,No,No,No,No,Yes,b,Yes,b,Yes,Yes,b,Yes,Yes,Yes,b,Yes,Yes,c,b,c,Yes,Yes,Yes,a,Yes,No,No,No,0.0,14.3,0.0,8.5,0.0,0.0,0.0,76.1,0.0,76.1,1.0,1.0,1.0,0.25,0.0,0.0,0.0,0.0,1.0,1.0,0.5,1.0,0.5,0.25,1.0,1.0,0.75,0.0,0.5694444444444444,0.2675,0.2348986296226769,0.5,1.0,1.0,0.5,1.0,1.0,1.0,1.0,0.85,0.1336448598130841,0.0,0.0,0.0,0.5,0.3814756671899529,0.532380901954771,53.23809019547709,266,1.0,292359,0.0,Not listed,292359.0,0.728,0.173550661358484,0.7468898677283032,0.5847019545754835,58.47019545754834,432,46.705
Kandulibari Grant 4 No.F.S.16 NLR,291278,936.7,4405,901,5,a,a,c,,,,,,1.0,Yes,Yes,Yes,Yes,No,Yes,No,Yes,Yes,c,Yes,c,Yes,Yes,c,c,c,Yes,Yes,Yes,Yes,b,b,b,Yes,c,a,Yes,Yes,No,Yes,No,0.0,50.2,20.4,0.0,2.4,0.0,0.0,848.5,0.0,848.5,1.0,0.75,0.75,0.25,0.0,0.0,0.0,1.0,1.0,1.0,0.25,1.0,1.0,0.5,1.0,0.75,1.0,0.0,0.625,0.2126447219069239,0.2907439900432274,0.25,1.0,1.0,0.25,0.25,0.25,1.0,1.0,0.7,0.0535923988470161,0.0217785843920145,0.0,0.0025621863990605,0.4947475178819259,0.3747966867886342,0.5138953348685337,51.38953348685337,388,1.0,291278,0.0,Not listed,291278.0,0.638,0.096330571276174,0.7893338857447652,0.5846390548270081,58.46390548270081,433,12.179
Kakojan Habi Gaon,292396,177.1,509,104,2,1,1,b,,,,,,0.0,Yes,Yes,Yes,Yes,No,No,No,No,Yes,b,Yes,b,Yes,Yes,b,Yes,Yes,Yes,b,Yes,Yes,a,b,c,a,Yes,Yes,Yes,Yes,No,No,No,0.0,48.3,0.0,31.8,0.0,0.0,0.0,81.9,0.0,81.9,1.0,1.0,1.0,0.5,0.0,0.0,0.0,1.0,1.0,1.0,0.5,1.0,0.5,0.75,0.75,1.0,1.0,0.0,0.6666666666666666,0.3479371316306483,0.2368012161789866,0.5,1.0,1.0,0.5,1.0,1.0,1.0,1.0,0.85,0.2727272727272727,0.0,0.0,0.0,0.5,0.3814756671899529,0.5571621041494039,55.71621041494039,147,1.0,292396,0.0,Not listed,292396.0,0.756,0.139907291526647,0.7452185416946706,0.5845090708011078,58.45090708011078,434,53.779
219/217 Nlr Grant,291342,112.9,1629,317,2,b,c,c,,,,,,1.0,Yes,Yes,Yes,Yes,No,No,No,Yes,Yes,c,a,c,Yes,Yes,c,c,c,Yes,a,Yes,Yes,c,c,c,Yes,c,Yes,Yes,Yes,No,No,No,0.0,60.1,0.0,0.0,4.0,0.0,1.6,41.1,0.0,41.1,1.0,0.5,0.25,0.25,0.0,0.0,0.0,1.0,1.0,1.0,0.25,0.75,0.75,0.25,1.0,1.0,1.0,0.0,0.5555555555555556,0.0693063228974831,0.2873535942716506,0.25,1.0,1.0,0.25,0.25,0.25,1.0,1.0,0.65,0.5323294951284322,0.0,0.0,0.049601417183348,0.524800708591674,0.4130118900459278,0.4883296654659871,48.83296654659871,609,1.0,291342,0.0,Not listed,291342.0,0.561,0.150776461029441,0.8015447077941118,0.5844080651924465,58.440806519244646,435,17.332
Tangapather,292177,52.2,364,69,1,b,a,b,,,,,,2.0,Yes,Yes,Yes,No,No,No,No,No,a,c,a,a,a,a,c,b,c,Yes,a,Yes,Yes,c,c,b,a,a,Yes,a,Yes,No,No,No,0.0,0.0,4.0,0.0,0.0,0.0,0.0,31.2,0.0,31.2,1.0,0.5,0.75,0.5,0.0,0.0,0.0,1.0,0.0,0.75,0.25,0.75,0.75,0.25,0.75,1.0,0.75,0.0,0.5,0.1434065934065934,0.2319634373510851,0.75,0.75,0.75,0.25,0.5,0.25,1.0,1.0,0.675,0.0,0.0766283524904214,0.0,0.0,0.4770114942528736,0.3522438152980026,0.4559396223973718,45.59396223973718,893,1.0,292177,0.0,Not listed,292177.0,0.405,0.160491141396639,0.8464017717206722,0.5843881403207406,58.43881403207406,436,37.469
Janzimukh Gaon,291203,90.3,575,99,1,a,a,a,,,,,,1.0,No,No,Yes,No,Yes,Yes,No,Yes,Yes,c,a,c,b,b,b,b,b,Yes,b,Yes,Yes,a,b,b,a,c,Yes,Yes,Yes,No,No,No,0.0,15.3,0.0,0.0,0.0,0.0,0.0,75.0,0.0,75.0,1.0,0.75,0.75,0.75,0.0,0.0,0.0,0.0,0.0,1.0,0.25,0.75,0.5,0.75,0.75,1.0,1.0,0.0,0.5138888888888888,0.1570434782608695,0.1751431346463055,0.25,0.5,0.5,0.5,0.5,0.5,1.0,1.0,0.6,0.1694352159468438,0.0,0.0,0.0,0.5,0.3814756671899529,0.4285531393217892,42.85531393217892,1089,0.988607594955571,291203,0.0,Not listed,291203.0,0.16,0.217904101291912,0.9084191797416176,0.5843748056367163,58.43748056367163,437,26.189
Tenga Koch (Tengai Koch),291830,191.8,321,64,1,1,1,b,,,1.0,,,0.0,No,Yes,Yes,Yes,No,No,No,No,Yes,b,Yes,,b,b,b,Yes,a,Yes,b,Yes,Yes,c,c,c,a,c,Yes,a,Yes,No,No,No,0.0,4.5,10.6,0.0,0.8,5.1,7.4,142.6,0.0,142.6,1.0,1.0,1.0,0.5,1.0,0.0,0.0,0.0,1.0,1.0,0.5,1.0,0.5,0.25,0.75,1.0,0.75,0.0,0.625,0.5975077881619938,0.1855614757477776,0.0,0.5,0.5,0.5,1.0,0.75,1.0,1.0,0.675,0.0234619395203336,0.0552659019812304,0.0,0.0693430656934306,0.5180917622523462,0.4044808907761388,0.4860365470921721,48.60365470921722,630,1.0,291830,0.0,Not listed,291830.0,0.365,0.174461015507148,0.8556077968985705,0.5843056213127935,58.43056213127935,438,24.902
Demowkinar Changmai,291870,153.4,324,61,1,1,b,b,,,,,,0.0,No,No,No,Yes,Yes,No,No,No,c,c,c,c,c,c,c,c,a,Yes,b,Yes,Yes,a,c,c,Yes,b,Yes,a,Yes,No,No,No,0.0,26.9,1.0,0.0,0.5,0.5,0.5,104.0,0.0,104.0,1.0,1.0,0.5,0.5,0.0,0.0,0.0,0.0,1.0,0.25,0.25,0.25,0.5,0.75,1.0,1.0,0.75,0.0,0.4861111111111111,0.4734567901234568,0.239770143712325,0.25,0.25,0.25,0.25,0.25,0.75,1.0,1.0,0.475,0.1753585397653194,0.0065189048239895,0.0,0.0097783572359843,0.5029335071707952,0.3852058725405716,0.4010114882139733,40.10114882139734,1220,1.0,291870,0.0,Not listed,291870.0,0.143,0.142389303406608,0.9286221393186784,0.5841722725366383,58.41722725366383,439,31.525
Dihingia Gaon No.2,291782,75.0,331,66,1,a,a,b,,,,,,0.0,No,No,Yes,Yes,No,Yes,No,No,c,c,c,c,b,b,b,a,b,Yes,b,Yes,Yes,b,c,c,a,c,Yes,b,Yes,No,No,No,0.0,9.4,0.5,0.0,0.5,0.5,0.5,61.6,0.0,61.6,1.0,0.75,0.75,0.5,0.0,0.0,0.0,0.0,1.0,0.25,0.25,0.25,0.5,0.5,0.75,1.0,0.5,0.0,0.4444444444444444,0.2265861027190332,0.1767880324652896,0.25,0.5,0.5,0.5,0.75,0.5,1.0,1.0,0.575,0.1253333333333333,0.0066666666666666,0.0,0.02,0.508,0.3916483516483517,0.4061377895571039,40.61377895571039,1201,1.0,291782,0.0,Not listed,291782.0,0.156,0.188593061528766,0.9154813876942468,0.5841368159412739,58.41368159412739,440,27.233
Tipamia Bongali No.3,292143,193.6,303,62,1,a,a,b,,,,,,0.0,Yes,No,Yes,No,No,No,No,No,Yes,c,Yes,c,b,Yes,c,c,b,Yes,b,Yes,Yes,c,b,c,Yes,b,Yes,a,Yes,No,No,No,0.0,8.6,0.0,107.5,0.0,0.0,0.0,70.5,0.0,70.5,1.0,0.75,0.75,0.5,0.0,0.0,0.0,1.0,0.0,1.0,0.25,1.0,0.5,0.25,1.0,1.0,0.75,0.0,0.5416666666666666,0.6389438943894389,0.3008272819022094,0.25,0.5,1.0,0.25,0.25,0.5,1.0,1.0,0.625,0.0444214876033057,0.0,0.0,0.0,0.5,0.3814756671899529,0.4744186205802096,47.44186205802096,739,1.0,292143,0.0,Not listed,292143.0,0.552,0.0887066655398799,0.816658666892024,0.5840916373108549,58.40916373108549,441,39.544
26 No.F.S. Grant (Chenglijan),291325,233.8,357,82,1,a,a,a,,,,,,1.0,No,No,No,Yes,No,No,No,Yes,b,c,a,b,Yes,Yes,b,b,b,Yes,a,Yes,Yes,c,c,c,Yes,c,Yes,a,No,No,No,No,0.0,102.9,0.0,0.0,0.0,0.0,17.0,95.2,0.0,95.2,1.0,0.75,0.75,0.75,0.0,0.0,0.0,0.0,1.0,0.5,0.25,0.75,0.75,0.25,1.0,1.0,0.75,0.0,0.5277777777777778,0.6549019607843137,0.1869190251659139,0.5,1.0,1.0,0.5,0.5,0.5,1.0,1.0,0.75,0.4401197604790419,0.0,0.0,0.0727117194183062,0.5363558597091531,0.4277052533193313,0.4892152513997891,48.92152513997892,603,1.0,291325,0.0,Not listed,291325.0,0.584,0.0853818378642374,0.8077236324271525,0.5839749972602392,58.39749972602392,442,16.645
Nahatoli T.E.,291442,413.0,1339,279,2,b,b,c,,,,,,1.0,Yes,No,Yes,No,No,No,No,No,a,b,a,a,Yes,a,a,a,a,Yes,b,Yes,Yes,c,b,c,a,c,Yes,Yes,Yes,No,Yes,Yes,0.0,348.4,0.0,0.0,0.0,0.0,0.0,26.0,0.0,26.0,1.0,0.5,0.5,0.25,0.0,0.0,0.0,1.0,0.0,0.75,0.5,0.75,0.5,0.25,0.75,1.0,1.0,1.0,0.5416666666666666,0.3084391336818521,0.235866966556019,0.75,1.0,0.75,0.75,0.75,0.75,1.0,1.0,0.8,0.8435835351089588,0.0,0.0,0.0,0.5,0.3814756671899529,0.510678541743662,51.06785417436621,411,1.0,291442,0.0,Not listed,291442.0,0.693,0.116325415365666,0.7688349169268669,0.5837220584882444,58.37220584882444,443,20.084
Direal,292400,147.6,544,117,2,1,1,c,,,,,,0.0,No,Yes,No,Yes,No,No,No,No,Yes,a,Yes,b,Yes,Yes,b,Yes,Yes,Yes,b,Yes,Yes,c,b,c,Yes,c,Yes,Yes,Yes,No,No,No,0.0,48.4,0.0,0.0,0.0,0.0,0.0,92.9,0.0,92.9,1.0,1.0,1.0,0.25,0.0,0.0,0.0,0.0,1.0,1.0,0.75,1.0,0.5,0.25,1.0,1.0,1.0,0.0,0.5972222222222222,0.2713235294117647,0.2349890679004847,0.5,1.0,1.0,0.5,1.0,1.0,1.0,1.0,0.85,0.3279132791327913,0.0,0.0,0.0,0.5,0.3814756671899529,0.5393479559686674,53.934795596866735,227,1.0,292400,0.0,Not listed,292400.0,0.77,0.123530242912726,0.7442939514174548,0.583686197620596,58.3686197620596,444,52.905
Silsili Kalalur Kochari Gaon,291864,106.2,303,61,1,a,a,a,,,1.0,,,0.0,No,No,Yes,Yes,No,No,No,No,Yes,c,c,c,c,c,c,c,a,Yes,b,Yes,Yes,a,c,c,Yes,c,Yes,a,Yes,No,No,No,0.0,20.3,5.1,0.0,2.9,0.0,2.0,45.2,0.0,45.2,1.0,0.75,0.75,0.75,1.0,0.0,0.0,0.0,1.0,1.0,0.25,0.25,0.5,0.75,1.0,1.0,0.75,0.0,0.5972222222222222,0.3504950495049505,0.2368617188356718,0.25,0.25,0.25,0.25,0.25,0.75,1.0,1.0,0.475,0.1911487758945386,0.0480225988700564,0.0,0.0461393596986817,0.5086629001883239,0.3924912859537557,0.4295192424552246,42.95192424552246,1081,1.0,291864,0.0,Not listed,291864.0,0.084,0.246350274466599,0.9255299451066802,0.5833011006446533,58.33011006446534,445,33.378
Harabari Konwar Gaon,291280,216.3,1010,222,2,2,1,b,,,,,,1.0,Yes,Yes,Yes,Yes,No,No,No,Yes,Yes,c,b,b,a,Yes,b,b,b,Yes,b,Yes,Yes,b,a,b,Yes,c,Yes,Yes,Yes,No,No,No,0.0,67.0,0.0,2.0,0.0,0.0,0.0,120.5,0.0,120.5,1.0,1.0,1.0,0.5,0.0,0.0,0.0,1.0,1.0,1.0,0.25,0.5,0.5,0.5,1.0,1.0,1.0,0.0,0.625,0.2141584158415841,0.2907797935791327,0.5,0.75,1.0,0.5,0.5,0.5,1.0,1.0,0.675,0.3097549699491447,0.0,0.0,0.0,0.5,0.3814756671899529,0.5077400818327737,50.774008183277374,433,1.0,291280,0.0,Not listed,291280.0,0.596,0.126349012765332,0.7959301974469336,0.5832883774520495,58.32883774520495,446,9.207
Gharbandi Bamunpukhuri,292090,124.6,382,75,1,a,a,a,,,,,,1.0,Yes,No,Yes,No,No,No,No,No,Yes,c,c,c,c,b,c,a,a,Yes,b,Yes,Yes,c,c,b,Yes,c,Yes,a,Yes,No,No,No,0.0,20.6,0.0,0.0,0.0,0.0,0.0,83.6,0.0,83.6,1.0,0.75,0.75,0.75,0.0,0.0,0.0,1.0,0.0,1.0,0.25,0.25,0.5,0.25,1.0,1.0,0.75,0.0,0.5138888888888888,0.3261780104712041,0.2934294029133418,0.25,0.25,0.5,0.25,0.75,0.75,1.0,1.0,0.55,0.1653290529695024,0.0,0.0,0.0,0.5,0.3814756671899529,0.4431247063885483,44.312470638854826,993,1.0,292090,0.0,Not listed,292090.0,0.404,0.110605640250706,0.8566788719498588,0.583250249586772,58.3250249586772,447,27.039
Romesh Chaharia Grant No.239,292115,184.4,391,75,1,a,a,c,,,,,,0.0,Yes,Yes,Yes,No,No,No,No,No,Yes,c,a,c,c,c,c,c,a,Yes,a,Yes,Yes,b,c,b,a,c,Yes,a,Yes,No,Yes,No,0.0,22.7,0.0,0.0,0.0,0.0,15.2,0.0,0.0,0.0,1.0,0.75,0.75,0.25,0.0,0.0,0.0,1.0,0.0,1.0,0.25,0.75,0.75,0.5,0.75,1.0,0.75,0.0,0.5277777777777778,0.471611253196931,0.239726491064917,0.25,0.25,0.25,0.25,0.25,0.75,1.0,1.0,0.55,0.1231019522776572,0.0,0.0,0.0824295010845986,0.5412147505422993,0.4338837487272566,0.443652816956125,44.3652816956125,987,1.0,292115,0.0,Not listed,292115.0,0.377,0.086474630872171,0.8696050738255658,0.5828562146055442,58.28562146055442,448,31.624
No.2 Charaihabi,291741,159.7,736,140,1,a,a,b,,,,,,0.0,No,Yes,Yes,Yes,No,No,No,No,c,c,Yes,,b,b,Yes,b,Yes,Yes,b,Yes,Yes,a,c,c,a,c,Yes,Yes,Yes,No,No,No,0.0,17.0,11.0,0.0,1.3,4.1,1.1,106.2,0.0,106.2,1.0,0.75,0.75,0.5,0.0,0.0,0.0,0.0,1.0,0.25,0.25,1.0,0.5,0.75,0.75,1.0,1.0,0.0,0.5277777777777778,0.2169836956521739,0.1765609058855216,0.0,0.5,0.5,1.0,0.5,1.0,1.0,1.0,0.7,0.1064495929868503,0.0688791484032561,0.0,0.0407013149655604,0.4996869129618033,0.3810775502340043,0.4623001809626257,46.230018096262576,836,1.0,291741,0.0,Not listed,291741.0,0.389,0.147340084148586,0.8538319831702827,0.5828346522745942,58.283465227459416,449,19.006
Fekelajan,291697,28.0,111,23,1,a,c,c,,,,,,0.0,Yes,Yes,No,Yes,No,No,No,No,Yes,b,Yes,b,b,b,b,Yes,Yes,Yes,b,Yes,Yes,b,c,c,a,c,Yes,a,Yes,No,No,No,0.0,10.0,0.0,2.0,11.0,0.0,0.0,5.0,0.0,5.0,1.0,0.75,0.25,0.25,0.0,0.0,0.0,1.0,1.0,1.0,0.5,1.0,0.5,0.5,0.75,1.0,0.75,0.0,0.5694444444444444,0.2522522522522522,0.2345379733027564,0.5,0.5,0.5,0.5,1.0,1.0,1.0,1.0,0.75,0.3571428571428571,0.0,0.0,0.3928571428571428,0.6964285714285714,0.631251401659565,0.5522458847687132,55.22458847687132,168,1.0,291697,0.0,Not listed,291697.0,0.942,0.093307751447286,0.6987384497105429,0.582817583458841,58.28175834588411,450,57.023
Kenduguri T.E.,292081,449.7,1588,308,1,2,b,b,,,,,,2.0,Yes,No,Yes,Yes,No,No,No,No,Yes,b,b,c,Yes,c,c,c,c,Yes,a,Yes,Yes,a,c,a,Yes,Yes,Yes,Yes,Yes,No,No,Yes,0.0,25.7,0.0,0.0,0.0,0.0,0.0,364.0,0.0,364.0,1.0,1.0,0.5,0.5,0.0,0.0,0.0,1.0,1.0,1.0,0.5,0.5,0.75,0.75,1.0,1.0,1.0,1.0,0.6944444444444444,0.2831863979848866,0.2924125185181332,0.25,1.0,0.25,0.25,0.25,0.25,1.0,1.0,0.55,0.0571492105848343,0.0,0.0,0.0,0.5,0.3814756671899529,0.488009374178635,48.8009374178635,611,1.0,292081,0.0,Not listed,292081.0,0.426,0.081351865158544,0.8559296269682912,0.5826963304953428,58.26963304953428,451,33.158
Khowang 312 No. Nlr Grant,291802,252.7,1281,255,1,a,b,b,,,,,,1.0,Yes,Yes,Yes,Yes,No,No,No,No,Yes,c,c,c,Yes,c,b,b,b,Yes,b,Yes,Yes,c,c,c,a,Yes,Yes,Yes,Yes,No,No,No,0.0,40.2,0.0,0.0,3.5,0.0,1.4,189.9,0.0,189.9,1.0,0.75,0.5,0.5,0.0,0.0,0.0,1.0,1.0,1.0,0.25,0.25,0.5,0.25,0.75,1.0,1.0,0.0,0.5416666666666666,0.1972677595628415,0.2332374202562264,0.25,1.0,0.25,0.5,0.5,0.5,1.0,1.0,0.575,0.1590819153146023,0.0,0.0,0.0193905817174515,0.5096952908587258,0.3938040590197298,0.4449868335346692,44.49868335346692,973,1.0,291802,0.0,Not listed,291802.0,0.29,0.186422428955745,0.875715514208851,0.5826661696005565,58.26661696005565,452,25.005
Kachalubam,292178,121.9,464,96,1,a,a,a,,,,,,2.0,No,Yes,Yes,No,No,Yes,No,No,a,b,a,a,b,a,c,b,b,Yes,a,Yes,Yes,c,c,b,Yes,a,Yes,Yes,Yes,No,No,No,0.0,16.8,14.0,0.0,0.0,0.0,0.0,64.0,0.0,64.0,1.0,0.75,0.75,0.75,0.0,0.0,0.0,0.0,0.0,0.75,0.5,0.75,0.75,0.25,1.0,1.0,1.0,0.0,0.5138888888888888,0.2627155172413793,0.2347854618307516,0.75,0.5,0.75,0.25,0.5,0.5,1.0,1.0,0.675,0.1378178835110746,0.1148482362592288,0.0,0.0,0.4655455291222313,0.3376638596373743,0.457201359607385,45.7201359607385,888,1.0,292178,0.0,Not listed,292178.0,0.391,0.187637775839004,0.8451724448321992,0.5824149223361738,58.24149223361738,453,38.193
Bahoni Pather Block Gaon,291797,39.0,68,12,a,b,b,b,,,,,,0.0,No,No,Yes,Yes,No,No,No,No,a,c,a,c,b,a,a,a,a,a,b,a,Yes,b,c,c,Yes,b,a,a,Yes,No,No,No,0.0,5.2,1.7,0.0,0.3,0.3,0.4,26.6,0.0,26.6,0.75,0.5,0.5,0.5,0.0,0.0,0.0,0.0,1.0,0.75,0.25,0.75,0.5,0.5,1.0,0.75,0.75,0.0,0.4722222222222222,0.5735294117647058,0.12785145595689,0.25,0.5,0.75,0.75,0.75,0.75,0.75,1.0,0.675,0.1333333333333333,0.0435897435897435,0.0,0.0256410256410256,0.4997435897435898,0.3811496196111582,0.4287483434670097,42.87483434670097,1087,1.0,291797,0.0,Not listed,291797.0,0.19,0.237228506115742,0.8955542987768517,0.5823570264416368,58.23570264416368,454,27.092
Mowamora Gaon No.1,291737,497.0,118,24,2,a,a,c,,,,,,0.0,No,No,Yes,Yes,No,No,No,No,Yes,c,b,c,c,Yes,b,c,b,Yes,b,Yes,Yes,c,c,c,a,c,Yes,a,Yes,No,No,No,0.0,26.7,24.3,92.7,0.1,0.0,3.1,347.4,0.0,347.4,1.0,0.75,0.75,0.25,0.0,0.0,0.0,0.0,1.0,1.0,0.25,0.5,0.5,0.25,0.75,1.0,0.75,0.0,0.4861111111111111,4.211864406779661,0.2710521710633072,0.25,0.25,1.0,0.5,0.25,0.5,1.0,1.0,0.575,0.0537223340040241,0.0488933601609657,0.0,0.0064386317907444,0.4885513078470825,0.366917675598331,0.4351743556632708,43.51743556632708,1047,1.0,291737,0.0,Not listed,291737.0,0.358,0.156288142991731,0.8613423714016538,0.582337642666238,58.2337642666238,455,16.844
Hanchara Gaon,291236,56.8,425,90,1,a,c,c,,,,,,1.0,Yes,Yes,Yes,Yes,No,No,No,Yes,Yes,c,c,c,Yes,c,b,b,b,Yes,b,Yes,Yes,c,c,c,Yes,c,Yes,a,Yes,No,No,No,0.0,1.5,0.0,0.0,1.1,0.0,0.0,49.4,0.0,49.4,1.0,0.75,0.25,0.25,0.0,0.0,0.0,1.0,1.0,1.0,0.25,0.25,0.5,0.25,1.0,1.0,0.75,0.0,0.5138888888888888,0.1336470588235294,0.2888754513631997,0.25,1.0,0.25,0.5,0.5,0.5,1.0,1.0,0.575,0.0264084507042253,0.0,0.0,0.0193661971830985,0.5096830985915493,0.3937885555088774,0.4519487961647976,45.19487961647976,931,1.0,291236,0.0,Not listed,291236.0,0.451,0.12526524175131,0.839646951649738,0.5821459268270268,58.21459268270268,456,12.823
Ahom Gaon,291711,152.2,6,2,a,a,a,b,,,,,,0.0,No,No,No,Yes,Yes,No,No,No,c,c,b,c,b,a,b,a,b,b,a,a,Yes,b,c,c,a,c,a,a,No,No,No,No,0.0,35.0,30.8,0.0,15.1,0.0,6.0,45.2,0.0,45.2,0.75,0.75,0.75,0.5,0.0,0.0,0.0,0.0,1.0,0.25,0.25,0.5,0.75,0.5,0.75,0.75,0.75,0.0,0.4583333333333333,25.366666666666664,0.6,0.25,0.5,0.75,0.5,0.75,0.5,0.5,1.0,0.6,0.2299605781865966,0.202365308804205,0.0,0.1386333771353482,0.5086070959264126,0.3924203260602735,0.5230673985453881,52.30673985453881,319,1.0,291711,0.5,Moderate (9-12),291711.0,0.202,0.28299612798253,0.632800774403494,0.5819833586704386,58.19833586704386,457,25.017
Kadamoni Gaon,291446,81.0,901,215,1,b,a,c,,,,,,1.0,Yes,Yes,Yes,No,No,No,No,No,a,a,a,a,a,a,a,a,a,Yes,b,Yes,Yes,Yes,Yes,c,Yes,c,a,Yes,Yes,No,No,No,0.0,2.0,0.0,0.0,0.0,0.0,0.0,49.0,0.0,49.0,1.0,0.5,0.75,0.25,0.0,0.0,0.0,1.0,0.0,0.75,0.75,0.75,0.5,1.0,1.0,0.75,1.0,0.0,0.5555555555555556,0.0899001109877913,0.28784070095447,0.75,0.75,0.75,0.75,0.75,0.75,1.0,1.0,0.775,0.0246913580246913,0.0,0.0,0.0,0.5,0.3814756671899529,0.5196441975654971,51.96441975654971,348,1.0,291446,0.0,Not listed,291446.0,0.773,0.118127528350228,0.7444744943299544,0.5819713230490923,58.197132304909225,458,26.251
Chungi Pathar Gaon,291609,252.0,989,208,2,1,1,b,,,,,,1.0,Yes,Yes,Yes,No,No,Yes,No,No,Yes,b,Yes,c,Yes,Yes,c,b,Yes,Yes,b,Yes,Yes,c,c,c,a,Yes,Yes,Yes,Yes,No,No,No,0.0,80.0,0.0,5.5,0.0,0.0,0.0,76.5,0.0,76.5,1.0,1.0,1.0,0.5,0.0,0.0,0.0,1.0,0.0,1.0,0.5,1.0,0.5,0.25,0.75,1.0,1.0,0.0,0.5833333333333334,0.2548028311425682,0.2345983023698073,0.25,1.0,1.0,0.25,0.5,1.0,1.0,1.0,0.75,0.3174603174603174,0.0,0.0,0.0,0.5,0.3814756671899529,0.5057780423637757,50.57780423637757,450,1.0,291609,0.0,Not listed,291609.0,0.639,0.0926213545575329,0.7897757290884935,0.5817812173063422,58.178121730634224,459,24.217
Bezgaon No.2,291852,38.2,168,36,1,a,a,a,,,,,,0.0,No,No,Yes,No,Yes,No,No,No,c,c,c,c,b,b,b,c,a,Yes,b,Yes,Yes,a,c,c,Yes,c,Yes,a,No,No,No,No,0.0,4.5,1.2,0.0,0.5,0.5,0.5,24.0,0.0,24.0,1.0,0.75,0.75,0.75,0.0,0.0,0.0,0.0,0.0,0.25,0.25,0.25,0.5,0.75,1.0,1.0,0.75,0.0,0.4444444444444444,0.2273809523809524,0.1768068331143232,0.25,0.5,0.5,0.5,0.25,0.75,1.0,1.0,0.55,0.1178010471204188,0.031413612565445,0.0,0.0392670157068062,0.5102094240837696,0.3944578234032235,0.3992043840703366,39.920438407033664,1228,1.0,291852,0.0,Not listed,291852.0,0.141,0.183497702608348,0.9210004594783304,0.5817705655803965,58.17705655803965,460,30.648
Ghugulpather No.2,291836,26.6,99,22,a,a,a,a,,,,,,0.0,No,Yes,Yes,Yes,No,No,No,No,Yes,c,Yes,c,a,a,a,a,Yes,a,a,Yes,Yes,b,c,b,a,c,a,a,Yes,No,No,No,0.0,3.7,1.1,0.0,0.0,1.0,0.5,16.8,0.0,16.8,0.75,0.75,0.75,0.75,0.0,0.0,0.0,0.0,1.0,1.0,0.25,1.0,0.75,0.5,0.75,0.75,0.75,0.0,0.5416666666666666,0.2686868686868687,0.0634981313036503,0.25,0.75,0.75,0.75,0.75,1.0,0.75,1.0,0.775,0.1390977443609022,0.0413533834586466,0.0,0.056390977443609,0.5157894736842106,0.401553333884161,0.4641018662694114,46.41018662694114,821,1.0,291836,0.0,Not listed,291836.0,0.278,0.202076147880775,0.876184770423845,0.5815814410780747,58.15814410780747,461,27.603
Bagaritolia,291374,184.4,536,120,1,a,a,a,,,1.0,,,0.0,Yes,Yes,No,Yes,No,No,No,No,b,b,Yes,b,a,a,b,Yes,Yes,Yes,b,Yes,Yes,b,b,b,Yes,c,Yes,Yes,Yes,No,No,No,0.0,74.6,0.0,4.0,0.0,0.0,0.0,91.4,0.0,91.4,1.0,0.75,0.75,0.75,1.0,0.0,0.0,1.0,1.0,0.5,0.5,1.0,0.5,0.5,1.0,1.0,1.0,0.0,0.6805555555555556,0.3440298507462687,0.2938516540630805,0.5,0.75,0.75,0.5,1.0,1.0,1.0,1.0,0.8,0.4045553145336225,0.0,0.0,0.0,0.5,0.3814756671899529,0.5598969358426495,55.98969358426496,141,1.0,291374,0.0,Not listed,291374.0,0.797,0.168370319598746,0.7272259360802508,0.5815746380263634,58.15746380263634,462,24.064
Handique Gaon,291296,99.8,59,13,1,a,b,b,,,,,,1.0,No,No,Yes,Yes,No,No,No,Yes,b,c,a,a,a,a,a,a,a,a,a,Yes,Yes,b,a,b,Yes,c,Yes,a,No,No,No,No,0.0,45.2,0.0,0.0,0.0,0.0,5.2,40.4,0.0,40.4,1.0,0.75,0.5,0.5,0.0,0.0,0.0,0.0,1.0,0.5,0.25,0.75,0.75,0.5,1.0,1.0,0.75,0.0,0.5138888888888888,1.6915254237288135,0.2114383712013949,0.75,0.75,0.75,0.75,0.75,0.75,0.75,1.0,0.775,0.4529058116232465,0.0,0.0,0.0521042084168336,0.5260521042084169,0.4146031466386463,0.4967524443503002,49.67524443503002,523,1.0,291296,0.0,Very Low (1-4),291296.0,0.614,0.189267277161937,0.7779465445676126,0.5812286826231908,58.12286826231908,463,13.711
Nakoidhara,291378,195.9,265,54,1,a,a,a,,,,,,0.0,No,Yes,Yes,Yes,No,No,No,No,Yes,c,b,c,b,Yes,c,a,a,Yes,a,Yes,Yes,c,c,c,a,b,Yes,a,Yes,No,Yes,No,0.0,12.8,0.0,102.6,0.0,0.0,73.6,7.0,0.0,7.0,1.0,0.75,0.75,0.75,0.0,0.0,0.0,0.0,1.0,1.0,0.25,0.5,0.75,0.25,0.75,1.0,0.75,0.0,0.5277777777777778,0.7392452830188679,0.1889140051924868,0.25,0.5,1.0,0.25,0.75,0.75,1.0,1.0,0.675,0.0653394589076059,0.0,0.0,0.375701888718734,0.687850944359367,0.6203442149624605,0.5057417887350583,50.57417887350583,451,1.0,291378,0.0,Not listed,291378.0,0.698,0.13084066538284,0.764431866923432,0.5810528803118636,58.10528803118636,464,16.499
Balijan T.E.,291407,1008.8,2765,536,1,b,b,b,,,,,,1.0,Yes,Yes,Yes,Yes,No,No,No,No,Yes,b,Yes,b,a,b,b,b,b,Yes,Yes,Yes,Yes,c,b,c,Yes,c,Yes,Yes,Yes,No,No,No,0.0,101.1,0.0,0.0,0.0,0.0,0.0,907.7,0.0,907.7,1.0,0.5,0.5,0.5,0.0,0.0,0.0,1.0,1.0,1.0,0.5,1.0,1.0,0.25,1.0,1.0,1.0,0.0,0.625,0.3648462929475587,0.351486884346047,0.5,0.75,0.5,0.5,0.5,0.5,1.0,1.0,0.725,0.1002180808881839,0.0,0.0,0.0,0.5,0.3814756671899529,0.5379168545245023,53.79168545245023,238,1.0,291407,0.0,Not listed,291407.0,0.828,0.121458348793304,0.7273083302413392,0.5810164032615404,58.10164032615403,465,27.354
Khowang 99/102 No. Nlr Grant,291843,54.6,169,38,a,a,a,b,,,,,,0.0,No,No,No,Yes,No,No,No,No,Yes,a,b,b,b,b,a,b,a,Yes,b,Yes,Yes,b,b,c,Yes,b,a,a,Yes,No,No,No,0.0,10.2,0.0,0.0,1.3,0.0,0.5,39.4,0.0,39.4,0.75,0.75,0.75,0.5,0.0,0.0,0.0,0.0,1.0,1.0,0.75,0.5,0.5,0.5,1.0,0.75,0.75,0.0,0.5277777777777778,0.3230769230769231,0.1219274811916073,0.5,0.5,0.5,0.75,0.5,0.75,1.0,1.0,0.65,0.1868131868131868,0.0,0.0,0.0329670329670329,0.5164835164835164,0.4024358686839063,0.4379134884791276,43.79134884791276,1026,1.0,291843,0.0,Not listed,291843.0,0.246,0.131721320707268,0.8998557358585464,0.5807895449439063,58.07895449439064,466,25.05
Dalanikur Kumar Gaon,291713,37.3,347,68,1,a,a,b,,,,,,0.0,Yes,No,No,Yes,Yes,Yes,No,No,c,c,b,c,b,b,c,a,c,Yes,a,Yes,Yes,a,c,a,Yes,c,Yes,a,Yes,No,No,No,0.0,14.2,14.8,0.0,0.0,0.0,0.0,6.8,0.0,6.8,1.0,0.75,0.75,0.5,0.0,0.0,0.0,1.0,1.0,0.25,0.25,0.5,0.75,0.75,1.0,1.0,0.75,0.0,0.5694444444444444,0.1074927953890489,0.288256822267509,0.25,0.5,0.5,0.25,0.75,0.25,1.0,1.0,0.575,0.3806970509383378,0.3967828418230563,0.0,0.0,0.3809651474530831,0.2301126678759769,0.4329478502531837,43.29478502531837,1059,0.997264437694499,291713,0.0,Not listed,291713.0,0.22,0.180362723368745,0.897927455326251,0.5807520878787742,58.07520878787742,467,23.797
Jamuuguri Bangali,292095,88.5,435,84,1,a,c,c,,,,,,1.0,No,No,Yes,No,No,Yes,No,No,Yes,c,c,c,b,b,b,b,a,Yes,b,Yes,Yes,a,c,b,Yes,c,Yes,a,Yes,No,No,No,0.0,15.1,0.0,0.0,0.0,0.0,0.0,69.4,0.0,69.4,1.0,0.75,0.25,0.25,0.0,0.0,0.0,0.0,0.0,1.0,0.25,0.25,0.5,0.75,1.0,1.0,0.75,0.0,0.4305555555555556,0.2034482758620689,0.2333836085523973,0.25,0.5,0.5,0.5,0.5,0.75,1.0,1.0,0.575,0.1706214689265536,0.0,0.0,0.0,0.5,0.3814756671899529,0.4147799244649788,41.477992446497886,1162,1.0,292095,0.0,Not listed,292095.0,0.373,0.0635613027448578,0.8753877394510284,0.5807223479970036,58.07223479970036,468,26.772
Koilagarah Gaon,291890,91.2,296,60,2,a,a,b,,,,,,0.0,Yes,Yes,Yes,Yes,No,No,No,No,a,b,b,b,b,b,c,b,b,Yes,b,Yes,Yes,b,c,c,a,Yes,Yes,a,Yes,No,No,No,0.0,4.5,7.6,0.0,0.8,4.5,2.4,61.0,0.0,61.0,1.0,0.75,0.75,0.5,0.0,0.0,0.0,1.0,1.0,0.75,0.5,0.5,0.5,0.5,0.75,1.0,0.75,0.0,0.5694444444444444,0.3081081081081081,0.235859136778979,0.5,0.5,0.5,0.25,0.5,0.5,1.0,1.0,0.575,0.0493421052631578,0.0833333333333333,0.0,0.0844298245614035,0.5172149122807017,0.4033659010162769,0.4544990755091113,45.44990755091113,903,1.0,291890,0.0,Not listed,291890.0,0.368,0.12000050138114,0.8655998997237719,0.5807096292366951,58.07096292366951,469,26.145
Bokuloni No.2,291546,106.0,1899,399,1,2,b,b,,1.0,,,1.0,1.0,Yes,No,Yes,No,No,No,No,No,Yes,b,Yes,c,Yes,Yes,b,c,Yes,Yes,Yes,Yes,Yes,c,b,c,Yes,Yes,Yes,Yes,Yes,No,No,No,0.0,25.0,0.0,6.0,0.0,0.0,0.0,40.0,0.0,40.0,1.0,1.0,0.5,0.5,0.0,1.0,0.0,1.0,0.0,1.0,0.5,1.0,1.0,0.25,1.0,1.0,1.0,0.0,0.6527777777777778,0.0558188520273828,0.3441774310785527,0.25,1.0,1.0,0.5,0.25,1.0,1.0,1.0,0.8,0.2358490566037736,0.0,0.0,0.0,0.5,0.3814756671899529,0.5655339356520732,56.55339356520732,121,1.0,291546,0.0,Not listed,291546.0,0.928,0.139979462284222,0.6936041075431556,0.5807073508653934,58.07073508653934,470,52.075
Baghtali Pather Gaon,291770,24.4,937,186,1,b,b,b,,,,,,1.0,No,Yes,Yes,Yes,Yes,No,No,No,Yes,c,b,b,b,b,b,b,b,Yes,b,Yes,Yes,a,c,c,a,b,Yes,Yes,Yes,No,No,No,0.0,2.1,2.0,0.0,0.3,0.0,0.0,19.0,0.0,19.0,1.0,0.5,0.5,0.5,0.0,0.0,0.0,0.0,1.0,1.0,0.25,0.5,0.5,0.75,0.75,1.0,1.0,0.0,0.5138888888888888,0.0260405549626467,0.1720445109677667,0.5,0.5,0.5,0.5,0.5,0.5,1.0,1.0,0.6,0.0860655737704918,0.0819672131147541,0.0,0.0122950819672131,0.4815573770491803,0.358024294206964,0.4230882088055566,42.30882088055567,1119,1.0,291770,0.0,Not listed,291770.0,0.229,0.108163283030543,0.9096673433938914,0.5805817092305428,58.05817092305428,471,25.455
Ghugulani,292357,163.6,440,91,1,1,1,1,,,,,,0.0,Yes,Yes,Yes,Yes,No,No,No,No,Yes,b,Yes,a,Yes,Yes,b,a,Yes,Yes,b,Yes,Yes,c,b,c,a,Yes,Yes,a,Yes,No,No,No,0.0,11.0,0.0,27.3,0.0,0.0,0.0,121.8,0.0,121.8,1.0,1.0,1.0,1.0,0.0,0.0,0.0,1.0,1.0,1.0,0.5,1.0,0.5,0.25,0.75,1.0,0.75,0.0,0.6527777777777778,0.3718181818181818,0.2373660767616089,0.75,1.0,1.0,0.5,0.75,1.0,1.0,1.0,0.85,0.0672371638141809,0.0,0.0,0.0,0.5,0.3814756671899529,0.5538310970728373,55.38310970728373,162,1.0,292357,0.0,Not listed,292357.0,0.729,0.23150459463115,0.73499908107377,0.5805625016984032,58.05625016984032,472,45.114
Chakalia No.3,291967,14.6,121,22,a,a,a,c,,,,,,0.0,No,No,No,Yes,No,No,No,No,Yes,c,a,c,c,Yes,a,b,a,Yes,b,Yes,Yes,c,c,c,a,c,c,a,Yes,No,No,No,0.0,2.8,0.9,0.0,0.2,0.2,0.0,2.0,0.0,2.0,0.75,0.75,0.75,0.25,0.0,0.0,0.0,0.0,1.0,1.0,0.25,0.75,0.5,0.25,0.75,0.25,0.75,0.0,0.4444444444444444,0.1206611570247933,0.0599968661132201,0.25,0.25,1.0,0.75,0.5,0.75,1.0,1.0,0.675,0.1917808219178082,0.0616438356164383,0.0,0.0273972602739726,0.4952054794520548,0.3753790241070084,0.4036861324608178,40.368613246081786,1210,1.0,291967,0.0,Not listed,291967.0,0.067,0.221364761679608,0.9356270476640784,0.5805568892099877,58.05568892099877,473,38.19
Galaibangali,292406,179.8,235,51,1,1,,a,,,,,,0.0,Yes,Yes,Yes,Yes,No,No,No,No,Yes,a,Yes,c,b,Yes,b,b,a,Yes,b,Yes,Yes,c,b,c,Yes,Yes,Yes,a,Yes,No,No,No,0.0,58.6,0.0,15.1,0.0,0.0,0.0,100.0,0.0,100.0,1.0,1.0,0.0,0.75,0.0,0.0,0.0,1.0,1.0,1.0,0.75,1.0,0.5,0.25,1.0,1.0,0.75,0.0,0.6111111111111112,0.7651063829787235,0.3038114143524159,0.25,0.5,1.0,0.5,0.5,0.75,1.0,1.0,0.7,0.3259176863181312,0.0,0.0,0.0,0.5,0.3814756671899529,0.5150257648038723,51.50257648038723,380,1.0,292406,0.0,Not listed,292406.0,0.732,0.0608598946432716,0.7682280210713457,0.5804654120951352,58.04654120951353,474,50.866
Kecharuguri No.3,292233,64.1,343,66,1,a,a,b,,,,,,0.0,Yes,No,Yes,No,No,No,No,No,Yes,b,c,c,b,b,c,a,a,Yes,a,Yes,Yes,a,b,b,Yes,Yes,Yes,a,Yes,No,No,No,0.0,2.1,0.0,0.0,0.0,0.0,0.0,61.7,0.0,61.7,1.0,0.75,0.75,0.5,0.0,0.0,0.0,1.0,0.0,1.0,0.5,0.25,0.75,0.75,1.0,1.0,0.75,0.0,0.5555555555555556,0.1868804664723032,0.2901345858410945,0.25,0.5,0.5,0.25,0.75,0.75,1.0,1.0,0.6,0.0327613104524181,0.0,0.0,0.0,0.5,0.3814756671899529,0.4677176687871531,46.77176687871531,795,1.0,292233,0.0,Not listed,292233.0,0.443,0.202314578392903,0.8266370843214195,0.5804098302673343,58.04098302673343,475,44.913
Kamarchuk Bokalial,292197,188.4,580,128,1,2,a,a,,,,,,0.0,No,No,Yes,No,No,No,No,No,a,c,Yes,c,a,a,c,c,Yes,Yes,b,Yes,Yes,b,c,b,a,a,Yes,Yes,Yes,No,No,No,0.0,3.0,0.0,7.2,0.0,0.0,0.0,175.3,0.0,175.3,1.0,1.0,0.75,0.75,0.0,0.0,0.0,0.0,0.0,0.75,0.25,1.0,0.5,0.5,0.75,1.0,1.0,0.0,0.5138888888888888,0.3248275862068965,0.1791117469236097,0.25,0.75,0.75,0.25,0.25,1.0,1.0,1.0,0.675,0.0159235668789808,0.0,0.0,0.0,0.5,0.3814756671899529,0.4520452923911153,45.20452923911153,930,1.0,292197,0.0,Not listed,292197.0,0.409,0.0940597096143241,0.8584880580771352,0.5803945100402496,58.03945100402496,476,40.728
Deroi T.E. Co.No.3 Darkhastor,292113,132.0,937,175,1,a,a,b,,,,,,3.0,No,Yes,Yes,No,No,Yes,No,No,a,c,b,b,a,a,c,c,c,Yes,b,Yes,Yes,b,c,b,Yes,a,Yes,Yes,Yes,No,No,No,0.0,0.0,0.0,0.0,0.0,0.0,0.0,120.0,0.0,120.0,1.0,0.75,0.75,0.5,0.0,0.0,0.0,0.0,0.0,0.75,0.25,0.5,0.5,0.5,1.0,1.0,1.0,0.0,0.4722222222222222,0.1408751334044823,0.2319035605047803,0.5,0.75,0.75,0.25,0.25,0.25,1.0,1.0,0.575,0.0,0.0,0.0,0.0,0.5,0.3814756671899529,0.4248265791197412,42.48265791197412,1109,1.0,292113,0.0,Not listed,292113.0,0.363,0.0795275882312647,0.8751944823537471,0.5802750331461869,58.02750331461869,477,33.63
Gerakoni No.2,292129,83.8,795,164,1,b,b,b,,,,,,0.0,Yes,Yes,Yes,No,No,Yes,No,No,Yes,a,b,c,b,Yes,c,c,b,Yes,b,Yes,Yes,a,c,a,Yes,a,Yes,Yes,Yes,No,No,No,0.0,5.1,0.0,0.0,0.0,0.0,0.0,78.7,0.0,78.7,1.0,0.5,0.5,0.5,0.0,0.0,0.0,1.0,0.0,1.0,0.75,0.5,0.5,0.75,1.0,1.0,1.0,0.0,0.5555555555555556,0.1054088050314465,0.2882075294601018,0.25,0.5,1.0,0.25,0.25,0.5,1.0,1.0,0.575,0.0608591885441527,0.0,0.0,0.0,0.5,0.3814756671899529,0.4597359046919049,45.9735904691905,863,1.0,292129,0.0,Not listed,292129.0,0.444,0.13402023909031,0.839995952181938,0.5802716133162936,58.027161331629365,478,34.342
Panitola Konwar Gaon,291229,190.7,606,122,1,a,a,c,,,1.0,,,1.0,No,Yes,Yes,Yes,No,No,Yes,No,Yes,c,c,c,Yes,Yes,c,c,c,Yes,a,Yes,Yes,c,c,c,Yes,c,Yes,Yes,Yes,No,No,No,0.0,2.7,0.0,7.9,0.0,0.0,0.0,146.5,0.0,146.5,1.0,0.75,0.75,0.25,1.0,0.0,0.0,0.0,1.0,1.0,0.25,0.25,0.75,0.25,1.0,1.0,1.0,0.0,0.5694444444444444,0.3146864686468646,0.2360147353199746,0.25,1.0,1.0,0.25,0.25,0.25,1.0,1.0,0.6,0.0141583639223911,0.0,0.0,0.0,0.5,0.3814756671899529,0.4576599283790953,45.765992837909536,883,1.0,291229,0.0,Not listed,291229.0,0.412,0.0866057462513922,0.8590788507497216,0.5798565742083752,57.98565742083752,479,13.352
Sagunechowa No.3,292077,101.2,238,44,1,2,a,a,,,,,,0.0,No,No,Yes,No,No,No,No,No,Yes,c,b,a,b,Yes,c,c,a,Yes,b,Yes,Yes,a,b,a,Yes,c,Yes,a,Yes,No,No,No,0.0,40.0,0.0,0.0,0.0,0.0,0.0,61.1,0.0,61.1,1.0,1.0,0.75,0.75,0.0,0.0,0.0,0.0,0.0,1.0,0.25,0.5,0.5,0.75,1.0,1.0,0.75,0.0,0.5138888888888888,0.4252100840336134,0.238628960125443,0.75,0.5,1.0,0.25,0.25,0.75,1.0,1.0,0.65,0.3952569169960474,0.0,0.0,0.0,0.5,0.3814756671899529,0.4594245956915736,45.94245956915736,864,1.0,292077,0.0,Not listed,292077.0,0.49,0.106090341073097,0.8317819317853806,0.579591362824006,57.9591362824006,480,34.42
Nowkata Gaon,291996,93.6,250,51,b,b,b,b,,,,,,0.0,No,No,Yes,Yes,No,No,No,No,Yes,b,b,b,b,b,a,b,a,Yes,b,Yes,Yes,b,b,c,Yes,b,a,a,Yes,No,No,No,0.0,17.1,0.0,0.0,7.5,0.0,1.3,64.5,0.0,64.5,0.5,0.5,0.5,0.5,0.0,0.0,0.0,0.0,1.0,1.0,0.5,0.5,0.5,0.5,1.0,0.75,0.75,0.0,0.4722222222222222,0.3743999999999999,0.1231414304486577,0.5,0.5,0.5,0.75,0.5,0.75,1.0,1.0,0.65,0.1826923076923077,0.0,0.0,0.094017094017094,0.5470085470085471,0.4412510566356721,0.4320911244948545,43.209112449485445,1064,1.0,291996,0.0,Not listed,291996.0,0.241,0.23349628284052,0.881000743431896,0.5793733134802738,57.93733134802738,481,29.714
Kamhatar Habi,291459,407.5,1543,316,2,a,a,b,,,,,,1.0,No,Yes,Yes,Yes,No,Yes,No,No,Yes,b,Yes,b,Yes,Yes,b,b,b,Yes,Yes,Yes,Yes,b,b,c,a,Yes,Yes,Yes,Yes,No,No,No,0.0,0.9,0.0,3.3,0.0,0.0,0.0,373.3,0.0,373.3,1.0,0.75,0.75,0.5,0.0,0.0,0.0,0.0,1.0,1.0,0.5,1.0,1.0,0.5,0.75,1.0,1.0,0.0,0.5972222222222222,0.2640959170447181,0.2348181125488332,0.5,1.0,1.0,0.5,0.5,0.5,1.0,1.0,0.8,0.0022085889570552,0.0,0.0,0.0,0.5,0.3814756671899529,0.5243052171307545,52.43052171307545,307,1.0,291459,0.0,Not listed,291459.0,0.723,0.123173420910021,0.7584653158179958,0.5793120045428996,57.93120045428996,482,25.809
Tingri T.E. Co-Darkhasta,291514,274.0,2188,423,2,b,b,b,,,,,,1.0,Yes,Yes,Yes,No,No,No,No,No,Yes,b,Yes,b,b,b,c,Yes,Yes,Yes,Yes,Yes,Yes,b,b,b,b,Yes,Yes,Yes,Yes,No,Yes,No,0.0,74.0,0.0,10.0,0.0,0.0,0.0,160.0,0.0,160.0,1.0,0.5,0.5,0.5,0.0,0.0,0.0,1.0,0.0,1.0,0.5,1.0,1.0,0.5,0.5,1.0,1.0,0.0,0.5555555555555556,0.1252285191956124,0.2886763269041951,0.5,0.5,0.5,0.25,1.0,1.0,1.0,1.0,0.775,0.2700729927007299,0.0,0.0,0.0,0.5,0.3814756671899529,0.5198531040529282,51.985310405292815,347,1.0,291514,0.0,Not listed,291514.0,0.814,0.093403908093917,0.7371192183812166,0.5792381191570284,57.92381191570284,483,40.398
Longabai Nahula,292163,213.8,904,174,1,1,1,b,,,,,,1.0,Yes,Yes,Yes,No,No,No,No,No,Yes,c,a,c,a,a,c,c,a,Yes,b,Yes,Yes,b,b,c,Yes,b,Yes,Yes,Yes,No,No,No,0.0,57.4,0.0,0.0,0.0,0.0,0.0,156.4,0.0,156.4,1.0,1.0,1.0,0.5,0.0,0.0,0.0,1.0,0.0,1.0,0.25,0.75,0.5,0.5,1.0,1.0,1.0,0.0,0.5833333333333334,0.236504424778761,0.2913083456959122,0.25,0.75,0.75,0.25,0.25,0.75,1.0,1.0,0.625,0.2684752104770813,0.0,0.0,0.0,0.5,0.3814756671899529,0.482455553195302,48.2455553195302,663,1.0,292163,0.0,Not listed,292163.0,0.513,0.178151689178714,0.8104696621642572,0.579236301368174,57.923630136817394,484,41.532
Chakali Bharia,291428,317.0,1672,345,3,1,a,a,,,,,,1.0,Yes,Yes,Yes,No,No,Yes,No,No,Yes,b,Yes,a,a,a,a,a,a,Yes,Yes,Yes,Yes,c,b,c,a,Yes,Yes,Yes,Yes,No,No,No,0.0,19.0,0.0,1.2,0.0,0.0,0.0,186.3,0.0,186.3,1.0,1.0,0.75,0.75,0.0,0.0,0.0,1.0,0.0,1.0,0.5,1.0,1.0,0.25,0.75,1.0,1.0,0.0,0.6111111111111112,0.1895933014354067,0.2901987527653203,0.75,0.75,0.75,0.75,0.75,0.75,1.0,1.0,0.85,0.0599369085173501,0.0,0.0,0.0,0.5,0.3814756671899529,0.5566225994070986,55.66225994070986,150,1.0,291428,0.0,Not listed,291428.0,0.898,0.160644430601516,0.6984711138796968,0.5791594838217018,57.91594838217018,485,34.198
Achabam Chah Bagicha 334/347 N,292367,686.8,3262,682,1,b,b,b,,,,,,1.0,Yes,Yes,Yes,Yes,No,No,No,No,a,b,Yes,b,b,b,c,c,Yes,Yes,Yes,Yes,Yes,c,a,c,a,Yes,Yes,Yes,Yes,No,Yes,Yes,0.0,180.4,2.0,0.0,0.0,0.0,0.0,488.4,0.0,488.4,1.0,0.5,0.5,0.5,0.0,0.0,0.0,1.0,1.0,0.75,0.5,1.0,1.0,0.25,0.75,1.0,1.0,1.0,0.6527777777777778,0.2105456774984671,0.29069434116103,0.5,0.5,0.5,0.25,0.25,1.0,1.0,1.0,0.7,0.2626674432149097,0.0029120559114735,0.0,0.0,0.4991263832265579,0.3803647887182291,0.5219409874783478,52.19409874783479,327,1.0,292367,0.0,Not listed,292367.0,0.675,0.119648596630444,0.7735702806739112,0.5791564158675564,57.91564158675564,486,44.357
Jagun Pather No.1,291680,72.0,416,98,1,a,a,a,,,,,,0.0,Yes,Yes,Yes,No,No,No,No,No,b,b,Yes,Yes,Yes,a,c,Yes,Yes,Yes,b,Yes,Yes,a,b,b,a,Yes,Yes,a,Yes,No,No,No,0.0,30.0,0.0,12.0,0.0,0.0,0.0,25.0,0.0,25.0,1.0,0.75,0.75,0.75,0.0,0.0,0.0,1.0,0.0,0.5,0.5,1.0,0.5,0.75,0.75,1.0,0.75,0.0,0.5555555555555556,0.173076923076923,0.2326652322710141,1.0,1.0,0.75,0.25,1.0,1.0,1.0,1.0,0.85,0.4166666666666667,0.0,0.0,0.0,0.5,0.3814756671899529,0.5283503303946331,52.83503303946331,282,1.0,291680,0.0,Not listed,291680.0,0.795,0.135752616342738,0.7343494767314525,0.5791274488388275,57.91274488388275,487,43.22
Maja Pather,292228,48.7,521,109,1,a,b,a,,,,,,0.0,No,Yes,Yes,No,No,Yes,No,No,a,b,Yes,c,a,a,c,c,Yes,Yes,b,Yes,Yes,b,c,b,a,b,Yes,Yes,Yes,No,No,No,0.0,1.9,0.0,0.0,0.0,0.0,0.0,46.8,0.0,46.8,1.0,0.75,0.5,0.75,0.0,0.0,0.0,0.0,0.0,0.75,0.5,1.0,0.5,0.5,0.75,1.0,1.0,0.0,0.5,0.0934740882917466,0.1736395222685864,0.25,0.75,0.75,0.25,0.25,1.0,1.0,1.0,0.675,0.0390143737166324,0.0,0.0,0.0,0.5,0.3814756671899529,0.4472050140051372,44.720501400513726,960,1.0,292228,0.0,Not listed,292228.0,0.386,0.127821261144949,0.8586357477710103,0.5790855297540437,57.90855297540437,488,41.003
Tipamia No.2,292063,71.0,752,164,1,1,1,1,,,,,,0.0,Yes,Yes,Yes,Yes,No,No,No,No,a,a,Yes,,b,b,b,b,Yes,Yes,b,Yes,Yes,b,a,b,Yes,c,Yes,Yes,Yes,No,No,No,0.0,13.5,0.0,29.7,0.0,0.0,0.0,19.8,0.0,19.8,1.0,1.0,1.0,1.0,0.0,0.0,0.0,1.0,1.0,0.75,0.75,1.0,0.5,0.5,1.0,1.0,1.0,0.0,0.6944444444444444,0.0944148936170212,0.2879474895054899,0.0,0.5,0.5,0.5,0.5,1.0,1.0,1.0,0.65,0.1901408450704225,0.0,0.0,0.0,0.5,0.3814756671899529,0.5168931169254742,51.68931169254742,366,1.0,292063,0.0,Not listed,292063.0,0.559,0.164036267656576,0.7994927464686847,0.5790053210423393,57.900532104233925,489,38.635
Bortani No.2,292152,131.9,640,130,1,1,c,c,,,,,,0.0,Yes,Yes,No,Yes,No,No,No,No,b,c,Yes,c,b,b,c,c,Yes,Yes,a,Yes,Yes,a,c,b,Yes,b,Yes,Yes,Yes,No,No,No,0.0,3.8,0.0,49.2,0.0,0.0,0.0,78.8,0.0,78.8,1.0,1.0,0.25,0.25,0.0,0.0,0.0,1.0,1.0,0.5,0.25,1.0,0.75,0.75,1.0,1.0,1.0,0.0,0.5972222222222222,0.20609375,0.290589039327952,0.25,0.5,0.5,0.25,0.25,1.0,1.0,1.0,0.65,0.0288097043214556,0.0,0.0,0.0,0.5,0.3814756671899529,0.4932479488255342,49.32479488255342,564,1.0,292152,0.0,Not listed,292152.0,0.601,0.109761868206399,0.7977476263587202,0.578967660453969,57.896766045396895,490,44.779
Jogipathar,291425,386.6,1670,364,3,1,b,b,,,,,,1.0,No,Yes,Yes,Yes,No,No,No,No,Yes,b,Yes,b,Yes,Yes,b,b,Yes,Yes,Yes,Yes,Yes,c,b,c,Yes,b,Yes,Yes,Yes,No,Yes,No,0.0,30.0,38.0,45.1,9.1,0.0,0.0,214.4,0.0,214.4,1.0,1.0,0.5,0.5,0.0,0.0,0.0,0.0,1.0,1.0,0.5,1.0,1.0,0.25,1.0,1.0,1.0,0.0,0.5972222222222222,0.2314970059880239,0.2911899047783914,0.5,1.0,1.0,0.5,0.5,1.0,1.0,1.0,0.85,0.0775995861355406,0.0982928091050181,0.0,0.0235385411277806,0.4822814278323848,0.3589449867256385,0.5488920290952811,54.88920290952811,183,1.0,291425,0.0,Not listed,291425.0,0.878,0.155239451093496,0.7055521097813009,0.578860068115964,57.8860068115964,491,31.903
Kachagaon,291484,269.4,1390,288,1,2,1,a,,,1.0,,,1.0,No,Yes,Yes,No,No,No,No,No,Yes,c,a,c,a,Yes,b,a,a,Yes,b,Yes,Yes,Yes,c,a,Yes,Yes,Yes,Yes,Yes,No,No,No,0.0,62.4,0.0,3.0,0.0,0.0,0.0,100.0,0.0,100.0,1.0,1.0,1.0,0.75,1.0,0.0,0.0,0.0,0.0,1.0,0.25,0.75,0.5,1.0,1.0,1.0,1.0,0.0,0.625,0.1938129496402877,0.2902985604758168,0.25,0.75,1.0,0.5,0.75,0.75,1.0,1.0,0.725,0.2316258351893096,0.0,0.0,0.0,0.5,0.3814756671899529,0.5226197735569449,52.26197735569449,324,1.0,291484,0.0,Not listed,291484.0,0.684,0.174432758885887,0.7599134482228226,0.5787613694865762,57.87613694865762,492,25.636
Tamuli Khat,291608,248.0,820,175,1,a,a,a,,,,,,0.0,No,Yes,Yes,No,No,No,No,No,Yes,a,Yes,c,a,Yes,c,a,Yes,Yes,b,Yes,Yes,c,c,c,Yes,Yes,Yes,Yes,Yes,No,No,No,0.0,35.0,0.0,0.0,0.0,0.0,0.0,100.0,0.0,100.0,1.0,0.75,0.75,0.75,0.0,0.0,0.0,0.0,0.0,1.0,0.75,1.0,0.5,0.25,1.0,1.0,1.0,0.0,0.5416666666666666,0.3024390243902439,0.2357250454426827,0.25,0.75,1.0,0.25,0.75,1.0,1.0,1.0,0.75,0.1411290322580645,0.0,0.0,0.0,0.5,0.3814756671899529,0.4956430614653279,49.56430614653279,540,1.0,291608,0.0,Not listed,291608.0,0.649,0.120234227631925,0.781253154473615,0.5786538732286096,57.86538732286096,493,25.416
Churatonibam,292080,268.5,1221,249,1,2,b,c,,,,,,2.0,Yes,Yes,Yes,Yes,No,No,No,No,c,b,b,c,Yes,b,c,c,c,Yes,a,Yes,Yes,a,c,a,Yes,Yes,Yes,Yes,Yes,No,No,No,0.0,17.3,0.0,0.0,0.0,0.0,0.0,241.2,0.0,241.2,1.0,1.0,0.5,0.25,0.0,0.0,0.0,1.0,1.0,0.25,0.5,0.5,0.75,0.75,1.0,1.0,1.0,0.0,0.5833333333333334,0.2199017199017199,0.2909156404557193,0.25,1.0,0.5,0.25,0.25,0.25,1.0,1.0,0.575,0.0644320297951582,0.0,0.0,0.0,0.5,0.3814756671899529,0.4673573768852537,46.735737688525376,798,1.0,292080,0.0,Not listed,292080.0,0.437,0.176217759684018,0.8336564480631964,0.5784128394177014,57.841283941770136,494,31.784
Bhogamur Gaon No.1,291207,167.3,321,67,1,a,b,b,,,,,,1.0,No,No,Yes,No,No,No,Yes,No,a,c,b,c,b,b,b,b,b,Yes,b,Yes,Yes,c,c,c,a,c,Yes,a,No,No,No,No,0.0,45.6,0.0,0.0,11.8,0.0,0.0,110.0,0.0,110.0,1.0,0.75,0.5,0.5,0.0,0.0,0.0,0.0,0.0,0.75,0.25,0.5,0.5,0.25,0.75,1.0,0.75,0.0,0.4166666666666667,0.521183800623053,0.1266133206079415,0.25,0.5,0.5,0.5,0.5,0.5,1.0,1.0,0.575,0.2725642558278541,0.0,0.0,0.0705319784817692,0.5352659892408846,0.4263193897725535,0.3935838747731628,39.358387477316285,1240,1.0,291207,0.0,Not listed,291207.0,0.207,0.093068636537266,0.9192862726925468,0.5783157476948871,57.83157476948871,495,23.269
Sessakuch Gaon No.1,291170,34.3,213,44,1,b,a,a,,,,,,1.0,Yes,Yes,Yes,No,No,No,No,No,Yes,c,a,c,b,a,a,a,a,Yes,a,Yes,Yes,a,b,a,Yes,c,Yes,a,Yes,No,No,No,0.0,12.1,0.0,0.0,0.0,0.0,0.0,20.8,0.0,20.8,1.0,0.5,0.75,0.75,0.0,0.0,0.0,1.0,0.0,1.0,0.25,0.75,0.75,0.75,1.0,1.0,0.75,0.0,0.5694444444444444,0.1610328638497652,0.2895232102205877,0.25,0.5,0.75,0.75,0.75,0.75,1.0,1.0,0.725,0.3527696793002915,0.0,0.0,0.0,0.5,0.3814756671899529,0.5085370471042486,50.853704710424864,427,1.0,291170,0.25,Low (5-8),291170.0,0.293,0.139098178868814,0.7592803642262372,0.5783142983241348,57.83142983241349,496,16.756
Bamuni Bill No.2 (Bamuni Bill No.3),292238,91.4,564,118,1,1,b,b,,,,,,0.0,Yes,Yes,Yes,Yes,No,No,No,No,b,b,b,b,b,Yes,c,b,b,Yes,a,Yes,Yes,a,b,b,Yes,a,Yes,Yes,Yes,No,Yes,No,0.0,5.4,0.0,0.0,0.0,0.0,0.0,82.1,0.0,82.1,1.0,1.0,0.5,0.5,0.0,0.0,0.0,1.0,1.0,0.5,0.5,0.5,0.75,0.75,1.0,1.0,1.0,0.0,0.6111111111111112,0.1620567375886525,0.2895474279962775,0.5,0.5,1.0,0.25,0.5,0.5,1.0,1.0,0.65,0.0590809628008752,0.0,0.0,0.0,0.5,0.3814756671899529,0.4964597682148378,49.64597682148378,531,1.0,292238,0.0,Not listed,292238.0,0.592,0.12824672902959,0.7967506541940821,0.5783084687551953,57.830846875519526,497,29.227
Dinjoy Satra,291419,146.7,869,175,1,a,a,c,,1.0,1.0,,,0.0,Yes,Yes,Yes,Yes,No,No,No,No,Yes,a,a,a,a,a,a,a,a,Yes,b,Yes,Yes,c,a,c,Yes,b,Yes,Yes,Yes,No,Yes,No,0.0,30.8,0.0,0.0,0.0,0.0,0.0,109.7,0.0,109.7,1.0,0.75,0.75,0.25,1.0,1.0,0.0,1.0,1.0,1.0,0.75,0.75,0.5,0.25,1.0,1.0,1.0,0.0,0.7222222222222222,0.1688147295742232,0.2897072753756997,0.75,0.75,0.75,0.75,0.75,0.75,1.0,1.0,0.775,0.2099522835719155,0.0,0.0,0.0,0.5,0.3814756671899529,0.561777507837471,56.17775078374711,132,1.0,291419,0.0,Not listed,291419.0,0.793,0.139754530882225,0.734149093823555,0.5783078064518399,57.83078064518399,498,25.541
Panimudi Gaon,291603,132.0,787,162,1,a,a,a,,,,,,0.0,Yes,Yes,Yes,No,No,No,No,No,Yes,a,Yes,c,b,Yes,c,b,Yes,Yes,b,Yes,Yes,c,c,c,Yes,b,Yes,Yes,Yes,No,No,No,0.0,60.0,0.0,20.0,0.0,0.0,0.0,40.0,0.0,40.0,1.0,0.75,0.75,0.75,0.0,0.0,0.0,1.0,0.0,1.0,0.75,1.0,0.5,0.25,1.0,1.0,1.0,0.0,0.5972222222222222,0.1677255400254129,0.2896815126794072,0.25,0.5,1.0,0.25,0.5,1.0,1.0,1.0,0.7,0.4545454545454545,0.0,0.0,0.0,0.5,0.3814756671899529,0.508021067163398,50.8021067163398,431,1.0,291603,0.0,Not listed,291603.0,0.699,0.0935644478691117,0.7715871104261777,0.5782765724188158,57.82765724188158,499,30.17
Gela Dissang,292022,289.0,1049,239,2,2,a,c,,,1.0,,,1.0,No,Yes,Yes,Yes,No,No,No,No,a,c,Yes,c,a,a,c,c,Yes,Yes,b,Yes,Yes,b,c,b,Yes,a,Yes,Yes,Yes,No,No,No,0.0,16.6,0.0,0.0,0.0,0.0,0.0,272.4,0.0,272.4,1.0,1.0,0.75,0.25,1.0,0.0,0.0,0.0,1.0,0.75,0.25,1.0,0.5,0.5,1.0,1.0,1.0,0.0,0.6111111111111112,0.2755004766444233,0.2350878656011258,0.25,0.75,0.75,0.25,0.25,1.0,1.0,1.0,0.675,0.057439446366782,0.0,0.0,0.0,0.5,0.3814756671899529,0.4903448776160499,49.034487761604986,594,1.0,292022,0.0,Not listed,292022.0,0.552,0.0814617230631542,0.8181076553873692,0.578236378633722,57.8236378633722,500,29.863
Jooktoli Borbam T.E. 44/171,292189,202.0,386,70,1,a,a,b,,,,,,2.0,No,No,Yes,Yes,No,No,No,No,c,c,b,a,b,a,c,b,b,Yes,a,Yes,Yes,c,c,c,a,a,Yes,b,Yes,Yes,No,No,0.0,0.0,0.0,0.0,0.0,0.0,0.0,102.0,0.0,102.0,1.0,0.75,0.75,0.5,0.0,0.0,0.0,0.0,1.0,0.25,0.25,0.5,0.75,0.25,0.75,1.0,0.5,0.0,0.4583333333333333,0.5233160621761658,0.1838066123210431,0.75,0.5,0.75,0.25,0.5,0.5,1.0,1.0,0.65,0.0,0.0,0.0,0.0,0.5,0.3814756671899529,0.4318301198515847,43.18301198515847,1068,1.0,292189,0.0,Not listed,292189.0,0.347,0.168592551468569,0.8621814897062863,0.5780455990412682,57.80455990412682,501,40.814
Salmari No.2,292046,209.6,750,159,1,a,c,c,,,,,,0.0,Yes,Yes,Yes,No,No,Yes,No,No,Yes,b,b,c,b,b,c,a,a,Yes,b,Yes,Yes,a,b,c,Yes,c,Yes,Yes,Yes,No,No,Yes,0.0,15.1,0.0,0.0,0.0,0.0,0.0,184.5,0.0,184.5,1.0,0.75,0.25,0.25,0.0,0.0,0.0,1.0,0.0,1.0,0.5,0.5,0.5,0.75,1.0,1.0,1.0,1.0,0.5833333333333334,0.2794666666666666,0.2923245353857706,0.25,0.5,0.5,0.25,0.75,0.75,1.0,1.0,0.6,0.0720419847328244,0.0,0.0,0.0,0.5,0.3814756671899529,0.4752096006177665,47.520960061776655,728,1.0,292046,0.0,Not listed,292046.0,0.509,0.140291693722985,0.819241661255403,0.5779991484270969,57.79991484270969,502,32.175
Dangalpara (Dangatpara),292196,117.5,574,128,1,a,a,a,,,,,,0.0,Yes,Yes,Yes,No,No,No,No,No,a,c,Yes,c,a,a,c,c,Yes,Yes,b,Yes,Yes,b,c,b,a,a,a,Yes,Yes,Yes,No,No,0.0,1.0,0.0,0.0,0.0,0.0,0.0,116.4,0.0,116.4,1.0,0.75,0.75,0.75,0.0,0.0,0.0,1.0,0.0,0.75,0.25,1.0,0.5,0.5,0.75,0.75,1.0,0.0,0.5416666666666666,0.2047038327526132,0.176270449207214,0.25,0.75,0.75,0.25,0.25,1.0,1.0,1.0,0.675,0.0085106382978723,0.0,0.0,0.0,0.5,0.3814756671899529,0.4582794124064608,45.82794124064608,878,1.0,292196,0.0,Not listed,292196.0,0.393,0.139327746508261,0.8542344506983478,0.5779827426596357,57.79827426596357,503,40.428
Chamoguri Bangali Gaon,291234,114.1,517,113,1,a,a,c,,,1.0,,,1.0,Yes,Yes,Yes,No,No,No,No,Yes,Yes,c,c,c,Yes,Yes,c,c,c,Yes,c,Yes,Yes,c,c,c,Yes,c,Yes,Yes,Yes,No,No,No,0.0,8.8,0.0,35.1,0.0,0.0,0.0,19.5,0.0,19.5,1.0,0.75,0.75,0.25,1.0,0.0,0.0,1.0,0.0,1.0,0.25,0.25,0.25,0.25,1.0,1.0,1.0,0.0,0.5416666666666666,0.2206963249516441,0.2909344353189239,0.25,1.0,1.0,0.25,0.25,0.25,1.0,1.0,0.55,0.077125328659071,0.0,0.0,0.0,0.5,0.3814756671899529,0.4494454089343883,44.94454089343883,947,1.0,291234,0.0,Not listed,291234.0,0.442,0.11257788092513,0.844884423814974,0.5779087284342135,57.79087284342135,504,13.273
Kecharuguri No.1,292234,187.7,791,162,1,2,1,b,,,,,,0.0,Yes,Yes,Yes,No,No,Yes,No,No,Yes,b,c,,b,b,c,a,a,Yes,a,Yes,Yes,a,b,b,Yes,Yes,Yes,Yes,Yes,No,No,No,0.0,4.1,0.0,0.0,0.0,0.0,0.0,183.6,0.0,183.6,1.0,1.0,1.0,0.5,0.0,0.0,0.0,1.0,0.0,1.0,0.5,0.25,0.75,0.75,1.0,1.0,1.0,0.0,0.5972222222222222,0.2372945638432363,0.2913270349247697,0.0,0.5,0.5,0.25,0.75,0.75,1.0,1.0,0.575,0.0218433670751198,0.0,0.0,0.0,0.5,0.3814756671899529,0.4709324477247386,47.09324477247386,772,1.0,292234,0.0,Not listed,292234.0,0.459,0.151993018666647,0.8319013962666706,0.5778136673163535,57.78136673163535,505,44.921
Dihing Kinar Nepali,292241,218.5,791,161,1,a,b,b,,,,,,0.0,No,No,Yes,Yes,No,Yes,No,No,Yes,b,Yes,b,Yes,Yes,c,b,Yes,Yes,a,Yes,Yes,c,b,c,a,a,Yes,Yes,Yes,No,No,No,0.0,21.4,10.0,0.0,0.0,0.0,0.0,187.0,0.0,187.0,1.0,0.75,0.5,0.5,0.0,0.0,0.0,0.0,1.0,1.0,0.5,1.0,0.75,0.25,0.75,1.0,1.0,0.0,0.5555555555555556,0.2762326169405815,0.1779623258371528,0.5,1.0,1.0,0.25,0.5,1.0,1.0,1.0,0.8,0.0979405034324942,0.045766590389016,0.0,0.0,0.4862700228832952,0.3640168265862937,0.4961828356654358,49.61828356654359,535,1.0,292241,0.0,Not listed,292241.0,0.574,0.155779110811984,0.7966441778376032,0.5777507765822736,57.77507765822736,506,27.051
Dangar Pothar No.1,291345,184.6,677,142,2,1,b,b,,,,,,1.0,Yes,Yes,Yes,Yes,No,No,No,No,Yes,c,b,b,b,b,b,b,b,Yes,b,Yes,Yes,c,c,c,Yes,c,Yes,Yes,Yes,No,No,No,0.0,26.2,0.0,9.8,2.1,3.2,0.0,126.1,0.0,126.1,1.0,1.0,0.5,0.5,0.0,0.0,0.0,1.0,1.0,1.0,0.25,0.5,0.5,0.25,1.0,1.0,1.0,0.0,0.5833333333333334,0.2726735598227474,0.2921638574315123,0.5,0.5,0.5,0.5,0.5,0.5,1.0,1.0,0.6,0.1419284940411701,0.0,0.0,0.0287107258938244,0.5143553629469122,0.3997297393830438,0.4788202455678201,47.882024556782014,697,1.0,291345,0.0,Not listed,291345.0,0.513,0.173609862979485,0.8113780274041029,0.5775516362269758,57.75516362269758,507,15.479
Chabua Grant (T.E.),291445,438.2,1482,316,1,b,b,c,,1.0,1.0,,,1.0,Yes,Yes,Yes,Yes,No,No,No,No,Yes,b,Yes,b,Yes,Yes,b,b,Yes,Yes,b,Yes,Yes,c,b,c,a,b,Yes,Yes,Yes,No,No,No,0.0,13.1,0.0,0.0,0.0,0.0,0.0,94.2,0.0,94.2,1.0,0.5,0.5,0.25,1.0,1.0,0.0,1.0,1.0,1.0,0.5,1.0,0.5,0.25,0.75,1.0,1.0,0.0,0.6805555555555556,0.2956815114709851,0.2355652093946581,0.5,1.0,1.0,0.5,0.5,1.0,1.0,1.0,0.8,0.0298950251026928,0.0,0.0,0.0,0.5,0.3814756671899529,0.5453253246755441,54.5325324675544,197,1.0,291445,0.0,Not listed,291445.0,0.754,0.102678961539517,0.7532642076920966,0.5774183355039961,57.74183355039961,508,25.82
Tingthengia,292026,154.7,778,167,1,1,a,c,,1.0,1.0,,,0.0,No,No,Yes,Yes,No,No,No,No,Yes,c,Yes,c,b,b,b,b,Yes,Yes,b,Yes,Yes,b,c,b,Yes,c,Yes,Yes,Yes,No,No,No,0.0,12.6,0.0,0.0,0.0,0.0,0.0,142.1,0.0,142.1,1.0,1.0,0.75,0.25,1.0,1.0,0.0,0.0,1.0,1.0,0.25,1.0,0.5,0.5,1.0,1.0,1.0,0.0,0.6805555555555556,0.1988431876606683,0.2332746839957282,0.25,0.5,0.5,0.5,0.5,1.0,1.0,1.0,0.675,0.0814479638009049,0.0,0.0,0.0,0.5,0.3814756671899529,0.5072526933258116,50.72526933258116,435,1.0,292026,0.0,Not listed,292026.0,0.507,0.153930275059378,0.8171139449881244,0.5773855990726747,57.73855990726747,509,30.146
Pani Gaon No.1,291205,151.9,398,83,1,b,b,b,,,,,,1.0,No,No,Yes,No,No,Yes,No,Yes,b,c,b,c,b,b,b,b,b,Yes,b,Yes,Yes,a,b,b,Yes,c,Yes,a,No,No,No,No,0.0,35.4,0.0,0.0,0.0,0.0,0.0,116.5,0.0,116.5,1.0,0.5,0.5,0.5,0.0,0.0,0.0,0.0,0.0,0.5,0.25,0.5,0.5,0.75,1.0,1.0,0.75,0.0,0.4305555555555556,0.3816582914572864,0.1804559685983889,0.25,0.5,0.5,0.5,0.5,0.5,1.0,1.0,0.575,0.2330480579328505,0.0,0.0,0.0,0.5,0.3814756671899529,0.4015480144764767,40.15480144764768,1216,1.0,291205,0.0,Not listed,291205.0,0.21,0.185875220198827,0.8998249559602346,0.577265324612184,57.726532461218405,510,22.454
Nagaajan Gaon,291538,196.0,1527,297,1,c,c,c,,,,,,1.0,Yes,No,Yes,No,No,No,No,No,Yes,b,Yes,b,Yes,Yes,c,c,Yes,Yes,Yes,Yes,Yes,a,c,a,Yes,Yes,Yes,Yes,Yes,No,No,No,0.0,21.0,0.0,25.0,0.0,0.0,0.0,60.0,0.0,60.0,1.0,0.25,0.25,0.25,0.0,0.0,0.0,1.0,0.0,1.0,0.5,1.0,1.0,0.75,1.0,1.0,1.0,0.0,0.5555555555555556,0.1283562540929927,0.3458931646359521,0.5,1.0,1.0,0.25,0.25,1.0,1.0,1.0,0.8,0.1071428571428571,0.0,0.0,0.0,0.5,0.3814756671899529,0.5416573134858675,54.16573134858675,217,1.0,291538,0.0,Not listed,291538.0,1.0,0.0820138200961254,0.6835972359807749,0.577133535629791,57.71335356297909,511,56.237
Hiloidhari T.E. Grant,291439,143.5,285,63,1,1,a,a,,,,,,0.0,Yes,No,No,Yes,No,Yes,No,No,Yes,c,Yes,b,b,Yes,Yes,Yes,c,Yes,b,Yes,Yes,c,b,c,a,c,Yes,c,Yes,No,Yes,No,0.0,11.1,0.0,0.0,0.0,0.0,0.0,7.2,0.0,7.2,1.0,1.0,0.75,0.75,0.0,0.0,0.0,1.0,1.0,1.0,0.25,1.0,0.5,0.25,0.75,1.0,0.25,0.0,0.5833333333333334,0.5035087719298246,0.2404809658838291,0.5,0.5,1.0,1.0,1.0,0.25,1.0,1.0,0.775,0.0773519163763066,0.0,0.0,0.0,0.5,0.3814756671899529,0.5147487082422812,51.47487082422813,382,1.0,291439,0.0,Not listed,291439.0,0.707,0.13049766357857,0.761800467284286,0.5770617784631646,57.706177846316464,512,20.109
Hatiali Grant,291443,613.8,3943,830,3,2,b,c,,1.0,1.0,1.0,,1.0,Yes,Yes,Yes,Yes,No,No,No,No,Yes,b,Yes,b,b,b,b,b,b,Yes,Yes,Yes,Yes,c,b,c,a,b,Yes,Yes,Yes,No,Yes,Yes,0.0,134.2,0.0,0.0,0.0,0.0,0.0,149.0,0.0,149.0,1.0,1.0,0.5,0.25,1.0,1.0,1.0,1.0,1.0,1.0,0.5,1.0,1.0,0.25,0.75,1.0,1.0,1.0,0.8472222222222222,0.1556682728886634,0.2893963210782752,0.5,0.5,0.5,0.5,0.5,0.5,1.0,1.0,0.7,0.2186379928315412,0.0,0.0,0.0,0.5,0.3814756671899529,0.570449769263115,57.0449769263115,104,1.0,291443,0.0,Not listed,291443.0,0.7,0.106881541953189,0.7686236916093622,0.5770199069918066,57.70199069918066,513,21.566
Hanchara Pather Gaon,291235,70.8,118,25,1,a,a,c,,,,,,1.0,Yes,No,Yes,Yes,No,No,No,Yes,Yes,c,c,c,c,b,b,b,b,Yes,b,Yes,Yes,c,c,c,Yes,c,Yes,a,Yes,No,No,No,0.0,1.6,0.0,0.0,4.7,0.0,0.0,63.2,0.0,63.2,1.0,0.75,0.75,0.25,0.0,0.0,0.0,1.0,1.0,1.0,0.25,0.25,0.5,0.25,1.0,1.0,0.75,0.0,0.5416666666666666,0.6,0.2999061385395157,0.25,0.25,0.5,0.5,0.5,0.5,1.0,1.0,0.525,0.0225988700564971,0.0,0.0,0.0663841807909604,0.5331920903954802,0.4236822499534364,0.4526296512922328,45.26296512922329,926,1.0,291235,0.0,Not listed,291235.0,0.46,0.143058964642848,0.8333882070714304,0.5768841549564666,57.68841549564666,514,12.436
Faltutola Gaon,292342,228.6,1122,260,1,a,a,a,,,,,,1.0,Yes,No,Yes,Yes,No,No,No,No,Yes,b,Yes,b,Yes,Yes,c,b,Yes,Yes,b,Yes,Yes,c,b,c,Yes,Yes,Yes,Yes,Yes,No,No,No,4.0,108.4,0.0,10.7,3.0,0.0,0.0,0.0,0.0,0.0,1.0,0.75,0.75,0.75,0.0,0.0,0.0,1.0,1.0,1.0,0.5,1.0,0.5,0.25,1.0,1.0,1.0,0.0,0.6388888888888888,0.2037433155080213,0.2905334442939761,0.5,1.0,1.0,0.25,0.5,1.0,1.0,1.0,0.775,0.4741907261592301,0.0,0.0174978127734033,0.0131233595800524,0.5030621172353456,0.3853694112411773,0.5419294655439517,54.19294655439517,213,1.0,292342,0.0,Very Low (1-4),292342.0,0.83,0.115756087916945,0.7278487824166111,0.5765782857263151,57.65782857263151,515,51.998
Kecharuguri,292225,48.0,848,180,1,1,b,b,,,,,,0.0,No,Yes,Yes,No,No,Yes,No,No,Yes,b,Yes,c,b,b,c,a,Yes,Yes,a,Yes,Yes,b,b,b,a,Yes,Yes,Yes,Yes,No,No,No,0.0,3.1,0.0,0.0,0.0,0.0,0.0,45.1,0.0,45.1,1.0,1.0,0.5,0.5,0.0,0.0,0.0,0.0,0.0,1.0,0.5,1.0,0.75,0.5,0.75,1.0,1.0,0.0,0.5277777777777778,0.0566037735849056,0.1727674254686874,0.25,0.5,0.5,0.25,0.75,1.0,1.0,1.0,0.7,0.0645833333333333,0.0,0.0,0.0,0.5,0.3814756671899529,0.4614314342496069,46.14314342496069,844,1.0,292225,0.0,Not listed,292225.0,0.446,0.129388269373964,0.8403223461252072,0.5765421448957477,57.65421448957477,516,43.292
Tipling Purana Ghat,291681,24.0,705,148,1,1,a,a,,,,,,0.0,Yes,No,Yes,No,No,No,No,No,Yes,a,Yes,a,Yes,Yes,c,b,Yes,Yes,b,Yes,Yes,a,a,b,Yes,Yes,Yes,Yes,Yes,No,No,No,0.0,6.0,0.0,0.0,0.0,0.0,0.0,13.0,0.0,13.0,1.0,1.0,0.75,0.75,0.0,0.0,0.0,1.0,0.0,1.0,0.75,1.0,0.5,0.75,1.0,1.0,1.0,0.0,0.6388888888888888,0.0340425531914893,0.2865194972221002,0.75,1.0,1.0,0.25,0.5,1.0,1.0,1.0,0.8,0.25,0.0,0.0,0.0,0.5,0.3814756671899529,0.5476472299657378,54.76472299657378,189,1.0,291681,0.0,Not listed,291681.0,0.806,0.19691837061775,0.71881632587645,0.576377754734598,57.6377754734598,517,43.874
Rang Chungi,291464,231.2,623,136,1,1,1,b,,,1.0,,,0.0,Yes,Yes,Yes,No,No,No,No,No,Yes,b,Yes,b,c,Yes,b,b,Yes,Yes,b,Yes,Yes,c,b,c,Yes,Yes,Yes,Yes,Yes,No,No,No,0.0,10.6,0.0,3.6,0.0,0.0,0.0,186.9,0.0,186.9,1.0,1.0,1.0,0.5,1.0,0.0,0.0,1.0,0.0,1.0,0.5,1.0,0.5,0.25,1.0,1.0,1.0,0.0,0.6527777777777778,0.3711075441412519,0.2944921251289277,0.5,0.25,1.0,0.5,0.5,1.0,1.0,1.0,0.725,0.0458477508650519,0.0,0.0,0.0,0.5,0.3814756671899529,0.530612609164667,53.0612609164667,273,1.0,291464,0.0,Not listed,291464.0,0.758,0.106472932367579,0.7513054135264843,0.5763665467713186,57.63665467713186,518,28.462
Sarupather Gaon,291517,65.0,310,74,1,a,a,a,,,,,,0.0,Yes,No,Yes,Yes,No,No,No,No,a,a,Yes,a,b,b,a,b,Yes,Yes,b,Yes,Yes,b,a,b,Yes,c,Yes,b,Yes,No,No,No,0.0,10.0,0.0,0.0,0.0,0.0,0.0,5.0,0.0,5.0,1.0,0.75,0.75,0.75,0.0,0.0,0.0,1.0,1.0,0.75,0.75,1.0,0.5,0.5,1.0,1.0,0.5,0.0,0.625,0.2096774193548387,0.2906738041747155,0.75,0.5,0.5,0.75,0.5,1.0,1.0,1.0,0.75,0.1538461538461538,0.0,0.0,0.0,0.5,0.3814756671899529,0.5302135844816696,53.02135844816696,276,1.0,291517,0.0,Very Low (1-4),291517.0,0.83,0.0492089357551793,0.7411582128489642,0.5763530862617575,57.63530862617575,519,42.574
Ghugulani Da-Pather,292355,71.8,607,124,1,1,1,1,,,,,,0.0,No,Yes,Yes,Yes,No,Yes,No,No,Yes,a,Yes,b,Yes,Yes,Yes,Yes,Yes,Yes,b,Yes,Yes,b,b,c,a,Yes,Yes,Yes,Yes,No,No,No,0.0,1.9,0.0,0.0,0.0,0.0,0.0,60.2,0.0,60.2,1.0,1.0,1.0,1.0,0.0,0.0,0.0,0.0,1.0,1.0,0.75,1.0,0.5,0.5,0.75,1.0,1.0,0.0,0.6388888888888888,0.1182866556836902,0.1742264161096574,0.5,1.0,1.0,1.0,1.0,1.0,1.0,1.0,0.9,0.0264623955431754,0.0,0.0,0.0,0.5,0.3814756671899529,0.5495739596876272,54.957395968762725,182,1.0,292355,0.0,Not listed,292355.0,0.718,0.228914588724968,0.7388170822550064,0.5763047870079099,57.63047870079099,520,44.586
Bhogamur Tiniali Gaon,291208,177.4,556,117,1,1,b,b,,,,,,0.0,No,No,Yes,No,No,No,No,Yes,a,c,b,b,b,Yes,b,b,b,Yes,b,Yes,Yes,c,c,c,a,c,Yes,Yes,No,No,No,No,0.0,34.8,0.0,0.0,3.2,0.0,0.0,137.3,0.0,137.3,1.0,1.0,0.5,0.5,0.0,0.0,0.0,0.0,0.0,0.75,0.25,0.5,0.5,0.25,0.75,1.0,1.0,0.0,0.4444444444444444,0.3190647482014389,0.1218325808660374,0.5,0.5,1.0,0.5,0.5,0.5,1.0,1.0,0.65,0.1961668545659526,0.0,0.0,0.0180383314543404,0.5090191657271703,0.3929443080675164,0.4151581179411238,41.51581179411238,1157,0.997151898738893,291208,0.0,Not listed,291208.0,0.226,0.200767757739857,0.8920464484520286,0.5762183708074483,57.62183708074483,521,22.246
Bor Temtow Gaon,291155,159.9,310,70,1,1,a,c,,,1.0,,,1.0,No,Yes,Yes,No,No,Yes,No,Yes,Yes,c,c,c,Yes,Yes,b,c,c,Yes,a,Yes,Yes,b,b,b,Yes,c,Yes,a,Yes,No,No,No,0.0,5.4,0.0,0.0,3.9,0.0,0.0,96.8,0.0,96.8,1.0,1.0,0.75,0.25,1.0,0.0,0.0,0.0,0.0,1.0,0.25,0.25,0.75,0.5,1.0,1.0,0.75,0.0,0.5277777777777778,0.5158064516129033,0.2407718439840859,0.25,1.0,1.0,0.5,0.25,0.25,1.0,1.0,0.625,0.0337711069418386,0.0,0.0,0.024390243902439,0.5121951219512195,0.396982808132634,0.4590339670669927,45.90339670669928,870,1.0,291155,0.0,Not listed,291155.0,0.452,0.180674121705441,0.8282651756589118,0.5760464524794813,57.60464524794813,522,10.822
Maijan,291383,169.5,1619,336,1,2,a,a,,,,,,1.0,Yes,Yes,Yes,Yes,No,No,No,No,Yes,c,Yes,b,Yes,Yes,a,a,Yes,Yes,b,Yes,Yes,c,b,c,a,c,Yes,Yes,Yes,No,No,No,0.0,20.9,28.7,8.5,0.0,0.0,0.0,98.8,0.0,98.8,1.0,1.0,0.75,0.75,0.0,0.0,0.0,1.0,1.0,1.0,0.25,1.0,0.5,0.25,0.75,1.0,1.0,0.0,0.625,0.1046942557134033,0.2310477710193146,0.5,1.0,1.0,0.75,0.75,1.0,1.0,1.0,0.85,0.1233038348082595,0.1693215339233038,0.0,0.0,0.4492035398230088,0.3168836220669344,0.5323886671682155,53.23886671682156,265,1.0,291383,0.0,Not listed,291383.0,0.728,0.149925905798936,0.7516148188402128,0.5759404136009539,57.5940413600954,523,19.544
Tiyahjalia Gaon,291438,185.9,856,180,1,1,a,a,,,,,,0.0,Yes,Yes,Yes,No,No,No,No,No,Yes,c,Yes,,Yes,Yes,Yes,Yes,c,Yes,b,Yes,Yes,c,b,c,a,c,Yes,Yes,Yes,No,No,No,0.0,35.6,0.0,0.0,0.0,0.0,0.0,98.2,0.0,98.2,1.0,1.0,0.75,0.75,0.0,0.0,0.0,1.0,0.0,1.0,0.25,1.0,0.5,0.25,0.75,1.0,1.0,0.0,0.5694444444444444,0.2171728971962616,0.2337082382291588,0.0,1.0,1.0,1.0,1.0,0.25,1.0,1.0,0.775,0.1915008068854222,0.0,0.0,0.0,0.5,0.3814756671899529,0.5095833041063914,50.95833041063914,417,1.0,291438,0.0,Not listed,291438.0,0.727,0.0945639302735107,0.7629872139452979,0.5758432952139019,57.58432952139019,524,21.849
Nahar Haku Block Gaon,291338,33.4,550,115,1,2,b,b,,,,,,1.0,Yes,Yes,No,Yes,No,No,No,Yes,Yes,c,Yes,c,a,a,c,c,c,Yes,b,Yes,Yes,c,c,c,Yes,c,Yes,Yes,Yes,No,No,No,0.0,8.4,0.0,0.0,0.3,2.0,0.0,15.5,0.0,15.5,1.0,1.0,0.5,0.5,0.0,0.0,0.0,1.0,1.0,1.0,0.25,1.0,0.5,0.25,1.0,1.0,1.0,0.0,0.6111111111111112,0.0607272727272727,0.2871506732426575,0.25,0.75,0.75,0.25,0.25,0.25,1.0,1.0,0.6,0.251497005988024,0.0,0.0,0.0688622754491018,0.534431137724551,0.4252578046418937,0.4896170070168208,48.96170070168209,597,1.0,291338,0.0,Not listed,291338.0,0.561,0.157499645927792,0.8002000708144416,0.5756563673327251,57.565636733272505,525,18.458
Titadimoru Gaon,291279,309.4,1472,307,2,a,a,b,,,,,,1.0,Yes,Yes,Yes,No,No,No,No,Yes,Yes,c,b,b,a,Yes,b,b,b,Yes,b,Yes,Yes,b,a,b,Yes,c,a,Yes,Yes,No,Yes,No,0.0,40.2,0.0,55.0,1.0,2.0,8.0,192.4,0.0,192.4,1.0,0.75,0.75,0.5,0.0,0.0,0.0,1.0,0.0,1.0,0.25,0.5,0.5,0.5,1.0,0.75,1.0,0.0,0.5277777777777778,0.2101902173913043,0.2335430762889627,0.5,0.75,1.0,0.5,0.5,0.5,1.0,1.0,0.675,0.129928894634777,0.0,0.0,0.0355526826115061,0.517776341305753,0.4040798060559811,0.4736461747278813,47.36461747278813,748,1.0,291279,0.0,Not listed,291279.0,0.609,0.0678988923963501,0.80372022152073,0.5754858285889299,57.54858285889299,526,10.39
Ronga Gorah No.1(Rangajan N0.1,291560,166.0,906,187,1,1,1,b,,,1.0,,,1.0,Yes,Yes,Yes,No,No,Yes,No,No,Yes,b,Yes,b,Yes,Yes,b,b,Yes,Yes,b,Yes,Yes,a,b,a,Yes,c,Yes,Yes,Yes,No,No,No,0.0,50.1,0.0,0.0,0.0,0.0,0.0,100.5,0.0,100.5,1.0,1.0,1.0,0.5,1.0,0.0,0.0,1.0,0.0,1.0,0.5,1.0,0.5,0.75,1.0,1.0,1.0,0.0,0.6805555555555556,0.1832229580573951,0.2900480744725421,0.5,1.0,1.0,0.5,0.5,1.0,1.0,1.0,0.8,0.3018072289156626,0.0,0.0,0.0,0.5,0.3814756671899529,0.5589460409450151,55.89460409450151,144,1.0,291560,0.0,Not listed,291560.0,0.869,0.12535871937372,0.714228256125256,0.5754246711467309,57.54246711467309,527,48.901
Lengerijan Chah Bagicha,292353,475.1,1729,343,3,2,1,1,,,,,,1.0,No,Yes,Yes,Yes,No,No,No,No,Yes,Yes,Yes,Yes,Yes,Yes,a,Yes,Yes,Yes,Yes,Yes,Yes,c,a,c,Yes,Yes,Yes,Yes,Yes,No,No,No,0.0,5.5,0.0,0.0,0.0,0.0,0.0,31.2,0.0,31.2,1.0,1.0,1.0,1.0,0.0,0.0,0.0,0.0,1.0,1.0,1.0,1.0,1.0,0.25,1.0,1.0,1.0,0.0,0.6805555555555556,0.2747831116252169,0.2922137548460254,1.0,1.0,1.0,0.75,1.0,1.0,1.0,1.0,0.975,0.0115765102083771,0.0,0.0,0.0,0.5,0.3814756671899529,0.611987461038386,61.198746103838594,28,1.0,292353,0.25,Low (5-8),292353.0,0.754,0.118498821814699,0.6251002356370603,0.5753148830448235,57.531488304482345,528,45.585
Paniyabura No.1,292285,45.2,492,99,1,a,b,b,,,,,,0.0,No,Yes,Yes,Yes,No,No,No,No,Yes,c,a,c,b,b,c,b,b,Yes,c,Yes,Yes,c,c,c,Yes,b,Yes,Yes,Yes,No,No,No,0.0,0.8,0.0,0.0,0.0,16.0,0.0,25.4,0.0,25.4,1.0,0.75,0.5,0.5,0.0,0.0,0.0,0.0,1.0,1.0,0.25,0.75,0.25,0.25,1.0,1.0,1.0,0.0,0.5138888888888888,0.091869918699187,0.2307444358468364,0.25,0.5,0.5,0.25,0.5,0.5,1.0,1.0,0.55,0.0176991150442477,0.0,0.0,0.3539823008849557,0.6769911504424779,0.6065350578624916,0.4724653427564297,47.24653427564297,761,1.0,292285,0.0,Not listed,292285.0,0.569,0.188761737428,0.7915476525144001,0.575285428646843,57.5285428646843,529,32.692
Bhogamur Gaon No.3,291209,146.3,55,12,a,a,a,a,,,,,,1.0,No,No,Yes,No,Yes,No,No,Yes,a,c,a,c,a,a,a,a,a,a,a,a,Yes,c,c,c,b,c,a,a,No,No,No,No,0.0,24.2,0.0,0.0,3.2,0.0,0.0,105.5,0.0,105.5,0.75,0.75,0.75,0.75,0.0,0.0,0.0,0.0,0.0,0.75,0.25,0.75,0.75,0.25,0.5,0.75,0.75,0.0,0.4305555555555556,2.66,0.0629172141918528,0.25,0.75,0.75,0.75,0.75,0.75,0.75,1.0,0.725,0.1654135338345864,0.0,0.0,0.0218728639781271,0.5109364319890636,0.3953822761556382,0.4199446476679797,41.994464766797975,1130,1.0,291209,0.0,Not listed,291209.0,0.252,0.181640583746158,0.8880718832507684,0.5752653982716163,57.52653982716163,530,20.452
Chapatali No.2,291688,380.0,3067,660,1,a,a,b,,,,,,1.0,Yes,Yes,Yes,No,No,Yes,No,No,Yes,b,Yes,b,Yes,Yes,b,c,Yes,Yes,Yes,Yes,Yes,b,b,a,a,Yes,Yes,Yes,Yes,No,No,No,0.0,195.0,0.0,15.0,0.0,0.0,0.0,70.0,0.0,70.0,1.0,0.75,0.75,0.5,0.0,0.0,0.0,1.0,0.0,1.0,0.5,1.0,1.0,0.5,0.75,1.0,1.0,0.0,0.5972222222222222,0.123899576133029,0.2886448932969329,0.5,1.0,1.0,0.5,0.25,1.0,1.0,1.0,0.825,0.5131578947368421,0.0,0.0,0.0,0.5,0.3814756671899529,0.5452619123177793,54.52619123177793,198,1.0,291688,0.0,Not listed,291688.0,0.894,0.149029763066203,0.7019940473867594,0.57518019235743,57.518019235743,531,52.332
Deodhai Kopowhuwa,291435,228.3,1003,201,2,a,a,c,,,,,,1.0,Yes,Yes,Yes,Yes,No,No,No,No,Yes,a,a,a,Yes,a,a,a,a,Yes,b,Yes,Yes,c,a,c,a,b,Yes,Yes,Yes,No,Yes,No,0.0,45.8,0.0,5.0,0.0,0.0,0.0,159.6,0.0,159.6,1.0,0.75,0.75,0.25,0.0,0.0,0.0,1.0,1.0,1.0,0.75,0.75,0.5,0.25,0.75,1.0,1.0,0.0,0.5972222222222222,0.227617148554337,0.2339552770260646,0.75,1.0,0.75,0.75,0.75,0.75,1.0,1.0,0.8,0.2006132282084975,0.0,0.0,0.0,0.5,0.3814756671899529,0.5240895082500623,52.40895082500623,309,1.0,291435,0.0,Not listed,291435.0,0.774,0.0959614062382178,0.7486077187523564,0.5751532568359518,57.51532568359517,532,24.9
Saglikata,291344,154.2,1055,219,1,a,b,b,,,1.0,,,1.0,No,Yes,Yes,Yes,No,No,No,No,Yes,c,b,b,Yes,b,b,b,b,Yes,b,Yes,Yes,c,c,c,Yes,c,Yes,Yes,Yes,Yes,No,No,0.0,18.4,0.0,6.6,2.0,0.0,0.0,112.2,0.0,112.2,1.0,0.75,0.5,0.5,1.0,0.0,0.0,0.0,1.0,1.0,0.25,0.5,0.5,0.25,1.0,1.0,1.0,0.0,0.5694444444444444,0.1461611374407583,0.2320285908236409,0.5,1.0,0.5,0.5,0.5,0.5,1.0,1.0,0.65,0.119325551232166,0.0,0.0,0.0129701686121919,0.506485084306096,0.3897220067314564,0.4733126601633126,47.33126601633126,752,1.0,291344,0.0,Not listed,291344.0,0.524,0.110034334985927,0.8207931330028146,0.5747827019167546,57.47827019167546,533,14.828
Dachuk Bokalial (Bakabat),292194,224.9,914,202,2,2,1,c,,,,,,1.0,No,Yes,Yes,Yes,No,Yes,No,No,a,c,Yes,c,b,b,c,b,Yes,Yes,b,Yes,Yes,b,c,b,a,b,Yes,Yes,Yes,No,No,No,0.0,30.4,0.0,0.0,0.0,0.0,0.0,185.2,0.0,185.2,1.0,1.0,1.0,0.25,0.0,0.0,0.0,0.0,1.0,0.75,0.25,1.0,0.5,0.5,0.75,1.0,1.0,0.0,0.5555555555555556,0.2460612691466083,0.1772486802914347,0.25,0.5,0.5,0.25,0.5,1.0,1.0,1.0,0.65,0.1351711871943085,0.0,0.0,0.0,0.5,0.3814756671899529,0.4544961923997382,45.44961923997382,904,1.0,292194,0.0,Not listed,292194.0,0.379,0.141326118983515,0.8580347762032969,0.5747474306326704,57.47474306326704,534,39.406
Jooktoli 208/206,292193,19.0,55,16,1,a,a,b,,,,,,0.0,No,No,Yes,No,No,No,No,No,b,c,b,,b,b,Yes,b,b,b,b,Yes,Yes,b,c,b,Yes,b,Yes,a,Yes,No,No,No,0.0,0.0,0.0,0.0,0.0,0.0,0.0,0.0,0.0,0.0,1.0,0.75,0.75,0.5,0.0,0.0,0.0,0.0,0.0,0.5,0.25,0.5,0.5,0.5,1.0,1.0,0.75,0.0,0.4444444444444444,0.3454545454545454,0.2367424953495912,0.0,0.5,0.5,1.0,0.5,0.5,0.5,1.0,0.55,0.0,0.0,0.0,0.0,0.5,0.3814756671899529,0.4115918683864995,41.15918683864995,1179,1.0,292193,0.0,Not listed,292193.0,0.367,0.0979012808453604,0.8703197438309279,0.5745348714482619,57.45348714482618,535,41.007
Genichuk,291373,267.7,1523,323,3,2,a,a,,,1.0,,,1.0,No,Yes,Yes,Yes,No,No,No,No,Yes,c,Yes,c,a,a,b,Yes,Yes,Yes,Yes,Yes,Yes,c,c,c,a,c,Yes,Yes,Yes,No,No,No,0.0,52.4,0.0,14.0,0.0,0.0,0.0,180.3,0.0,180.3,1.0,1.0,0.75,0.75,1.0,0.0,0.0,0.0,1.0,1.0,0.25,1.0,1.0,0.25,0.75,1.0,1.0,0.0,0.6527777777777778,0.1757715036112934,0.23272896742163,0.25,0.75,0.75,0.5,1.0,1.0,1.0,1.0,0.825,0.1957415016809861,0.0,0.0,0.0,0.5,0.3814756671899529,0.5451718197378426,54.517181973784254,200,1.0,291373,0.0,Not listed,291373.0,0.78,0.154376443744256,0.7351247112511488,0.57445347643436,57.445347643436,536,22.728
Koch Gaon F.V.,292005,32.1,153,29,1,a,a,c,,,,,,0.0,No,No,Yes,No,No,No,No,No,Yes,c,b,c,b,Yes,b,c,b,Yes,b,Yes,Yes,c,c,c,Yes,c,Yes,a,Yes,No,No,No,0.0,4.0,3.0,0.0,1.5,0.0,1.0,19.5,0.0,19.5,1.0,0.75,0.75,0.25,0.0,0.0,0.0,0.0,0.0,1.0,0.25,0.5,0.5,0.25,1.0,1.0,0.75,0.0,0.4444444444444444,0.2098039215686274,0.2335339391998586,0.25,0.5,1.0,0.5,0.25,0.5,1.0,1.0,0.6,0.1246105919003115,0.0934579439252336,0.0,0.0778816199376947,0.5109034267912773,0.3953403072228173,0.4285626573556392,42.85626573556392,1088,1.0,292005,0.0,Not listed,292005.0,0.364,0.248250818607921,0.8411498362784158,0.5741444653947535,57.41444653947535,537,21.045
Joypur Chariali,292340,46.5,1342,312,4,2,1,b,,,,,,1.0,Yes,Yes,Yes,Yes,No,No,No,No,b,b,Yes,,Yes,Yes,Yes,b,Yes,Yes,b,Yes,Yes,a,c,c,Yes,Yes,Yes,Yes,Yes,No,No,No,0.0,8.5,0.0,0.0,5.3,0.0,0.0,32.8,0.0,32.8,1.0,1.0,1.0,0.5,0.0,0.0,0.0,1.0,1.0,0.5,0.5,1.0,0.5,0.75,1.0,1.0,1.0,0.0,0.6527777777777778,0.0346497764530551,0.2865338599273672,0.0,1.0,1.0,1.0,0.5,1.0,1.0,1.0,0.8,0.1827956989247312,0.0,0.0,0.1139784946236559,0.556989247311828,0.4539423709930623,0.5656163836248987,56.56163836248987,119,1.0,292340,0.0,Not listed,292340.0,0.841,0.309999306484465,0.685700138703107,0.574004876112044,57.4004876112044,538,52.968
Naharkatia Chah Bagicha 22/19 Nlr,292350,127.6,1968,389,1,a,a,a,,,,,,1.0,Yes,Yes,Yes,Yes,No,No,No,No,Yes,a,Yes,a,a,a,c,a,c,Yes,Yes,Yes,Yes,c,a,c,a,a,Yes,Yes,Yes,No,No,No,0.0,2.4,4.4,0.0,0.0,0.7,0.7,0.0,0.0,0.0,1.0,0.75,0.75,0.75,0.0,0.0,0.0,1.0,1.0,1.0,0.75,1.0,1.0,0.25,0.75,1.0,1.0,0.0,0.6666666666666666,0.0648373983739837,0.287247890406443,0.75,0.75,0.75,0.25,0.75,0.25,1.0,1.0,0.75,0.018808777429467,0.0344827586206896,0.0,0.0109717868338558,0.495141065830721,0.3752971166764271,0.5385380626035627,53.85380626035627,231,1.0,292350,0.0,Not listed,292350.0,0.776,0.139787367307244,0.7392425265385512,0.5738035507184953,57.38035507184953,539,48.282
Kowar Kharoni Gaon,291228,59.5,630,129,1,a,a,c,,,,,,1.0,No,Yes,Yes,No,No,No,No,No,Yes,c,c,c,Yes,Yes,b,a,b,Yes,b,Yes,Yes,c,c,c,a,c,Yes,Yes,Yes,No,No,No,0.0,2.9,0.0,3.1,0.0,0.0,0.0,8.9,0.0,8.9,1.0,0.75,0.75,0.25,0.0,0.0,0.0,0.0,0.0,1.0,0.25,0.25,0.5,0.25,0.75,1.0,1.0,0.0,0.4305555555555556,0.0944444444444444,0.1736624741880983,0.25,1.0,1.0,0.5,0.75,0.5,1.0,1.0,0.675,0.0487394957983193,0.0,0.0,0.0,0.5,0.3814756671899529,0.4298496408739041,42.98496408739041,1077,1.0,291228,0.0,Not listed,291228.0,0.405,0.167980042854067,0.8449039914291866,0.5735985651971922,57.35985651971922,540,12.851
Bamuni Bill No.1,292242,169.4,504,102,1,1,b,b,,,,,,0.0,No,No,Yes,Yes,No,No,No,No,Yes,b,Yes,b,b,Yes,c,b,Yes,Yes,a,Yes,Yes,a,b,c,Yes,a,Yes,Yes,Yes,No,No,No,0.0,43.6,15.4,0.0,0.0,0.0,0.0,110.4,0.0,110.4,1.0,1.0,0.5,0.5,0.0,0.0,0.0,0.0,1.0,1.0,0.5,1.0,0.75,0.75,1.0,1.0,1.0,0.0,0.6111111111111112,0.3361111111111111,0.2365214942744509,0.5,0.5,1.0,0.25,0.5,1.0,1.0,1.0,0.75,0.2573789846517119,0.0909090909090909,0.0,0.0,0.4727272727272727,0.3467960610817754,0.5062673635627456,50.62673635627456,447,1.0,292242,0.0,Not listed,292242.0,0.614,0.175043632852347,0.7807912734295306,0.5734662921026914,57.34662921026914,541,29.298
Kasuwani Gaon,291365,179.4,126,25,1,a,a,a,,,1.0,,,0.0,No,No,Yes,No,No,No,No,No,c,c,Yes,c,b,Yes,c,c,Yes,Yes,b,Yes,Yes,c,c,c,a,c,Yes,a,Yes,No,No,No,0.0,24.4,15.0,0.0,0.0,42.0,0.0,57.5,0.0,57.5,1.0,0.75,0.75,0.75,1.0,0.0,0.0,0.0,0.0,0.25,0.25,1.0,0.5,0.25,0.75,1.0,0.75,0.0,0.5,1.423809523809524,0.2051060634503473,0.25,0.5,1.0,0.25,0.25,1.0,1.0,1.0,0.675,0.1360089186176142,0.0836120401337792,0.0,0.2341137123745819,0.5919732441471572,0.4984275161054904,0.4784620190836849,47.8462019083685,703,1.0,291365,0.0,Not listed,291365.0,0.706,0.0371451737963343,0.7807709652407331,0.5733490293747037,57.33490293747037,542,16.441
Gandhia,291485,203.1,787,166,1,1,1,1,,,,,,0.0,Yes,Yes,Yes,Yes,No,No,No,No,Yes,c,a,c,a,Yes,b,c,a,Yes,b,Yes,Yes,a,a,a,Yes,Yes,Yes,Yes,Yes,No,No,No,0.0,70.0,0.0,100.0,0.0,0.0,0.0,33.1,0.0,33.1,1.0,1.0,1.0,1.0,0.0,0.0,0.0,1.0,1.0,1.0,0.25,0.75,0.5,0.75,1.0,1.0,1.0,0.0,0.6805555555555556,0.2580686149936467,0.2918184053856203,0.25,0.75,1.0,0.5,0.25,0.75,1.0,1.0,0.675,0.34465780403742,0.0,0.0,0.0,0.5,0.3814756671899529,0.5218886236732846,52.18886236732846,328,1.0,291485,0.0,Not listed,291485.0,0.679,0.129478979643785,0.770404204071243,0.5733376330533952,57.33376330533952,543,26.385
Bhalukaguri (Bhalukagari),292098,236.4,1279,238,1,2,a,c,,,,,,1.0,No,No,Yes,No,No,No,No,No,Yes,c,a,c,Yes,c,c,c,c,Yes,a,Yes,Yes,c,c,b,Yes,Yes,Yes,Yes,Yes,No,No,No,0.0,29.5,0.0,0.0,0.0,0.0,0.0,171.5,0.0,171.5,1.0,1.0,0.75,0.25,0.0,0.0,0.0,0.0,0.0,1.0,0.25,0.75,0.75,0.25,1.0,1.0,1.0,0.0,0.5,0.1848318999218139,0.2329432737732586,0.25,1.0,0.25,0.25,0.25,0.25,1.0,1.0,0.575,0.1247884940778341,0.0,0.0,0.0,0.5,0.3814756671899529,0.4320309518813052,43.203095188130526,1065,1.0,292098,0.0,Not listed,292098.0,0.38,0.144950886567492,0.8570098226865016,0.5732610975964082,57.32610975964082,544,30.127
Changmai Barua Pathar,291417,171.8,864,181,1,a,b,b,,,,,,0.0,Yes,Yes,Yes,Yes,No,No,Yes,No,Yes,b,b,b,Yes,b,a,Yes,c,Yes,b,Yes,Yes,c,b,c,Yes,c,Yes,Yes,Yes,No,No,No,0.0,51.4,0.0,0.0,0.0,5.2,4.0,71.0,0.0,71.0,1.0,0.75,0.5,0.5,0.0,0.0,0.0,1.0,1.0,1.0,0.5,0.5,0.5,0.25,1.0,1.0,1.0,0.0,0.5833333333333334,0.1988425925925926,0.2904175270633878,0.5,1.0,0.5,0.75,1.0,0.25,1.0,1.0,0.7,0.2991850989522701,0.0,0.0,0.0535506402793946,0.5267753201396973,0.4155227775716716,0.5115422706135146,51.15422706135146,404,1.0,291417,0.0,Not listed,291417.0,0.749,0.149398740815694,0.7454202518368612,0.5731008991363421,57.31008991363421,545,22.613
Thengal,291762,10.0,773,149,1,1,a,b,,,1.0,,,0.0,No,Yes,Yes,Yes,No,No,No,No,Yes,c,c,c,b,b,b,b,b,Yes,a,Yes,Yes,b,c,c,Yes,Yes,Yes,Yes,Yes,No,No,No,0.0,2.0,1.4,0.0,0.0,1.5,0.0,3.5,0.0,3.5,1.0,1.0,0.75,0.5,1.0,0.0,0.0,0.0,1.0,1.0,0.25,0.25,0.75,0.5,1.0,1.0,1.0,0.0,0.6111111111111112,0.0129366106080207,0.2288774193611057,0.25,0.5,0.5,0.5,0.5,0.5,1.0,1.0,0.575,0.2,0.1399999999999999,0.0,0.15,0.533,0.4234379905808478,0.4671847307342238,46.71847307342238,803,1.0,291762,0.0,Not listed,291762.0,0.409,0.170034297265185,0.843293140546963,0.5730523096461887,57.30523096461887,546,21.313
Kharjan T.E.,291406,407.5,1267,253,2,b,b,b,,,,,,1.0,Yes,Yes,Yes,Yes,No,No,No,No,b,b,b,b,Yes,b,b,b,a,Yes,b,Yes,Yes,a,b,a,Yes,c,Yes,Yes,Yes,Yes,Yes,Yes,0.0,67.2,0.0,0.0,76.9,0.0,0.0,263.4,0.0,263.4,1.0,0.5,0.5,0.5,0.0,0.0,0.0,1.0,1.0,0.5,0.5,0.5,0.5,0.75,1.0,1.0,1.0,1.0,0.625,0.3216258879242304,0.29332173115796,0.5,1.0,0.5,0.5,0.5,0.75,1.0,1.0,0.675,0.1649079754601227,0.0,0.0,0.1887116564417178,0.594355828220859,0.5014571756026621,0.5323718679100224,53.23718679100224,267,1.0,291406,0.0,Not listed,291406.0,0.861,0.0908913057629982,0.7235217388474005,0.5729577046688495,57.29577046688495,547,29.667
Dhomon No.1`,292024,226.3,902,183,1,1,1,c,,,1.0,,,1.0,No,No,Yes,Yes,No,Yes,No,No,Yes,c,Yes,c,Yes,Yes,c,c,Yes,Yes,b,Yes,Yes,c,c,b,a,c,Yes,Yes,Yes,No,No,No,0.0,9.7,0.0,0.0,0.0,0.0,0.0,216.6,0.0,216.6,1.0,1.0,1.0,0.25,1.0,0.0,0.0,0.0,1.0,1.0,0.25,1.0,0.5,0.25,0.75,1.0,1.0,0.0,0.6111111111111112,0.2508869179600887,0.1773628217876799,0.25,1.0,1.0,0.25,0.25,1.0,1.0,1.0,0.725,0.0428634555899248,0.0,0.0,0.0,0.5,0.3814756671899529,0.4909136166626883,49.09136166626883,588,1.0,292024,0.0,Not listed,292024.0,0.521,0.140412605390194,0.8156174789219612,0.5728090470941974,57.280904709419744,548,28.656
Shahjan Gaon No.2,291069,111.6,58,10,a,a,a,c,,,,,,1.0,Yes,No,No,Yes,No,No,Yes,No,c,c,Yes,c,a,a,c,c,c,c,a,a,Yes,c,c,c,Yes,c,c,a,No,No,No,No,0.0,48.7,0.0,40.0,3.4,1.8,0.0,15.4,0.0,15.4,0.75,0.75,0.75,0.25,0.0,0.0,0.0,1.0,1.0,0.25,0.25,1.0,0.75,0.25,1.0,0.25,0.75,0.0,0.5,1.9241379310344824,0.1597975181735207,0.25,0.75,0.75,0.25,0.25,0.25,0.25,1.0,0.55,0.4363799283154122,0.0,0.0,0.046594982078853,0.5232974910394266,0.4111004203170103,0.4121694636067823,41.21694636067823,1176,0.820359281734554,291069,0.0,Not listed,291069.0,0.247,0.114904406858113,0.9029191186283774,0.5727820900422826,57.278209004228266,549,16.975
Chetia Pathar,291454,197.2,780,164,1,1,1,a,,,,,,0.0,Yes,Yes,Yes,No,No,No,No,No,Yes,c,a,a,a,a,a,Yes,a,Yes,a,Yes,Yes,c,a,c,a,a,Yes,Yes,Yes,No,No,No,0.0,44.4,0.0,19.6,0.0,0.0,0.0,107.2,0.0,107.2,1.0,1.0,1.0,0.75,0.0,0.0,0.0,1.0,0.0,1.0,0.25,0.75,0.75,0.25,0.75,1.0,1.0,0.0,0.5833333333333334,0.2528205128205128,0.2345514144200083,0.75,0.75,0.75,0.75,1.0,0.75,1.0,1.0,0.825,0.2251521298174442,0.0,0.0,0.0,0.5,0.3814756671899529,0.528266320376326,52.826632037632606,283,1.0,291454,0.0,Not listed,291454.0,0.799,0.15254804914173,0.729790390171654,0.5727753597521567,57.27753597521566,550,30.319
Chengdhora T.E.,291381,103.0,666,131,1,b,b,c,,,,,,0.0,No,No,Yes,No,No,No,No,No,Yes,c,Yes,b,b,Yes,b,b,Yes,Yes,b,Yes,Yes,c,c,c,Yes,c,Yes,Yes,Yes,No,No,No,0.0,0.0,0.0,0.0,0.0,0.0,0.0,103.0,0.0,103.0,1.0,0.5,0.5,0.25,0.0,0.0,0.0,0.0,0.0,1.0,0.25,1.0,0.5,0.25,1.0,1.0,1.0,0.0,0.4583333333333333,0.1546546546546546,0.2322294887340879,0.5,0.5,1.0,0.5,0.5,1.0,1.0,1.0,0.75,0.0,0.0,0.0,0.0,0.5,0.3814756671899529,0.4739358389548458,47.39358389548459,744,1.0,291381,0.0,Not listed,291381.0,0.688,0.127536681938939,0.7680926636122123,0.5725157877068999,57.25157877069,551,16.359
Majbam F.V.,292006,44.2,357,72,1,a,a,c,,,,,,0.0,No,Yes,Yes,No,No,No,No,No,Yes,c,c,c,Yes,Yes,c,c,c,Yes,a,Yes,Yes,a,c,c,Yes,c,Yes,a,Yes,No,No,No,0.0,6.4,4.1,0.0,0.3,0.0,0.0,28.4,0.0,28.4,1.0,0.75,0.75,0.25,0.0,0.0,0.0,0.0,0.0,1.0,0.25,0.25,0.75,0.75,1.0,1.0,0.75,0.0,0.4722222222222222,0.1238095238095238,0.2314999061385395,0.25,1.0,1.0,0.25,0.25,0.25,1.0,1.0,0.6,0.1447963800904977,0.0927601809954751,0.0,0.006787330316742,0.4755656108597285,0.3504052508577395,0.4260115822617383,42.60115822617384,1104,1.0,292006,0.0,Not listed,292006.0,0.388,0.144058984092513,0.8547882031814974,0.5723510454358947,57.235104543589465,552,20.681
Karangani No.72,292203,142.2,177,38,1,2,a,a,,,,,,0.0,No,No,No,Yes,No,No,No,No,Yes,c,a,c,a,a,c,c,a,Yes,a,a,Yes,b,b,b,a,a,Yes,a,Yes,No,No,No,0.0,17.4,0.0,0.0,0.0,0.0,0.0,124.8,0.0,124.8,1.0,1.0,0.75,0.75,0.0,0.0,0.0,0.0,1.0,1.0,0.25,0.75,0.75,0.5,0.75,1.0,0.75,0.0,0.5694444444444444,0.8033898305084746,0.1904312218216759,0.25,0.75,0.75,0.25,0.25,0.75,1.0,1.0,0.65,0.1223628691983122,0.0,0.0,0.0,0.5,0.3814756671899529,0.4612640500045207,46.12640500045207,846,1.0,292203,0.0,Not listed,292203.0,0.465,0.0840123095499148,0.843697538090017,0.5723081707699188,57.23081707699188,553,39.395
Basmatia Grant No.7,291623,49.0,1405,283,2,2,b,c,,,,,,1.0,No,No,Yes,No,No,No,No,No,Yes,c,Yes,c,Yes,Yes,c,c,Yes,Yes,b,Yes,Yes,a,c,a,a,Yes,Yes,Yes,Yes,No,No,No,0.0,20.0,0.0,5.0,0.0,0.0,0.0,20.0,0.0,20.0,1.0,1.0,0.5,0.25,0.0,0.0,0.0,0.0,0.0,1.0,0.25,1.0,0.5,0.75,0.75,1.0,1.0,0.0,0.5,0.0348754448398576,0.1722534833958742,0.25,1.0,1.0,0.25,0.25,1.0,1.0,1.0,0.725,0.4081632653061224,0.0,0.0,0.0,0.5,0.3814756671899529,0.4618585042869591,46.18585042869592,840,1.0,291623,0.0,Not listed,291623.0,0.544,0.0977288206078764,0.8172542358784247,0.5721864152788314,57.21864152788314,554,20.912
Tamulbari T.E.90/93 Nlr,291317,100.1,562,113,1,a,a,a,,,,,,1.0,Yes,No,Yes,Yes,No,No,No,Yes,Yes,c,a,b,a,a,b,b,b,Yes,a,Yes,Yes,c,c,c,a,c,a,Yes,Yes,No,No,No,0.0,7.2,0.0,0.0,1.0,1.9,3.0,83.0,0.0,83.0,1.0,0.75,0.75,0.75,0.0,0.0,0.0,1.0,1.0,1.0,0.25,0.75,0.75,0.25,0.75,0.75,1.0,0.0,0.5972222222222222,0.1781138790035587,0.1756415146901536,0.5,0.75,0.75,0.5,0.5,0.5,1.0,1.0,0.7,0.0719280719280719,0.0,0.0,0.0589410589410589,0.5294705294705295,0.4189499668306576,0.4870059275942255,48.70059275942255,621,1.0,291317,0.0,Very Low (1-4),291317.0,0.572,0.0741829966087511,0.8135634006782498,0.5721782339684369,57.21782339684369,555,14.466
Jaloni T.E. 263/282 Nlr,291519,274.0,720,141,1,a,a,a,,,,,,0.0,Yes,Yes,Yes,No,No,No,No,No,a,a,Yes,a,a,a,c,b,Yes,Yes,b,Yes,Yes,a,a,b,Yes,c,Yes,Yes,Yes,No,No,No,0.0,14.0,0.0,0.0,0.0,0.0,0.0,10.0,0.0,10.0,1.0,0.75,0.75,0.75,0.0,0.0,0.0,1.0,0.0,0.75,0.75,1.0,0.5,0.75,1.0,1.0,1.0,0.0,0.6111111111111112,0.3805555555555555,0.2947155997747325,0.75,0.75,0.75,0.25,0.5,1.0,1.0,1.0,0.75,0.0510948905109489,0.0,0.0,0.0,0.5,0.3814756671899529,0.5277518111594515,52.775181115945145,287,1.0,291519,0.0,Not listed,291519.0,0.855,0.078311237967953,0.7278377524064095,0.5720353509847399,57.20353509847399,556,42.866
Rajgar Rangali Pather (Rajgar Bangali Pathar),292362,390.0,1616,342,1,2,a,b,,,,,,1.0,Yes,Yes,Yes,No,No,Yes,No,No,b,b,Yes,b,b,b,c,c,b,Yes,Yes,Yes,Yes,c,b,c,a,Yes,Yes,Yes,Yes,No,No,Yes,0.0,90.0,0.0,5.0,0.0,0.0,0.0,195.0,0.0,195.0,1.0,1.0,0.75,0.5,0.0,0.0,0.0,1.0,0.0,0.5,0.5,1.0,1.0,0.25,0.75,1.0,1.0,1.0,0.625,0.2413366336633663,0.2914226423580973,0.5,0.5,0.5,0.25,0.25,0.5,1.0,1.0,0.65,0.2307692307692307,0.0,0.0,0.0,0.5,0.3814756671899529,0.5004007940275149,50.040079402751495,501,1.0,292362,0.0,Not listed,292362.0,0.644,0.135866784014374,0.7796266431971252,0.5719276679468673,57.19276679468673,557,43.496
Satyanarayan Chah Bagicha,292354,135.3,473,103,1,a,a,a,,,,,,0.0,No,No,Yes,Yes,No,No,No,No,Yes,a,a,a,a,Yes,c,a,a,Yes,b,Yes,Yes,c,a,c,Yes,a,Yes,Yes,Yes,No,Yes,No,0.0,4.7,0.0,0.0,0.0,0.0,0.0,130.7,0.0,130.7,1.0,0.75,0.75,0.75,0.0,0.0,0.0,0.0,1.0,1.0,0.75,0.75,0.5,0.25,1.0,1.0,1.0,0.0,0.5833333333333334,0.286046511627907,0.2353373118950847,0.75,0.75,1.0,0.25,0.75,0.75,1.0,1.0,0.75,0.0347376201034737,0.0,0.0,0.0,0.5,0.3814756671899529,0.5059627947450951,50.59627947450951,449,1.0,292354,0.0,Not listed,292354.0,0.746,0.0578169569670148,0.764636608606597,0.571910321494903,57.1910321494903,558,47.81
Disang Kinar Bangali,292407,164.2,379,77,1,1,1,1,,,,,,0.0,No,No,Yes,Yes,No,Yes,No,No,Yes,a,Yes,b,Yes,Yes,b,a,Yes,Yes,b,Yes,Yes,c,b,c,a,Yes,Yes,a,Yes,No,No,No,0.0,68.1,0.0,21.5,0.0,0.0,0.0,68.6,0.0,68.6,1.0,1.0,1.0,1.0,0.0,0.0,0.0,0.0,1.0,1.0,0.75,1.0,0.5,0.25,0.75,1.0,0.75,0.0,0.6111111111111112,0.4332453825857519,0.1816761626066838,0.5,1.0,1.0,0.5,0.75,1.0,1.0,1.0,0.825,0.4147381242387332,0.0,0.0,0.0,0.5,0.3814756671899529,0.5219919518674394,52.19919518674394,326,1.0,292407,0.0,Not listed,292407.0,0.728,0.106003597479602,0.7603992805040796,0.5718001029317957,57.18001029317957,559,52.006
Khailabari Bagan Gaon,291437,307.7,848,169,1,2,2,a,,,1.0,,,0.0,Yes,Yes,Yes,No,No,No,No,No,Yes,c,a,a,a,a,a,a,a,Yes,b,Yes,Yes,c,a,c,a,c,Yes,Yes,Yes,No,No,No,0.0,35.6,0.0,0.0,0.0,0.0,0.0,248.7,0.0,248.7,1.0,1.0,1.0,0.75,1.0,0.0,0.0,1.0,0.0,1.0,0.25,0.75,0.5,0.25,0.75,1.0,1.0,0.0,0.625,0.3628537735849056,0.2371540408244224,0.75,0.75,0.75,0.75,0.75,0.75,1.0,1.0,0.775,0.1156971075723107,0.0,0.0,0.0,0.5,0.3814756671899529,0.5243336436440962,52.43336436440962,305,1.0,291437,0.0,Not listed,291437.0,0.746,0.128831551340638,0.7504336897318724,0.5716833361773476,57.16833361773476,560,23.411
Hologuri No.2,291816,45.1,305,62,1,a,a,b,,,1.0,,,0.0,Yes,No,Yes,Yes,No,Yes,No,No,Yes,b,b,c,b,b,b,c,a,Yes,a,Yes,Yes,c,b,c,a,c,Yes,a,Yes,No,No,No,0.0,8.8,2.1,0.0,1.2,0.0,2.8,20.2,0.0,20.2,1.0,0.75,0.75,0.5,1.0,0.0,0.0,1.0,1.0,1.0,0.5,0.5,0.75,0.25,0.75,1.0,0.75,0.0,0.6388888888888888,0.1478688524590164,0.2320689835573185,0.25,0.5,0.5,0.5,0.25,0.75,1.0,1.0,0.6,0.1951219512195122,0.0465631929046563,0.0,0.0886917960088691,0.5303769401330376,0.4201025455380855,0.4817599772191689,48.17599772191689,671,1.0,291816,0.0,Not listed,291816.0,0.479,0.148479669269927,0.8266040661460146,0.5716742541784483,57.16742541784483,561,21.141
Tingrai Dom Gaon,291662,112.8,509,83,1,a,a,b,,,,,,0.0,Yes,No,Yes,No,No,No,No,No,Yes,c,a,c,b,b,c,a,a,Yes,a,Yes,Yes,a,c,b,Yes,b,Yes,Yes,Yes,No,No,No,0.0,42.1,10.2,0.0,15.2,0.0,0.0,45.3,0.0,45.3,1.0,0.75,0.75,0.5,0.0,0.0,0.0,1.0,0.0,1.0,0.25,0.75,0.75,0.75,1.0,1.0,1.0,0.0,0.5833333333333334,0.2216110019646365,0.2909560702548422,0.25,0.5,0.5,0.25,0.75,0.75,1.0,1.0,0.65,0.3732269503546099,0.0904255319148936,0.0,0.1347517730496454,0.5402482269503546,0.4326547312869501,0.5001032971544339,50.01032971544339,506,1.0,291662,0.0,Not listed,291662.0,0.704,0.143778985936528,0.7600442028126944,0.5716549083818309,57.16549083818309,562,32.413
Niz Khowang,291721,151.1,2004,427,2,2,1,1,,,,,,1.0,Yes,Yes,Yes,Yes,No,Yes,No,No,Yes,c,Yes,c,a,a,Yes,Yes,Yes,Yes,Yes,Yes,Yes,a,c,c,Yes,Yes,Yes,Yes,Yes,No,No,No,0.0,15.6,0.0,0.0,0.4,0.0,0.9,129.9,0.0,129.9,1.0,1.0,1.0,1.0,0.0,0.0,0.0,1.0,1.0,1.0,0.25,1.0,1.0,0.75,1.0,1.0,1.0,0.0,0.7222222222222222,0.0753992015968063,0.3446405668108124,0.25,0.75,0.75,1.0,1.0,1.0,1.0,1.0,0.875,0.1032428855062872,0.0,0.0,0.0086035737921906,0.5043017868960953,0.3869457572776094,0.6066048487137805,60.66048487137805,34,1.0,291721,0.5,Moderate (9-12),291721.0,0.279,0.177116080056014,0.6308767839887972,0.5715527188898635,57.15527188898635,563,22.223
Nabhakatia No.3,292171,33.6,308,71,1,a,a,a,,,,,,0.0,No,No,No,Yes,No,No,No,No,Yes,c,a,c,a,a,c,c,a,Yes,a,Yes,Yes,c,c,b,Yes,a,a,a,Yes,No,No,No,0.0,16.1,0.0,0.0,0.0,0.0,0.0,17.5,0.0,17.5,1.0,0.75,0.75,0.75,0.0,0.0,0.0,0.0,1.0,1.0,0.25,0.75,0.75,0.25,1.0,0.75,0.75,0.0,0.5416666666666666,0.1090909090909091,0.1740089083058859,0.25,0.75,0.75,0.25,0.25,0.75,1.0,1.0,0.65,0.4791666666666667,0.0,0.0,0.0,0.5,0.3814756671899529,0.4502140271811287,45.02140271811288,942,1.0,292171,0.0,Not listed,292171.0,0.416,0.116815495474927,0.8518369009050146,0.5714583375169703,57.14583375169703,564,38.588
Abhoipuria,291490,256.0,1115,237,2,a,1,a,,,,,,1.0,Yes,Yes,Yes,No,No,No,No,No,Yes,a,Yes,c,Yes,Yes,c,b,Yes,Yes,b,Yes,Yes,b,c,b,a,Yes,Yes,Yes,Yes,No,No,No,0.0,60.0,0.0,0.0,0.0,0.0,0.0,140.0,0.0,140.0,1.0,0.75,1.0,0.75,0.0,0.0,0.0,1.0,0.0,1.0,0.75,1.0,0.5,0.5,0.75,1.0,1.0,0.0,0.6111111111111112,0.2295964125560538,0.2340020927317557,0.25,1.0,1.0,0.25,0.5,1.0,1.0,1.0,0.75,0.234375,0.0,0.0,0.0,0.5,0.3814756671899529,0.5125734343987074,51.25734343987074,396,1.0,291490,0.0,Not listed,291490.0,0.692,0.140423604493453,0.7643152791013095,0.5714479849019557,57.14479849019557,565,28.574
Digboi Mukh,291685,90.0,1425,277,1,a,a,a,,,1.0,,,1.0,Yes,Yes,Yes,No,Yes,No,No,No,Yes,a,Yes,b,Yes,Yes,c,b,Yes,Yes,b,Yes,Yes,a,a,b,Yes,Yes,Yes,Yes,Yes,No,No,No,0.0,10.0,0.0,10.0,0.0,0.0,0.0,58.0,0.0,58.0,1.0,0.75,0.75,0.75,1.0,0.0,0.0,1.0,0.0,1.0,0.75,1.0,0.5,0.75,1.0,1.0,1.0,0.0,0.6805555555555556,0.0631578947368421,0.2872081649590468,0.5,1.0,1.0,0.25,0.5,1.0,1.0,1.0,0.775,0.1111111111111111,0.0,0.0,0.0,0.5,0.3814756671899529,0.5507360635666412,55.07360635666412,178,1.0,291685,0.0,Not listed,291685.0,0.819,0.180886928756608,0.7181226142486784,0.571272437017726,57.1272437017726,566,47.245
Kathalani Gaon,291626,136.0,676,143,2,1,1,1,,,,,,0.0,Yes,Yes,Yes,No,No,Yes,No,No,Yes,c,Yes,c,a,a,c,c,Yes,Yes,b,Yes,Yes,a,c,a,a,Yes,Yes,Yes,Yes,No,No,No,0.0,36.0,0.0,10.0,0.0,0.0,0.0,53.0,0.0,53.0,1.0,1.0,1.0,1.0,0.0,0.0,0.0,1.0,0.0,1.0,0.25,1.0,0.5,0.75,0.75,1.0,1.0,0.0,0.625,0.2011834319526627,0.2333300380000066,0.25,0.75,0.75,0.25,0.25,1.0,1.0,1.0,0.675,0.2647058823529412,0.0,0.0,0.0,0.5,0.3814756671899529,0.4933776429379923,49.33776429379923,562,1.0,291626,0.0,Not listed,291626.0,0.567,0.142117503201536,0.8014764993596928,0.5711444593223717,57.11444593223717,567,22.379
Rangabanani No.2,292130,266.2,1132,219,2,2,a,a,,,,,,2.0,No,Yes,Yes,Yes,Yes,Yes,No,No,c,a,a,c,Yes,a,c,c,c,Yes,b,Yes,Yes,a,c,a,Yes,Yes,Yes,Yes,Yes,No,No,No,0.0,26.0,0.0,0.0,0.0,0.0,0.0,200.2,0.0,200.2,1.0,1.0,0.75,0.75,0.0,0.0,0.0,0.0,1.0,0.25,0.75,0.75,0.5,0.75,1.0,1.0,1.0,0.0,0.5833333333333334,0.2351590106007067,0.2341336653530484,0.25,1.0,0.75,0.25,0.25,0.25,1.0,1.0,0.6,0.0976709241172051,0.0,0.0,0.0,0.5,0.3814756671899529,0.460661883109586,46.06618831095861,857,1.0,292130,0.0,Not listed,292130.0,0.46,0.118771950552584,0.8382456098894832,0.5710530103725483,57.10530103725483,568,35.865
Disang Kinar Bangali,292297,181.6,850,177,1,1,1,b,,1.0,,,,0.0,Yes,Yes,Yes,Yes,No,No,No,No,Yes,a,a,c,b,a,c,c,a,Yes,b,Yes,Yes,c,b,c,Yes,b,Yes,Yes,Yes,No,No,No,0.0,18.0,10.2,0.0,10.0,12.1,0.0,106.2,0.0,106.2,1.0,1.0,1.0,0.5,0.0,1.0,0.0,1.0,1.0,1.0,0.75,0.75,0.5,0.25,1.0,1.0,1.0,0.0,0.7083333333333334,0.2136470588235294,0.2907676984065637,0.25,0.5,0.75,0.25,0.25,0.75,1.0,1.0,0.6,0.0991189427312775,0.0561674008810572,0.0,0.1216960352422907,0.5439977973568282,0.4374226308619008,0.5172597841073545,51.72597841073545,362,1.0,292297,0.0,Not listed,292297.0,0.665,0.0933961377314197,0.7818207724537161,0.5710336282124124,57.10336282124124,569,41.542
Ghetira Pather Gaon,291230,115.0,332,60,1,a,c,c,,,,,,1.0,Yes,No,Yes,No,No,No,No,No,Yes,c,c,c,c,a,c,a,c,Yes,a,Yes,Yes,c,c,c,Yes,c,a,a,Yes,No,No,No,0.0,3.2,0.0,0.0,0.0,0.0,0.0,101.6,0.0,101.6,1.0,0.75,0.25,0.25,0.0,0.0,0.0,1.0,0.0,1.0,0.25,0.25,0.75,0.25,1.0,0.75,0.75,0.0,0.4583333333333333,0.3463855421686747,0.2367645162968374,0.25,0.25,0.75,0.25,0.75,0.25,1.0,1.0,0.55,0.0278260869565217,0.0,0.0,0.0,0.5,0.3814756671899529,0.4150695958455333,41.506959584553336,1159,1.0,291230,0.0,Not listed,291230.0,0.42,0.0637766372960705,0.8612446725407858,0.5709103481690166,57.09103481690166,570,13.84
123/244 No. NLR. Grant,291341,329.0,1647,335,2,b,b,b,,,,,,1.0,No,Yes,Yes,No,No,Yes,No,No,Yes,c,Yes,c,Yes,Yes,c,c,c,Yes,Yes,Yes,Yes,c,c,c,a,c,a,Yes,Yes,No,Yes,No,0.0,145.2,0.0,0.0,5.0,7.6,0.0,136.3,0.0,136.3,1.0,0.5,0.5,0.5,0.0,0.0,0.0,0.0,0.0,1.0,0.25,1.0,1.0,0.25,0.75,0.75,1.0,0.0,0.4722222222222222,0.1997571341833637,0.1761534445104381,0.25,1.0,1.0,0.25,0.25,0.25,1.0,1.0,0.7,0.441337386018237,0.0,0.0,0.0382978723404255,0.5191489361702128,0.4058251778616522,0.4532589522554955,45.32589522554955,915,1.0,291341,0.0,Not listed,291341.0,0.544,0.110682041513097,0.8146635916973806,0.5707775744858096,57.07775744858096,571,16.501
Halaguri 9/182 Nnitp Grant Vi,291820,225.1,558,103,1,1,1,a,,,,,,0.0,No,No,Yes,Yes,Yes,No,No,No,Yes,c,Yes,c,c,c,c,Yes,Yes,Yes,b,Yes,Yes,c,c,c,a,c,Yes,Yes,Yes,No,No,No,0.0,18.7,0.0,0.0,7.5,0.0,1.3,189.6,0.0,189.6,1.0,1.0,1.0,0.75,0.0,0.0,0.0,0.0,1.0,1.0,0.25,1.0,0.5,0.25,0.75,1.0,1.0,0.0,0.5833333333333334,0.4034050179211469,0.180970345834065,0.25,0.25,0.25,0.25,1.0,1.0,1.0,1.0,0.65,0.0830741892492225,0.0,0.0,0.0390937361172812,0.5195468680586406,0.4063311823037659,0.4673421562526028,46.73421562526028,800,1.0,291820,0.0,Not listed,291820.0,0.475,0.106006257560471,0.8362987484879059,0.5707117631992435,57.07117631992436,572,24.051
Joriguri F.V.,292009,25.8,407,86,2,1,1,c,,,,,,0.0,No,Yes,Yes,Yes,No,No,No,No,Yes,c,c,c,Yes,Yes,c,c,c,Yes,b,Yes,Yes,b,c,c,Yes,c,Yes,a,Yes,No,No,No,0.0,2.4,2.0,0.0,0.3,0.0,0.0,17.7,0.0,17.7,1.0,1.0,1.0,0.25,0.0,0.0,0.0,0.0,1.0,1.0,0.25,0.25,0.5,0.5,1.0,1.0,0.75,0.0,0.5277777777777778,0.0633906633906633,0.2300708135136518,0.25,1.0,1.0,0.25,0.25,0.25,1.0,1.0,0.575,0.0930232558139534,0.0775193798449612,0.0,0.0116279069767441,0.4825581395348837,0.359296849330072,0.4338215176888718,43.38215176888718,1054,1.0,292009,0.0,Not listed,292009.0,0.378,0.130486830068891,0.8605026339862218,0.5706132843724125,57.06132843724126,573,22.44
Hapjan Parbat Chah  Bagicha,292411,136.8,326,71,1,a,a,a,,,,,,0.0,No,No,Yes,No,No,No,No,No,b,a,a,a,b,a,c,b,c,Yes,a,Yes,Yes,a,b,c,a,c,Yes,a,Yes,No,No,No,0.0,40.9,0.0,0.0,55.4,0.0,0.0,40.5,0.0,40.5,1.0,0.75,0.75,0.75,0.0,0.0,0.0,0.0,0.0,0.5,0.75,0.75,0.75,0.75,0.75,1.0,0.75,0.0,0.5138888888888888,0.4196319018404908,0.1813541617480574,0.75,0.5,0.75,0.25,0.5,0.25,1.0,1.0,0.65,0.2989766081871344,0.0,0.0,0.4049707602339181,0.702485380116959,0.638953152111047,0.4966013930814459,49.66013930814459,526,1.0,292411,0.0,Not listed,292411.0,0.764,0.111817306751991,0.7484365386496018,0.5705561287135121,57.055612871351215,574,54.77
Bahani (Ratanpur),292137,195.6,881,182,1,b,b,b,,,,,,0.0,Yes,No,Yes,No,No,No,No,No,Yes,a,a,c,b,a,c,c,b,Yes,b,Yes,Yes,b,b,Yes,Yes,b,Yes,Yes,Yes,No,No,No,0.0,1.9,0.0,0.0,0.0,0.0,0.0,86.6,0.0,86.6,1.0,0.5,0.5,0.5,0.0,0.0,0.0,1.0,0.0,1.0,0.75,0.75,0.5,0.5,1.0,1.0,1.0,0.0,0.5555555555555556,0.2220204313280363,0.2909657545236217,0.25,0.5,0.75,0.25,0.25,0.5,1.0,1.0,0.575,0.0097137014314928,0.0,0.0,0.0,0.5,0.3814756671899529,0.4604254609577849,46.04254609577849,859,1.0,292137,0.0,Not listed,292137.0,0.508,0.1683104100451,0.81393791799098,0.5705379559057904,57.05379559057904,575,37.437
Bortani No.1,292151,252.2,1319,238,1,2,b,b,,,,,,1.0,Yes,Yes,Yes,No,No,No,No,No,b,b,Yes,c,b,b,c,c,Yes,Yes,b,Yes,Yes,a,c,b,Yes,Yes,Yes,Yes,Yes,No,No,No,0.0,4.8,0.0,0.0,0.0,0.0,0.0,247.5,0.0,247.5,1.0,1.0,0.5,0.5,0.0,0.0,0.0,1.0,0.0,0.5,0.5,1.0,0.5,0.75,1.0,1.0,1.0,0.0,0.5694444444444444,0.1912054586808187,0.2902368852625837,0.25,0.5,0.5,0.25,0.25,1.0,1.0,1.0,0.625,0.0190325138778747,0.0,0.0,0.0,0.5,0.3814756671899529,0.4787154658647476,47.87154658647477,699,1.0,292151,0.0,Not listed,292151.0,0.615,0.131074730821911,0.7892850538356178,0.5704945929283859,57.04945929283859,576,45.447
Hajua Pathar,292315,77.6,656,141,1,b,b,a,,,,,,0.0,Yes,No,No,Yes,No,Yes,No,No,Yes,a,Yes,a,a,Yes,c,Yes,c,Yes,b,Yes,Yes,c,a,c,a,a,Yes,Yes,Yes,No,No,No,0.7,7.0,4.0,0.0,0.5,5.4,5.4,53.4,0.0,53.4,1.0,0.5,0.5,0.75,0.0,0.0,0.0,1.0,1.0,1.0,0.75,1.0,0.5,0.25,0.75,1.0,1.0,0.0,0.6111111111111112,0.1182926829268292,0.2313694158154271,0.75,0.75,1.0,0.25,1.0,0.25,1.0,1.0,0.75,0.0902061855670103,0.0515463917525773,0.009020618556701,0.1456185567010309,0.5555412371134021,0.452101102137921,0.5260403521592187,52.60403521592188,296,1.0,292315,0.0,Not listed,292315.0,0.77,0.160135390272778,0.7369729219454444,0.5704466880527227,57.044668805272266,577,44.679
Sagunijan,291783,28.7,147,33,1,b,,c,,,,,,0.0,No,No,Yes,Yes,Yes,No,No,No,Yes,c,c,c,c,a,c,a,c,Yes,a,Yes,Yes,b,c,c,a,c,Yes,b,Yes,No,No,No,0.0,8.3,6.3,0.0,0.0,0.0,0.3,12.1,0.0,12.1,1.0,0.5,0.0,0.25,0.0,0.0,0.0,0.0,1.0,1.0,0.25,0.25,0.75,0.5,0.75,1.0,0.5,0.0,0.4305555555555556,0.1952380952380952,0.1760465552844002,0.25,0.25,0.75,0.25,0.75,0.25,1.0,1.0,0.55,0.289198606271777,0.2195121951219512,0.0,0.0104529616724738,0.4393728222996516,0.3043830236463388,0.3775271324392567,37.75271324392567,1273,1.0,291783,0.0,Very Low (1-4),291783.0,0.133,0.166482090304149,0.9268035819391702,0.570390525143719,57.0390525143719,578,29.446
Hoogrijan T.E.116/64 & 66 Nlr,291502,727.0,4094,853,2,b,b,b,,,,,,1.0,Yes,Yes,Yes,No,No,No,No,No,Yes,c,Yes,b,Yes,b,c,a,b,Yes,Yes,Yes,Yes,b,b,b,b,Yes,Yes,Yes,Yes,No,No,No,0.0,300.0,0.0,29.0,0.0,0.0,0.0,298.0,0.0,298.0,1.0,0.5,0.5,0.5,0.0,0.0,0.0,1.0,0.0,1.0,0.25,1.0,1.0,0.5,0.5,1.0,1.0,0.0,0.5416666666666666,0.1775769418661456,0.2899145287544837,0.5,1.0,0.5,0.25,0.75,0.5,1.0,1.0,0.75,0.4126547455295736,0.0,0.0,0.0,0.5,0.3814756671899529,0.5091904322932781,50.91904322932781,419,1.0,291502,0.0,Not listed,291502.0,0.82,0.138208922688235,0.726358215462353,0.5702432684520552,57.02432684520552,579,37.868
Chengdhora,291379,223.7,314,67,1,1,b,c,,,1.0,,,0.0,No,Yes,Yes,No,No,No,No,No,Yes,b,Yes,b,b,Yes,b,b,Yes,Yes,b,Yes,Yes,c,c,c,Yes,b,Yes,a,Yes,No,No,No,0.0,14.6,12.7,0.0,0.0,0.0,0.0,67.2,0.0,67.2,1.0,1.0,0.5,0.25,1.0,0.0,0.0,0.0,0.0,1.0,0.5,1.0,0.5,0.25,1.0,1.0,0.75,0.0,0.5416666666666666,0.7124203821656051,0.2454223705937424,0.5,0.5,1.0,0.5,0.5,1.0,1.0,1.0,0.75,0.0652659812248547,0.0567724631202503,0.0,0.0,0.4829682610639249,0.3598183539431385,0.4937359301037299,49.37359301037299,558,1.0,291379,0.0,Very Low (1-4),291379.0,0.705,0.132397346769478,0.7620205306461044,0.5701365579983482,57.013655799834815,580,17.543
Chapatali No.2,292223,161.2,812,176,1,a,b,b,,,,,,0.0,Yes,Yes,Yes,No,No,Yes,No,No,Yes,b,b,,b,b,c,a,a,Yes,a,Yes,Yes,b,b,a,a,Yes,Yes,Yes,Yes,No,No,No,0.0,12.0,0.0,0.0,0.0,0.0,0.0,129.2,0.0,129.2,1.0,0.75,0.5,0.5,0.0,0.0,0.0,1.0,0.0,1.0,0.5,0.5,0.75,0.5,0.75,1.0,1.0,0.0,0.5416666666666666,0.1985221674876847,0.2332670908773133,0.0,0.5,0.5,0.25,0.75,0.75,1.0,1.0,0.6,0.0744416873449131,0.0,0.0,0.0,0.5,0.3814756671899529,0.4500285728239856,45.00285728239856,945,1.0,292223,0.0,Not listed,292223.0,0.477,0.107216664433467,0.8354566671133066,0.5697207896431439,56.97207896431439,581,43.655
Bashbari Gaon,291284,227.4,822,178,1,1,a,b,,,1.0,,,1.0,No,Yes,Yes,Yes,No,No,No,Yes,Yes,c,b,b,a,a,b,b,b,Yes,b,Yes,Yes,c,a,b,Yes,c,Yes,Yes,Yes,No,No,No,0.0,80.3,0.0,3.0,1.0,3.0,4.2,105.3,0.0,105.3,1.0,1.0,0.75,0.5,1.0,0.0,0.0,0.0,1.0,1.0,0.25,0.5,0.5,0.25,1.0,1.0,1.0,0.0,0.5972222222222222,0.2766423357664234,0.2351148740954701,0.5,0.75,0.75,0.5,0.5,0.5,1.0,1.0,0.65,0.353122251539138,0.0,0.0,0.0360598065083553,0.5180299032541776,0.4044022317674787,0.4839647204329188,48.39647204329188,649,1.0,291284,0.0,Not listed,291284.0,0.576,0.133447429666388,0.8005105140667224,0.5696432589156782,56.96432589156783,582,7.707
Lebangkula Gaon,292393,501.1,1237,257,1,2,1,1,,,,,,1.0,Yes,Yes,Yes,Yes,No,No,No,No,Yes,Yes,Yes,b,Yes,Yes,b,a,Yes,Yes,b,Yes,Yes,a,b,c,a,Yes,Yes,Yes,Yes,No,No,No,30.7,80.4,11.6,115.1,12.7,0.0,0.0,250.6,0.0,250.6,1.0,1.0,1.0,1.0,0.0,0.0,0.0,1.0,1.0,1.0,1.0,1.0,0.5,0.75,0.75,1.0,1.0,0.0,0.7222222222222222,0.4050929668552951,0.238153128181672,0.5,1.0,1.0,0.5,0.75,1.0,1.0,1.0,0.825,0.1604470165635601,0.0231490720415086,0.0612652165236479,0.0253442426661345,0.4934743564158851,0.373177753056306,0.5622293882122348,56.22293882122348,131,1.0,292393,0.0,Not listed,292393.0,0.832,0.138072089812556,0.7227855820374889,0.5696291778188595,56.96291778188595,583,55.419
Bhorbhuri Nogaon No.3,291237,124.2,262,55,1,a,b,c,,,,,,1.0,No,Yes,Yes,No,No,Yes,No,Yes,Yes,c,c,c,a,c,b,b,b,Yes,b,Yes,Yes,c,c,c,Yes,c,Yes,a,Yes,No,No,No,0.0,21.8,0.0,0.0,8.7,2.0,0.0,86.8,0.0,86.8,1.0,0.75,0.5,0.25,0.0,0.0,0.0,0.0,0.0,1.0,0.25,0.25,0.5,0.25,1.0,1.0,0.75,0.0,0.4166666666666667,0.4740458015267175,0.2397840756509041,0.25,0.75,0.25,0.5,0.5,0.5,1.0,1.0,0.55,0.1755233494363929,0.0,0.0,0.0861513687600644,0.5430756843800322,0.4362500853184083,0.4163627026430744,41.63627026430744,1150,1.0,291237,0.0,Not listed,291237.0,0.46,0.132191514569962,0.8355616970860076,0.5696082105448903,56.96082105448903,584,14.162
Dinjan T.E.,291397,219.1,8038,1554,3,2,1,1,,,,,,1.0,Yes,Yes,Yes,Yes,No,No,No,No,Yes,a,Yes,b,b,b,b,b,b,Yes,Yes,Yes,Yes,Yes,c,Yes,Yes,c,Yes,Yes,Yes,No,Yes,Yes,0.0,147.5,0.0,0.0,0.0,0.0,0.0,28.4,0.0,28.4,1.0,1.0,1.0,1.0,0.0,0.0,0.0,1.0,1.0,1.0,0.75,1.0,1.0,1.0,1.0,1.0,1.0,1.0,0.8194444444444444,0.0272580243841751,0.4006447364506112,0.5,0.5,0.5,0.5,0.5,0.5,1.0,1.0,0.7,0.6732085805568234,0.0,0.0,0.0,0.5,0.3814756671899529,0.5913174286617544,59.13174286617544,61,1.0,291397,0.0,Not listed,291397.0,0.949,0.174167971245097,0.6804664057509806,0.569569096491538,56.9569096491538,585,36.275
Khanikar Gaon,291307,238.0,484,97,1,a,a,b,,,,,,1.0,No,Yes,Yes,Yes,No,No,No,Yes,Yes,c,Yes,a,b,Yes,Yes,Yes,Yes,Yes,a,Yes,Yes,b,c,b,Yes,c,Yes,Yes,Yes,No,No,No,0.0,105.8,0.0,0.0,7.6,0.0,8.8,100.5,0.0,100.5,1.0,0.75,0.75,0.5,0.0,0.0,0.0,0.0,1.0,1.0,0.25,1.0,0.75,0.5,1.0,1.0,1.0,0.0,0.5833333333333334,0.4917355371900826,0.2402024925259903,0.75,0.5,1.0,1.0,1.0,1.0,1.0,1.0,0.9,0.4445378151260504,0.0,0.0,0.06890756302521,0.534453781512605,0.4252865981557458,0.5609412760959801,56.09412760959801,138,1.0,291307,0.25,Low (5-8),291307.0,0.618,0.126729702914467,0.6642540594171066,0.5695452366217021,56.95452366217021,586,14.505
Naohalia No.3,291522,29.0,1190,276,1,a,a,a,,,,,,1.0,Yes,Yes,Yes,No,No,No,No,No,a,a,Yes,a,Yes,a,c,b,Yes,Yes,b,Yes,Yes,b,a,b,Yes,c,Yes,Yes,Yes,No,Yes,No,0.0,9.0,0.0,3.0,0.0,0.0,0.0,0.0,0.0,0.0,1.0,0.75,0.75,0.75,0.0,0.0,0.0,1.0,0.0,0.75,0.75,1.0,0.5,0.5,1.0,1.0,1.0,0.0,0.5972222222222222,0.0243697478991596,0.2862907055069071,0.75,1.0,0.75,0.25,0.5,1.0,1.0,1.0,0.775,0.3103448275862069,0.0,0.0,0.0,0.5,0.3814756671899529,0.529673365370273,52.9673365370273,278,1.0,291522,0.0,Not listed,291522.0,0.852,0.152236196027121,0.7139527607945758,0.56937513077305,56.937513077305,587,43.826
Hamuktola No.2,292293,51.7,135,27,1,a,a,b,,,,,,0.0,No,No,Yes,Yes,No,No,No,No,Yes,b,b,b,b,b,c,b,a,Yes,a,Yes,Yes,c,b,c,a,b,Yes,a,Yes,No,No,No,0.0,7.4,0.0,0.0,16.0,2.3,0.0,16.4,0.0,16.4,1.0,0.75,0.75,0.5,0.0,0.0,0.0,0.0,1.0,1.0,0.5,0.5,0.75,0.25,0.75,1.0,0.75,0.0,0.5277777777777778,0.382962962962963,0.1804868281083787,0.5,0.5,0.5,0.25,0.5,0.75,1.0,1.0,0.625,0.1431334622823984,0.0,0.0,0.3539651837524178,0.6769825918762089,0.6065241749132327,0.4858709864541857,48.58709864541857,631,1.0,292293,0.0,Not listed,292293.0,0.651,0.177166759898058,0.7692666480203885,0.568806992472235,56.8806992472235,588,38.04
Achabam Chah Bagicha Appl,292360,1143.5,401,79,1,b,b,c,,,1.0,,,0.0,No,No,Yes,Yes,Yes,No,No,No,Yes,b,b,b,b,b,c,b,b,Yes,b,Yes,Yes,c,b,c,Yes,b,Yes,a,Yes,No,No,No,0.0,5.0,0.0,0.0,137.4,0.0,0.0,1001.1,0.0,1001.1,1.0,0.5,0.5,0.25,1.0,0.0,0.0,0.0,1.0,1.0,0.5,0.5,0.5,0.25,1.0,1.0,0.75,0.0,0.5416666666666666,2.8516209476309227,0.2960210699082966,0.5,0.5,0.5,0.25,0.5,0.5,1.0,1.0,0.575,0.0043725404459991,0.0,0.0,0.1201574114560559,0.560078705728028,0.4578708816949807,0.473496110482737,47.3496110482737,750,1.0,292360,0.0,Not listed,292360.0,0.649,0.137998835008565,0.7777002329982869,0.568765992930636,56.8765992930636,589,42.176
Mohabir Bari,291412,362.8,96,18,1,b,b,b,,,,,,0.0,No,Yes,No,Yes,No,No,No,No,Yes,a,a,a,a,a,c,c,b,b,b,Yes,Yes,c,b,c,Yes,c,Yes,c,Yes,No,No,No,0.0,173.0,0.0,0.0,62.6,0.0,0.0,127.1,0.0,127.1,1.0,0.5,0.5,0.5,0.0,0.0,0.0,0.0,1.0,1.0,0.75,0.75,0.5,0.25,1.0,1.0,0.25,0.0,0.5,3.779166666666667,0.3179603904636756,0.75,0.75,0.75,0.25,0.25,0.5,0.5,1.0,0.6,0.4768467475192943,0.0,0.0,0.1725468577728776,0.5862734288864389,0.4911797133406836,0.4827260402840556,48.27260402840557,658,1.0,291412,0.0,Not listed,291412.0,0.725,0.218196607213552,0.7388606785572895,0.5687113260399372,56.87113260399372,590,19.736
Bamuni Hiloidhari,291411,217.6,1436,294,1,2,b,b,,,1.0,,,1.0,No,Yes,Yes,No,No,No,No,No,Yes,c,Yes,b,a,a,a,a,Yes,Yes,b,Yes,Yes,c,b,c,Yes,c,Yes,Yes,Yes,No,No,No,0.0,38.4,0.0,9.1,0.0,5.0,0.0,140.0,0.0,140.0,1.0,1.0,0.5,0.5,1.0,0.0,0.0,0.0,0.0,1.0,0.25,1.0,0.5,0.25,1.0,1.0,1.0,0.0,0.5555555555555556,0.1515320334261838,0.2321556290992489,0.5,0.75,0.75,0.75,0.75,1.0,1.0,1.0,0.8,0.1764705882352941,0.0,0.0,0.0229779411764705,0.5114889705882353,0.3960848762581956,0.5161447714153402,51.61447714153402,375,1.0,291411,0.0,Not listed,291411.0,0.763,0.215974882825742,0.7279050234348516,0.5686136480874823,56.86136480874823,591,22.961
Ghinai Gaon,292372,292.7,1668,346,1,2,1,b,,,1.0,,,1.0,Yes,Yes,Yes,Yes,No,No,No,No,Yes,b,Yes,b,b,b,c,c,b,Yes,Yes,Yes,Yes,c,b,c,a,Yes,Yes,Yes,Yes,No,No,No,0.0,85.6,0.0,0.0,0.0,0.0,0.0,100.0,0.0,100.0,1.0,1.0,1.0,0.5,1.0,0.0,0.0,1.0,1.0,1.0,0.5,1.0,1.0,0.25,0.75,1.0,1.0,0.0,0.7222222222222222,0.1754796163069544,0.2898649205283793,0.5,0.5,0.5,0.25,0.25,0.5,1.0,1.0,0.65,0.2924496071062521,0.0,0.0,0.0,0.5,0.3814756671899529,0.5243169191256409,52.43169191256409,306,1.0,292372,0.0,Not listed,292372.0,0.682,0.115495117186685,0.7723009765626629,0.568607970835653,56.860797083565295,592,47.341
Balijan Maje,292378,75.8,366,85,1,,a,a,,,,,,0.0,Yes,Yes,Yes,Yes,No,No,No,No,Yes,a,a,a,Yes,Yes,c,a,a,Yes,b,Yes,Yes,a,a,c,Yes,a,a,a,Yes,No,Yes,No,0.0,7.3,0.0,0.0,0.0,0.0,0.0,63.1,0.0,63.1,1.0,0.0,0.75,0.75,0.0,0.0,0.0,1.0,1.0,1.0,0.75,0.75,0.5,0.75,1.0,0.75,0.75,0.0,0.5972222222222222,0.207103825136612,0.2334700735812301,0.75,1.0,1.0,0.25,0.75,0.75,1.0,1.0,0.775,0.0963060686015831,0.0,0.0,0.0,0.5,0.3814756671899529,0.5164682073888537,51.64682073888537,371,1.0,292378,0.0,Not listed,292378.0,0.754,0.144510475157998,0.7448979049684004,0.5685480304611606,56.85480304611607,593,47.215
Patlungmora,291470,60.0,533,109,1,a,a,b,,,,,,0.0,Yes,Yes,No,Yes,Yes,Yes,No,No,Yes,b,b,b,b,Yes,b,b,a,Yes,b,Yes,Yes,b,b,b,Yes,Yes,Yes,Yes,Yes,No,No,No,0.0,2.3,0.0,0.0,0.0,0.0,0.0,37.5,0.0,37.5,1.0,0.75,0.75,0.5,0.0,0.0,0.0,1.0,1.0,1.0,0.5,0.5,0.5,0.5,1.0,1.0,1.0,0.0,0.6111111111111112,0.1125703564727955,0.2883769222668617,0.5,0.5,1.0,0.5,0.5,0.75,1.0,1.0,0.675,0.0383333333333333,0.0,0.0,0.0,0.5,0.3814756671899529,0.5036671417824838,50.36671417824839,469,1.0,291470,0.0,Not listed,291470.0,0.708,0.135621506744051,0.7604756986511898,0.5685058601056844,56.85058601056844,594,25.847
Kanjikhowa,291431,190.0,1233,267,2,1,b,b,,,1.0,,,1.0,Yes,Yes,Yes,Yes,No,Yes,No,No,Yes,b,Yes,b,Yes,Yes,b,Yes,Yes,Yes,b,Yes,Yes,c,b,c,a,b,Yes,Yes,Yes,No,No,No,0.0,14.1,20.0,0.0,6.0,0.0,0.0,130.0,0.0,130.0,1.0,1.0,0.5,0.5,1.0,0.0,0.0,1.0,1.0,1.0,0.5,1.0,0.5,0.25,0.75,1.0,1.0,0.0,0.6666666666666666,0.154095701540957,0.2322162677668782,0.5,1.0,1.0,0.5,1.0,1.0,1.0,1.0,0.85,0.0742105263157894,0.1052631578947368,0.0,0.031578947368421,0.4842105263157895,0.3613980004957449,0.5520003337075352,55.20003337075352,169,1.0,291431,0.0,Not listed,291431.0,0.844,0.157694501608494,0.7152610996783012,0.5683682068874019,56.83682068874019,595,30.291
No.1 Rowmari,291734,87.0,177,35,1,a,a,c,,,,,,0.0,No,Yes,Yes,Yes,No,No,No,No,Yes,c,b,c,b,Yes,b,c,b,Yes,b,Yes,Yes,c,c,c,a,c,Yes,a,Yes,No,No,No,0.0,4.3,0.0,0.0,0.1,0.0,0.5,79.7,0.0,79.7,1.0,0.75,0.75,0.25,0.0,0.0,0.0,0.0,1.0,1.0,0.25,0.5,0.5,0.25,0.75,1.0,0.75,0.0,0.4861111111111111,0.4915254237288136,0.1830546655509349,0.25,0.5,1.0,0.5,0.25,0.5,1.0,1.0,0.6,0.0494252873563218,0.0,0.0,0.0068965517241379,0.503448275862069,0.3858604449737455,0.4244635331602606,42.446353316026055,1112,1.0,291734,0.0,Not listed,291734.0,0.358,0.15463668049615,0.86167266390077,0.5683117986941035,56.83117986941036,596,19.757
Duliabam Gaon,291765,84.3,311,67,1,b,b,b,,,,,,0.0,No,No,No,Yes,Yes,No,No,No,a,b,Yes,a,a,a,a,b,Yes,Yes,b,Yes,Yes,c,c,c,a,Yes,Yes,a,Yes,No,No,No,0.0,13.4,2.1,0.0,0.0,1.0,1.0,32.6,0.0,32.6,1.0,0.5,0.5,0.5,0.0,0.0,0.0,0.0,1.0,0.75,0.5,1.0,0.5,0.25,0.75,1.0,0.75,0.0,0.5,0.2710610932475884,0.1778400033319309,0.75,0.75,0.75,0.75,0.5,1.0,1.0,1.0,0.8,0.1589561091340451,0.0249110320284697,0.0,0.0237247924080664,0.5043890865954923,0.3870567663145193,0.4868713540958866,48.68713540958866,624,1.0,291765,0.25,Low (5-8),291765.0,0.308,0.0910711654593827,0.7643857669081235,0.56827282254341,56.82728225434101,597,23.117
Borhula F.V.,292008,28.1,190,41,1,a,a,c,,,,,,0.0,Yes,Yes,Yes,Yes,No,No,No,No,Yes,c,c,c,b,Yes,c,c,c,Yes,a,Yes,Yes,a,c,c,a,c,Yes,a,Yes,No,No,No,0.0,2.1,1.5,0.0,0.0,1.4,0.8,18.7,0.0,18.7,1.0,0.75,0.75,0.25,0.0,0.0,0.0,1.0,1.0,1.0,0.25,0.25,0.75,0.75,0.75,1.0,0.75,0.0,0.5694444444444444,0.1478947368421052,0.2320695958029107,0.25,0.5,1.0,0.25,0.25,0.25,1.0,1.0,0.55,0.0747330960854092,0.0533807829181494,0.0,0.0782918149466192,0.5231316725978647,0.4108895679815863,0.447556423658156,44.7556423658156,955,1.0,292008,0.0,Not listed,292008.0,0.401,0.170109005438214,0.8456781989123572,0.5679221137129086,56.79221137129085,598,20.984
Bamunbari 264 Nlr Grant,291892,95.0,522,111,1,a,a,a,,,,,,0.0,No,Yes,Yes,Yes,No,No,No,No,Yes,b,Yes,b,a,a,b,b,Yes,Yes,b,Yes,Yes,b,b,c,Yes,Yes,Yes,Yes,Yes,No,No,No,0.0,6.7,3.2,0.0,0.1,1.1,2.0,8.7,0.0,8.7,1.0,0.75,0.75,0.75,0.0,0.0,0.0,0.0,1.0,1.0,0.5,1.0,0.5,0.5,1.0,1.0,1.0,0.0,0.5972222222222222,0.1819923371647509,0.2328761093453648,0.5,0.75,0.75,0.5,0.5,1.0,1.0,1.0,0.75,0.0705263157894736,0.0336842105263157,0.0,0.0336842105263157,0.5067368421052632,0.390042138312815,0.5105330105544598,51.05330105544598,412,1.0,291892,0.25,Low (5-8),291892.0,0.328,0.119476178158171,0.7527047643683658,0.5678072538306098,56.78072538306098,599,27.169
Piporatoli,291391,114.3,57,13,b,b,b,c,,,,,,0.0,No,No,Yes,Yes,No,No,No,No,Yes,b,b,b,b,b,b,Yes,b,b,a,Yes,Yes,c,b,c,a,b,a,a,Yes,No,No,No,0.0,5.5,0.0,0.0,0.0,70.1,0.0,38.6,0.0,38.6,0.5,0.5,0.5,0.25,0.0,0.0,0.0,0.0,1.0,1.0,0.5,0.5,0.75,0.25,0.75,0.75,0.75,0.0,0.4444444444444444,2.0052631578947366,0.1045735231640204,0.5,0.5,0.5,0.5,1.0,0.5,0.5,1.0,0.625,0.0481189851268591,0.0,0.0,0.6132983377077865,0.8066491688538933,0.7714063214625646,0.4790357561946292,47.90357561946292,695,1.0,291391,0.0,Not listed,291391.0,0.825,0.0026175850066014,0.7519764829986797,0.5676449222098616,56.76449222098616,600,25.617
Gethupathar,292313,294.2,1247,273,3,2,1,a,,,,,,1.0,Yes,Yes,Yes,Yes,No,Yes,No,No,Yes,a,a,a,Yes,Yes,c,a,a,Yes,b,Yes,Yes,c,a,c,a,a,Yes,Yes,Yes,No,No,No,0.0,55.2,0.0,0.0,0.0,0.0,0.0,226.6,0.0,226.6,1.0,1.0,1.0,0.75,0.0,0.0,0.0,1.0,1.0,1.0,0.75,0.75,0.5,0.25,0.75,1.0,1.0,0.0,0.6527777777777778,0.2359262229350441,0.2341518122939394,0.75,1.0,1.0,0.25,0.75,0.75,1.0,1.0,0.775,0.1876274643099932,0.0,0.0,0.0,0.5,0.3814756671899529,0.5305275309559199,53.05275309559199,275,1.0,292313,0.0,Not listed,292313.0,0.743,0.174574404260434,0.7421851191479132,0.5676333508111432,56.76333508111432,601,43.193
Borbil F.V.,292007,19.3,209,43,1,a,b,c,,,,,,0.0,Yes,No,No,Yes,No,No,No,No,a,c,c,c,c,c,c,Yes,c,Yes,b,Yes,Yes,b,c,c,Yes,c,Yes,a,Yes,No,No,No,0.0,2.6,3.0,0.0,0.3,0.0,1.3,8.0,0.0,8.0,1.0,0.75,0.5,0.25,0.0,0.0,0.0,1.0,1.0,0.75,0.25,0.25,0.5,0.5,1.0,1.0,0.75,0.0,0.5277777777777778,0.0923444976076555,0.2878985182463985,0.25,0.25,0.25,0.25,1.0,0.25,1.0,1.0,0.5,0.1347150259067357,0.155440414507772,0.0,0.082901554404145,0.4948186528497409,0.3748871409863268,0.4288965022033094,42.88965022033094,1085,1.0,292007,0.0,Not listed,292007.0,0.401,0.156211368657979,0.8484577262684042,0.5675907912169104,56.75907912169104,602,20.508
Rangali Pathar,292312,165.5,1333,296,2,1,1,a,,,,,,1.0,Yes,No,Yes,Yes,No,No,No,No,Yes,a,a,a,Yes,Yes,c,a,a,Yes,b,Yes,Yes,b,a,b,a,Yes,Yes,Yes,Yes,No,Yes,No,0.0,13.0,0.0,1.2,0.0,0.0,0.0,148.1,0.0,148.1,1.0,1.0,1.0,0.75,0.0,0.0,0.0,1.0,1.0,1.0,0.75,0.75,0.5,0.5,0.75,1.0,1.0,0.0,0.6666666666666666,0.1241560390097524,0.2315081022930784,0.75,1.0,1.0,0.25,0.75,0.75,1.0,1.0,0.775,0.0785498489425981,0.0,0.0,0.0,0.5,0.3814756671899529,0.5333388256779268,53.33388256779268,261,1.0,292312,0.0,Not listed,292312.0,0.731,0.184960634769631,0.7437078730460738,0.5675815248701921,56.75815248701921,603,43.834
Deori Gaon,291223,350.2,192,39,1,a,b,b,,,,,,1.0,No,No,Yes,Yes,No,No,No,Yes,Yes,c,a,b,a,a,a,a,a,Yes,a,Yes,Yes,c,c,c,Yes,c,Yes,a,Yes,No,No,No,0.0,172.8,60.5,0.0,19.5,0.0,0.0,91.2,0.0,91.2,1.0,0.75,0.5,0.5,0.0,0.0,0.0,0.0,1.0,1.0,0.25,0.75,0.75,0.25,1.0,1.0,0.75,0.0,0.5277777777777778,1.823958333333333,0.2717136756147925,0.5,0.75,0.75,0.75,0.75,0.75,1.0,1.0,0.775,0.4934323243860651,0.1727584237578526,0.0,0.0556824671616219,0.4760137064534551,0.350975042743012,0.502567871896745,50.2567871896745,479,0.983902439051043,291223,0.25,Low (5-8),291223.0,0.34,0.215253006023614,0.7299493987952772,0.5675544348332608,56.75544348332608,604,17.818
Dainijan Gaon,291110,176.7,774,156,1,b,b,b,,,1.0,,,1.0,Yes,Yes,Yes,No,No,No,No,Yes,Yes,c,Yes,c,b,Yes,a,a,a,Yes,a,Yes,Yes,b,b,b,Yes,c,Yes,Yes,Yes,No,No,No,0.0,122.8,0.0,14.0,0.0,0.0,0.0,36.4,0.0,36.4,1.0,0.5,0.5,0.5,1.0,0.0,0.0,1.0,0.0,1.0,0.25,1.0,0.75,0.5,1.0,1.0,1.0,0.0,0.6111111111111112,0.2282945736434108,0.2911141573641956,0.25,0.5,1.0,0.75,0.75,0.75,1.0,1.0,0.775,0.6949632144878325,0.0,0.0,0.0,0.5,0.3814756671899529,0.5343514505568172,53.43514505568172,252,1.0,291110,0.25,Low (5-8),291110.0,0.418,0.216856899047038,0.7062286201905925,0.5674913374957788,56.74913374957789,605,6.367
Nahar Haku Gaon,291337,209.8,699,158,1,b,b,b,,,,,,1.0,Yes,No,No,Yes,No,No,No,Yes,Yes,c,Yes,c,a,a,c,c,c,Yes,b,Yes,Yes,c,c,c,Yes,c,Yes,Yes,Yes,No,No,No,0.0,99.6,0.0,13.8,0.0,0.0,6.0,82.3,0.0,82.3,1.0,0.5,0.5,0.5,0.0,0.0,0.0,1.0,1.0,1.0,0.25,1.0,0.5,0.25,1.0,1.0,1.0,0.0,0.5833333333333334,0.3001430615164521,0.2928135959735448,0.25,0.75,0.75,0.25,0.25,0.25,1.0,1.0,0.6,0.4747378455672068,0.0,0.0,0.0285986653956148,0.5142993326978074,0.3996584921275102,0.4789684307522216,47.896843075222165,696,1.0,291337,0.0,Not listed,291337.0,0.575,0.208497716264029,0.7858004567471942,0.5674723555113904,56.74723555113904,606,18.947
Naohalia No.1,291523,147.0,565,107,1,a,a,a,,,,,,0.0,Yes,No,Yes,No,No,No,No,No,Yes,a,Yes,b,Yes,Yes,c,b,Yes,Yes,b,Yes,Yes,Yes,a,b,a,Yes,Yes,Yes,Yes,No,No,No,0.0,20.0,0.0,6.0,0.0,0.0,0.0,121.0,0.0,121.0,1.0,0.75,0.75,0.75,0.0,0.0,0.0,1.0,0.0,1.0,0.75,1.0,0.5,1.0,0.75,1.0,1.0,0.0,0.625,0.2601769911504424,0.2918682749924828,0.5,1.0,1.0,0.25,0.5,1.0,1.0,1.0,0.775,0.1360544217687075,0.0,0.0,0.0,0.5,0.3814756671899529,0.5380122021861113,53.801220218611135,237,1.0,291523,0.0,Not listed,291523.0,0.866,0.175861942245519,0.7050276115508962,0.5671994634469721,56.71994634469721,607,44.709
Murani Amguri,291467,355.2,1067,234,2,a,a,b,,,,,,1.0,Yes,Yes,Yes,No,No,No,No,No,Yes,c,Yes,b,a,b,b,Yes,Yes,Yes,b,Yes,Yes,b,b,b,a,b,Yes,Yes,Yes,No,No,No,0.0,53.4,0.0,37.0,0.0,0.0,0.0,213.2,0.0,213.2,1.0,0.75,0.75,0.5,0.0,0.0,0.0,1.0,0.0,1.0,0.25,1.0,0.5,0.5,0.75,1.0,1.0,0.0,0.5555555555555556,0.332895970009372,0.2364454462589038,0.5,0.75,0.5,0.5,1.0,1.0,1.0,1.0,0.775,0.1503378378378378,0.0,0.0,0.0,0.5,0.3814756671899529,0.5067953838916055,50.67953838916055,440,1.0,291467,0.0,Not listed,291467.0,0.778,0.135038621126477,0.7395922757747047,0.5671696219531007,56.71696219531008,608,30.746
Kadamoni,292019,178.8,235,47,1,c,c,c,,1.0,,,,0.0,Yes,No,Yes,Yes,No,No,No,No,Yes,c,Yes,c,c,c,a,b,b,Yes,b,Yes,Yes,b,c,b,Yes,c,Yes,a,Yes,No,No,No,0.0,25.4,0.0,76.4,0.0,0.0,0.0,76.9,0.0,76.9,1.0,0.25,0.25,0.25,0.0,1.0,0.0,1.0,1.0,1.0,0.25,1.0,0.5,0.5,1.0,1.0,0.75,0.0,0.5972222222222222,0.7608510638297873,0.303710762913939,0.25,0.25,0.25,0.75,0.5,0.5,1.0,1.0,0.6,0.1420581655480984,0.0,0.0,0.0,0.5,0.3814756671899529,0.4815283797220309,48.152837972203095,676,1.0,292019,0.0,Not listed,292019.0,0.555,0.243069072074255,0.784886185585149,0.5671035150410374,56.71035150410374,609,30.842
Jutlibari T.E.28,291526,75.0,3728,675,1,a,a,a,,,,,,1.0,Yes,Yes,Yes,No,No,No,No,No,Yes,a,Yes,b,Yes,b,c,b,Yes,Yes,Yes,Yes,Yes,a,b,b,a,c,Yes,Yes,Yes,No,No,No,0.0,5.0,0.0,0.0,0.0,0.0,0.0,0.0,0.0,0.0,1.0,0.75,0.75,0.75,0.0,0.0,0.0,1.0,0.0,1.0,0.75,1.0,1.0,0.75,0.75,1.0,1.0,0.0,0.6388888888888888,0.0201180257510729,0.2861901391486081,0.5,1.0,0.5,0.25,0.5,1.0,1.0,1.0,0.775,0.0666666666666666,0.0,0.0,0.0,0.5,0.3814756671899529,0.5400648904473648,54.00648904473648,225,1.0,291526,0.0,Not listed,291526.0,0.899,0.110210976839449,0.7082578046321102,0.567072006718489,56.7072006718489,610,46.452
Sarupathar Bongali,291455,40.2,536,110,1,a,a,a,,,,,,0.0,Yes,No,Yes,No,Yes,No,No,No,Yes,a,a,a,a,Yes,a,a,a,Yes,b,Yes,Yes,c,a,c,a,Yes,Yes,Yes,Yes,No,No,No,0.0,2.2,0.0,0.0,0.0,0.0,0.0,19.2,0.0,19.2,1.0,0.75,0.75,0.75,0.0,0.0,0.0,1.0,0.0,1.0,0.75,0.75,0.5,0.25,0.75,1.0,1.0,0.0,0.5694444444444444,0.075,0.2303454101745823,0.75,0.75,1.0,0.75,0.75,0.75,1.0,1.0,0.8,0.0547263681592039,0.0,0.0,0.0,0.5,0.3814756671899529,0.5162425970927473,51.62425970927473,374,1.0,291455,0.0,Not listed,291455.0,0.78,0.177287604760348,0.7305424790479305,0.5670246942413107,56.702469424131074,611,28.957
Thengal Gaon No.2,291828,133.5,798,147,1,a,b,b,,,,,,0.0,Yes,Yes,Yes,Yes,No,Yes,No,No,c,c,b,c,b,b,c,c,c,Yes,b,Yes,Yes,c,c,c,Yes,c,Yes,Yes,Yes,No,No,No,0.0,25.2,21.2,0.0,0.0,0.0,0.0,87.2,0.0,87.2,1.0,0.75,0.5,0.5,0.0,0.0,0.0,1.0,1.0,0.25,0.25,0.5,0.5,0.25,1.0,1.0,1.0,0.0,0.5277777777777778,0.1672932330827067,0.2896712872852302,0.25,0.5,0.5,0.25,0.25,0.25,1.0,1.0,0.5,0.1887640449438202,0.1588014981273408,0.0,0.0,0.4523595505617978,0.3208967597410616,0.4185416182139643,41.85416182139643,1138,1.0,291828,0.0,Not listed,291828.0,0.388,0.0871771204576303,0.866164575908474,0.5670181661458563,56.70181661458563,612,24.694
Kakawani Block,292118,175.8,1108,220,1,a,b,c,,,,,,1.0,Yes,Yes,Yes,No,No,No,No,No,Yes,c,a,c,Yes,c,c,c,c,Yes,b,Yes,Yes,b,c,b,a,c,Yes,Yes,Yes,No,No,No,0.0,17.5,0.0,0.0,0.0,0.0,0.0,131.4,0.0,131.4,1.0,0.75,0.5,0.25,0.0,0.0,0.0,1.0,0.0,1.0,0.25,0.75,0.5,0.5,0.75,1.0,1.0,0.0,0.5138888888888888,0.1586642599277978,0.2323243282806274,0.25,1.0,0.25,0.25,0.25,0.25,1.0,1.0,0.55,0.0995449374288964,0.0,0.0,0.0,0.5,0.3814756671899529,0.4278484377303697,42.78484377303697,1094,1.0,292118,0.0,Not listed,292118.0,0.387,0.149274869760414,0.8540450260479172,0.5669204425678167,56.69204425678167,613,33.111
Borbill Gaon No.2,291232,113.3,105,20,a,a,b,c,,,1.0,,,1.0,No,No,Yes,No,No,No,No,Yes,Yes,c,c,c,a,a,a,a,a,Yes,a,Yes,Yes,c,c,c,Yes,c,a,a,Yes,No,No,No,9.8,9.8,0.0,0.0,6.7,0.0,0.0,83.5,0.0,83.5,0.75,0.75,0.5,0.25,1.0,0.0,0.0,0.0,0.0,1.0,0.25,0.25,0.75,0.25,1.0,0.75,0.75,0.0,0.4583333333333333,1.079047619047619,0.1398085226206119,0.25,0.75,0.75,0.75,0.75,0.75,1.0,1.0,0.7,0.086496028243601,0.0,0.086496028243601,0.0591350397175639,0.5122683142100618,0.3970758783518839,0.4389506396588631,43.89506396588632,1018,1.0,291232,0.0,Not listed,291232.0,0.431,0.198927290098406,0.8309145419803188,0.566879329200063,56.687932920006304,614,14.012
Kathalguri T.E. 35 Grant,291536,88.0,553,104,1,1,c,c,,,1.0,,,0.0,Yes,Yes,Yes,No,No,Yes,No,No,b,b,Yes,Yes,Yes,Yes,b,c,Yes,Yes,b,Yes,Yes,b,b,b,Yes,c,Yes,Yes,Yes,No,No,No,0.0,10.0,0.0,20.0,0.0,0.0,0.0,28.0,0.0,28.0,1.0,1.0,0.25,0.25,1.0,0.0,0.0,1.0,0.0,0.5,0.5,1.0,0.5,0.5,1.0,1.0,1.0,0.0,0.5833333333333334,0.159132007233273,0.2894782490916825,1.0,1.0,1.0,0.5,0.25,1.0,1.0,1.0,0.825,0.1136363636363636,0.0,0.0,0.0,0.5,0.3814756671899529,0.5419980290442445,54.19980290442445,212,1.0,291536,0.0,Not listed,291536.0,0.967,0.148012533258135,0.680297493348373,0.5667099096907627,56.67099096907627,615,53.457
Paniyabura No.2,292286,7.5,502,108,2,1,1,1,,,,,,0.0,Yes,No,Yes,Yes,Yes,Yes,No,No,Yes,c,a,c,a,c,c,a,a,Yes,a,Yes,Yes,c,c,c,a,b,Yes,Yes,Yes,No,No,No,0.0,2.5,0.0,0.0,0.0,0.0,0.0,5.0,0.0,5.0,1.0,1.0,1.0,1.0,0.0,0.0,0.0,1.0,1.0,1.0,0.25,0.75,0.75,0.25,0.75,1.0,1.0,0.0,0.6527777777777778,0.0149402390438247,0.2289248113609014,0.25,0.75,0.25,0.25,0.75,0.75,1.0,1.0,0.65,0.3333333333333333,0.0,0.0,0.0,0.5,0.3814756671899529,0.4917207807226604,49.17207807226604,575,1.0,292286,0.0,Not listed,292286.0,0.587,0.0913827398265894,0.8056234520346821,0.5667019337325913,56.67019337325912,616,35.243
Dhopabor Gaon,291387,237.4,743,148,2,2,a,b,,,1.0,,,0.0,Yes,Yes,Yes,No,No,No,No,No,Yes,b,Yes,b,a,a,b,Yes,Yes,Yes,b,Yes,Yes,c,b,a,a,b,Yes,Yes,Yes,No,No,No,0.0,37.7,0.0,11.5,0.0,0.0,0.0,172.8,0.0,172.8,1.0,1.0,0.75,0.5,1.0,0.0,0.0,1.0,0.0,1.0,0.5,1.0,0.5,0.25,0.75,1.0,1.0,0.0,0.625,0.3195154777927321,0.2361289562984577,0.5,0.75,0.75,0.5,1.0,1.0,1.0,1.0,0.8,0.1588037068239258,0.0,0.0,0.0,0.5,0.3814756671899529,0.531577372512605,53.15773725126049,268,1.0,291387,0.0,Not listed,291387.0,0.779,0.201199117739047,0.7260601764521906,0.5666776597339837,56.66776597339837,617,23.505
Disang Kinar No.1,292236,114.6,263,54,1,1,b,b,,,,,,0.0,No,No,Yes,No,No,No,No,No,Yes,b,b,b,b,Yes,c,b,b,Yes,a,Yes,Yes,a,b,b,Yes,b,Yes,a,Yes,No,No,No,0.0,10.6,9.4,0.0,0.0,0.0,0.0,94.6,0.0,94.6,1.0,1.0,0.5,0.5,0.0,0.0,0.0,0.0,0.0,1.0,0.5,0.5,0.75,0.75,1.0,1.0,0.75,0.0,0.5138888888888888,0.4357414448669201,0.2388780593304358,0.5,0.5,1.0,0.25,0.5,0.5,1.0,1.0,0.65,0.0924956369982548,0.0820244328097731,0.0,0.0,0.475392670157068,0.3501853419579672,0.4532288054464246,45.32288054464247,917,1.0,292236,0.0,Not listed,292236.0,0.555,0.112509926089648,0.8109980147820703,0.5666465220391322,56.66465220391322,618,28.01
Dillibari 15/2/ N.L.R.,292210,176.6,320,70,1,a,b,b,,,,,,0.0,No,Yes,Yes,No,No,No,No,No,Yes,b,Yes,c,b,b,c,b,Yes,Yes,a,Yes,Yes,a,b,b,a,c,Yes,a,Yes,No,No,No,0.0,20.1,0.0,0.0,0.0,0.0,0.0,156.5,156.5,0.0,1.0,0.75,0.5,0.5,0.0,0.0,0.0,0.0,0.0,1.0,0.5,1.0,0.75,0.75,0.75,1.0,0.75,0.0,0.5138888888888888,0.551875,0.1844821193917777,0.25,0.5,0.5,0.25,0.5,1.0,1.0,1.0,0.675,0.1138165345413363,0.0,0.0,0.0,0.5,0.3814756671899529,0.4533878855081573,45.33878855081573,914,1.0,292210,0.0,Not listed,292210.0,0.516,0.122547994081902,0.8206904011836196,0.5666180403998852,56.66180403998852,619,43.525
Dikom Naharani,291462,89.5,1104,214,1,a,a,b,,,,,,1.0,Yes,Yes,No,Yes,No,No,No,No,Yes,b,b,b,b,Yes,b,b,b,Yes,b,Yes,Yes,b,b,b,Yes,Yes,Yes,Yes,Yes,No,No,No,0.0,2.9,0.0,3.5,0.0,0.0,0.0,53.4,0.0,53.4,1.0,0.75,0.75,0.5,0.0,0.0,0.0,1.0,1.0,1.0,0.5,0.5,0.5,0.5,1.0,1.0,1.0,0.0,0.6111111111111112,0.0810688405797101,0.2876318141379845,0.5,0.5,1.0,0.5,0.5,0.5,1.0,1.0,0.65,0.0324022346368715,0.0,0.0,0.0,0.5,0.3814756671899529,0.4959808647502645,49.598086475026456,537,1.0,291462,0.0,Not listed,291462.0,0.684,0.132534175233542,0.7682931649532916,0.5664465695943057,56.64465695943057,620,24.297
Sialkati Grant (T.E.),291444,540.6,552,105,1,a,a,c,,1.0,,,,0.0,No,Yes,Yes,Yes,No,No,No,No,Yes,a,a,a,a,a,a,a,a,Yes,b,Yes,Yes,c,a,c,a,a,Yes,Yes,Yes,No,Yes,Yes,0.0,5.6,0.0,0.0,0.0,0.0,0.0,98.8,0.0,98.8,1.0,0.75,0.75,0.25,0.0,1.0,0.0,0.0,1.0,1.0,0.75,0.75,0.5,0.25,0.75,1.0,1.0,1.0,0.6527777777777778,0.9793478260869566,0.1945931717827964,0.75,0.75,0.75,0.75,0.75,0.75,1.0,1.0,0.775,0.0103588605253422,0.0,0.0,0.0,0.5,0.3814756671899529,0.5206378708281341,52.063787082813406,337,1.0,291444,0.0,Not listed,291444.0,0.726,0.0925549332183044,0.7636890133563391,0.5663452483667277,56.63452483667277,621,23.107
Sessa Kasa,291476,71.0,371,77,1,1,1,a,,,,,,0.0,No,Yes,Yes,No,Yes,No,No,No,Yes,c,a,a,a,a,a,Yes,a,Yes,b,Yes,Yes,a,a,a,Yes,a,Yes,c,Yes,No,No,No,0.0,17.4,0.0,9.9,0.0,0.0,0.0,24.5,0.0,24.5,1.0,1.0,1.0,0.75,0.0,0.0,0.0,0.0,0.0,1.0,0.25,0.75,0.5,0.75,1.0,1.0,0.25,0.0,0.5138888888888888,0.1913746630727762,0.2330980303261066,0.75,0.75,0.75,0.75,1.0,0.75,1.0,1.0,0.8,0.2450704225352112,0.0,0.0,0.0,0.5,0.3814756671899529,0.5030418632417395,50.30418632417395,476,1.0,291476,0.0,Not listed,291476.0,0.802,0.16142736557557,0.727114526884886,0.566341668413974,56.6341668413974,622,33.382
Betoni No.1,292060,107.8,455,88,1,1,1,a,,,,,,0.0,No,No,Yes,Yes,No,No,No,No,Yes,a,a,c,b,b,Yes,b,a,Yes,b,Yes,Yes,c,a,c,Yes,Yes,Yes,Yes,Yes,No,No,No,0.0,17.8,0.0,20.3,0.0,0.0,0.0,59.7,0.0,59.7,1.0,1.0,1.0,0.75,0.0,0.0,0.0,0.0,1.0,1.0,0.75,0.75,0.5,0.25,1.0,1.0,1.0,0.0,0.6111111111111112,0.2369230769230769,0.2341753909690834,0.25,0.5,0.5,1.0,0.5,0.75,1.0,1.0,0.675,0.1651205936920222,0.0,0.0,0.0,0.5,0.3814756671899529,0.4901167589580392,49.011675895803926,595,1.0,292060,0.0,Not listed,292060.0,0.581,0.18602901535606,0.788494196928788,0.5661628765922789,56.61628765922789,623,40.125
Lurarmukh Bokalial (Bakatial),292175,118.0,555,112,2,a,a,c,,,,,,2.0,No,No,Yes,No,No,No,No,No,b,c,c,c,b,c,c,b,a,Yes,a,Yes,Yes,c,c,b,Yes,b,Yes,Yes,Yes,No,No,No,0.0,30.1,0.0,0.0,0.0,0.0,0.0,79.9,0.0,79.9,1.0,0.75,0.75,0.25,0.0,0.0,0.0,0.0,0.0,0.5,0.25,0.25,0.75,0.25,1.0,1.0,1.0,0.0,0.4305555555555556,0.2126126126126126,0.2336003734164049,0.25,0.5,0.25,0.25,0.5,0.75,1.0,1.0,0.55,0.2550847457627119,0.0,0.0,0.0,0.5,0.3814756671899529,0.4073341156809807,40.73341156809807,1196,1.0,292175,0.0,Not listed,292175.0,0.397,0.14818484661515,0.85126303067697,0.5661266557033822,56.612665570338216,624,38.756
Bindhakota Gaon,291392,264.5,658,130,1,1,1,c,,,,,,0.0,Yes,Yes,Yes,Yes,No,Yes,No,No,Yes,c,c,c,Yes,Yes,c,Yes,c,Yes,b,Yes,Yes,c,a,c,a,c,Yes,Yes,Yes,No,No,No,0.0,15.0,0.0,14.3,0.0,100.0,0.0,131.2,0.0,131.2,1.0,1.0,1.0,0.25,0.0,0.0,0.0,1.0,1.0,1.0,0.25,0.25,0.5,0.25,0.75,1.0,1.0,0.0,0.5694444444444444,0.4019756838905775,0.2380793948132556,0.25,1.0,1.0,0.25,1.0,0.25,1.0,1.0,0.65,0.0567107750472589,0.0,0.0,0.3780718336483932,0.6890359168241966,0.6218510088345358,0.5212511615813322,52.12511615813322,334,1.0,291392,0.0,Not listed,291392.0,0.887,0.130825985232092,0.7077348029535816,0.565891421209927,56.5891421209927,625,30.744
Udalguri T.E.,291399,147.2,1504,273,2,1,a,b,,,,,,1.0,No,Yes,Yes,No,No,No,No,No,Yes,b,Yes,b,Yes,Yes,b,b,b,Yes,Yes,Yes,Yes,c,b,c,Yes,c,Yes,Yes,Yes,No,No,No,0.0,0.0,0.0,0.0,0.0,0.0,0.0,147.2,0.0,147.2,1.0,1.0,0.75,0.5,0.0,0.0,0.0,0.0,0.0,1.0,0.5,1.0,1.0,0.25,1.0,1.0,1.0,0.0,0.5555555555555556,0.0978723404255319,0.2880292687992523,0.5,1.0,1.0,0.5,0.5,0.5,1.0,1.0,0.8,0.0,0.0,0.0,0.0,0.5,0.3814756671899529,0.5271913395266925,52.71913395266925,291,1.0,291399,0.0,Not listed,291399.0,0.913,0.17300691035118,0.691498617929764,0.5658281144502116,56.58281144502117,626,33.756
Nirmalia Gaon,292311,124.1,370,78,1,a,a,a,,,,,,0.0,Yes,No,Yes,Yes,No,No,No,No,Yes,a,a,a,a,a,c,a,a,Yes,b,Yes,Yes,c,a,b,a,a,Yes,a,Yes,No,No,No,0.0,5.7,0.0,0.0,0.0,0.0,0.0,82.8,0.0,82.8,1.0,0.75,0.75,0.75,0.0,0.0,0.0,1.0,1.0,1.0,0.75,0.75,0.5,0.25,0.75,1.0,0.75,0.0,0.6111111111111112,0.3354054054054053,0.236504802155262,0.75,0.75,0.75,0.25,0.75,0.75,1.0,1.0,0.725,0.0459307010475423,0.0,0.0,0.0,0.5,0.3814756671899529,0.5056991117545839,50.5699111754584,452,1.0,292311,0.0,Not listed,292311.0,0.714,0.123122940498972,0.7611754119002057,0.5658177153773907,56.581771537739066,627,43.633
Chamoguri Kachari Gaon,291157,151.8,576,115,1,a,a,c,,,,,,1.0,No,Yes,Yes,No,No,No,No,Yes,Yes,c,c,c,Yes,Yes,c,c,c,Yes,a,Yes,Yes,c,b,c,Yes,c,Yes,Yes,Yes,No,No,No,0.0,3.9,0.0,2.9,0.0,0.0,0.0,98.8,0.0,98.8,1.0,0.75,0.75,0.25,0.0,0.0,0.0,0.0,0.0,1.0,0.25,0.25,0.75,0.25,1.0,1.0,1.0,0.0,0.4583333333333333,0.2635416666666667,0.2348050028158438,0.25,1.0,1.0,0.25,0.25,0.25,1.0,1.0,0.6,0.025691699604743,0.0,0.0,0.0,0.5,0.3814756671899529,0.4295797174752849,42.95797174752849,1080,1.0,291157,0.0,Not listed,291157.0,0.439,0.218896147273835,0.824520770545233,0.565730909000547,56.5730909000547,628,11.699
Umatara Chah Bagicha,292363,376.5,1666,332,1,a,a,a,1.0,1.0,1.0,,1.0,1.0,Yes,Yes,Yes,Yes,No,No,Yes,Yes,a,b,Yes,b,b,b,c,c,c,Yes,Yes,Yes,Yes,b,b,b,a,Yes,Yes,Yes,Yes,Yes,Yes,Yes,0.0,63.5,0.0,0.0,0.0,0.0,0.0,308.3,0.0,308.3,1.0,0.75,0.75,0.75,1.0,1.0,0.0,1.0,1.0,0.75,0.5,1.0,1.0,0.5,0.75,1.0,1.0,1.0,0.8194444444444444,0.2259903961584634,0.2910596564512796,0.5,0.5,0.5,0.25,0.25,0.25,1.0,1.0,0.625,0.1686586985391766,0.0,0.0,0.0,0.5,0.3814756671899529,0.5414211586619215,54.14211586619216,219,1.0,292363,0.0,Very Low (1-4),292363.0,0.619,0.187350206857426,0.7768299586285148,0.5657182476427188,56.57182476427188,629,45.537
Naduwa Gohain Gaon,291416,354.4,1335,281,3,b,b,b,,,,,,1.0,Yes,Yes,Yes,No,No,No,No,No,Yes,c,b,b,Yes,a,a,Yes,c,Yes,b,Yes,Yes,c,b,c,a,c,Yes,Yes,Yes,No,No,No,0.0,48.2,0.0,23.7,2.0,15.0,0.0,205.2,0.0,205.2,1.0,0.5,0.5,0.5,0.0,0.0,0.0,1.0,0.0,1.0,0.25,0.5,0.5,0.25,0.75,1.0,1.0,0.0,0.4861111111111111,0.2654681647940075,0.2348505704456626,0.5,1.0,0.75,0.75,1.0,0.25,1.0,1.0,0.725,0.1360045146726862,0.0,0.0,0.0479683972911963,0.5239841986455982,0.4119736277911061,0.4801351459474147,48.013514594741466,687,1.0,291416,0.0,Not listed,291416.0,0.731,0.154862632928148,0.7497274734143704,0.5653996761458298,56.53996761458298,630,21.251
No.10 Willton Grant,291619,74.0,265,55,1,a,b,c,,,1.0,,,0.0,Yes,Yes,No,Yes,No,No,No,No,Yes,c,Yes,c,b,Yes,c,c,Yes,Yes,b,Yes,Yes,c,c,c,a,Yes,Yes,b,Yes,No,No,No,0.0,30.0,0.0,4.0,0.0,0.0,0.0,37.0,0.0,37.0,1.0,0.75,0.5,0.25,1.0,0.0,0.0,1.0,1.0,1.0,0.25,1.0,0.5,0.25,0.75,1.0,0.5,0.0,0.5972222222222222,0.2792452830188679,0.235176441836001,0.25,0.5,1.0,0.25,0.25,1.0,1.0,1.0,0.675,0.4054054054054054,0.0,0.0,0.0,0.5,0.3814756671899529,0.4868947994525464,48.68947994525465,622,1.0,291619,0.0,Not listed,291619.0,0.582,0.197895326097983,0.7858209347804035,0.5653438344496545,56.53438344496545,631,20.531
Kheroni Pather,292087,124.4,296,58,1,a,a,a,,,,,,1.0,No,Yes,Yes,No,No,No,No,No,Yes,c,c,c,c,b,c,a,a,Yes,b,Yes,Yes,c,c,c,Yes,c,Yes,a,Yes,No,No,No,0.0,22.2,0.0,61.0,0.0,0.0,0.0,26.3,0.0,26.3,1.0,0.75,0.75,0.75,0.0,0.0,0.0,0.0,0.0,1.0,0.25,0.25,0.5,0.25,1.0,1.0,0.75,0.0,0.4583333333333333,0.4202702702702703,0.2385121182755873,0.25,0.25,0.5,0.25,0.75,0.75,1.0,1.0,0.55,0.1784565916398713,0.0,0.0,0.0,0.5,0.3814756671899529,0.4155064963402208,41.55064963402208,1155,1.0,292087,0.0,Not listed,292087.0,0.423,0.134821116166318,0.8461357767667363,0.5653036903540843,56.530369035408434,632,28.631
Garakoni No.3,292132,39.1,876,189,1,a,a,a,,,,,,0.0,Yes,Yes,Yes,Yes,No,No,No,No,Yes,c,a,c,b,b,c,c,b,Yes,b,Yes,Yes,a,b,a,a,a,Yes,Yes,Yes,No,No,No,0.0,3.0,0.0,0.0,0.0,0.0,0.0,15.2,0.0,15.2,1.0,0.75,0.75,0.75,0.0,0.0,0.0,1.0,1.0,1.0,0.25,0.75,0.5,0.75,0.75,1.0,1.0,0.0,0.625,0.044634703196347,0.2296271771358625,0.25,0.5,0.5,0.25,0.25,0.5,1.0,1.0,0.55,0.0767263427109974,0.0,0.0,0.0,0.5,0.3814756671899529,0.4549519277219562,45.49519277219562,899,1.0,292132,0.0,Not listed,292132.0,0.423,0.108255217374557,0.8514489565250887,0.5652077269724941,56.52077269724941,633,35.758
Kekuri Sonowal,292100,146.4,700,141,1,a,a,c,,,1.0,,,2.0,No,Yes,Yes,No,No,No,No,No,Yes,c,Yes,c,b,b,c,a,Yes,Yes,b,Yes,Yes,b,c,b,Yes,c,Yes,Yes,Yes,No,No,No,0.0,23.3,0.0,0.0,0.0,0.0,103.0,0.0,0.0,0.0,1.0,0.75,0.75,0.25,1.0,0.0,0.0,0.0,0.0,1.0,0.25,1.0,0.5,0.5,1.0,1.0,1.0,0.0,0.5555555555555556,0.2091428571428571,0.2335183029847944,0.25,0.5,0.5,0.25,0.75,1.0,1.0,1.0,0.675,0.1591530054644808,0.0,0.0,0.703551912568306,0.8517759562841529,0.8287888926062229,0.5655262431563322,56.55262431563322,122,1.0,292100,0.5,Moderate (9-12),292100.0,0.347,0.136016043800914,0.6186967912398172,0.565176626133059,56.517662613305895,634,28.705
Ikarani No.2,291628,151.0,32,4,1,a,,,,,,,,0.0,No,Yes,Yes,No,No,No,No,No,b,c,c,c,c,c,c,c,b,c,b,Yes,c,b,c,b,a,c,Yes,b,Yes,No,No,No,0.0,59.0,0.0,10.0,0.0,0.0,71.0,0.0,0.0,0.0,1.0,0.75,0.0,0.0,0.0,0.0,0.0,0.0,0.0,0.5,0.25,0.25,0.5,0.5,0.75,1.0,0.5,0.0,0.3333333333333333,4.71875,0.2830415806269946,0.25,0.25,0.25,0.25,0.25,0.5,0.25,0.25,0.3,0.390728476821192,0.0,0.0,0.4701986754966887,0.7350993377483444,0.6804245896015055,0.380178646410383,38.01786464103831,1268,1.0,291628,0.0,Not listed,291628.0,0.55,0.0238485057292749,0.830230298854145,0.5649162031386324,56.49162031386325,635,22.747
Garguri Chaudang No.1(Garguri),292057,176.6,1050,229,1,2,b,b,,,,,,1.0,Yes,Yes,Yes,No,No,No,No,No,Yes,b,b,,c,Yes,c,a,a,Yes,b,Yes,Yes,b,b,b,Yes,Yes,Yes,Yes,Yes,No,No,No,0.0,16.9,0.0,0.0,0.0,0.0,0.0,159.2,0.0,159.2,1.0,1.0,0.5,0.5,0.0,0.0,0.0,1.0,0.0,1.0,0.5,0.5,0.5,0.5,1.0,1.0,1.0,0.0,0.5555555555555556,0.1681904761904762,0.2896925098554534,0.0,0.25,1.0,0.25,0.75,0.75,1.0,1.0,0.6,0.095696489241223,0.0,0.0,0.0,0.5,0.3814756671899529,0.4676071497907428,46.76071497907429,796,1.0,292057,0.0,Not listed,292057.0,0.608,0.147204499958413,0.7881591000083175,0.5649081175456833,56.49081175456833,636,41.225
Halaguri Gaon,291815,266.0,1164,231,1,2,1,b,,,1.0,,,1.0,No,Yes,Yes,Yes,No,No,No,No,Yes,c,a,c,Yes,a,c,b,c,Yes,a,Yes,Yes,a,c,c,a,c,Yes,Yes,Yes,No,No,No,0.0,0.0,0.0,0.0,0.0,0.0,0.0,266.0,0.0,266.0,1.0,1.0,1.0,0.5,1.0,0.0,0.0,0.0,1.0,1.0,0.25,0.75,0.75,0.75,0.75,1.0,1.0,0.0,0.6527777777777778,0.2285223367697594,0.1768338303797615,0.25,1.0,0.75,0.25,0.5,0.25,1.0,1.0,0.65,0.0,0.0,0.0,0.0,0.5,0.3814756671899529,0.4786980354773754,47.86980354773755,700,1.0,291815,0.0,Not listed,291815.0,0.464,0.136436250735569,0.8335127498528863,0.5648349076145879,56.48349076145879,637,22.661
Chari Banhi Hingari Gaon,291194,58.0,268,60,1,a,a,c,,,,,,1.0,No,No,Yes,No,No,No,No,Yes,c,c,b,c,b,c,c,c,c,Yes,b,Yes,Yes,a,c,c,Yes,c,Yes,c,No,No,No,No,0.0,19.2,0.0,25.0,0.0,0.0,0.0,13.9,0.0,13.9,1.0,0.75,0.75,0.25,0.0,0.0,0.0,0.0,0.0,0.25,0.25,0.5,0.5,0.75,1.0,1.0,0.25,0.0,0.4027777777777778,0.2164179104477611,0.1765475233182688,0.25,0.5,0.25,0.25,0.25,0.25,1.0,1.0,0.475,0.3310344827586207,0.0,0.0,0.0,0.5,0.3814756671899529,0.3636264587120022,36.36264587120022,1287,1.0,291194,0.0,Not listed,291194.0,0.126,0.206003938596388,0.9209992122807223,0.5647579158203491,56.47579158203491,638,28.397
Rajgarh T.E. 275/299 Nlr,292069,327.7,1334,266,1,a,a,a,,,,,,1.0,Yes,Yes,Yes,Yes,No,No,No,No,Yes,a,b,c,Yes,Yes,c,c,c,Yes,b,Yes,Yes,b,a,a,a,b,Yes,Yes,Yes,Yes,No,No,0.0,27.7,0.0,0.0,0.0,0.0,0.0,0.0,0.0,0.0,1.0,0.75,0.75,0.75,0.0,0.0,0.0,1.0,1.0,1.0,0.75,0.5,0.5,0.5,0.75,1.0,1.0,0.0,0.625,0.2456521739130434,0.2343818610687147,0.25,1.0,1.0,0.25,0.25,0.25,1.0,1.0,0.6,0.0845285321940799,0.0,0.0,0.0,0.5,0.3814756671899529,0.4711405987051693,47.114059870516925,770,1.0,292069,0.0,Very Low (1-4),292069.0,0.538,0.085342728099223,0.8215314543801554,0.5644293970977338,56.44293970977338,639,36.181
Barahi-Da-Pathar,291375,279.7,623,124,2,2,1,a,,,,,,0.0,No,Yes,Yes,No,No,No,No,No,Yes,b,Yes,b,a,a,b,Yes,Yes,Yes,b,Yes,Yes,c,c,c,a,c,Yes,Yes,Yes,No,No,No,0.0,59.2,0.0,0.0,2.4,0.0,0.0,157.7,0.0,157.7,1.0,1.0,1.0,0.75,0.0,0.0,0.0,0.0,0.0,1.0,0.5,1.0,0.5,0.25,0.75,1.0,1.0,0.0,0.5416666666666666,0.4489566613162118,0.1820477828657485,0.5,0.75,0.75,0.5,1.0,1.0,1.0,1.0,0.8,0.2116553450125134,0.0,0.0,0.0085806220951018,0.504290311047551,0.3869311647543427,0.4983148453339723,49.83148453339724,516,1.0,291375,0.0,Not listed,291375.0,0.769,0.0859516430222769,0.7521096713955446,0.5643954889878064,56.43954889878064,640,22.362
No.2 Grant No.57,292121,82.5,577,117,1,a,a,b,,,,,,2.0,No,Yes,Yes,No,No,No,No,No,a,a,b,b,a,a,c,c,c,Yes,b,Yes,Yes,b,c,b,Yes,a,Yes,Yes,Yes,No,No,No,0.0,0.0,12.0,0.0,0.0,0.0,0.0,63.5,0.0,63.5,1.0,0.75,0.75,0.5,0.0,0.0,0.0,0.0,0.0,0.75,0.75,0.5,0.5,0.5,1.0,1.0,1.0,0.0,0.5,0.1429809358752166,0.2319533692360197,0.5,0.75,0.75,0.25,0.25,0.25,1.0,1.0,0.575,0.0,0.1454545454545454,0.0,0.0,0.4563636363636363,0.3259882974168688,0.4206860017923787,42.06860017923787,1124,1.0,292121,0.0,Not listed,292121.0,0.388,0.137115699772997,0.8561768600454006,0.5643573309396954,56.435733093969546,641,34.636
Mahmora Kapauhuwa,292212,172.4,406,90,1,a,b,b,,,,,,0.0,Yes,No,Yes,Yes,No,Yes,No,No,b,b,Yes,c,c,b,c,b,Yes,Yes,b,Yes,Yes,a,b,b,a,Yes,Yes,a,Yes,No,No,No,0.0,0.0,20.1,0.0,0.0,0.0,0.0,152.3,0.0,152.3,1.0,0.75,0.5,0.5,0.0,0.0,0.0,1.0,1.0,0.5,0.5,1.0,0.5,0.75,0.75,1.0,0.75,0.0,0.5833333333333334,0.4246305418719212,0.2386152521636685,0.25,0.25,0.5,0.25,0.5,1.0,1.0,1.0,0.625,0.0,0.1165893271461716,0.0,0.0,0.4650232018561485,0.3369996758296394,0.4603870815401784,46.03870815401784,860,1.0,292212,0.0,Not listed,292212.0,0.542,0.0727193589807569,0.8228561282038487,0.5643462156969026,56.43462156969026,642,43.234
Paniyabura Pathar No.2,292283,119.4,471,95,1,1,a,a,,,,,,0.0,No,No,Yes,Yes,Yes,Yes,No,No,Yes,b,a,b,a,a,c,a,a,Yes,a,Yes,Yes,c,b,c,a,b,Yes,Yes,Yes,No,No,No,0.0,10.3,15.6,0.0,0.0,7.6,0.0,75.1,0.0,75.1,1.0,1.0,0.75,0.75,0.0,0.0,0.0,0.0,1.0,1.0,0.5,0.75,0.75,0.25,0.75,1.0,1.0,0.0,0.5833333333333334,0.2535031847133758,0.1774247045755369,0.5,0.75,0.75,0.25,0.75,0.75,1.0,1.0,0.725,0.0862646566164154,0.1306532663316582,0.0,0.0636515912897822,0.4926298157453936,0.3721038473371568,0.482110278944649,48.2110278944649,667,1.0,292283,0.0,Not listed,292283.0,0.589,0.128311738135192,0.7976376523729616,0.5642268141936424,56.42268141936424,643,32.562
Sisumuria Borpather,292156,296.8,386,79,1,1,a,b,,,1.0,,,1.0,No,No,Yes,Yes,No,No,No,No,c,c,b,c,c,b,Yes,b,b,Yes,b,Yes,Yes,a,c,c,Yes,b,Yes,a,Yes,No,No,No,0.0,6.8,0.0,0.0,0.0,0.0,0.0,290.0,0.0,290.0,1.0,1.0,0.75,0.5,1.0,0.0,0.0,0.0,1.0,0.25,0.25,0.5,0.5,0.75,1.0,1.0,0.75,0.0,0.5694444444444444,0.7689119170984456,0.2467585698431395,0.25,0.25,0.5,1.0,0.5,0.5,1.0,1.0,0.6,0.022911051212938,0.0,0.0,0.0,0.5,0.3814756671899529,0.4603458870098866,46.03458870098866,861,1.0,292156,0.0,Not listed,292156.0,0.573,0.0740945934190793,0.8132810813161842,0.5642234250657515,56.42234250657515,644,42.701
Lohali Gaon,291475,258.3,1150,234,4,2,a,b,,,,,,1.0,Yes,Yes,Yes,No,No,No,No,No,Yes,c,b,b,Yes,b,b,Yes,b,Yes,a,Yes,Yes,a,b,a,Yes,b,Yes,Yes,Yes,No,No,No,0.0,44.1,0.0,0.0,0.0,0.0,0.0,121.7,0.0,121.7,1.0,1.0,0.75,0.5,0.0,0.0,0.0,1.0,0.0,1.0,0.25,0.5,0.75,0.75,1.0,1.0,1.0,0.0,0.5833333333333334,0.2246086956521739,0.2910269749675566,0.5,1.0,0.5,0.5,1.0,0.5,1.0,1.0,0.725,0.1707317073170731,0.0,0.0,0.0,0.5,0.3814756671899529,0.5123852105132132,51.238521051321314,401,1.0,291475,0.0,Not listed,291475.0,0.791,0.19833903723292,0.723032192553416,0.5641909708417485,56.41909708417485,645,32.517
Rangajan No.3,291567,147.0,519,104,1,1,b,b,,,,,,0.0,Yes,Yes,No,Yes,No,No,No,No,Yes,b,Yes,b,Yes,Yes,c,b,Yes,Yes,b,Yes,Yes,b,b,b,Yes,c,Yes,Yes,Yes,No,No,No,0.0,47.0,0.0,3.0,0.0,0.0,0.0,47.0,0.0,47.0,1.0,1.0,0.5,0.5,0.0,0.0,0.0,1.0,1.0,1.0,0.5,1.0,0.5,0.5,1.0,1.0,1.0,0.0,0.6388888888888888,0.2832369942196532,0.2924137152753288,0.5,1.0,1.0,0.25,0.5,1.0,1.0,1.0,0.775,0.3197278911564626,0.0,0.0,0.0,0.5,0.3814756671899529,0.541620784479045,54.162078447904506,218,1.0,291567,0.0,Not listed,291567.0,0.918,0.13738733275978,0.697122533448044,0.5641737922765427,56.41737922765427,646,51.1
Betmela Gaon,291449,148.8,1099,252,1,a,1,c,,,,,,1.0,Yes,Yes,Yes,Yes,No,No,No,No,Yes,a,a,a,Yes,a,a,a,a,Yes,b,Yes,Yes,c,a,c,a,c,Yes,Yes,Yes,No,No,No,0.0,6.0,0.0,11.4,0.0,0.0,0.0,66.6,0.0,66.6,1.0,0.75,1.0,0.25,0.0,0.0,0.0,1.0,1.0,1.0,0.75,0.75,0.5,0.25,0.75,1.0,1.0,0.0,0.6111111111111112,0.1353958143767061,0.2317739576894058,0.75,1.0,0.75,0.75,0.75,0.75,1.0,1.0,0.8,0.0403225806451612,0.0,0.0,0.0,0.5,0.3814756671899529,0.5270164006381198,52.70164006381199,293,1.0,291449,0.0,Not listed,291449.0,0.815,0.165154572784265,0.722469085443147,0.5641524736781033,56.41524736781033,647,28.961
Phutahula,291343,309.6,1249,267,2,2,1,b,,,1.0,,,1.0,Yes,No,Yes,Yes,No,No,No,Yes,Yes,c,b,c,Yes,Yes,c,c,c,Yes,b,Yes,Yes,c,c,c,a,c,Yes,Yes,Yes,No,No,No,0.0,140.0,0.0,14.2,8.4,0.0,0.0,135.8,0.0,135.8,1.0,1.0,1.0,0.5,1.0,0.0,0.0,1.0,1.0,1.0,0.25,0.5,0.5,0.25,0.75,1.0,1.0,0.0,0.6527777777777778,0.2478783026421137,0.2344345158875364,0.25,1.0,1.0,0.25,0.25,0.25,1.0,1.0,0.6,0.4521963824289405,0.0,0.0,0.0271317829457364,0.5135658914728682,0.3987258588587493,0.4815482451880783,48.15482451880784,675,1.0,291343,0.0,Not listed,291343.0,0.534,0.12837060705528,0.814125878588944,0.5640678592362741,56.40678592362741,648,15.534
Ghuguloni Bongali,291804,161.0,649,125,1,1,a,b,,,,,,0.0,No,Yes,Yes,Yes,Yes,No,No,No,Yes,c,b,c,b,b,c,b,a,Yes,b,Yes,Yes,c,c,c,a,Yes,Yes,Yes,Yes,No,No,No,0.0,19.5,1.6,0.0,0.0,2.2,0.0,73.2,0.0,73.2,1.0,1.0,0.75,0.5,0.0,0.0,0.0,0.0,1.0,1.0,0.25,0.5,0.5,0.25,0.75,1.0,1.0,0.0,0.5277777777777778,0.2480739599383667,0.1772962866439336,0.25,0.5,0.5,0.25,0.5,0.75,1.0,1.0,0.575,0.1211180124223602,0.0099378881987577,0.0,0.0136645962732919,0.5038509316770187,0.3863724562925983,0.4260430073639475,42.60430073639475,1103,1.0,291804,0.0,Not listed,291804.0,0.326,0.177237381798741,0.8667525236402518,0.5639809495609739,56.39809495609739,649,23.861
Dighalia No.1,292048,254.1,865,188,1,a,a,a,,,,,,0.0,Yes,Yes,Yes,No,No,No,No,No,Yes,b,b,c,b,b,c,c,a,Yes,b,Yes,Yes,a,a,c,Yes,c,Yes,Yes,Yes,No,No,Yes,0.0,5.4,0.0,0.0,0.0,0.0,0.0,248.7,0.0,248.7,1.0,0.75,0.75,0.75,0.0,0.0,0.0,1.0,0.0,1.0,0.5,0.5,0.5,0.75,1.0,1.0,1.0,1.0,0.6388888888888888,0.293757225433526,0.2926625512304532,0.25,0.5,0.5,0.25,0.25,0.75,1.0,1.0,0.55,0.0212514757969303,0.0,0.0,0.0,0.5,0.3814756671899529,0.4741829934678261,47.41829934678262,742,1.0,292048,0.0,Not listed,292048.0,0.549,0.138359368098697,0.8076281263802606,0.5634382384382105,56.34382384382105,650,34.205
Jooktoli Borbam 206/203 T.E.24/1,292229,28.8,17,4,1,a,a,b,,,,,,0.0,No,No,Yes,Yes,No,No,No,No,b,b,b,c,b,a,c,b,a,a,a,Yes,c,b,c,b,a,b,Yes,a,Yes,No,No,No,0.0,3.3,0.0,0.0,0.0,0.0,0.0,4.7,0.0,4.7,1.0,0.75,0.75,0.5,0.0,0.0,0.0,0.0,1.0,0.5,0.5,0.5,0.75,0.5,0.75,1.0,0.75,0.0,0.5138888888888888,1.6941176470588235,0.2114996852880442,0.25,0.5,0.75,0.25,0.5,0.75,0.75,0.25,0.525,0.1145833333333333,0.0,0.0,0.0,0.5,0.3814756671899529,0.4151422769822239,41.51422769822239,1158,1.0,292229,0.0,Not listed,292229.0,0.377,0.0802524492465332,0.8708495101506933,0.5634360754607813,56.34360754607813,651,41.768
Jaloni Naohalia,291528,168.0,943,185,1,1,a,a,,,,,,1.0,Yes,No,Yes,No,No,No,No,No,a,a,a,a,Yes,Yes,c,b,a,Yes,b,Yes,Yes,a,a,a,Yes,c,Yes,Yes,Yes,No,No,No,0.0,23.0,0.0,0.0,0.0,0.0,0.0,38.0,0.0,38.0,1.0,1.0,0.75,0.75,0.0,0.0,0.0,1.0,0.0,0.75,0.75,0.75,0.5,0.75,1.0,1.0,1.0,0.0,0.6111111111111112,0.1781548250265111,0.2899281974757538,0.75,1.0,1.0,0.25,0.5,0.75,1.0,1.0,0.75,0.1369047619047619,0.0,0.0,0.0,0.5,0.3814756671899529,0.5265549605847069,52.65549605847069,294,1.0,291528,0.0,Not listed,291528.0,0.895,0.111611489729801,0.7091777020540397,0.5633744802690474,56.33744802690474,652,46.732
Tipamia  No.1,292227,147.6,334,70,1,2,c,c,,,,,,0.0,No,No,Yes,No,No,No,No,No,Yes,b,b,c,b,b,c,a,a,Yes,b,Yes,Yes,b,b,b,a,c,Yes,a,Yes,No,No,No,0.0,2.8,0.0,0.0,0.0,0.0,0.0,144.8,0.0,144.8,1.0,1.0,0.25,0.25,0.0,0.0,0.0,0.0,0.0,1.0,0.5,0.5,0.5,0.5,0.75,1.0,0.75,0.0,0.4444444444444444,0.4419161676646706,0.1818812534495492,0.25,0.5,0.5,0.25,0.75,0.75,1.0,1.0,0.6,0.018970189701897,0.0,0.0,0.0,0.5,0.3814756671899529,0.412876557911489,41.2876557911489,1171,1.0,292227,0.0,Not listed,292227.0,0.413,0.123380441178572,0.8514239117642857,0.5632612281465945,56.32612281465945,653,41.769
Dillchah Bagicha (313 Nlr),292419,452.0,2797,627,2,2,1,b,,,,,,1.0,Yes,Yes,Yes,Yes,Yes,No,No,No,Yes,b,Yes,b,c,a,c,c,a,Yes,Yes,Yes,Yes,a,b,c,a,Yes,Yes,Yes,Yes,No,Yes,No,0.0,114.6,0.0,0.0,0.0,0.0,0.0,334.7,0.0,334.7,1.0,1.0,1.0,0.5,0.0,0.0,0.0,1.0,1.0,1.0,0.5,1.0,1.0,0.75,0.75,1.0,1.0,0.0,0.6944444444444444,0.161601716124419,0.289536665333523,0.5,0.25,0.75,0.25,0.25,0.75,1.0,1.0,0.675,0.2535398230088495,0.0,0.0,0.0,0.5,0.3814756671899529,0.5247904108824825,52.479041088248245,302,1.0,292419,0.0,Not listed,292419.0,0.719,0.188932384282016,0.7465135231435969,0.5632109256693124,56.32109256693124,654,56.868
Borbil No.1,292116,70.2,509,102,1,a,a,c,,,,,,0.0,No,No,Yes,No,No,No,No,No,Yes,c,a,c,c,c,c,c,a,Yes,a,Yes,Yes,a,c,b,Yes,c,Yes,Yes,Yes,No,No,No,0.0,15.3,0.0,0.0,0.0,0.0,0.0,46.9,0.0,46.9,1.0,0.75,0.75,0.25,0.0,0.0,0.0,0.0,0.0,1.0,0.25,0.75,0.75,0.75,1.0,1.0,1.0,0.0,0.5138888888888888,0.1379174852652259,0.2318336029929451,0.25,0.25,0.25,0.25,0.25,0.75,1.0,1.0,0.55,0.2179487179487179,0.0,0.0,0.0,0.5,0.3814756671899529,0.427725756408449,42.772575640844906,1095,1.0,292116,0.0,Not listed,292116.0,0.387,0.194499981096203,0.8450000037807595,0.5631797523390331,56.3179752339033,655,31.307
Bharalibari No.3,291746,233.0,81,19,1,a,b,b,,,,,,0.0,No,No,Yes,Yes,Yes,No,No,No,b,c,b,c,c,b,b,b,b,b,b,Yes,Yes,b,c,c,a,c,Yes,a,Yes,No,No,No,0.0,8.0,13.4,0.0,0.0,5.6,0.0,198.8,0.0,198.8,1.0,0.75,0.5,0.5,0.0,0.0,0.0,0.0,1.0,0.5,0.25,0.5,0.5,0.5,0.75,1.0,0.75,0.0,0.4722222222222222,2.876543209876543,0.2394677012285422,0.25,0.25,0.5,0.5,0.5,0.5,0.5,1.0,0.5,0.0343347639484978,0.0575107296137339,0.0,0.0240343347639484,0.494763948497854,0.374817579722546,0.4028859968072003,40.288599680720026,1213,1.0,291746,0.0,Not listed,291746.0,0.43,0.0181240974840781,0.8673751805031844,0.5630396344667913,56.30396344667913,656,18.835
Dihing Erasuti,291667,118.2,522,106,2,1,a,b,,,,,,0.0,Yes,No,Yes,No,No,No,No,No,Yes,b,Yes,c,b,b,c,a,Yes,Yes,a,Yes,Yes,b,c,b,Yes,c,Yes,Yes,Yes,No,No,No,0.0,13.0,13.1,0.0,0.0,2.0,0.0,90.0,0.0,90.0,1.0,1.0,0.75,0.5,0.0,0.0,0.0,1.0,0.0,1.0,0.5,1.0,0.75,0.5,1.0,1.0,1.0,0.0,0.6111111111111112,0.2264367816091954,0.2910702148456465,0.25,0.5,0.5,0.25,0.75,1.0,1.0,1.0,0.7,0.1099830795262267,0.11082910321489,0.0,0.0169204737732656,0.4752115059221658,0.3499549761333663,0.5055363267158627,50.55363267158627,456,1.0,291667,0.0,Not listed,291667.0,0.728,0.186810413637223,0.7442379172725554,0.5629559670404387,56.295596704043874,657,34.85
Jooktoli Borbam T.E. 91/166,292232,114.1,354,74,1,a,b,b,,,,,,0.0,No,No,Yes,No,No,No,No,No,b,b,b,c,b,b,c,c,a,Yes,b,Yes,Yes,b,c,b,Yes,b,Yes,a,Yes,No,No,No,0.0,7.3,0.0,0.0,0.0,0.0,0.0,106.8,0.0,106.8,1.0,0.75,0.5,0.5,0.0,0.0,0.0,0.0,0.0,0.5,0.5,0.5,0.5,0.5,1.0,1.0,0.75,0.0,0.4444444444444444,0.3223163841807909,0.236195206383852,0.25,0.5,0.5,0.25,0.25,0.75,1.0,1.0,0.55,0.0639789658194566,0.0,0.0,0.0,0.5,0.3814756671899529,0.4114550461450647,41.14550461450647,1180,1.0,292232,0.0,Not listed,292232.0,0.432,0.14379455979554,0.841641088040892,0.5629265868908128,56.29265868908128,658,43.613
Jokai Kachari Gaon F.V.,291242,32.0,166,34,a,a,a,c,,,,,,1.0,No,No,Yes,Yes,No,No,No,Yes,a,c,a,c,a,a,b,b,b,Yes,b,Yes,Yes,b,c,c,a,c,b,a,No,No,No,No,0.0,5.3,0.0,0.0,0.0,0.0,0.0,26.7,0.0,26.7,0.75,0.75,0.75,0.25,0.0,0.0,0.0,0.0,1.0,0.75,0.25,0.75,0.5,0.5,0.75,0.5,0.75,0.0,0.4583333333333333,0.1927710843373494,0.0045596314297927,0.25,0.75,0.75,0.5,0.5,0.5,1.0,1.0,0.65,0.165625,0.0,0.0,0.0,0.5,0.3814756671899529,0.3870183746287721,38.701837462877215,1254,1.0,291242,0.0,Not listed,291242.0,0.158,0.0820078419349024,0.9361984316130196,0.562840630581149,56.284063058114896,659,23.681
Konwabam Gaon,292395,206.3,418,86,1,a,a,a,,,,,,0.0,No,Yes,No,Yes,No,No,No,No,Yes,b,Yes,b,Yes,Yes,b,b,Yes,Yes,b,Yes,Yes,a,b,c,a,Yes,Yes,a,Yes,No,No,No,0.0,27.4,0.0,3.3,14.1,0.0,0.0,147.4,0.0,147.4,1.0,0.75,0.75,0.75,0.0,0.0,0.0,0.0,1.0,1.0,0.5,1.0,0.5,0.75,0.75,1.0,0.75,0.0,0.5833333333333334,0.4935406698564593,0.1831023323450185,0.5,1.0,1.0,0.5,0.5,1.0,1.0,1.0,0.8,0.1328162869607367,0.0,0.0,0.0683470673776054,0.5341735336888027,0.4249302390705341,0.5165949642336948,51.65949642336948,369,1.0,292395,0.0,Not listed,292395.0,0.811,0.117265883183144,0.7332468233633711,0.5628138482921832,56.28138482921832,660,55.569
Naharpara Bokalial,292084,305.4,1208,243,4,2,1,c,,,,,,1.0,No,Yes,Yes,No,No,No,No,No,Yes,c,b,c,Yes,c,c,c,c,Yes,a,Yes,Yes,a,c,a,Yes,Yes,Yes,Yes,Yes,No,No,No,0.0,44.4,0.0,25.3,0.0,0.0,0.0,160.1,0.0,160.1,1.0,1.0,1.0,0.25,0.0,0.0,0.0,0.0,0.0,1.0,0.25,0.5,0.75,0.75,1.0,1.0,1.0,0.0,0.5277777777777778,0.2528145695364238,0.2345512738429865,0.25,1.0,0.25,0.25,0.25,0.25,1.0,1.0,0.55,0.1453831041257367,0.0,0.0,0.0,0.5,0.3814756671899529,0.4318773963431817,43.18773963431817,1067,1.0,292084,0.0,Not listed,292084.0,0.42,0.159399607147434,0.8421200785705132,0.5627071999674449,56.27071999674449,661,30.367
Miri Hulla,291468,68.7,211,45,1,a,a,b,,,,,,0.0,Yes,Yes,Yes,No,No,Yes,No,No,Yes,b,b,b,b,Yes,b,b,a,Yes,b,Yes,Yes,a,b,a,Yes,Yes,Yes,c,Yes,No,No,No,0.0,2.4,0.0,9.2,0.0,0.0,0.0,37.1,0.0,37.1,1.0,0.75,0.75,0.5,0.0,0.0,0.0,1.0,0.0,1.0,0.5,0.5,0.5,0.75,1.0,1.0,0.25,0.0,0.5277777777777778,0.3255924170616114,0.2934155518208678,0.5,0.5,1.0,0.5,0.5,0.75,1.0,1.0,0.675,0.0349344978165938,0.0,0.0,0.0,0.5,0.3814756671899529,0.484093465837652,48.409346583765206,647,1.0,291468,0.0,Not listed,291468.0,0.758,0.153021588458281,0.7419956823083438,0.5623735109570475,56.237351095704746,662,29.115
Chapatali No.4,291689,107.0,1123,248,1,2,1,c,,,,,,1.0,Yes,Yes,Yes,No,No,No,No,No,Yes,b,Yes,b,Yes,Yes,b,c,Yes,Yes,b,Yes,Yes,a,b,a,Yes,Yes,Yes,Yes,Yes,Yes,No,No,0.0,25.0,0.0,2.0,0.0,0.0,0.0,40.0,0.0,40.0,1.0,1.0,1.0,0.25,0.0,0.0,0.0,1.0,0.0,1.0,0.5,1.0,0.5,0.75,1.0,1.0,1.0,0.0,0.6111111111111112,0.095280498664292,0.2879679637378827,0.5,1.0,1.0,0.5,0.25,1.0,1.0,1.0,0.775,0.2336448598130841,0.0,0.0,0.0,0.5,0.3814756671899529,0.5335649021502391,53.35649021502391,259,1.0,291689,0.0,Not listed,291689.0,0.914,0.152921351721689,0.6952157296556623,0.5622996328752285,56.22996328752286,663,54.027
Raja Ali 300 Nlr,291590,359.7,126,25,1,a,a,b,,,1.0,,,0.0,No,No,Yes,Yes,No,No,No,No,Yes,b,b,b,b,Yes,c,b,a,Yes,b,Yes,Yes,b,b,b,Yes,Yes,Yes,a,Yes,Yes,Yes,No,0.0,59.7,0.0,0.0,0.0,0.0,0.0,300.0,0.0,300.0,1.0,0.75,0.75,0.5,1.0,0.0,0.0,0.0,1.0,1.0,0.5,0.5,0.5,0.5,1.0,1.0,0.75,0.0,0.5972222222222222,2.854761904761905,0.2960953632438521,0.5,0.5,1.0,0.25,0.5,0.75,1.0,1.0,0.65,0.1659716430358632,0.0,0.0,0.0,0.5,0.3814756671899529,0.4946245298045091,49.46245298045092,551,1.0,291590,0.0,Not listed,291590.0,0.767,0.0876875426384405,0.7523624914723119,0.5621901874783808,56.21901874783808,664,38.269
Satyanarayan Chah Bagicha,292379,135.3,1346,281,2,3,1,b,,,,,,1.0,Yes,No,Yes,Yes,No,No,No,No,Yes,b,b,a,Yes,b,c,b,b,Yes,b,Yes,Yes,a,b,a,Yes,Yes,Yes,Yes,Yes,No,No,No,0.0,4.7,0.0,0.0,0.0,0.0,0.0,130.6,0.0,130.6,1.0,1.0,1.0,0.5,0.0,0.0,0.0,1.0,1.0,1.0,0.5,0.5,0.5,0.75,1.0,1.0,1.0,0.0,0.6527777777777778,0.100520059435364,0.2880918955301025,0.75,1.0,0.5,0.25,0.5,0.5,1.0,1.0,0.65,0.0347376201034737,0.0,0.0,0.0,0.5,0.3814756671899529,0.5065125517649607,50.65125517649607,443,1.0,292379,0.0,Not listed,292379.0,0.739,0.105096250859519,0.7572807498280962,0.5621566238922571,56.215662389225706,665,49.428
Morankari Gaon,291448,78.3,520,114,1,a,a,c,,,1.0,,,0.0,No,No,Yes,No,No,No,No,No,a,a,Yes,a,a,a,a,b,Yes,Yes,b,Yes,Yes,Yes,Yes,c,a,c,Yes,Yes,Yes,No,No,No,0.0,4.3,0.0,0.0,0.0,0.0,0.0,39.2,0.0,39.2,1.0,0.75,0.75,0.25,1.0,0.0,0.0,0.0,0.0,0.75,0.75,1.0,0.5,1.0,0.75,1.0,1.0,0.0,0.5833333333333334,0.150576923076923,0.232133037790068,0.75,0.75,0.75,0.75,0.5,1.0,1.0,1.0,0.8,0.0549169859514687,0.0,0.0,0.0,0.5,0.3814756671899529,0.5201617262188409,52.016172621884095,344,1.0,291448,0.0,Not listed,291448.0,0.788,0.23278328558653,0.717043342882694,0.5620719466790876,56.20719466790875,666,27.348
Bajipahumara,292086,444.2,2027,403,1,2,1,c,,,,,,1.0,No,Yes,Yes,No,No,No,No,No,Yes,c,c,c,Yes,c,c,c,c,Yes,a,Yes,Yes,c,c,c,Yes,Yes,Yes,Yes,Yes,No,No,No,0.0,62.1,0.0,0.0,0.0,0.0,0.0,295.6,0.0,295.6,1.0,1.0,1.0,0.25,0.0,0.0,0.0,0.0,0.0,1.0,0.25,0.25,0.75,0.25,1.0,1.0,1.0,0.0,0.4861111111111111,0.219141588554514,0.2337548038591831,0.25,1.0,0.25,0.25,0.25,0.25,1.0,1.0,0.525,0.139801891040072,0.0,0.0,0.0,0.5,0.3814756671899529,0.4137616121805642,41.37616121805642,1166,1.0,292086,0.0,Not listed,292086.0,0.397,0.13969356989813,0.852961286020374,0.5618445654514383,56.18445654514383,667,29.052
Jakai T.E. No.-1 L.C.R.,291149,817.1,1403,280,1,c,a,c,,,,,,1.0,Yes,Yes,Yes,Yes,No,Yes,No,No,c,c,c,b,b,Yes,c,c,c,Yes,b,Yes,Yes,b,c,b,a,c,Yes,Yes,Yes,No,No,No,0.0,15.1,0.0,0.0,15.5,0.0,0.0,785.3,0.0,785.3,1.0,0.25,0.75,0.25,0.0,0.0,0.0,1.0,1.0,0.25,0.25,0.25,0.5,0.5,0.75,1.0,1.0,0.0,0.4861111111111111,0.5823948681397006,0.2423468656627749,0.5,0.5,1.0,0.25,0.25,0.25,1.0,1.0,0.55,0.0184799902092767,0.0,0.0,0.0189695263737608,0.5094847631868804,0.3935363550727993,0.4258217652080314,42.58217652080314,1105,1.0,291149,0.0,Not listed,291149.0,0.485,0.120112795901299,0.8304774408197402,0.5618081460045098,56.18081460045098,668,9.636
Tipamia Dighalia,292047,114.1,494,94,1,a,c,c,,,,,,0.0,No,No,Yes,No,No,No,No,No,Yes,b,b,c,b,b,c,a,a,Yes,b,Yes,Yes,a,b,c,Yes,c,Yes,Yes,Yes,No,No,No,0.0,10.2,0.0,0.0,0.0,0.0,0.0,103.8,0.0,103.8,1.0,0.75,0.25,0.25,0.0,0.0,0.0,0.0,0.0,1.0,0.5,0.5,0.5,0.75,1.0,1.0,1.0,0.0,0.4722222222222222,0.2309716599190283,0.2340346215787117,0.25,0.5,0.5,0.25,0.75,0.75,1.0,1.0,0.6,0.0893952673093777,0.0,0.0,0.0,0.5,0.3814756671899529,0.4328593443882241,43.28593443882241,1060,1.0,292047,0.0,Not listed,292047.0,0.54,0.114057203495013,0.8151885593009974,0.5618054291935698,56.18054291935698,669,33.108
Baghmora Gaon,292346,127.3,980,215,3,1,1,1,,,,,,1.0,Yes,Yes,Yes,Yes,No,No,No,No,Yes,a,Yes,b,Yes,Yes,c,b,Yes,Yes,b,Yes,Yes,a,b,b,a,Yes,Yes,Yes,Yes,No,No,No,3.0,55.1,0.0,3.4,4.0,0.0,0.0,0.0,0.0,0.0,1.0,1.0,1.0,1.0,0.0,0.0,0.0,1.0,1.0,1.0,0.75,1.0,0.5,0.75,0.75,1.0,1.0,0.0,0.7083333333333334,0.1298979591836734,0.2316439164364826,0.5,1.0,1.0,0.25,0.5,1.0,1.0,1.0,0.775,0.4328358208955224,0.0,0.02356637863315,0.0314218381775333,0.5109976433621367,0.3954601116535804,0.5465863347731701,54.65863347731701,195,1.0,292346,0.0,Not listed,292346.0,0.81,0.166170181257281,0.7237659637485439,0.5617363813565752,56.17363813565752,670,50.598
Chirika Beel,291672,42.0,367,71,1,a,a,a,,,,,,0.0,Yes,Yes,Yes,Yes,No,No,No,No,Yes,b,Yes,b,Yes,Yes,c,c,Yes,Yes,b,Yes,Yes,b,b,b,a,Yes,Yes,a,Yes,No,No,No,0.0,12.0,0.0,9.0,0.0,0.0,0.0,15.0,0.0,15.0,1.0,0.75,0.75,0.75,0.0,0.0,0.0,1.0,1.0,1.0,0.5,1.0,0.5,0.5,0.75,1.0,0.75,0.0,0.625,0.1144414168937329,0.2312783214808729,0.5,1.0,1.0,0.25,0.25,1.0,1.0,1.0,0.75,0.2857142857142857,0.0,0.0,0.0,0.5,0.3814756671899529,0.5153647138082088,51.53647138082088,379,1.0,291672,0.0,Not listed,291672.0,0.747,0.172901384700782,0.7413197230598436,0.5615688196726486,56.15688196726486,671,38.129
Raidangia No.2,292062,45.6,287,59,1,a,a,a,,,,,,0.0,No,No,Yes,Yes,No,No,No,No,Yes,a,a,c,b,b,b,b,a,Yes,a,Yes,Yes,a,a,b,Yes,c,Yes,a,Yes,No,No,No,0.0,14.7,0.0,0.0,0.0,0.0,0.0,22.6,0.0,22.6,1.0,0.75,0.75,0.75,0.0,0.0,0.0,0.0,1.0,1.0,0.75,0.75,0.75,0.75,1.0,1.0,0.75,0.0,0.6111111111111112,0.1588850174216028,0.2323295498770643,0.25,0.5,0.5,0.5,0.5,0.75,1.0,1.0,0.65,0.3223684210526315,0.0,0.0,0.0,0.5,0.3814756671899529,0.4821552986850345,48.215529868503445,665,1.0,292062,0.0,Not listed,292062.0,0.574,0.186313462403751,0.7905373075192498,0.561518660555459,56.151866055545895,672,39.132
Disang Kinar No.2,292237,310.9,372,72,1,a,b,b,,,,,,0.0,No,No,Yes,No,No,No,No,No,Yes,b,b,b,b,Yes,c,b,b,Yes,a,Yes,Yes,a,b,b,Yes,a,Yes,a,Yes,No,No,No,0.0,28.2,11.0,0.0,0.0,0.0,0.0,272.0,0.0,272.0,1.0,0.75,0.5,0.5,0.0,0.0,0.0,0.0,0.0,1.0,0.5,0.5,0.75,0.75,1.0,1.0,0.75,0.0,0.5,0.835752688172043,0.2483395604861418,0.5,0.5,1.0,0.25,0.5,0.5,1.0,1.0,0.65,0.0907044065615953,0.0353811514956577,0.0,0.0,0.4893856545513027,0.3679786188171981,0.4556806138849751,45.56806138849751,896,1.0,292237,0.0,Not listed,292237.0,0.583,0.198504855226485,0.785399028954703,0.5614412945259964,56.14412945259964,673,28.642
Na-Khatia Sonowal No.2,292278,63.1,443,90,1,1,1,b,,,,,,0.0,No,No,No,Yes,No,No,No,No,Yes,b,b,b,b,Yes,c,b,a,Yes,a,Yes,Yes,c,b,c,Yes,a,Yes,a,Yes,No,No,No,0.0,5.4,8.0,0.0,0.0,0.0,0.0,49.6,0.0,49.6,1.0,1.0,1.0,0.5,0.0,0.0,0.0,0.0,1.0,1.0,0.5,0.5,0.75,0.25,1.0,1.0,0.75,0.0,0.5694444444444444,0.1424379232505643,0.2319405253106009,0.5,0.5,1.0,0.25,0.5,0.75,1.0,1.0,0.675,0.0855784469096672,0.126782884310618,0.0,0.0,0.4619651347068146,0.3331110818092933,0.46946845880062,46.946845880062,783,1.0,292278,0.0,Not listed,292278.0,0.593,0.129502431361919,0.7961995137276162,0.5614315990900908,56.14315990900908,674,31.64
Baghmora Puwali Pather,292208,157.7,650,134,1,b,b,b,,,,,,0.0,No,No,No,Yes,No,No,No,No,Yes,b,c,c,b,b,c,a,a,Yes,a,Yes,Yes,a,b,b,Yes,Yes,Yes,Yes,Yes,No,No,No,0.0,3.4,0.0,0.0,0.0,0.0,0.0,150.9,0.0,150.9,1.0,0.5,0.5,0.5,0.0,0.0,0.0,0.0,1.0,1.0,0.5,0.25,0.75,0.75,1.0,1.0,1.0,0.0,0.5416666666666666,0.2426153846153846,0.234310031624092,0.25,0.5,0.5,0.25,0.75,0.75,1.0,1.0,0.6,0.0215599239061509,0.0,0.0,0.0,0.5,0.3814756671899529,0.4502893080106803,45.02893080106803,941,1.0,292208,0.0,Not listed,292208.0,0.49,0.195814794672432,0.8138370410655136,0.5613336744107215,56.13336744107215,675,42.534
Muragajuli,292075,64.6,886,176,1,b,b,c,,,,,,1.0,Yes,Yes,Yes,Yes,No,No,No,No,c,c,b,c,b,b,c,c,c,Yes,b,Yes,Yes,a,c,a,Yes,c,Yes,Yes,Yes,No,Yes,No,0.0,10.2,0.0,0.0,0.0,0.0,0.0,50.4,0.0,50.4,1.0,0.5,0.5,0.25,0.0,0.0,0.0,1.0,1.0,0.25,0.25,0.5,0.5,0.75,1.0,1.0,1.0,0.0,0.5277777777777778,0.0729119638826185,0.2874388788153201,0.25,0.5,0.5,0.25,0.25,0.25,1.0,1.0,0.5,0.1578947368421052,0.0,0.0,0.0,0.5,0.3814756671899529,0.430099297586265,43.009929758626505,1075,1.0,292075,0.0,Not listed,292075.0,0.488,0.115025043746266,0.8305949912507468,0.5613190662826217,56.13190662826217,676,34.881
Mothola 5/142 Orr,291263,6.3,554,137,1,b,b,b,,,1.0,,,1.0,Yes,No,No,Yes,No,No,No,Yes,Yes,b,b,b,b,b,b,b,b,Yes,b,Yes,Yes,b,b,b,a,b,a,Yes,Yes,No,No,No,0.0,3.3,0.0,0.0,0.4,0.4,0.3,1.5,0.0,1.5,1.0,0.5,0.5,0.5,1.0,0.0,0.0,1.0,1.0,1.0,0.5,0.5,0.5,0.5,0.75,0.75,1.0,0.0,0.6111111111111112,0.0113718411552346,0.1716975505886164,0.5,0.5,0.5,0.5,0.5,0.5,1.0,1.0,0.6,0.5238095238095238,0.0,0.0,0.1746031746031746,0.5873015873015873,0.4924871047320027,0.4741995863713324,47.41995863713325,741,0.595631825942517,291263,0.0,Not listed,291263.0,0.591,0.0570335801365607,0.8112932839726879,0.5613147669460297,56.131476694602966,677,7.646
Tipania Bangali No.3,292044,161.6,505,100,1,1,a,b,,,,,,0.0,Yes,No,Yes,No,No,No,No,No,Yes,b,b,c,b,Yes,c,c,b,Yes,b,Yes,Yes,a,b,c,a,b,Yes,Yes,Yes,No,No,No,0.0,1.2,0.0,107.5,0.0,0.0,0.0,53.0,0.0,53.0,1.0,1.0,0.75,0.5,0.0,0.0,0.0,1.0,0.0,1.0,0.5,0.5,0.5,0.75,0.75,1.0,1.0,0.0,0.5694444444444444,0.32,0.2361404167448845,0.25,0.5,1.0,0.25,0.25,0.5,1.0,1.0,0.575,0.0074257425742574,0.0,0.0,0.0,0.5,0.3814756671899529,0.4501913487353228,45.01913487353228,943,1.0,292044,0.0,Not listed,292044.0,0.49,0.141919437624488,0.8246161124751024,0.561102899254755,56.1102899254755,678,30.883
Na-Changmai Village,291812,109.8,436,85,1,1,a,a,,,,,,0.0,Yes,Yes,No,Yes,No,No,No,No,Yes,c,b,c,c,a,c,a,c,Yes,b,Yes,Yes,c,c,c,a,c,Yes,b,Yes,No,No,No,0.0,19.0,0.0,3.9,1.3,0.0,0.5,78.6,0.0,78.6,1.0,1.0,0.75,0.75,0.0,0.0,0.0,1.0,1.0,1.0,0.25,0.5,0.5,0.25,0.75,1.0,0.5,0.0,0.5694444444444444,0.2518348623853211,0.2345281007434861,0.25,0.25,0.75,0.25,0.75,0.25,1.0,1.0,0.55,0.1730418943533697,0.0,0.0,0.0163934426229508,0.5081967213114754,0.3918984996268369,0.44437283622235,44.437283622235,979,1.0,291812,0.0,Not listed,291812.0,0.453,0.150372009248602,0.8340255981502795,0.561027039390009,56.1027039390009,679,23.022
Sensua Pukhuri No.2,291792,60.7,39,6,a,a,a,b,,,,,,0.0,No,No,Yes,Yes,No,No,No,No,a,c,Yes,c,c,c,c,a,Yes,a,b,Yes,c,b,c,c,a,c,a,b,Yes,No,No,No,0.0,7.8,0.0,0.0,0.1,0.0,0.4,51.9,0.0,51.9,0.75,0.75,0.75,0.5,0.0,0.0,0.0,0.0,1.0,0.75,0.25,1.0,0.5,0.5,0.75,0.75,0.5,0.0,0.4861111111111111,1.5564102564102564,0.0939567659672784,0.25,0.25,0.25,0.25,0.75,1.0,0.75,0.25,0.525,0.128500823723229,0.0,0.0,0.0082372322899505,0.5041186161449753,0.3867128399959655,0.3798595372687904,37.985953726879046,1271,1.0,291792,0.0,Not listed,291792.0,0.123,0.13394803649332,0.936310392701336,0.5610202745717489,56.10202745717488,680,30.753
Guhain Pather,292031,42.4,227,47,1,a,c,b,,,1.0,,,2.0,No,No,Yes,No,No,No,No,No,a,c,a,c,b,a,c,c,c,Yes,a,Yes,Yes,b,c,b,Yes,c,Yes,a,Yes,No,No,No,0.0,1.9,0.0,0.0,0.0,0.0,2.0,38.6,0.0,38.6,1.0,0.75,0.25,0.5,1.0,0.0,0.0,0.0,0.0,0.75,0.25,0.75,0.75,0.5,1.0,1.0,0.75,0.0,0.5138888888888888,0.186784140969163,0.2329894503026308,0.25,0.5,0.75,0.25,0.25,0.25,1.0,1.0,0.575,0.0448113207547169,0.0,0.0,0.0471698113207547,0.5235849056603774,0.4114658925979682,0.4415127633174736,44.15127633174736,1004,1.0,292031,0.0,Not listed,292031.0,0.488,0.192913451594142,0.8150173096811716,0.5609741703378216,56.09741703378216,681,28.22
Medela Grant No.3,291132,429.3,2149,431,3,2,b,b,,,,,,1.0,Yes,Yes,Yes,No,No,No,No,No,Yes,a,Yes,b,Yes,Yes,b,b,b,Yes,Yes,Yes,Yes,a,b,b,Yes,c,Yes,Yes,Yes,No,No,No,0.0,141.2,0.0,0.0,0.0,0.0,0.0,257.6,0.0,257.6,1.0,1.0,0.5,0.5,0.0,0.0,0.0,1.0,0.0,1.0,0.75,1.0,1.0,0.75,1.0,1.0,1.0,0.0,0.6388888888888888,0.1997673336435551,0.3475822571877394,0.5,1.0,1.0,0.5,0.5,0.5,1.0,1.0,0.8,0.3289075238760773,0.0,0.0,0.0,0.5,0.3814756671899529,0.5629129199571477,56.291291995714765,127,1.0,291132,0.5,Moderate (9-12),291132.0,0.274,0.129076531116326,0.6419846937767348,0.5609107918861217,56.09107918861217,682,16.214
Santi T.E. 78 Appl,291687,222.0,1046,208,1,a,c,c,,,,,,1.0,Yes,Yes,Yes,No,No,No,No,No,Yes,c,Yes,c,Yes,Yes,c,c,Yes,Yes,b,Yes,Yes,a,b,c,Yes,Yes,Yes,Yes,Yes,No,No,No,0.0,35.0,0.0,2.0,0.0,0.0,0.0,85.0,0.0,85.0,1.0,0.75,0.25,0.25,0.0,0.0,0.0,1.0,0.0,1.0,0.25,1.0,0.5,0.75,1.0,1.0,1.0,0.0,0.5416666666666666,0.2122370936902485,0.29073434837713,0.25,1.0,1.0,0.25,0.25,1.0,1.0,1.0,0.725,0.1576576576576576,0.0,0.0,0.0,0.5,0.3814756671899529,0.5018953871989398,50.18953871989397,486,1.0,291687,0.0,Not listed,291687.0,0.89,0.0899789723606269,0.7150042055278746,0.5609066193839253,56.09066193839253,683,53.189
Taratali Gaon,292403,226.2,518,104,1,1,1,1,,,,,,0.0,Yes,Yes,Yes,Yes,No,No,No,No,Yes,a,Yes,b,a,Yes,b,b,a,Yes,b,Yes,Yes,a,b,c,a,Yes,Yes,Yes,Yes,No,No,No,0.0,47.6,0.0,0.0,0.0,0.0,0.0,132.0,0.0,132.0,1.0,1.0,1.0,1.0,0.0,0.0,0.0,1.0,1.0,1.0,0.75,1.0,0.5,0.75,0.75,1.0,1.0,0.0,0.7083333333333334,0.4366795366795367,0.2389002480986712,0.5,0.75,1.0,0.5,0.5,0.75,1.0,1.0,0.75,0.2104332449160035,0.0,0.0,0.0,0.5,0.3814756671899529,0.5381035287959917,53.810352879599165,235,1.0,292403,0.0,Not listed,292403.0,0.777,0.161063212837933,0.7346873574324134,0.5608213550761262,56.08213550761262,684,54.885
Changamari Gaon,291239,180.2,542,114,1,a,b,c,,,,,,1.0,Yes,No,Yes,Yes,No,Yes,No,Yes,Yes,c,c,c,c,a,b,b,b,Yes,b,Yes,Yes,b,c,b,a,c,Yes,Yes,Yes,No,No,No,0.0,3.9,0.0,0.0,4.9,0.0,0.0,166.7,0.0,166.7,1.0,0.75,0.5,0.25,0.0,0.0,0.0,1.0,1.0,1.0,0.25,0.25,0.5,0.5,0.75,1.0,1.0,0.0,0.5416666666666666,0.3324723247232472,0.2364354257396525,0.25,0.25,0.75,0.5,0.5,0.5,1.0,1.0,0.55,0.0216426193118756,0.0,0.0,0.0271920088790233,0.5135960044395116,0.3987641500722204,0.4392783531160239,43.9278353116024,1014,1.0,291239,0.0,Not listed,291239.0,0.426,0.212288578850119,0.8297422842299762,0.5608203926377366,56.08203926377367,685,11.972
Chiring Hula No.1,291336,259.7,1103,215,2,3,1,b,,,1.0,,,1.0,Yes,Yes,Yes,Yes,No,No,No,No,b,c,Yes,c,c,a,c,c,c,Yes,b,Yes,Yes,c,c,c,Yes,Yes,Yes,Yes,Yes,No,No,No,0.0,117.2,0.0,21.7,6.0,0.0,0.0,109.1,0.0,109.1,1.0,1.0,1.0,0.5,1.0,0.0,0.0,1.0,1.0,0.5,0.25,1.0,0.5,0.25,1.0,1.0,1.0,0.0,0.6666666666666666,0.2354487760652765,0.2912833763439506,0.25,0.25,0.75,0.25,0.25,0.25,1.0,1.0,0.55,0.4512899499422411,0.0,0.0,0.0231035810550635,0.5115517905275317,0.3961647571857154,0.4837204621897974,48.37204621897974,653,1.0,291336,0.0,Not listed,291336.0,0.593,0.129329277280467,0.7962341445439066,0.5607392154814076,56.07392154814076,686,18.753
Murani Pathar,291465,127.4,285,63,1,a,a,a,,,,,,0.0,No,No,Yes,No,No,No,No,No,Yes,c,a,a,a,a,a,Yes,a,Yes,b,Yes,Yes,b,a,b,b,a,Yes,c,Yes,No,No,No,0.0,8.9,0.0,0.0,0.0,0.0,0.0,108.3,0.0,108.3,1.0,0.75,0.75,0.75,0.0,0.0,0.0,0.0,0.0,1.0,0.25,0.75,0.5,0.5,0.5,1.0,0.25,0.0,0.4444444444444444,0.4470175438596491,0.1820019167498246,0.75,0.75,0.75,0.75,1.0,0.75,1.0,1.0,0.8,0.0698587127158555,0.0,0.0,0.0,0.5,0.3814756671899529,0.4729067237365578,47.29067237365578,756,1.0,291465,0.0,Not listed,291465.0,0.781,0.103994355098175,0.744901128980365,0.5606822808580951,56.06822808580952,687,29.944
Lonbai,292209,145.3,525,113,1,1,b,b,,,,,,0.0,No,No,Yes,Yes,No,No,No,No,Yes,b,Yes,c,c,b,c,b,Yes,Yes,a,Yes,Yes,b,b,b,a,Yes,Yes,Yes,Yes,No,No,No,0.0,18.1,0.0,0.0,0.0,0.0,0.0,127.2,127.2,0.0,1.0,1.0,0.5,0.5,0.0,0.0,0.0,0.0,1.0,1.0,0.5,1.0,0.75,0.5,0.75,1.0,1.0,0.0,0.5833333333333334,0.2767619047619047,0.1779748451285902,0.25,0.25,0.5,0.25,0.5,1.0,1.0,1.0,0.65,0.1245698554714384,0.0,0.0,0.0,0.5,0.3814756671899529,0.4616221780534715,46.16221780534715,843,1.0,292209,0.0,Not listed,292209.0,0.504,0.132536081686028,0.8222927836627945,0.5606321748257583,56.06321748257584,688,42.342
Hapekhati Gaon,291078,187.9,210,45,1,a,a,b,,,,,,1.0,No,Yes,Yes,No,No,No,No,No,c,c,b,c,b,c,b,b,b,Yes,a,Yes,Yes,b,b,b,a,c,Yes,b,No,No,No,No,0.0,28.3,0.0,8.4,7.1,0.0,0.0,141.0,0.0,141.0,1.0,0.75,0.75,0.5,0.0,0.0,0.0,0.0,0.0,0.25,0.25,0.5,0.75,0.5,0.75,1.0,0.5,0.0,0.4166666666666667,0.8947619047619048,0.1354495963957199,0.25,0.5,0.25,0.5,0.5,0.5,1.0,1.0,0.575,0.1506120276742948,0.0,0.0,0.0377860564129856,0.5188930282064927,0.4054997689909876,0.3916290195637941,39.162901956379415,1244,1.0,291078,0.0,Not listed,291078.0,0.315,0.140859920561483,0.8773280158877034,0.5606185708026594,56.061857080265945,689,12.148
Chalakataki No.1,291581,178.4,520,113,1,1,a,a,,,1.0,,,0.0,No,No,Yes,No,No,No,No,No,Yes,a,a,a,a,a,a,a,a,Yes,b,Yes,Yes,c,a,c,Yes,Yes,Yes,Yes,Yes,No,No,No,0.0,70.0,0.0,0.0,0.0,0.0,0.0,100.0,0.0,100.0,1.0,1.0,0.75,0.75,1.0,0.0,0.0,0.0,0.0,1.0,0.75,0.75,0.5,0.25,1.0,1.0,1.0,0.0,0.5972222222222222,0.3430769230769231,0.2366862572381626,0.75,0.75,0.75,0.75,0.75,0.75,1.0,1.0,0.775,0.3923766816143497,0.0,0.0,0.0,0.5,0.3814756671899529,0.5172722533030868,51.72722533030868,361,1.0,291581,0.0,Not listed,291581.0,0.793,0.197150756638006,0.7226698486723988,0.5604608538569932,56.04608538569932,690,41.89
Ghograjan,291332,126.7,899,168,1,a,a,a,,,,,,1.0,Yes,No,Yes,Yes,No,No,No,Yes,Yes,c,a,c,a,Yes,c,c,c,Yes,a,Yes,Yes,c,c,c,a,c,a,Yes,Yes,No,Yes,No,0.0,19.0,0.0,6.5,1.0,3.0,0.0,82.2,0.0,82.2,1.0,0.75,0.75,0.75,0.0,0.0,0.0,1.0,1.0,1.0,0.25,0.75,0.75,0.25,0.75,0.75,1.0,0.0,0.5972222222222222,0.1409343715239154,0.1747621045263775,0.25,0.75,1.0,0.25,0.25,0.25,1.0,1.0,0.625,0.1499605367008682,0.0,0.0,0.0315706393054459,0.5157853196527229,0.4015480516777167,0.4608056920226933,46.08056920226933,854,1.0,291332,0.0,Not listed,291332.0,0.508,0.0946892863692314,0.8286621427261537,0.5603875909737133,56.038759097371326,691,13.25
Jilliguri Gaon,291331,207.9,946,198,2,1,b,b,,,1.0,,,1.0,No,Yes,Yes,Yes,No,Yes,No,Yes,Yes,c,a,b,b,b,b,b,b,Yes,a,Yes,Yes,c,c,c,a,c,Yes,Yes,Yes,No,No,No,0.0,40.0,0.0,12.1,2.0,0.0,0.0,148.9,0.0,148.9,1.0,1.0,0.5,0.5,1.0,0.0,0.0,0.0,1.0,1.0,0.25,0.75,0.75,0.25,0.75,1.0,1.0,0.0,0.5972222222222222,0.2197674418604651,0.1766267500796731,0.5,0.5,0.5,0.5,0.5,0.5,1.0,1.0,0.65,0.1924001924001924,0.0,0.0,0.0096200096200096,0.5048100048100048,0.3875919998368978,0.4659806430428534,46.598064304285344,807,1.0,291331,0.0,Not listed,291331.0,0.511,0.133349606016496,0.8200300787967008,0.5603075190141332,56.030751901413325,692,12.144
Gabharujan Gaon,291074,129.7,328,63,1,1,b,c,,,,,,1.0,No,Yes,Yes,No,No,No,No,Yes,Yes,c,Yes,c,c,b,c,c,c,Yes,a,Yes,Yes,c,c,c,a,c,Yes,a,Yes,No,No,No,0.0,17.3,0.0,0.0,0.0,0.0,0.0,109.3,0.0,109.3,1.0,1.0,0.5,0.25,0.0,0.0,0.0,0.0,0.0,1.0,0.25,1.0,0.75,0.25,0.75,1.0,0.75,0.0,0.4722222222222222,0.3954268292682926,0.180781637035443,0.25,0.25,0.5,0.25,0.25,0.25,1.0,1.0,0.55,0.133384734001542,0.0,0.0,0.0,0.5,0.3814756671899529,0.4045460982524069,40.45460982524069,1205,1.0,291074,0.0,Not listed,291074.0,0.293,0.213340350768408,0.8694319298463185,0.5601895312758811,56.01895312758811,693,13.753
Baghmora,292205,174.3,491,105,1,2,a,b,,,,,,0.0,Yes,No,No,Yes,No,No,No,No,b,c,c,,b,b,c,a,a,Yes,a,Yes,Yes,b,b,b,a,Yes,Yes,Yes,Yes,No,No,No,0.0,2.1,0.0,13.4,0.0,0.0,0.0,158.8,0.0,158.8,1.0,1.0,0.75,0.5,0.0,0.0,0.0,1.0,1.0,0.5,0.25,0.25,0.75,0.5,0.75,1.0,1.0,0.0,0.5694444444444444,0.354989816700611,0.2369680339598792,0.0,0.5,0.5,0.25,0.75,0.75,1.0,1.0,0.575,0.0120481927710843,0.0,0.0,0.0,0.5,0.3814756671899529,0.4503982530390715,45.03982530390715,939,1.0,292205,0.0,Not listed,292205.0,0.478,0.174486940878492,0.8217026118243016,0.5601444032981834,56.014440329818335,694,42.181
Nalani Hulla,291429,350.0,1328,282,1,a,a,a,,,,,,1.0,Yes,Yes,Yes,No,No,No,No,No,Yes,b,Yes,a,a,a,a,a,Yes,Yes,b,Yes,Yes,c,b,c,a,b,Yes,Yes,Yes,No,No,No,0.0,9.5,5.0,0.0,0.0,0.0,0.0,111.7,0.0,111.7,1.0,0.75,0.75,0.75,0.0,0.0,0.0,1.0,0.0,1.0,0.5,1.0,0.5,0.25,0.75,1.0,1.0,0.0,0.5694444444444444,0.2635542168674699,0.2348052996668483,0.75,0.75,0.75,0.75,0.75,1.0,1.0,1.0,0.825,0.0271428571428571,0.0142857142857142,0.0,0.0,0.4957142857142857,0.376026014801525,0.5237676389881282,52.37676389881282,313,1.0,291429,0.0,Not listed,291429.0,0.886,0.173058889723234,0.6995882220553532,0.5599405159590821,55.99405159590821,695,33.851
Tipamia Bangali,292078,253.0,961,200,1,1,1,b,,,,,,1.0,No,Yes,Yes,No,No,Yes,No,No,Yes,c,b,c,b,Yes,c,c,b,Yes,b,Yes,Yes,a,b,a,Yes,b,Yes,Yes,Yes,No,No,No,0.0,2.9,0.0,0.0,0.0,0.0,0.0,118.1,0.0,118.1,1.0,1.0,1.0,0.5,0.0,0.0,0.0,0.0,0.0,1.0,0.25,0.5,0.5,0.75,1.0,1.0,1.0,0.0,0.5277777777777778,0.2632674297606659,0.2347985162661618,0.25,0.5,1.0,0.25,0.25,0.5,1.0,1.0,0.575,0.0114624505928853,0.0,0.0,0.0,0.5,0.3814756671899529,0.4394392069489755,43.94392069489755,1011,1.0,292078,0.0,Not listed,292078.0,0.484,0.161378274852563,0.8225243450294875,0.5599307171568284,55.99307171568284,696,32.304
Garuhara Gaon,291814,183.0,889,167,1,1,1,b,,,,,,0.0,No,No,Yes,Yes,No,No,No,No,Yes,c,a,c,Yes,a,c,c,c,Yes,a,Yes,Yes,c,c,c,a,c,Yes,Yes,Yes,No,No,No,0.0,19.0,15.0,34.0,1.4,0.0,0.0,101.5,0.0,101.5,1.0,1.0,1.0,0.5,0.0,0.0,0.0,0.0,1.0,1.0,0.25,0.75,0.75,0.25,0.75,1.0,1.0,0.0,0.5694444444444444,0.2058492688413948,0.1762975423078685,0.25,1.0,0.75,0.25,0.25,0.25,1.0,1.0,0.625,0.1038251366120218,0.081967213114754,0.0,0.0076502732240437,0.4792349726775957,0.355071158349847,0.4449497283580476,44.49497283580477,974,1.0,291814,0.0,Not listed,291814.0,0.463,0.0855897918441948,0.8439820416311611,0.5599278759819086,55.99278759819087,697,20.916
Gerakoni No.1,292128,6.1,443,90,1,b,b,b,,,,,,0.0,No,Yes,Yes,No,No,Yes,No,No,Yes,a,b,c,b,b,c,c,b,Yes,b,Yes,Yes,a,c,a,Yes,a,Yes,a,Yes,No,No,No,0.0,6.1,0.0,0.0,0.0,0.0,0.0,0.0,0.0,0.0,1.0,0.5,0.5,0.5,0.0,0.0,0.0,0.0,0.0,1.0,0.75,0.5,0.5,0.75,1.0,1.0,0.75,0.0,0.4861111111111111,0.0137697516930022,0.2288971257205403,0.25,0.5,0.5,0.25,0.25,0.5,1.0,1.0,0.525,1.0,0.0,0.0,0.0,0.5,0.3814756671899529,0.4125471926459034,41.25471926459034,1174,1.0,292128,0.0,Not listed,292128.0,0.429,0.101645683948171,0.8509708632103659,0.5598339767927744,55.98339767927744,698,34.909
Japi Sajia Gaon,291281,192.6,2133,489,1,a,a,a,,,1.0,,,3.0,Yes,Yes,Yes,Yes,No,No,No,Yes,Yes,b,Yes,a,Yes,Yes,Yes,Yes,Yes,Yes,Yes,Yes,Yes,c,b,c,Yes,b,Yes,Yes,Yes,No,Yes,No,0.0,56.1,0.0,27.0,0.0,0.0,0.0,103.3,0.0,103.3,1.0,0.75,0.75,0.75,1.0,0.0,0.0,1.0,1.0,1.0,0.5,1.0,1.0,0.25,1.0,1.0,1.0,0.0,0.7222222222222222,0.090295358649789,0.3449929069250748,0.75,1.0,1.0,1.0,1.0,1.0,1.0,1.0,0.975,0.2912772585669782,0.0,0.0,0.0,0.5,0.3814756671899529,0.6355989157248148,63.55989157248148,15,1.0,291281,0.5,Moderate (9-12),291281.0,0.548,0.162148342028912,0.5531703315942176,0.5597377094474486,55.973770944744864,699,6.881
Kolowlowa Deori Gaon,291728,193.0,877,153,2,1,1,b,,,,,,0.0,No,No,Yes,Yes,Yes,No,No,No,Yes,c,a,c,Yes,Yes,a,c,a,Yes,a,Yes,Yes,c,c,c,Yes,c,Yes,Yes,Yes,No,No,No,0.0,18.0,11.1,0.0,1.5,2.6,0.0,157.6,0.0,157.6,1.0,1.0,1.0,0.5,0.0,0.0,0.0,0.0,1.0,1.0,0.25,0.75,0.75,0.25,1.0,1.0,1.0,0.0,0.5833333333333334,0.2200684150513112,0.2337767261679116,0.25,1.0,1.0,0.75,0.25,0.75,1.0,1.0,0.75,0.0932642487046632,0.0575129533678756,0.0,0.0212435233160621,0.4933678756476684,0.3730423536493115,0.5038859856051735,50.38859856051735,466,0.997264437694499,291728,0.25,Low (5-8),291728.0,0.33,0.188378731507633,0.7383242536984733,0.559730236068764,55.9730236068764,700,19.254
Kachomari Hatigar Gaon,291227,57.6,283,59,1,a,a,c,,,1.0,,,1.0,No,No,Yes,No,No,No,No,Yes,Yes,c,c,c,c,Yes,c,c,c,Yes,a,Yes,Yes,c,c,c,Yes,c,Yes,a,Yes,No,No,No,0.0,12.2,0.0,0.0,0.3,0.0,0.0,43.4,0.0,43.4,1.0,0.75,0.75,0.25,1.0,0.0,0.0,0.0,0.0,1.0,0.25,0.25,0.75,0.25,1.0,1.0,0.75,0.0,0.5,0.2035335689045936,0.2333856259962415,0.25,0.25,1.0,0.25,0.25,0.25,1.0,1.0,0.525,0.2118055555555555,0.0,0.0,0.0052083333333333,0.5026041666666667,0.384787087912088,0.417803824081478,41.7803824081478,1143,1.0,291227,0.0,Not listed,291227.0,0.393,0.177541454443364,0.8465917091113272,0.5597011533304045,55.97011533304045,701,15.442
Balijangaon,291503,47.8,1000,193,1,1,a,c,,,,,,1.0,Yes,Yes,Yes,No,No,No,Yes,No,Yes,c,Yes,c,c,Yes,c,Yes,Yes,Yes,b,Yes,Yes,b,c,b,b,c,Yes,Yes,Yes,No,No,No,0.0,18.3,0.0,0.0,1.0,0.0,0.0,28.5,0.0,28.5,1.0,1.0,0.75,0.25,0.0,0.0,0.0,1.0,0.0,1.0,0.25,1.0,0.5,0.5,0.5,1.0,1.0,0.0,0.5416666666666666,0.0477999999999999,0.2297020461798385,0.25,0.25,1.0,0.25,1.0,1.0,1.0,1.0,0.725,0.3828451882845188,0.0,0.0,0.0209205020920502,0.5104602510460251,0.394776771345809,0.4892975324807881,48.92975324807881,600,1.0,291503,0.0,Not listed,291503.0,0.783,0.101857698941832,0.7447284602116335,0.5595334113314844,55.953341133148434,702,35.91
Kabula No.28,292214,208.5,736,144,1,a,b,b,,,1.0,,,0.0,Yes,No,Yes,No,No,No,No,No,b,b,Yes,c,b,b,c,c,Yes,Yes,a,Yes,Yes,a,c,b,a,c,Yes,Yes,Yes,No,No,No,0.0,34.3,0.0,0.0,0.0,0.0,0.0,174.2,0.0,174.2,1.0,0.75,0.5,0.5,1.0,0.0,0.0,1.0,0.0,0.5,0.5,1.0,0.75,0.75,0.75,1.0,1.0,0.0,0.6111111111111112,0.2832880434782608,0.2352720656050799,0.25,0.5,0.5,0.25,0.25,1.0,1.0,1.0,0.65,0.1645083932853717,0.0,0.0,0.0,0.5,0.3814756671899529,0.4828909276170384,48.28909276170384,656,1.0,292214,0.0,Not listed,292214.0,0.571,0.225844508152162,0.7835310983695676,0.55945180582759,55.945180582759,703,46.028
Kadamani Grant Gaon No.39,291276,197.8,71,16,1,a,a,c,,,,,,1.0,No,No,Yes,Yes,No,No,No,No,b,c,b,b,a,a,b,b,b,a,a,Yes,Yes,b,b,b,Yes,c,Yes,a,No,No,No,No,0.0,5.8,2.4,0.0,1.6,0.0,0.0,185.5,0.0,185.5,1.0,0.75,0.75,0.25,0.0,0.0,0.0,0.0,1.0,0.5,0.25,0.5,0.75,0.5,1.0,1.0,0.75,0.0,0.5,2.7859154929577468,0.2373240758612119,0.5,0.75,0.75,0.5,0.5,0.5,0.75,1.0,0.65,0.0293225480283114,0.0121334681496461,0.0,0.0080889787664307,0.5004044489383215,0.3819899586185878,0.4557290106890205,45.572901068902055,895,1.0,291276,0.0,Not listed,291276.0,0.666,0.0922501461800955,0.7817499707639809,0.5593295010636835,55.93295010636835,704,14.392
Dadhia F.V.,291479,362.7,3379,570,3,3,b,c,,,1.0,,,1.0,Yes,Yes,Yes,Yes,No,Yes,No,No,Yes,c,Yes,c,b,b,c,b,c,Yes,Yes,Yes,Yes,a,c,a,Yes,c,Yes,Yes,Yes,No,No,No,0.0,120.6,0.0,0.0,30.0,0.0,0.0,212.0,0.0,212.0,1.0,1.0,0.5,0.25,1.0,0.0,0.0,1.0,1.0,1.0,0.25,1.0,1.0,0.75,1.0,1.0,1.0,0.0,0.7083333333333334,0.1073394495412844,0.345396052307528,0.25,0.5,0.5,0.25,0.5,0.25,1.0,1.0,0.625,0.3325062034739454,0.0,0.0,0.0827129859387924,0.5413564929693961,0.4340639863504096,0.5377451436802972,53.77451436802973,239,1.0,291479,0.0,Not listed,291479.0,0.945,0.0522375265409335,0.7060524946918133,0.5588796089061687,55.88796089061688,705,34.185
Ghahi Pather N.C.,292165,4.0,67,15,1,a,b,b,,,,,,0.0,No,No,Yes,No,No,No,No,No,b,c,a,c,a,a,c,c,a,a,a,Yes,Yes,b,b,c,a,b,Yes,a,Yes,No,No,No,0.0,0.2,0.0,0.0,0.0,0.0,0.0,3.8,0.0,3.8,1.0,0.75,0.5,0.5,0.0,0.0,0.0,0.0,0.0,0.5,0.25,0.75,0.75,0.5,0.75,1.0,0.75,0.0,0.4444444444444444,0.0597014925373134,0.1728406960877982,0.25,0.75,0.75,0.25,0.25,0.75,0.75,1.0,0.625,0.05,0.0,0.0,0.0,0.5,0.3814756671899529,0.4181164185710512,41.81164185710512,1141,1.0,292165,0.0,Not listed,292165.0,0.47,0.127153786154186,0.8335692427691628,0.5588592212081076,55.88592212081076,706,40.315
Mowamora Gaon No.2,291738,74.8,455,89,1,a,a,c,,,,,,0.0,No,No,Yes,No,No,No,No,No,c,c,b,c,Yes,Yes,b,c,b,Yes,b,Yes,Yes,c,c,c,a,c,a,Yes,Yes,No,No,No,0.0,7.4,0.5,43.5,0.0,0.0,0.1,22.9,0.0,22.9,1.0,0.75,0.75,0.25,0.0,0.0,0.0,0.0,0.0,0.25,0.25,0.5,0.5,0.25,0.75,0.75,1.0,0.0,0.3888888888888889,0.1643956043956043,0.1181741779902095,0.25,1.0,1.0,0.5,0.25,0.5,1.0,1.0,0.65,0.0989304812834224,0.0066844919786096,0.0,0.0013368983957219,0.498663101604278,0.3797756864983756,0.3977209040194497,39.77209040194498,1231,1.0,291738,0.0,Not listed,291738.0,0.359,0.182848510341503,0.8557302979316994,0.5588020166449885,55.880201664498856,707,15.654
Borkeremia Gaon No.1,292376,292.0,567,124,1,a,a,b,,,,,,0.0,No,No,Yes,No,No,No,No,No,b,b,Yes,b,b,Yes,c,b,Yes,Yes,a,Yes,Yes,b,b,b,a,Yes,Yes,Yes,Yes,No,No,No,0.0,6.4,5.0,2.9,0.0,0.0,0.0,241.8,0.0,241.8,1.0,0.75,0.75,0.5,0.0,0.0,0.0,0.0,0.0,0.5,0.5,1.0,0.75,0.5,0.75,1.0,1.0,0.0,0.5,0.5149911816578483,0.1836097031892038,0.5,0.5,1.0,0.25,0.5,1.0,1.0,1.0,0.75,0.021917808219178,0.0171232876712328,0.0,0.0,0.4948630136986301,0.3749435496010839,0.4708911357175177,47.089113571751774,773,1.0,292376,0.0,Not listed,292376.0,0.72,0.0878507675769676,0.7664298464846064,0.5587158968313062,55.871589683130615,708,49.63
Nahula Block,292092,68.2,248,47,1,a,a,c,,,,,,4.0,Yes,No,Yes,No,No,Yes,No,No,Yes,c,c,c,c,b,c,c,c,Yes,b,Yes,Yes,b,c,b,Yes,c,Yes,a,Yes,No,No,No,0.0,14.4,0.0,0.0,0.0,0.0,0.0,43.5,0.0,43.5,1.0,0.75,0.75,0.25,0.0,0.0,0.0,1.0,0.0,1.0,0.25,0.25,0.5,0.5,1.0,1.0,0.75,0.0,0.5,0.275,0.2922188849258494,0.25,0.25,0.5,0.25,0.25,0.25,1.0,1.0,0.45,0.2111436950146627,0.0,0.0,0.0,0.5,0.3814756671899529,0.409349854669453,40.9349854669453,1189,1.0,292092,0.0,Not listed,292092.0,0.4,0.170908405447486,0.8458183189105029,0.5586033988741564,55.86033988741564,709,27.986
Dhariatoli Gaon,291151,48.1,135,24,a,a,a,c,,,,,,1.0,Yes,No,Yes,No,No,No,No,No,Yes,c,b,b,b,b,b,b,b,Yes,a,Yes,Yes,c,c,c,a,c,a,b,Yes,No,No,No,0.0,3.8,0.0,0.0,5.0,2.2,0.0,24.0,0.0,24.0,0.75,0.75,0.75,0.25,0.0,0.0,0.0,1.0,0.0,1.0,0.25,0.5,0.75,0.25,0.75,0.75,0.5,0.0,0.4583333333333333,0.3562962962962963,0.1227132219510668,0.5,0.5,0.5,0.5,0.5,0.5,1.0,1.0,0.625,0.0790020790020789,0.0,0.0,0.1496881496881497,0.5748440748440748,0.476646311811147,0.4280909011833295,42.80909011833295,1092,1.0,291151,0.0,Not listed,291151.0,0.491,0.120693673129513,0.8285612653740975,0.5585997584090777,55.85997584090777,710,12.482
Pulungani,292054,375.1,1342,282,2,a,b,b,,,,,,1.0,No,Yes,No,Yes,No,Yes,No,No,Yes,b,b,c,Yes,Yes,c,a,a,Yes,b,Yes,Yes,b,b,b,a,Yes,Yes,Yes,Yes,No,No,No,0.0,35.0,0.0,0.0,0.0,0.0,0.0,340.1,0.0,340.1,1.0,0.75,0.5,0.5,0.0,0.0,0.0,0.0,1.0,1.0,0.5,0.5,0.5,0.5,0.75,1.0,1.0,0.0,0.5277777777777778,0.2795081967213115,0.1780398034140952,0.25,1.0,1.0,0.25,0.75,0.75,1.0,1.0,0.7,0.093308451079712,0.0,0.0,0.0,0.5,0.3814756671899529,0.4627495287359588,46.27495287359588,832,1.0,292054,0.0,Not listed,292054.0,0.604,0.134146216160767,0.7919707567678466,0.5585196036391554,55.851960363915545,711,38.832
Kachomari Deori N.C.,291224,42.8,12,2,1,a,a,c,,,,,,1.0,No,No,No,Yes,No,No,Yes,No,Yes,c,c,c,a,a,c,c,c,c,a,Yes,a,c,c,c,a,c,Yes,a,Yes,No,No,No,0.0,3.4,0.0,0.0,2.2,0.0,0.0,23.8,0.0,23.8,1.0,0.75,0.75,0.25,0.0,0.0,0.0,0.0,1.0,1.0,0.25,0.25,0.75,0.25,0.75,1.0,0.75,0.0,0.4861111111111111,3.5666666666666664,0.2557912521118828,0.25,0.75,0.75,0.25,0.25,0.25,0.25,0.75,0.45,0.0794392523364486,0.0,0.0,0.0514018691588785,0.5257009345794392,0.4141566044102759,0.4033069116878037,40.33069116878037,1212,0.972519084014965,291224,0.0,Not listed,291224.0,0.375,0.158329173099508,0.8558341653800984,0.5584049698415514,55.84049698415514,712,16.336
Kath Gaon,291098,210.2,194,45,1,a,a,b,,,,,,0.0,No,Yes,Yes,No,No,No,No,Yes,Yes,b,a,a,b,Yes,a,a,a,Yes,b,Yes,Yes,a,b,a,Yes,b,Yes,a,Yes,No,No,No,0.0,6.8,0.0,1.2,3.4,0.9,0.0,197.2,0.0,197.2,1.0,0.75,0.75,0.5,0.0,0.0,0.0,0.0,0.0,1.0,0.5,0.75,0.5,0.75,1.0,1.0,0.75,0.0,0.5138888888888888,1.0835051546391752,0.2541996713881239,0.75,0.5,1.0,0.75,0.75,0.75,1.0,1.0,0.775,0.0323501427212178,0.0,0.0,0.0204567078972407,0.5102283539486203,0.3944818943459693,0.503418518938447,50.34185189384471,473,1.0,291098,0.25,Low (5-8),291098.0,0.504,0.111174378054721,0.7015651243890558,0.5583482517545487,55.83482517545488,713,7.835
Dighalibari,291427,651.0,2329,461,3,2,b,b,,,1.0,,,1.0,Yes,Yes,Yes,No,No,Yes,No,No,Yes,b,Yes,b,b,Yes,b,b,b,Yes,Yes,Yes,Yes,c,b,c,a,Yes,Yes,Yes,Yes,No,No,No,0.0,151.4,0.0,43.5,0.0,0.0,0.0,287.5,0.0,287.5,1.0,1.0,0.5,0.5,1.0,0.0,0.0,1.0,0.0,1.0,0.5,1.0,1.0,0.25,0.75,1.0,1.0,0.0,0.6388888888888888,0.2795191069128381,0.2923257757595303,0.5,0.5,1.0,0.5,0.5,0.5,1.0,1.0,0.75,0.2325652841781874,0.0,0.0,0.0,0.5,0.3814756671899529,0.5340987996000954,53.40987996000954,256,1.0,291427,0.0,Not listed,291427.0,0.903,0.171466995296889,0.6948066009406222,0.5582254343946244,55.82254343946244,714,34.016
Shajan Gaon No.1,291075,46.0,58,12,a,a,a,c,,,,,,1.0,No,Yes,Yes,No,No,No,Yes,No,c,c,Yes,c,c,c,c,c,c,c,a,a,Yes,c,c,c,Yes,c,a,a,No,No,No,No,0.0,2.8,0.0,0.0,14.2,2.9,0.0,26.0,0.0,26.0,0.75,0.75,0.75,0.25,0.0,0.0,0.0,0.0,0.0,0.25,0.25,1.0,0.75,0.25,1.0,0.75,0.75,0.0,0.4166666666666667,0.7931034482758621,0.0759022028313795,0.25,0.25,0.25,0.25,0.25,0.25,0.25,1.0,0.45,0.0608695652173913,0.0,0.0,0.3717391304347825,0.6858695652173913,0.617824721861989,0.3817071617469093,38.17071617469093,1265,1.0,291075,0.0,Not listed,291075.0,0.285,0.115329526861169,0.8914340946277662,0.5582228968382498,55.82228968382498,715,14.464
Barbam No.1,292301,179.0,540,113,2,2,1,c,,,1.0,,,0.0,Yes,Yes,Yes,Yes,No,Yes,No,No,Yes,b,a,c,a,b,c,b,a,Yes,b,Yes,Yes,c,c,c,Yes,Yes,Yes,Yes,Yes,No,No,No,21.5,40.3,0.0,30.3,0.0,0.0,0.0,0.0,0.0,0.0,1.0,1.0,1.0,0.25,1.0,0.0,0.0,1.0,1.0,1.0,0.5,0.75,0.5,0.25,1.0,1.0,1.0,0.0,0.6805555555555556,0.3314814814814815,0.2935548463800764,0.25,0.75,0.5,0.25,0.5,0.75,1.0,1.0,0.625,0.2251396648044692,0.0,0.1201117318435754,0.0,0.4759776536312849,0.3509291984950405,0.501213440182916,50.1213440182916,490,1.0,292301,0.0,Not listed,292301.0,0.693,0.122478291881634,0.7676043416236732,0.5580698280187445,55.80698280187445,716,40.053
Bosajan,291670,43.4,347,73,1,a,a,a,,,,,,0.0,Yes,No,Yes,No,No,No,No,No,Yes,c,Yes,c,c,c,c,Yes,Yes,Yes,b,Yes,Yes,a,c,a,Yes,c,Yes,a,Yes,No,No,No,0.0,9.2,0.0,0.0,0.8,0.0,0.0,33.5,0.0,33.5,1.0,0.75,0.75,0.75,0.0,0.0,0.0,1.0,0.0,1.0,0.25,1.0,0.5,0.75,1.0,1.0,0.75,0.0,0.5833333333333334,0.1250720461095101,0.2886726258325133,0.25,0.25,0.25,0.25,1.0,1.0,1.0,1.0,0.65,0.2119815668202765,0.0,0.0,0.0184331797235023,0.5092165898617511,0.3931953497457118,0.491640559740604,49.1640559740604,576,1.0,291670,0.0,Not listed,291670.0,0.754,0.161360896884131,0.7415278206231738,0.5577585871692546,55.77585871692546,717,38.308
Balijan 173/174 Nlr Grant,291504,360.6,1086,223,1,a,a,c,,,,,,1.0,Yes,No,Yes,No,No,No,No,No,Yes,c,Yes,c,c,c,c,Yes,Yes,Yes,b,Yes,Yes,b,c,c,Yes,c,Yes,Yes,Yes,No,No,No,0.0,40.2,5.8,0.0,0.0,0.0,0.0,5.0,0.0,5.0,1.0,0.75,0.75,0.25,0.0,0.0,0.0,1.0,0.0,1.0,0.25,1.0,0.5,0.5,1.0,1.0,1.0,0.0,0.5555555555555556,0.3320441988950276,0.2935681563846017,0.25,0.25,0.25,0.25,1.0,1.0,1.0,1.0,0.65,0.1114808652246256,0.0160843039378813,0.0,0.0,0.4951747088186356,0.3753398966139637,0.4823489073078321,48.234890730783206,664,1.0,291504,0.0,Not listed,291504.0,0.77,0.119538776875939,0.7450922446248123,0.5577299214381699,55.77299214381699,718,36.046
Dillghat Gaon No.2,292417,128.6,1158,240,2,a,a,a,,,,,,1.0,Yes,Yes,Yes,Yes,Yes,Yes,Yes,No,Yes,a,a,b,Yes,a,a,a,a,Yes,a,Yes,Yes,a,a,c,a,c,a,Yes,Yes,No,No,No,0.0,116.4,0.0,0.0,0.0,0.0,0.0,6.7,0.0,6.7,1.0,0.75,0.75,0.75,0.0,0.0,0.0,1.0,1.0,1.0,0.75,0.75,0.75,0.75,0.75,0.75,1.0,0.0,0.6527777777777778,0.1110535405872193,0.1740553306014623,0.5,1.0,0.75,0.75,0.75,0.75,1.0,1.0,0.8,0.9051321928460344,0.0,0.0,0.0,0.5,0.3814756671899529,0.5230034105328005,52.30034105328005,322,1.0,292417,0.0,Not listed,292417.0,0.717,0.213841214750264,0.7421317570499473,0.5575878855488375,55.75878855488375,719,55.017
Ghurania No.2,292287,40.2,645,139,1,a,a,b,,,,,,0.0,Yes,Yes,No,Yes,No,No,No,No,b,b,a,b,b,b,c,a,a,Yes,b,Yes,Yes,c,c,c,a,c,Yes,Yes,Yes,No,No,No,0.0,15.0,0.0,0.0,0.0,0.0,0.0,15.2,0.0,15.2,1.0,0.75,0.75,0.5,0.0,0.0,0.0,1.0,1.0,0.5,0.5,0.75,0.5,0.25,0.75,1.0,1.0,0.0,0.5694444444444444,0.0623255813953488,0.2300456210354447,0.5,0.5,0.5,0.25,0.75,0.75,1.0,1.0,0.65,0.3731343283582089,0.0,0.0,0.0,0.5,0.3814756671899529,0.4711676498079629,47.11676498079629,768,1.0,292287,0.0,Not listed,292287.0,0.604,0.183570394877749,0.7820859210244502,0.5575671237471341,55.756712374713416,720,36.744
Majgaon,292167,36.2,274,57,1,a,a,b,,,,,,0.0,Yes,Yes,Yes,No,No,No,No,No,Yes,c,b,c,b,b,c,c,b,Yes,b,Yes,Yes,c,c,b,a,c,Yes,a,Yes,No,No,No,0.0,3.4,0.0,0.0,0.0,0.0,0.0,32.9,0.0,32.9,1.0,0.75,0.75,0.5,0.0,0.0,0.0,1.0,0.0,1.0,0.25,0.5,0.5,0.25,0.75,1.0,0.75,0.0,0.5,0.1321167883211678,0.231696398597422,0.25,0.5,0.5,0.25,0.25,0.5,1.0,1.0,0.525,0.0939226519337016,0.0,0.0,0.0,0.5,0.3814756671899529,0.4167192330873461,41.67192330873461,1148,1.0,292167,0.0,Not listed,292167.0,0.473,0.0734113340927853,0.843417733181443,0.5575125430004256,55.75125430004256,721,39.681
Nowjan Salmari N.C.,291218,35.2,106,26,a,a,b,b,,,,,,1.0,No,No,Yes,No,No,No,No,Yes,Yes,c,c,b,b,b,a,a,a,Yes,a,a,Yes,b,c,b,a,c,a,a,Yes,No,No,No,0.0,11.5,0.0,0.0,0.0,0.0,0.0,21.6,0.0,21.6,0.75,0.75,0.5,0.5,0.0,0.0,0.0,0.0,0.0,1.0,0.25,0.25,0.75,0.5,0.75,0.75,0.75,0.0,0.4166666666666667,0.3320754716981132,0.0649974675115378,0.5,0.5,0.5,0.75,0.75,0.75,1.0,1.0,0.675,0.3267045454545454,0.0,0.0,0.0,0.5,0.3814756671899529,0.3992111669825417,39.921116698254174,1227,1.0,291218,0.0,Not listed,291218.0,0.305,0.181086257648192,0.8722827484703616,0.557383816344522,55.7383816344522,722,17.866
Nogaghuli 16/177 Orr,291272,218.0,1137,218,2,a,a,c,,,,,,1.0,No,No,Yes,Yes,No,No,No,Yes,Yes,c,b,c,Yes,c,c,c,c,Yes,b,Yes,Yes,a,b,a,Yes,c,a,Yes,Yes,No,No,No,0.0,60.2,5.4,0.0,0.0,60.0,15.0,47.0,0.0,47.0,1.0,0.75,0.75,0.25,0.0,0.0,0.0,0.0,1.0,1.0,0.25,0.5,0.5,0.75,1.0,0.75,1.0,0.0,0.5277777777777778,0.1917326297273527,0.1759636402000462,0.25,1.0,0.25,0.25,0.25,0.25,1.0,1.0,0.525,0.2761467889908257,0.0247706422018348,0.0,0.3440366972477064,0.6645871559633028,0.5907623176299455,0.4515878180204451,45.15878180204452,932,0.940000000099341,291272,0.0,Not listed,291272.0,0.628,0.0619032197578863,0.7992193560484228,0.5572930001138725,55.72930001138725,723,10.533
Kachalu Pather No.2,292067,52.9,802,167,1,2,1,1,,1.0,,,,0.0,Yes,Yes,Yes,No,No,No,No,No,Yes,a,b,c,b,b,c,a,a,Yes,b,Yes,Yes,b,a,b,a,b,Yes,Yes,Yes,No,No,Yes,0.0,6.3,0.0,0.0,0.0,0.0,0.0,39.0,0.0,39.0,1.0,1.0,1.0,1.0,0.0,1.0,0.0,1.0,0.0,1.0,0.75,0.5,0.5,0.5,0.75,1.0,1.0,1.0,0.7222222222222222,0.0659600997506234,0.2301315886180924,0.25,0.5,0.5,0.25,0.75,0.75,1.0,1.0,0.6,0.1190926275992438,0.0,0.0,0.0,0.5,0.3814756671899529,0.4943835861480692,49.43835861480693,553,1.0,292067,0.0,Very Low (1-4),292067.0,0.544,0.152766065014315,0.806246786997137,0.5572529620318708,55.72529620318708,724,37.467
Dillibari,292221,92.4,465,96,1,1,b,b,,,,,,0.0,No,No,Yes,Yes,No,Yes,No,No,Yes,c,Yes,b,b,b,c,b,Yes,Yes,a,Yes,Yes,b,b,b,a,c,Yes,Yes,Yes,No,No,No,0.0,0.0,13.4,0.0,0.0,0.0,0.0,79.0,0.0,79.0,1.0,1.0,0.5,0.5,0.0,0.0,0.0,0.0,1.0,1.0,0.25,1.0,0.75,0.5,0.75,1.0,1.0,0.0,0.5694444444444444,0.1987096774193548,0.1761286689233787,0.5,0.5,0.5,0.25,0.5,1.0,1.0,1.0,0.7,0.0,0.145021645021645,0.0,0.0,0.4564935064935065,0.3261534383983364,0.4616239660216231,46.16239660216231,842,1.0,292221,0.0,Not listed,292221.0,0.498,0.202725988608677,0.8100548022782645,0.5569771039019009,55.69771039019009,725,44.799
Jagun,292320,142.3,553,132,1,1,1,a,,,,,,0.0,Yes,No,Yes,No,No,No,No,No,a,a,a,Yes,Yes,Yes,c,a,c,Yes,a,Yes,Yes,c,a,c,a,a,a,Yes,Yes,No,No,No,2.3,2.6,2.4,0.0,0.7,0.5,2.1,131.3,0.0,131.3,1.0,1.0,1.0,0.75,0.0,0.0,0.0,1.0,0.0,0.75,0.75,0.75,0.75,0.25,0.75,0.75,1.0,0.0,0.5833333333333334,0.2573236889692586,0.1775150712990663,1.0,1.0,1.0,0.25,0.75,0.25,1.0,1.0,0.775,0.0182712579058327,0.0168657765284609,0.0161630358397751,0.0231904427266338,0.5033028812368237,0.3856755632681745,0.4998472138117348,49.984721381173486,509,1.0,292320,0.0,Not listed,292320.0,0.775,0.0914365485445674,0.7492126902910865,0.5569151784314275,55.69151784314275,726,45.817
Sripuria (Sriparia),292144,86.1,206,43,1,a,b,b,,,,,,0.0,No,Yes,Yes,No,No,No,No,No,Yes,c,a,c,a,a,c,c,a,Yes,a,Yes,Yes,b,b,b,a,b,Yes,a,Yes,No,No,No,0.0,24.2,0.0,0.0,0.0,0.0,0.0,61.9,0.0,61.9,1.0,0.75,0.5,0.5,0.0,0.0,0.0,0.0,0.0,1.0,0.25,0.75,0.75,0.5,0.75,1.0,0.75,0.0,0.4722222222222222,0.4179611650485436,0.1813146436636224,0.25,0.75,0.75,0.25,0.25,0.75,1.0,1.0,0.65,0.281068524970964,0.0,0.0,0.0,0.5,0.3814756671899529,0.4346793499094517,43.46793499094517,1051,1.0,292144,0.0,Not listed,292144.0,0.557,0.110392537010578,0.8108214925978844,0.5568786080335523,55.68786080335523,727,40.872
Chapatali No.4,292235,40.1,464,97,1,b,b,b,,,,,,0.0,Yes,No,No,Yes,No,Yes,No,No,Yes,b,c,,b,b,c,a,a,Yes,a,Yes,Yes,a,b,b,a,Yes,Yes,Yes,Yes,No,No,No,0.0,2.0,0.0,0.0,0.0,0.0,0.0,38.1,0.0,38.1,1.0,0.5,0.5,0.5,0.0,0.0,0.0,1.0,1.0,1.0,0.5,0.25,0.75,0.75,0.75,1.0,1.0,0.0,0.5833333333333334,0.0864224137931034,0.2306155855336833,0.0,0.5,0.5,0.25,0.75,0.75,1.0,1.0,0.575,0.0498753117206982,0.0,0.0,0.0,0.5,0.3814756671899529,0.4522823631547447,45.22823631547448,927,1.0,292235,0.0,Not listed,292235.0,0.472,0.206374817221439,0.8171250365557122,0.5567252610841986,55.67252610841986,728,45.215
Kherani,292180,202.3,687,142,1,a,a,a,,,,,,0.0,No,Yes,Yes,No,No,No,No,No,a,b,Yes,c,b,a,c,a,Yes,Yes,b,Yes,Yes,c,c,b,a,a,a,Yes,No,No,No,No,0.0,23.4,0.0,4.9,0.0,0.0,0.0,113.8,0.0,113.8,1.0,0.75,0.75,0.75,0.0,0.0,0.0,0.0,0.0,0.75,0.5,1.0,0.5,0.25,0.75,0.75,1.0,0.0,0.4861111111111111,0.2944687045123726,0.0641079513363166,0.25,0.5,0.75,0.25,0.75,1.0,1.0,1.0,0.7,0.1156697973306969,0.0,0.0,0.0,0.5,0.3814756671899529,0.4238498990498475,42.38498990498476,1115,1.0,292180,0.0,Not listed,292180.0,0.375,0.144146818702332,0.8586706362595335,0.5567165924163855,55.67165924163855,729,37.948
Dighali Block Gaon,292279,51.3,121,21,1,a,b,b,,,,,,0.0,No,No,No,Yes,No,No,No,No,Yes,b,b,b,b,Yes,c,b,a,Yes,a,Yes,Yes,c,b,c,a,a,Yes,a,Yes,No,No,No,0.0,12.1,3.0,0.0,0.0,0.0,0.0,34.1,0.0,34.1,1.0,0.75,0.5,0.5,0.0,0.0,0.0,0.0,1.0,1.0,0.5,0.5,0.75,0.25,0.75,1.0,0.75,0.0,0.5138888888888888,0.4239669421487603,0.1814566988381347,0.5,0.5,1.0,0.25,0.5,0.75,1.0,1.0,0.675,0.2358674463937622,0.0584795321637426,0.0,0.0,0.4824561403508772,0.3591671486408329,0.4481698266599225,44.81698266599225,952,1.0,292279,0.0,Not listed,292279.0,0.607,0.0591122476299139,0.8060775504740172,0.5566702671952656,55.66702671952656,730,33.576
Balijan Chah Bagan,291500,301.3,1283,236,1,a,a,c,,,,,,1.0,No,No,Yes,No,No,No,No,No,Yes,c,Yes,Yes,c,c,c,Yes,Yes,Yes,b,Yes,Yes,c,c,c,Yes,c,Yes,Yes,Yes,No,No,No,0.0,23.5,3.1,0.0,0.0,0.0,0.0,10.3,0.0,10.3,1.0,0.75,0.75,0.25,0.0,0.0,0.0,0.0,0.0,1.0,0.25,1.0,0.5,0.25,1.0,1.0,1.0,0.0,0.4861111111111111,0.2348402182385035,0.2341261249292381,1.0,0.25,0.25,0.25,1.0,1.0,1.0,1.0,0.725,0.077995353468304,0.0102887487553932,0.0,0.0,0.496913375373382,0.3775507598939394,0.4730694609888752,47.30694609888752,755,1.0,291500,0.0,Not listed,291500.0,0.786,0.117011744283662,0.7407976511432676,0.5564832056737075,55.648320567370746,731,35.208
Pani Gaon No.2,291206,49.3,82,20,1,a,a,a,,,,,,1.0,No,No,Yes,No,Yes,No,No,Yes,a,c,a,c,b,b,a,a,a,a,a,a,Yes,c,a,c,Yes,c,Yes,a,No,No,No,No,0.0,28.0,0.0,0.0,0.0,0.0,0.0,21.3,0.0,21.3,1.0,0.75,0.75,0.75,0.0,0.0,0.0,0.0,0.0,0.75,0.25,0.75,0.75,0.25,1.0,1.0,0.75,0.0,0.4861111111111111,0.6012195121951219,0.1856492694831209,0.25,0.5,0.5,0.75,0.75,0.75,0.75,1.0,0.675,0.5679513184584178,0.0,0.0,0.0,0.5,0.3814756671899529,0.4467352285865486,44.67352285865486,965,1.0,291206,0.25,Low (5-8),291206.0,0.207,0.0927734738668104,0.7943453052266379,0.5563717895399284,55.63717895399284,732,22.203
Udalguri Gaon,291398,161.0,569,108,1,b,b,b,,,,,,0.0,No,No,Yes,No,No,No,No,No,Yes,b,a,a,Yes,Yes,a,a,a,Yes,b,Yes,Yes,c,b,c,Yes,Yes,Yes,Yes,Yes,No,No,No,0.0,60.0,0.0,0.0,0.0,0.0,0.0,24.0,0.0,24.0,1.0,0.5,0.5,0.5,0.0,0.0,0.0,0.0,0.0,1.0,0.5,0.75,0.5,0.25,1.0,1.0,1.0,0.0,0.4722222222222222,0.2829525483304042,0.23526413010881,0.75,1.0,1.0,0.75,0.75,0.75,1.0,1.0,0.825,0.3726708074534161,0.0,0.0,0.0,0.5,0.3814756671899529,0.5006667215207485,50.06667215207485,498,1.0,291398,0.0,Not listed,291398.0,0.917,0.182876667735851,0.6883246664528297,0.5563672491868273,55.63672491868273,733,34.304
Kathalguri T.E. 69 Appl,291539,162.0,820,158,1,1,a,a,,,,,,0.0,No,No,No,Yes,No,No,No,No,Yes,c,Yes,c,Yes,Yes,Yes,b,Yes,Yes,b,Yes,Yes,a,c,a,Yes,Yes,Yes,Yes,Yes,No,No,No,0.0,25.0,0.0,6.0,0.0,0.0,0.0,70.0,0.0,70.0,1.0,1.0,0.75,0.75,0.0,0.0,0.0,0.0,1.0,1.0,0.25,1.0,0.5,0.75,1.0,1.0,1.0,0.0,0.6111111111111112,0.1975609756097561,0.2332443557211994,0.25,1.0,1.0,1.0,0.5,1.0,1.0,1.0,0.825,0.1543209876543209,0.0,0.0,0.0,0.5,0.3814756671899529,0.5348840001460682,53.48840001460682,251,1.0,291539,0.0,Not listed,291539.0,0.987,0.072185842435197,0.6894628315129606,0.5563175716139771,55.63175716139771,734,55.043
Chauwani,292213,96.2,406,79,1,1,b,b,,,,,,0.0,Yes,No,No,Yes,Yes,Yes,No,No,Yes,b,b,c,c,b,c,b,a,Yes,a,Yes,Yes,a,b,b,Yes,Yes,Yes,a,Yes,No,No,No,0.0,0.0,16.0,0.0,0.0,0.0,0.0,80.2,0.0,80.2,1.0,1.0,0.5,0.5,0.0,0.0,0.0,1.0,1.0,1.0,0.5,0.5,0.75,0.75,1.0,1.0,0.75,0.0,0.625,0.2369458128078817,0.2913187858858256,0.25,0.25,0.5,0.25,0.5,0.75,1.0,1.0,0.575,0.0,0.1663201663201663,0.0,0.0,0.4501039501039501,0.3180285707758235,0.4651854106266211,46.51854106266211,814,1.0,292213,0.0,Not listed,292213.0,0.542,0.179065538451701,0.8015868923096598,0.5561687390116938,55.61687390116938,735,44.257
Puwali Pather No.2 N.C.,292160,10.6,60,11,1,2,b,b,,,,,,0.0,No,No,Yes,No,No,No,No,No,Yes,c,a,c,a,b,c,c,a,a,b,Yes,Yes,c,b,c,Yes,a,Yes,a,Yes,No,No,No,0.0,1.4,0.0,0.0,0.0,0.0,0.0,9.2,0.0,9.2,1.0,1.0,0.5,0.5,0.0,0.0,0.0,0.0,0.0,1.0,0.25,0.75,0.5,0.25,1.0,1.0,0.75,0.0,0.4722222222222222,0.1766666666666666,0.2327501407921907,0.25,0.75,0.5,0.25,0.25,0.75,0.75,1.0,0.575,0.1320754716981132,0.0,0.0,0.0,0.5,0.3814756671899529,0.4250382241915938,42.50382241915938,1108,1.0,292160,0.0,Not listed,292160.0,0.54,0.118775109599736,0.8142449780800528,0.5561068765085617,55.61068765085617,736,40.612
Ghumtat Gaon,291649,164.0,662,129,2,1,a,a,,,1.0,,,0.0,No,Yes,Yes,No,No,No,No,No,Yes,b,Yes,c,b,b,c,b,Yes,Yes,a,Yes,Yes,c,c,c,a,b,Yes,Yes,Yes,No,No,No,0.0,25.0,0.0,0.0,0.0,0.0,5.0,104.0,0.0,104.0,1.0,1.0,0.75,0.75,1.0,0.0,0.0,0.0,0.0,1.0,0.5,1.0,0.75,0.25,0.75,1.0,1.0,0.0,0.5972222222222222,0.2477341389728096,0.1772882488287167,0.25,0.5,0.5,0.25,0.5,1.0,1.0,1.0,0.675,0.1524390243902439,0.0,0.0,0.0304878048780487,0.5152439024390244,0.4008595933683042,0.4762995364363956,47.62995364363956,719,1.0,291649,0.0,Not listed,291649.0,0.602,0.140236402203904,0.7913527195592192,0.5559920890361124,55.59920890361124,737,23.662
Madhuting T.E. 37/139,291529,44.5,1436,298,1,2,a,a,,,,,,1.0,Yes,Yes,Yes,No,No,No,No,No,Yes,a,Yes,a,a,Yes,c,b,Yes,Yes,a,Yes,Yes,a,a,a,a,c,Yes,Yes,Yes,No,Yes,No,0.0,10.1,0.0,0.0,0.0,0.0,0.0,4.0,0.0,4.0,1.0,1.0,0.75,0.75,0.0,0.0,0.0,1.0,0.0,1.0,0.75,1.0,0.75,0.75,0.75,1.0,1.0,0.0,0.6388888888888888,0.0309888579387186,0.2293044107565756,0.75,0.75,1.0,0.25,0.5,1.0,1.0,1.0,0.8,0.2269662921348314,0.0,0.0,0.0,0.5,0.3814756671899529,0.5333434583493567,53.33434583493567,260,1.0,291529,0.0,Not listed,291529.0,0.911,0.115629268195636,0.7035741463608728,0.555977111311986,55.5977111311986,738,48.085
Bharalibari No.2,291745,207.0,250,53,1,1,c,c,,,,,,0.0,Yes,No,Yes,Yes,No,No,No,No,b,c,b,c,b,b,b,b,b,Yes,b,Yes,Yes,c,c,c,a,c,Yes,a,Yes,No,No,No,0.0,12.0,14.6,0.0,1.3,0.0,2.0,172.7,0.0,172.7,1.0,1.0,0.25,0.25,0.0,0.0,0.0,1.0,1.0,0.5,0.25,0.5,0.5,0.25,0.75,1.0,0.75,0.0,0.5,0.828,0.2481561854702459,0.25,0.5,0.5,0.5,0.5,0.5,1.0,1.0,0.575,0.0579710144927536,0.0705314009661835,0.0,0.0159420289855072,0.4868115942028985,0.3647054808545492,0.4324801425384713,43.24801425384713,1061,0.97376093298805,291745,0.0,Not listed,291745.0,0.448,0.275263305540788,0.8105473388918424,0.5559638040524808,55.59638040524808,739,16.542
Tingrai Nepali No.2,291663,57.6,520,103,1,1,1,b,,,,,,0.0,Yes,No,Yes,No,No,No,No,No,Yes,c,Yes,b,b,b,c,a,Yes,Yes,b,Yes,Yes,a,c,a,Yes,b,b,Yes,Yes,No,No,No,0.0,8.7,0.0,0.0,0.0,0.0,0.7,48.1,0.0,48.1,1.0,1.0,1.0,0.5,0.0,0.0,0.0,1.0,0.0,1.0,0.25,1.0,0.5,0.75,1.0,0.5,1.0,0.0,0.5833333333333334,0.1107692307692307,0.2311914629391633,0.5,0.5,0.5,0.25,0.75,1.0,1.0,1.0,0.7,0.1510416666666666,0.0,0.0,0.0121527777777777,0.5060763888888888,0.3892023155416012,0.4914716621764444,49.14716621764445,580,1.0,291663,0.0,Not listed,291663.0,0.712,0.18515143157039,0.7493697136859221,0.5559260985403999,55.59260985403999,740,33.416
Dichang Block,292114,97.0,1032,187,1,2,a,c,,,1.0,,,1.0,Yes,No,Yes,No,No,No,No,No,Yes,c,Yes,c,c,c,c,c,c,Yes,b,Yes,Yes,b,c,b,a,c,Yes,Yes,Yes,No,No,No,0.0,0.0,6.1,0.0,0.0,0.0,0.0,77.8,0.0,77.8,1.0,1.0,0.75,0.25,1.0,0.0,0.0,1.0,0.0,1.0,0.25,1.0,0.5,0.5,0.75,1.0,1.0,0.0,0.6111111111111112,0.0939922480620155,0.2307946354901096,0.25,0.25,0.25,0.25,0.25,0.25,1.0,1.0,0.5,0.0,0.0628865979381443,0.0,0.0,0.4811340206185567,0.357485960284193,0.4319736287071437,43.19736287071437,1066,1.0,292114,0.0,Very Low (1-4),292114.0,0.364,0.147157843938895,0.861368431212221,0.5558689254000448,55.58689254000448,741,31.884
Maju Temtow Bagisha,291154,220.6,1255,261,1,a,a,c,,,,,,1.0,No,No,Yes,No,No,No,No,No,Yes,c,c,c,b,Yes,c,c,c,Yes,b,Yes,Yes,c,c,c,Yes,c,Yes,Yes,Yes,No,No,No,0.0,0.8,0.0,0.0,1.8,0.0,0.0,215.9,0.0,215.9,1.0,0.75,0.75,0.25,0.0,0.0,0.0,0.0,0.0,1.0,0.25,0.25,0.5,0.25,1.0,1.0,1.0,0.0,0.4444444444444444,0.1757768924302788,0.2327290948838399,0.25,0.5,1.0,0.25,0.25,0.25,1.0,1.0,0.525,0.0036264732547597,0.0,0.0,0.0081595648232094,0.5040797824116048,0.3866634595814755,0.4041260767483662,40.41260767483662,1208,1.0,291154,0.0,Not listed,291154.0,0.467,0.116420380928295,0.836615923814341,0.5558281621839177,55.58281621839177,742,11.401
Mahkhowa,292123,232.7,926,182,1,a,a,b,,,,,,3.0,No,No,Yes,No,No,No,No,No,a,b,a,b,a,a,c,c,c,Yes,b,Yes,Yes,a,c,a,Yes,a,a,Yes,Yes,No,No,No,0.0,0.0,25.0,0.0,0.0,0.0,0.0,207.7,0.0,207.7,1.0,0.75,0.75,0.5,0.0,0.0,0.0,0.0,0.0,0.75,0.5,0.75,0.5,0.75,1.0,0.75,1.0,0.0,0.5,0.2512958963282937,0.1773724953890304,0.5,0.75,0.75,0.25,0.25,0.25,1.0,1.0,0.6,0.0,0.1074344649763644,0.0,0.0,0.4677696605070907,0.3404920329838987,0.4174415304440373,41.74415304440374,1145,1.0,292123,0.0,Not listed,292123.0,0.397,0.149392340383663,0.8510215319232675,0.5558255415641494,55.58255415641494,743,36.601
Barbam No.2,292307,129.0,278,50,1,1,a,b,,,,,,0.0,Yes,Yes,Yes,Yes,No,No,No,No,Yes,c,a,b,a,a,c,c,c,Yes,b,Yes,Yes,b,b,b,Yes,b,Yes,a,Yes,No,No,No,0.0,11.3,0.0,0.0,1.1,0.0,0.0,105.1,0.0,105.1,1.0,1.0,0.75,0.5,0.0,0.0,0.0,1.0,1.0,1.0,0.25,0.75,0.5,0.5,1.0,1.0,0.75,0.0,0.6111111111111112,0.4640287769784172,0.296689999230201,0.5,0.75,0.75,0.25,0.25,0.25,1.0,1.0,0.6,0.0875968992248062,0.0,0.0,0.0085271317829457,0.5042635658914729,0.3868971560001461,0.4843297087853572,48.43297087853573,645,1.0,292307,0.0,Not listed,292307.0,0.709,0.141531592741429,0.7589936814517142,0.5558045457882579,55.58045457882579,744,41.545
Kachuwani Gaon,291367,152.5,690,128,1,1,a,a,,,,,,0.0,No,No,No,Yes,No,No,No,No,Yes,b,Yes,b,b,Yes,b,b,Yes,Yes,a,Yes,Yes,c,c,c,a,c,Yes,Yes,Yes,No,No,No,0.0,45.1,20.2,15.2,0.0,0.0,0.0,72.1,0.0,72.1,1.0,1.0,0.75,0.75,0.0,0.0,0.0,0.0,1.0,1.0,0.5,1.0,0.75,0.25,0.75,1.0,1.0,0.0,0.5972222222222222,0.2210144927536232,0.1766562466842418,0.5,0.5,1.0,0.5,0.5,1.0,1.0,1.0,0.775,0.2957377049180328,0.1324590163934426,0.0,0.0,0.4602622950819672,0.3309457755359394,0.4921587723338039,49.21587723338039,571,1.0,291367,0.0,Not listed,291367.0,0.7,0.11279747362438,0.767440505275124,0.555782130111501,55.578213011150105,745,16.259
Paniyabura Pathar No.1,292282,7.5,2774,556,1,a,a,c,,,,,,1.0,Yes,Yes,Yes,Yes,Yes,Yes,No,No,Yes,b,a,c,Yes,a,c,a,a,Yes,a,Yes,Yes,c,c,c,a,b,Yes,Yes,Yes,No,No,No,0.0,0.0,3.0,0.0,0.0,0.0,0.0,3.5,0.0,3.5,1.0,0.75,0.75,0.25,0.0,0.0,0.0,1.0,1.0,1.0,0.5,0.75,0.75,0.25,0.75,1.0,1.0,0.0,0.5972222222222222,0.0027036770007209,0.2286353788815638,0.25,1.0,0.75,0.25,0.75,0.75,1.0,1.0,0.725,0.0,0.4,0.0,0.0,0.38,0.2288854003139717,0.4697414803387408,46.97414803387409,780,1.0,292282,0.0,Not listed,292282.0,0.582,0.13699485049705,0.79800102990059,0.5556920667277228,55.56920667277228,746,34.127
Bhaga Muria Gaon,291655,140.0,9,3,1,a,a,a,,,,,,0.0,No,No,Yes,No,No,No,No,No,c,c,Yes,,b,b,c,b,Yes,b,b,Yes,c,b,c,b,a,b,Yes,a,Yes,No,No,No,0.0,20.0,0.0,15.0,0.0,0.0,5.0,90.0,0.0,90.0,1.0,0.75,0.75,0.75,0.0,0.0,0.0,0.0,0.0,0.25,0.25,1.0,0.5,0.5,0.75,1.0,0.75,0.0,0.4583333333333333,15.555555555555555,0.539365496527126,0.0,0.5,0.5,0.25,0.5,1.0,0.5,0.25,0.5,0.1428571428571428,0.0,0.0,0.0357142857142857,0.5178571428571428,0.4041825521417357,0.480261217893462,48.0261217893462,685,1.0,291655,0.25,Low (5-8),291655.0,0.643,0.159080074406145,0.6502839851187711,0.5555823510005503,55.55823510005503,747,29.01
Sasoni,292266,192.3,334,74,1,1,a,b,,1.0,,,,0.0,Yes,Yes,Yes,No,No,Yes,No,No,Yes,b,a,c,b,b,c,b,b,Yes,a,Yes,Yes,b,c,c,Yes,b,Yes,a,Yes,No,No,No,12.6,51.2,0.0,0.0,4.5,0.0,0.0,0.0,0.0,0.0,1.0,1.0,0.75,0.5,0.0,1.0,0.0,1.0,0.0,1.0,0.5,0.75,0.75,0.5,1.0,1.0,0.75,0.0,0.6388888888888888,0.575748502994012,0.2993325157456816,0.25,0.5,0.5,0.25,0.5,0.5,1.0,1.0,0.6,0.266250650026001,0.0,0.0655226209048361,0.0234009360374414,0.4985959438377535,0.3796902896524025,0.4904934090891231,49.04934090891231,593,1.0,292266,0.0,Not listed,292266.0,0.706,0.14565644262722,0.759068711474556,0.5554141569741032,55.54141569741032,748,39.492
No.2 Rowmari,291733,66.2,115,24,a,a,a,c,,,,,,0.0,No,No,Yes,Yes,No,No,No,No,Yes,c,b,c,b,Yes,b,c,b,Yes,b,Yes,Yes,c,c,c,Yes,b,a,a,Yes,No,No,No,0.0,6.2,0.0,0.0,0.0,0.0,0.3,50.3,0.0,50.3,0.75,0.75,0.75,0.25,0.0,0.0,0.0,0.0,1.0,1.0,0.25,0.5,0.5,0.25,1.0,0.75,0.75,0.0,0.4722222222222222,0.5756521739130435,0.1279016658368769,0.25,0.5,1.0,0.5,0.25,0.5,1.0,1.0,0.6,0.093655589123867,0.0,0.0,0.0045317220543806,0.5022658610271904,0.3843569033469768,0.4069023526841701,40.69023526841701,1197,1.0,291733,0.0,Not listed,291733.0,0.324,0.193762702969694,0.8640474594060612,0.5552479357236902,55.52479357236903,749,21.29
Ikarakati,292296,38.6,415,84,1,a,a,a,,,,,,0.0,Yes,Yes,Yes,Yes,Yes,Yes,No,No,Yes,b,a,c,b,c,c,a,a,Yes,b,Yes,Yes,c,c,c,Yes,b,Yes,a,Yes,No,No,No,0.0,8.6,0.0,0.0,0.0,0.0,0.0,20.0,0.0,20.0,1.0,0.75,0.75,0.75,0.0,0.0,0.0,1.0,1.0,1.0,0.5,0.75,0.5,0.25,1.0,1.0,0.75,0.0,0.6111111111111112,0.093012048192771,0.2879143078791608,0.25,0.5,0.25,0.25,0.75,0.75,1.0,1.0,0.6,0.2227979274611398,0.0,0.0,0.0,0.5,0.3814756671899529,0.4810514881855586,48.10514881855586,679,1.0,292296,0.0,Not listed,292296.0,0.668,0.176718834983793,0.7642562330032414,0.5549024202495797,55.49024202495797,750,39.754
Rajgarh T.E. 276 Nlr,292138,156.3,664,139,1,a,a,a,,,,,,0.0,No,No,Yes,Yes,No,No,No,No,Yes,b,b,c,b,b,c,b,b,Yes,b,Yes,Yes,b,b,a,Yes,c,Yes,Yes,Yes,No,No,No,0.0,20.3,0.0,0.0,0.0,0.0,0.0,0.0,0.0,0.0,1.0,0.75,0.75,0.75,0.0,0.0,0.0,0.0,1.0,1.0,0.5,0.5,0.5,0.5,1.0,1.0,1.0,0.0,0.5694444444444444,0.2353915662650602,0.234139166012652,0.25,0.5,0.5,0.25,0.5,0.5,1.0,1.0,0.55,0.1298784388995521,0.0,0.0,0.0,0.5,0.3814756671899529,0.4421910360522647,44.21910360522647,1002,1.0,292138,0.0,Very Low (1-4),292138.0,0.523,0.105898880147064,0.8219202239705872,0.5545242311698908,55.45242311698908,751,37.405
Dirial Gaon,291585,38.0,225,51,1,a,b,b,,,,,,0.0,Yes,Yes,Yes,Yes,No,No,No,No,Yes,b,Yes,b,b,b,c,b,a,Yes,b,Yes,Yes,c,b,c,Yes,Yes,Yes,a,Yes,No,No,No,0.0,6.0,0.0,2.0,0.0,0.0,0.0,28.0,0.0,28.0,1.0,0.75,0.5,0.5,0.0,0.0,0.0,1.0,1.0,1.0,0.5,1.0,0.5,0.25,1.0,1.0,0.75,0.0,0.5972222222222222,0.1688888888888889,0.2897090294724986,0.5,0.5,0.5,0.25,0.5,0.75,1.0,1.0,0.65,0.1578947368421052,0.0,0.0,0.0,0.5,0.3814756671899529,0.4930279463616708,49.302794636167086,566,1.0,291585,0.0,Not listed,291585.0,0.793,0.12846975487411,0.736406049025178,0.5542110270566888,55.42110270566888,752,39.589
Karangani No. 340 Nlr,292169,195.2,687,132,1,a,a,a,,,,,,0.0,Yes,No,No,Yes,No,No,No,No,Yes,c,Yes,c,a,a,c,c,Yes,Yes,b,Yes,Yes,c,b,b,Yes,a,Yes,Yes,Yes,Yes,No,No,0.0,35.8,0.0,0.0,0.0,0.0,0.0,159.4,0.0,159.4,1.0,0.75,0.75,0.75,0.0,0.0,0.0,1.0,1.0,1.0,0.25,1.0,0.5,0.25,1.0,1.0,1.0,0.0,0.625,0.2841339155749636,0.2924349302351127,0.25,0.75,0.75,0.25,0.25,1.0,1.0,1.0,0.675,0.1834016393442623,0.0,0.0,0.0,0.5,0.3814756671899529,0.5081538659967688,50.81538659967688,429,1.0,292169,0.25,Low (5-8),292169.0,0.456,0.080512456591622,0.7220975086816755,0.5541690861099413,55.41690861099413,753,39.521
Pabhajan No.2,291588,39.2,416,102,1,1,1,b,,,,,,0.0,Yes,No,Yes,Yes,No,No,No,No,b,b,b,b,b,Yes,c,b,a,Yes,b,Yes,Yes,a,b,b,Yes,Yes,Yes,a,Yes,No,No,No,0.0,0.2,0.0,0.0,0.0,0.0,0.0,19.0,0.0,19.0,1.0,1.0,1.0,0.5,0.0,0.0,0.0,1.0,1.0,0.5,0.5,0.5,0.5,0.75,1.0,1.0,0.75,0.0,0.6111111111111112,0.0942307692307692,0.2879431343951712,0.5,0.5,1.0,0.25,0.5,0.75,1.0,1.0,0.65,0.0051020408163265,0.0,0.0,0.0,0.5,0.3814756671899529,0.4960586948145612,49.605869481456125,536,1.0,291588,0.0,Not listed,291588.0,0.759,0.177224783704175,0.736855043259165,0.5539491509809518,55.394915098095176,754,39.007
Jaloni No.81,291575,123.4,900,190,1,a,a,a,,,,,,0.0,Yes,No,Yes,No,No,No,No,No,Yes,a,a,a,a,a,c,c,a,Yes,a,Yes,Yes,b,a,c,Yes,c,Yes,Yes,Yes,No,No,No,0.0,16.5,0.0,0.0,0.0,0.0,0.0,10.1,0.0,10.1,1.0,0.75,0.75,0.75,0.0,0.0,0.0,1.0,0.0,1.0,0.75,0.75,0.75,0.5,1.0,1.0,1.0,0.0,0.6111111111111112,0.1371111111111111,0.2889573868969401,0.75,0.75,0.75,0.25,0.25,0.75,1.0,1.0,0.7,0.1337115072933549,0.0,0.0,0.0,0.5,0.3814756671899529,0.5113122579400033,51.131225794000336,405,1.0,291575,0.0,Very Low (1-4),291575.0,0.857,0.159652436619551,0.7109695126760898,0.5538485018731639,55.3848501873164,755,44.608
N.P.Lerela Pathar,292126,178.4,622,130,1,a,a,b,,,,,,0.0,No,Yes,Yes,Yes,No,Yes,No,No,c,b,b,c,b,b,c,c,c,Yes,b,Yes,Yes,a,c,a,Yes,a,Yes,Yes,Yes,No,No,No,0.0,50.0,0.0,0.0,0.0,0.0,0.0,100.4,0.0,100.4,1.0,0.75,0.75,0.5,0.0,0.0,0.0,0.0,1.0,0.25,0.5,0.5,0.5,0.75,1.0,1.0,1.0,0.0,0.5277777777777778,0.2868167202572347,0.2353555297076049,0.25,0.5,0.5,0.25,0.25,0.25,1.0,1.0,0.5,0.2802690582959641,0.0,0.0,0.0,0.5,0.3814756671899529,0.4170784603093363,41.70784603093363,1146,1.0,292126,0.0,Not listed,292126.0,0.407,0.167297414175782,0.8444405171648436,0.5538364393713316,55.383643937133165,756,34.534
Panch Suti Gaon,291671,262.0,441,90,1,a,a,a,,,,,,1.0,Yes,No,No,Yes,Yes,No,No,No,Yes,b,a,b,a,Yes,c,b,a,Yes,b,Yes,Yes,b,c,b,a,Yes,Yes,a,Yes,No,No,No,0.0,82.0,14.0,52.0,0.0,0.0,0.0,102.0,0.0,102.0,1.0,0.75,0.75,0.75,0.0,0.0,0.0,1.0,1.0,1.0,0.5,0.75,0.5,0.5,0.75,1.0,0.75,0.0,0.6111111111111112,0.5941043083900227,0.2426238300839389,0.5,0.75,1.0,0.25,0.5,0.75,1.0,1.0,0.7,0.3129770992366412,0.0534351145038167,0.0,0.0,0.4839694656488549,0.3610914712332378,0.4956520295454101,49.56520295454101,539,1.0,291671,0.0,Not listed,291671.0,0.729,0.170399681352356,0.7472200637295288,0.5537077036977819,55.370770369778185,757,37.604
Tiliki Amguri,291899,54.2,156,40,1,a,a,a,,,,,,0.0,No,No,Yes,Yes,No,No,No,No,Yes,a,Yes,a,a,a,Yes,a,Yes,Yes,b,Yes,Yes,a,a,c,Yes,a,Yes,a,Yes,No,No,No,0.0,7.0,0.0,4.6,1.3,0.0,0.5,39.4,0.0,39.4,1.0,0.75,0.75,0.75,0.0,0.0,0.0,0.0,1.0,1.0,0.75,1.0,0.5,0.75,1.0,1.0,0.75,0.0,0.6111111111111112,0.3474358974358975,0.2367893604424484,0.75,0.75,0.75,1.0,0.75,1.0,1.0,1.0,0.85,0.1291512915129151,0.0,0.0,0.033210332103321,0.5166051660516605,0.4025905565178101,0.547493229191952,54.7493229191952,190,1.0,291899,0.5,Moderate (9-12),291899.0,0.225,0.113088823745809,0.6598822352508382,0.5535388176886189,55.35388176886189,758,29.385
Chakalia Pather Gaon,291641,154.0,541,117,1,1,a,b,,,,,,0.0,No,No,Yes,No,No,No,No,No,Yes,c,Yes,c,b,b,c,b,Yes,Yes,b,Yes,Yes,b,c,b,a,b,Yes,Yes,Yes,No,No,No,0.0,20.0,0.0,0.0,0.0,0.0,5.0,104.0,0.0,104.0,1.0,1.0,0.75,0.5,0.0,0.0,0.0,0.0,0.0,1.0,0.25,1.0,0.5,0.5,0.75,1.0,1.0,0.0,0.5138888888888888,0.2846580406654344,0.1781616131263083,0.25,0.5,0.5,0.25,0.5,1.0,1.0,1.0,0.65,0.1298701298701298,0.0,0.0,0.0324675324675324,0.5162337662337662,0.4021182898733919,0.4484362834784777,44.84362834784777,950,1.0,291641,0.0,Not listed,291641.0,0.577,0.15122240834978,0.796655518330044,0.5535203540946035,55.35203540946036,759,25.692
Walkhabi Gaon No.1,291072,175.8,170,34,a,a,a,c,,,,,,1.0,No,Yes,Yes,No,No,No,No,Yes,Yes,c,Yes,c,c,Yes,c,c,c,Yes,b,Yes,Yes,b,c,b,Yes,c,c,a,Yes,No,No,No,0.0,47.1,40.0,0.0,0.0,0.0,0.0,68.6,0.0,68.6,0.75,0.75,0.75,0.25,0.0,0.0,0.0,0.0,0.0,1.0,0.25,1.0,0.5,0.5,1.0,0.25,0.75,0.0,0.4305555555555556,1.0341176470588236,0.1387457900374341,0.25,0.25,1.0,0.25,0.25,0.25,1.0,1.0,0.575,0.2679180887372013,0.2275312855517633,0.0,0.0,0.431740614334471,0.2946780182275063,0.3737609400437486,37.37609400437486,1278,0.888495575405855,291072,0.0,Not listed,291072.0,0.28,0.0853796859427713,0.8989240628114458,0.5534577753680627,55.345777536806274,760,14.578
Jokai T.E. Co 29/143 Orr,291314,199.2,795,160,1,a,a,b,,,,,,1.0,Yes,Yes,Yes,Yes,No,No,No,Yes,Yes,b,a,b,a,a,a,a,a,Yes,a,Yes,Yes,c,b,c,Yes,b,a,Yes,Yes,No,Yes,No,0.0,14.6,0.0,0.0,1.8,3.2,2.0,169.6,0.0,169.6,1.0,0.75,0.75,0.5,0.0,0.0,0.0,1.0,1.0,1.0,0.5,0.75,0.75,0.25,1.0,0.75,1.0,0.0,0.6111111111111112,0.250566037735849,0.2344980891223422,0.5,0.75,0.75,0.75,0.75,0.75,1.0,1.0,0.775,0.073293172690763,0.0,0.0,0.0351405622489959,0.517570281124498,0.4038177829055626,0.5246658566394758,52.46658566394758,303,1.0,291314,0.25,Low (5-8),291314.0,0.522,0.103459719091145,0.697708056181771,0.5532804121891284,55.32804121891284,761,9.787
Koilagarah Habi,291891,140.8,627,115,1,b,a,c,,,,,,0.0,No,Yes,Yes,Yes,No,No,No,No,c,c,c,b,c,c,c,b,b,Yes,b,Yes,Yes,b,c,c,a,Yes,Yes,Yes,Yes,No,No,No,0.0,8.2,10.6,0.0,0.8,5.1,3.4,92.1,0.0,92.1,1.0,0.5,0.75,0.25,0.0,0.0,0.0,0.0,1.0,0.25,0.25,0.25,0.5,0.5,0.75,1.0,1.0,0.0,0.4444444444444444,0.2245614035087719,0.1767401420766107,0.5,0.25,0.25,0.25,0.5,0.5,1.0,1.0,0.5,0.0582386363636363,0.0752840909090909,0.0,0.0660511363636363,0.510440340909091,0.3947514539032397,0.3842464374109117,38.42464374109117,1258,1.0,291891,0.0,Not listed,291891.0,0.338,0.121465215163518,0.8743069569672963,0.5531205363915572,55.31205363915572,762,26.898
Chercheria Jan,291595,140.8,1043,222,2,1,1,b,,,,,,1.0,Yes,No,Yes,No,No,Yes,No,No,Yes,b,Yes,c,b,b,c,c,Yes,Yes,b,Yes,Yes,c,c,b,Yes,b,Yes,Yes,Yes,No,No,No,0.0,29.5,0.0,0.0,4.7,0.0,0.0,96.6,0.0,96.6,1.0,1.0,1.0,0.5,0.0,0.0,0.0,1.0,0.0,1.0,0.5,1.0,0.5,0.25,1.0,1.0,1.0,0.0,0.5972222222222222,0.1349952061361457,0.2889073392102786,0.25,0.5,0.5,0.25,0.25,1.0,1.0,1.0,0.625,0.2095170454545454,0.0,0.0,0.0333806818181818,0.5166903409090908,0.4026988636363636,0.4895721630853979,48.9572163085398,599,1.0,291595,0.0,Not listed,291595.0,0.75,0.181491010667218,0.7387017978665564,0.5531123834946468,55.31123834946467,763,35.105
Godhabill Chamaguri (Godhabill No.2 Chamaguri),292247,125.4,344,68,1,1,b,b,,,,,,0.0,Yes,No,Yes,Yes,No,No,No,No,Yes,b,b,b,b,Yes,c,b,a,Yes,a,Yes,Yes,c,b,c,a,a,Yes,a,Yes,No,No,No,0.0,26.8,10.7,0.0,0.0,0.0,0.0,87.9,0.0,87.9,1.0,1.0,0.5,0.5,0.0,0.0,0.0,1.0,1.0,1.0,0.5,0.5,0.75,0.25,0.75,1.0,0.75,0.0,0.5833333333333334,0.3645348837209302,0.2371938042704781,0.5,0.5,1.0,0.25,0.5,0.75,1.0,1.0,0.675,0.2137161084529505,0.0853269537480063,0.0,0.0,0.4744019138755981,0.348925510579646,0.4774168865168821,47.74168865168821,712,1.0,292247,0.0,Not listed,292247.0,0.635,0.217103405410397,0.7660793189179206,0.5530690052217346,55.30690052217346,764,32.034
Takaubill No.1,292244,141.4,205,41,1,a,b,b,,,,,,0.0,No,No,Yes,No,No,No,No,No,Yes,b,b,b,b,Yes,c,b,b,Yes,a,Yes,Yes,b,b,Yes,Yes,b,Yes,a,Yes,No,No,No,0.0,16.7,15.4,0.0,0.0,0.0,0.0,101.2,0.0,101.2,1.0,0.75,0.5,0.5,0.0,0.0,0.0,0.0,0.0,1.0,0.5,0.5,0.75,0.5,1.0,1.0,0.75,0.0,0.4861111111111111,0.6897560975609757,0.2448862902745791,0.5,0.5,1.0,0.25,0.5,0.5,1.0,1.0,0.65,0.118104667609618,0.1089108910891089,0.0,0.0,0.4673267326732673,0.3399288123474828,0.4457351128159191,44.57351128159191,969,1.0,292244,0.0,Not listed,292244.0,0.649,0.142192359258018,0.7768615281483964,0.5529555056801259,55.29555056801259,765,31.015
Charai Chungi,291469,70.0,336,73,1,a,a,b,,,,,,0.0,Yes,Yes,Yes,No,No,Yes,No,No,Yes,b,b,b,b,b,b,b,b,Yes,b,Yes,Yes,b,b,b,Yes,Yes,Yes,c,Yes,No,No,No,0.0,3.0,0.0,0.0,0.0,0.0,0.0,66.9,0.0,66.9,1.0,0.75,0.75,0.5,0.0,0.0,0.0,1.0,0.0,1.0,0.5,0.5,0.5,0.5,1.0,1.0,0.25,0.0,0.5138888888888888,0.2083333333333333,0.2906420123897128,0.5,0.5,0.5,0.5,0.5,0.5,1.0,1.0,0.6,0.0428571428571428,0.0,0.0,0.0,0.5,0.3814756671899529,0.457427858757641,45.7427858757641,885,1.0,291469,0.0,Not listed,291469.0,0.73,0.11674441502141,0.757651116995718,0.5529422999742083,55.29422999742083,766,27.312
Bezapather No.1,291925,169.4,872,171,1,1,a,b,,,,,,0.0,Yes,Yes,Yes,Yes,No,Yes,No,No,Yes,b,a,c,Yes,Yes,b,Yes,b,Yes,b,Yes,Yes,b,b,c,b,c,Yes,Yes,Yes,No,No,No,0.0,15.6,0.0,0.0,1.3,0.0,1.0,144.0,0.0,144.0,1.0,1.0,0.75,0.5,0.0,0.0,0.0,1.0,1.0,1.0,0.5,0.75,0.5,0.5,0.5,1.0,1.0,0.0,0.6111111111111112,0.1942660550458715,0.2331664206750102,0.25,1.0,1.0,0.5,1.0,0.5,1.0,1.0,0.75,0.0920897284533648,0.0,0.0,0.0135773317591499,0.506788665879575,0.3901080366757548,0.5140909902816813,51.40909902816813,385,1.0,291925,0.5,Moderate (9-12),291925.0,0.035,0.122014794816456,0.7150970410367088,0.5528466270847994,55.284662708479935,767,37.768
Sani Potia,291291,258.3,770,161,1,1,1,b,,,1.0,,,1.0,Yes,Yes,Yes,Yes,No,No,No,Yes,Yes,c,b,b,b,b,b,b,b,Yes,a,Yes,Yes,c,b,c,a,c,Yes,Yes,Yes,No,No,No,0.0,26.8,3.3,0.0,2.7,0.0,0.0,220.2,0.0,220.2,1.0,1.0,1.0,0.5,1.0,0.0,0.0,1.0,1.0,1.0,0.25,0.5,0.75,0.25,0.75,1.0,1.0,0.0,0.6666666666666666,0.3354545454545454,0.2365059644691707,0.5,0.5,0.5,0.5,0.5,0.5,1.0,1.0,0.625,0.1037553232675183,0.0127758420441347,0.0,0.0104529616724738,0.5013937282229965,0.3832479118691165,0.4899427401577826,48.99427401577827,596,1.0,291291,0.0,Not listed,291291.0,0.664,0.113817797222284,0.7780364405555432,0.5528282541198775,55.282825411987744,768,15.688
Sarupathar Gaon,291457,74.6,192,39,1,a,a,a,,,,,,0.0,No,No,Yes,No,Yes,No,No,No,Yes,a,a,a,b,Yes,a,a,a,Yes,b,Yes,Yes,b,a,b,a,Yes,Yes,c,Yes,No,No,No,0.0,2.2,0.0,0.0,0.0,0.0,0.0,52.4,0.0,52.4,1.0,0.75,0.75,0.75,0.0,0.0,0.0,0.0,0.0,1.0,0.75,0.75,0.5,0.5,0.75,1.0,0.25,0.0,0.4861111111111111,0.3885416666666666,0.1806187816782429,0.75,0.5,1.0,0.75,0.75,0.75,1.0,1.0,0.775,0.0294906166219839,0.0,0.0,0.0,0.5,0.3814756671899529,0.475477606635329,47.547760663532905,725,1.0,291457,0.0,Not listed,291457.0,0.776,0.143663351307144,0.7384673297385712,0.5527629773934821,55.27629773934821,769,29.004
Dighalia Hola Gaon,291614,309.0,1288,279,2,b,b,b,,,,,,1.0,Yes,Yes,Yes,No,No,No,No,No,Yes,c,b,c,Yes,Yes,c,c,b,Yes,b,Yes,Yes,a,c,a,a,Yes,Yes,Yes,Yes,No,No,No,0.0,105.0,0.0,37.0,0.0,0.0,0.0,127.0,0.0,127.0,1.0,0.5,0.5,0.5,0.0,0.0,0.0,1.0,0.0,1.0,0.25,0.5,0.5,0.75,0.75,1.0,1.0,0.0,0.5138888888888888,0.2399068322981366,0.2342459659976657,0.25,1.0,1.0,0.25,0.25,0.5,1.0,1.0,0.625,0.3398058252427184,0.0,0.0,0.0,0.5,0.3814756671899529,0.4508288471596292,45.082884715962926,936,1.0,291614,0.0,Not listed,291614.0,0.607,0.190197410760742,0.7798605178478516,0.55272704871705,55.272704871705,770,24.597
Na-Khangia Gaon,291651,163.0,623,132,1,a,a,c,,,1.0,,,0.0,No,No,Yes,No,No,No,No,No,Yes,b,Yes,c,b,Yes,c,b,Yes,Yes,b,Yes,Yes,b,c,c,a,Yes,Yes,Yes,Yes,No,No,No,0.0,8.0,0.0,32.5,0.0,0.0,0.0,42.0,0.0,42.0,1.0,0.75,0.75,0.25,1.0,0.0,0.0,0.0,0.0,1.0,0.5,1.0,0.5,0.5,0.75,1.0,1.0,0.0,0.5555555555555556,0.261637239165329,0.1776171000816278,0.25,0.5,1.0,0.25,0.5,1.0,1.0,1.0,0.7,0.0490797546012269,0.0,0.0,0.0,0.5,0.3814756671899529,0.4695882973472864,46.95882973472864,781,1.0,291651,0.0,Not listed,291651.0,0.643,0.148722442564072,0.7773555114871856,0.5525678296937742,55.25678296937742,771,27.515
Teloibari Bengali,291882,163.2,1147,244,1,2,b,b,,,,,,1.0,Yes,Yes,No,Yes,No,No,No,No,Yes,a,Yes,b,Yes,b,Yes,b,Yes,Yes,b,Yes,Yes,a,b,c,Yes,Yes,Yes,Yes,Yes,No,No,No,0.0,17.0,0.0,18.2,1.4,0.0,0.5,118.6,0.0,118.6,1.0,1.0,0.5,0.5,0.0,0.0,0.0,1.0,1.0,1.0,0.75,1.0,0.5,0.75,1.0,1.0,1.0,0.0,0.6666666666666666,0.1422842197035745,0.2890797468899287,0.5,1.0,0.5,1.0,0.5,1.0,1.0,1.0,0.8,0.1041666666666666,0.0,0.0,0.011642156862745,0.5058210784313726,0.3888776664511959,0.556712136679388,55.6712136679388,149,1.0,291882,0.5,Moderate (9-12),291882.0,0.228,0.133591775791376,0.6548816448417247,0.5525542446268515,55.25542446268516,772,28.285
Ghugulani Bhalukani,292276,137.5,424,85,1,2,b,b,,,1.0,,,0.0,Yes,Yes,Yes,Yes,No,No,No,No,Yes,b,b,b,b,Yes,c,b,b,Yes,a,Yes,Yes,c,b,c,a,a,Yes,a,Yes,No,No,No,0.0,8.8,11.4,0.0,0.0,0.0,0.0,108.0,0.0,108.0,1.0,1.0,0.5,0.5,1.0,0.0,0.0,1.0,1.0,1.0,0.5,0.5,0.75,0.25,0.75,1.0,0.75,0.0,0.6388888888888888,0.3242924528301887,0.2362419465095933,0.5,0.5,1.0,0.25,0.5,0.5,1.0,1.0,0.65,0.064,0.0829090909090909,0.0,0.0,0.4751272727272727,0.349847866419295,0.4837522821334795,48.37522821334795,651,1.0,292276,0.0,Not listed,292276.0,0.622,0.180469368942928,0.7773061262114144,0.5524601170748584,55.24601170748584,773,33.935
Phukan Bari T.E.No.25,291660,81.0,542,114,1,b,b,b,,,,,,0.0,No,Yes,Yes,No,No,No,No,No,b,b,Yes,c,b,b,c,b,Yes,Yes,b,Yes,Yes,a,c,b,Yes,b,Yes,Yes,Yes,No,No,No,0.0,5.0,0.0,0.0,0.0,0.0,0.0,11.0,0.0,11.0,1.0,0.5,0.5,0.5,0.0,0.0,0.0,0.0,0.0,0.5,0.5,1.0,0.5,0.75,1.0,1.0,1.0,0.0,0.4861111111111111,0.1494464944649446,0.2321062996625836,0.25,0.5,0.5,0.25,0.5,1.0,1.0,1.0,0.65,0.0617283950617283,0.0,0.0,0.0,0.5,0.3814756671899529,0.4508494861314143,45.08494861314143,935,1.0,291660,0.0,Not listed,291660.0,0.695,0.11880622553555,0.76773875489289,0.5523434269512948,55.23434269512948,774,30.99
Hamuktola,292292,62.8,465,100,1,a,a,b,,,,,,0.0,No,Yes,Yes,Yes,No,Yes,No,No,Yes,c,b,b,a,a,c,c,b,Yes,a,Yes,Yes,c,b,c,a,b,Yes,Yes,Yes,No,No,No,0.0,7.4,11.1,0.0,16.0,2.3,0.0,16.4,0.0,16.4,1.0,0.75,0.75,0.5,0.0,0.0,0.0,0.0,1.0,1.0,0.25,0.5,0.75,0.25,0.75,1.0,1.0,0.0,0.5277777777777778,0.1350537634408602,0.1746230099856482,0.5,0.75,0.75,0.25,0.25,0.5,1.0,1.0,0.625,0.1178343949044586,0.1767515923566879,0.0,0.2914012738853503,0.5926751592356687,0.4993200611944924,0.462964209179755,46.2964209179755,831,1.0,292292,0.0,Not listed,292292.0,0.655,0.158651171495455,0.771769765700909,0.5522616679559496,55.22616679559496,775,39.637
Nagaon Dhadumia,292314,109.3,537,114,2,1,a,a,,,1.0,,,0.0,No,No,No,Yes,No,No,No,No,Yes,a,a,a,Yes,Yes,c,a,a,Yes,b,Yes,Yes,c,a,c,a,a,Yes,Yes,Yes,No,No,No,0.0,18.6,0.0,0.0,0.0,0.0,0.0,87.2,0.0,87.2,1.0,1.0,0.75,0.75,1.0,0.0,0.0,0.0,1.0,1.0,0.75,0.75,0.5,0.25,0.75,1.0,1.0,0.0,0.6388888888888888,0.2035381750465549,0.1762428778028657,0.75,1.0,1.0,0.25,0.75,0.75,1.0,1.0,0.775,0.1701738334858188,0.0,0.0,0.0,0.5,0.3814756671899529,0.5125780751109292,51.25780751109292,395,1.0,292314,0.0,Very Low (1-4),292314.0,0.756,0.166502949001559,0.7398994101996882,0.5522418336090846,55.22418336090846,776,44.455
1 No. Dulia,291583,176.0,1000,209,1,1,a,a,,,1.0,,,1.0,Yes,Yes,Yes,No,No,No,No,No,Yes,a,a,a,a,Yes,c,a,a,Yes,b,Yes,Yes,b,a,b,a,Yes,Yes,Yes,Yes,No,No,No,0.0,50.3,0.0,21.0,0.0,0.0,0.0,90.0,0.0,90.0,1.0,1.0,0.75,0.75,1.0,0.0,0.0,1.0,0.0,1.0,0.75,0.75,0.5,0.5,0.75,1.0,1.0,0.0,0.6527777777777778,0.176,0.2327343720668293,0.75,0.75,1.0,0.25,0.75,0.75,1.0,1.0,0.75,0.2857954545454545,0.0,0.0,0.0,0.5,0.3814756671899529,0.5226731708991423,52.26731708991424,323,1.0,291583,0.0,Not listed,291583.0,0.807,0.204655892429699,0.7169688215140602,0.5521924717008243,55.21924717008243,777,41.307
Chamoni Gaon,291376,165.3,863,177,2,1,a,c,,,,,,0.0,No,Yes,Yes,No,No,No,No,No,Yes,c,Yes,b,b,Yes,b,b,Yes,Yes,b,Yes,Yes,c,b,c,a,b,Yes,Yes,Yes,No,No,No,0.0,21.8,6.7,14.8,0.0,0.0,0.0,120.3,0.0,120.3,1.0,1.0,0.75,0.25,0.0,0.0,0.0,0.0,0.0,1.0,0.25,1.0,0.5,0.25,0.75,1.0,1.0,0.0,0.4861111111111111,0.1915411355735805,0.1759591107719675,0.5,0.5,1.0,0.5,0.5,1.0,1.0,1.0,0.75,0.131881427707199,0.0405323653962492,0.0,0.0,0.4878402903811252,0.3660135560576317,0.4637202666822959,46.3720266682296,824,1.0,291376,0.0,Not listed,291376.0,0.735,0.106471031596386,0.7582057936807228,0.5521741285739259,55.21741285739259,778,19.601
Merbil Majuli No.2,291676,142.0,490,103,2,1,1,,,,,,,0.0,Yes,Yes,Yes,Yes,No,No,No,No,Yes,b,a,b,a,Yes,c,c,b,Yes,b,Yes,Yes,b,b,b,Yes,Yes,Yes,Yes,Yes,No,No,No,0.0,42.0,8.0,20.0,0.0,0.0,0.0,68.0,0.0,68.0,1.0,1.0,1.0,0.0,0.0,0.0,0.0,1.0,1.0,1.0,0.5,0.75,0.5,0.5,1.0,1.0,1.0,0.0,0.625,0.2897959183673469,0.2925688540856553,0.5,0.75,1.0,0.25,0.25,0.5,1.0,1.0,0.65,0.2957746478873239,0.056338028169014,0.0,0.0,0.4830985915492957,0.3599840803060118,0.4963890295826162,49.638902958261625,532,1.0,291676,0.0,Not listed,291676.0,0.772,0.154441125183732,0.7375117749632536,0.552144535552617,55.2144535552617,779,41.724
Balipara,292264,231.2,973,202,1,1,1,b,,,1.0,,,1.0,Yes,Yes,Yes,No,No,No,No,No,Yes,b,Yes,b,Yes,b,c,b,Yes,Yes,b,Yes,Yes,c,b,c,a,Yes,Yes,Yes,Yes,No,No,No,30.0,100.6,2.4,0.0,3.0,0.0,0.0,0.0,0.0,0.0,1.0,1.0,1.0,0.5,1.0,0.0,0.0,1.0,0.0,1.0,0.5,1.0,0.5,0.25,0.75,1.0,1.0,0.0,0.6388888888888888,0.2376156217882836,0.2341917717937532,0.5,1.0,0.5,0.25,0.5,1.0,1.0,1.0,0.725,0.435121107266436,0.0103806228373702,0.129757785467128,0.0129757785467128,0.4774221453287197,0.3527659932751381,0.5063233638256881,50.63233638256881,445,1.0,292264,0.0,Not listed,292264.0,0.727,0.21458602864268,0.738982794271464,0.5520559596482946,55.205595964829456,780,39.322
Moina Gaon No.1,291705,51.1,75,16,1,a,b,b,,,,,,0.0,No,No,No,Yes,No,No,No,No,c,c,b,c,a,a,b,a,b,c,a,Yes,Yes,b,c,c,Yes,c,Yes,a,No,No,No,No,0.0,1.5,2.2,0.0,8.0,0.0,0.5,36.7,0.0,36.7,1.0,0.75,0.5,0.5,0.0,0.0,0.0,0.0,1.0,0.25,0.25,0.5,0.75,0.5,1.0,1.0,0.75,0.0,0.4861111111111111,0.6813333333333333,0.1875442087478881,0.25,0.75,0.75,0.5,0.75,0.5,0.25,1.0,0.6,0.0293542074363992,0.0430528375733855,0.0,0.1663405088062622,0.5702544031311154,0.4708101515482001,0.4425758602743898,44.25758602743898,999,1.0,291705,0.25,Low (5-8),291705.0,0.181,0.173879740678133,0.7859240518643734,0.5518771956649514,55.18771956649514,781,24.435
Longbai T.E. No.24,292133,100.0,27,5,a,a,a,c,,,,,,1.0,No,No,Yes,No,No,No,No,No,c,c,a,c,b,a,c,a,a,a,a,Yes,c,a,b,a,a,a,a,a,Yes,No,No,No,0.0,11.4,0.0,0.0,0.0,0.0,0.0,12.2,0.0,12.2,0.75,0.75,0.75,0.25,0.0,0.0,0.0,0.0,0.0,0.25,0.25,0.75,0.75,0.75,0.75,0.75,0.75,0.0,0.4166666666666667,3.703703703703704,0.1447468869282273,0.25,0.5,0.75,0.25,0.75,0.75,0.75,0.25,0.575,0.114,0.0,0.0,0.0,0.5,0.3814756671899529,0.389148521836714,38.91485218367141,1246,1.0,292133,0.0,Not listed,292133.0,0.418,0.08066932154379,0.858466135691242,0.5517945260870466,55.17945260870466,782,37.308
Balijan No.1,292380,119.0,635,134,1,1,b,b,,,,,,0.0,Yes,No,Yes,Yes,No,No,No,No,Yes,b,b,Yes,Yes,b,c,c,a,Yes,a,Yes,Yes,a,b,a,a,Yes,Yes,Yes,Yes,No,No,No,0.0,39.2,0.0,0.0,0.0,0.0,0.0,74.7,0.0,74.7,1.0,1.0,0.5,0.5,0.0,0.0,0.0,1.0,1.0,1.0,0.5,0.5,0.75,0.75,0.75,1.0,1.0,0.0,0.625,0.1874015748031496,0.2330040545194662,1.0,1.0,0.5,0.25,0.25,0.75,1.0,1.0,0.7,0.3294117647058824,0.0,0.0,0.0,0.5,0.3814756671899529,0.5007961470678572,50.079614706785726,493,1.0,292380,0.0,Not listed,292380.0,0.78,0.13073290308228,0.739853419383544,0.5514137314617771,55.141373146177706,783,49.278
Lukhurakhania,291377,168.3,589,113,1,a,a,b,,,,,,0.0,No,No,Yes,No,No,No,No,No,Yes,c,Yes,b,b,Yes,b,b,Yes,Yes,b,Yes,Yes,c,b,c,a,b,Yes,Yes,Yes,No,No,No,0.0,16.2,3.1,0.0,0.0,0.0,0.0,149.0,0.0,149.0,1.0,0.75,0.75,0.5,0.0,0.0,0.0,0.0,0.0,1.0,0.25,1.0,0.5,0.25,0.75,1.0,1.0,0.0,0.4861111111111111,0.2857385398981324,0.1781871702697887,0.5,0.5,1.0,0.5,0.5,1.0,1.0,1.0,0.75,0.0962566844919786,0.0184194890077243,0.0,0.0,0.4944741532976827,0.3744490803314333,0.4659643864115116,46.59643864115117,809,1.0,291377,0.0,Not listed,291377.0,0.719,0.162904420858425,0.751719115828315,0.5514018009484881,55.14018009484881,784,18.271
Pakharigania,291474,215.2,993,214,4,1,b,c,,,,,,1.0,Yes,Yes,Yes,No,No,Yes,No,No,Yes,c,b,b,b,b,b,Yes,b,Yes,b,Yes,Yes,a,b,a,Yes,b,Yes,Yes,Yes,No,No,No,0.0,44.4,0.0,2.2,0.0,0.0,0.0,119.2,0.0,119.2,1.0,1.0,0.5,0.25,0.0,0.0,0.0,1.0,0.0,1.0,0.25,0.5,0.5,0.75,1.0,1.0,1.0,0.0,0.5416666666666666,0.2167170191339375,0.2908403124480714,0.5,0.5,0.5,0.5,1.0,0.5,1.0,1.0,0.65,0.2063197026022304,0.0,0.0,0.0,0.5,0.3814756671899529,0.4794218782166751,47.94218782166751,690,1.0,291474,0.0,Not listed,291474.0,0.773,0.19835020616613,0.728429958766774,0.5513034116972204,55.13034116972205,785,31.415
Ghurania Bhatichuk,292298,49.1,404,96,1,a,a,b,,,,,,0.0,Yes,Yes,Yes,Yes,No,No,No,No,Yes,c,a,b,a,a,c,c,b,Yes,a,Yes,Yes,c,b,c,a,b,Yes,a,Yes,No,No,No,0.0,4.1,5.1,0.0,0.0,0.0,4.3,20.3,0.0,20.3,1.0,0.75,0.75,0.5,0.0,0.0,0.0,1.0,1.0,1.0,0.25,0.75,0.75,0.25,0.75,1.0,0.75,0.0,0.5833333333333334,0.1215346534653465,0.2314460984300044,0.5,0.75,0.75,0.25,0.25,0.5,1.0,1.0,0.65,0.0835030549898167,0.1038696537678207,0.0,0.0875763747454175,0.5126272912423625,0.3975323483615599,0.4782013276131465,47.820132761314646,706,1.0,292298,0.0,Not listed,292298.0,0.654,0.221725054999075,0.7594549890001849,0.5512733724618091,55.12733724618091,786,41.003
Hukani No.2,292275,128.6,414,90,1,b,a,a,,,,,,0.0,Yes,Yes,Yes,No,No,Yes,No,No,Yes,b,b,b,b,b,c,c,b,Yes,b,Yes,Yes,c,b,c,Yes,b,Yes,a,Yes,No,No,No,0.0,20.0,0.0,0.0,0.0,0.0,0.0,100.0,0.0,100.0,1.0,0.5,0.75,0.75,0.0,0.0,0.0,1.0,0.0,1.0,0.5,0.5,0.5,0.25,1.0,1.0,0.75,0.0,0.5277777777777778,0.3106280193236715,0.2930615976036761,0.5,0.5,0.5,0.25,0.25,0.5,1.0,1.0,0.55,0.1555209953343701,0.0,0.0,0.0,0.5,0.3814756671899529,0.4465049772833541,44.65049772833541,968,1.0,292275,0.0,Not listed,292275.0,0.637,0.160133644205061,0.7768732711589879,0.5512360579430071,55.12360579430072,787,34.162
Chapatali No.1,291692,129.0,294,64,1,1,a,c,,,,,,0.0,Yes,No,Yes,No,No,No,No,No,Yes,b,Yes,b,b,Yes,b,c,Yes,Yes,b,Yes,Yes,b,c,c,Yes,Yes,Yes,a,Yes,No,No,No,0.0,29.0,0.0,4.0,0.0,0.0,0.0,46.0,0.0,46.0,1.0,1.0,0.75,0.25,0.0,0.0,0.0,1.0,0.0,1.0,0.5,1.0,0.5,0.5,1.0,1.0,0.75,0.0,0.5694444444444444,0.4387755102040816,0.2960926814878383,0.5,0.5,1.0,0.5,0.25,1.0,1.0,1.0,0.725,0.2248062015503876,0.0,0.0,0.0,0.5,0.3814756671899529,0.5101794149210612,51.017941492106125,414,1.0,291692,0.0,Not listed,291692.0,0.948,0.140622398388081,0.6874755203223838,0.551234728579406,55.123472857940605,788,56.382
Da-Hukuta,291576,168.0,2283,474,1,2,a,a,,,,,,1.0,Yes,Yes,Yes,No,No,No,No,No,Yes,a,Yes,a,Yes,Yes,c,b,Yes,Yes,Yes,Yes,Yes,a,a,c,Yes,Yes,Yes,Yes,Yes,No,No,No,0.0,28.0,0.0,15.0,0.0,0.0,0.0,120.0,0.0,120.0,1.0,1.0,0.75,0.75,0.0,0.0,0.0,1.0,0.0,1.0,0.75,1.0,1.0,0.75,1.0,1.0,1.0,0.0,0.6666666666666666,0.0735873850197109,0.3445977117537983,0.75,1.0,1.0,0.25,0.5,1.0,1.0,1.0,0.85,0.1666666666666666,0.0,0.0,0.0,0.5,0.3814756671899529,0.5841112280431069,58.411122804310686,73,1.0,291576,0.25,Low (5-8),291576.0,0.841,0.141538100821177,0.5943923798357647,0.5511277299512484,55.11277299512484,789,45.144
Nalani Kapahua No.2,292025,104.9,105,24,1,a,a,a,,1.0,,,,0.0,Yes,No,No,Yes,No,No,No,No,Yes,c,a,c,b,a,c,c,c,Yes,a,a,Yes,c,c,b,a,c,Yes,a,Yes,No,No,No,0.0,6.8,15.7,15.7,0.0,0.0,0.0,66.7,0.0,66.7,1.0,0.75,0.75,0.75,0.0,1.0,0.0,1.0,1.0,1.0,0.25,0.75,0.75,0.25,0.75,1.0,0.75,0.0,0.6527777777777778,0.9990476190476192,0.2522019898629623,0.25,0.5,0.75,0.25,0.25,0.25,1.0,1.0,0.575,0.0648236415633937,0.1496663489037178,0.0,0.0,0.4551000953288847,0.3243815968860229,0.4636212612873895,46.36212612873896,827,1.0,292025,0.0,Not listed,292025.0,0.514,0.175594049719483,0.8106811900561034,0.5509802130210854,55.098021302108535,790,29.486
Panch Suti Barbali,291668,70.4,361,79,1,1,a,c,,,,,,0.0,No,No,No,Yes,No,No,No,No,Yes,b,a,c,b,b,c,a,a,Yes,a,Yes,Yes,b,c,b,Yes,b,Yes,a,Yes,No,No,No,0.0,22.4,0.0,0.0,1.4,0.0,0.0,46.7,0.0,46.7,1.0,1.0,0.75,0.25,0.0,0.0,0.0,0.0,1.0,1.0,0.5,0.75,0.75,0.5,1.0,1.0,0.75,0.0,0.5694444444444444,0.1950138504155124,0.2331841083447258,0.25,0.5,0.5,0.25,0.75,0.75,1.0,1.0,0.65,0.3181818181818181,0.0,0.0,0.0198863636363636,0.5099431818181819,0.3941192735835594,0.4744809929140044,47.44809929140044,738,1.0,291668,0.0,Not listed,291668.0,0.733,0.110701394985725,0.757959721002855,0.5505978065248575,55.05978065248575,791,36.865
Charai Chungi Habi,291463,162.5,673,136,1,a,a,a,,,,,,1.0,No,Yes,Yes,No,No,Yes,No,No,Yes,b,b,b,b,Yes,b,b,b,Yes,b,Yes,Yes,b,b,b,Yes,Yes,Yes,Yes,Yes,No,No,No,0.0,4.9,0.0,0.0,0.0,0.0,0.0,150.8,0.0,150.8,1.0,0.75,0.75,0.75,0.0,0.0,0.0,0.0,0.0,1.0,0.5,0.5,0.5,0.5,1.0,1.0,1.0,0.0,0.5138888888888888,0.2414561664190193,0.2342826125340334,0.5,0.5,1.0,0.5,0.5,0.5,1.0,1.0,0.65,0.0301538461538461,0.0,0.0,0.0,0.5,0.3814756671899529,0.4583380087937211,45.83380087937211,876,1.0,291463,0.0,Not listed,291463.0,0.732,0.0925753989391386,0.7618849202121722,0.5505459712968702,55.05459712968703,792,26.878
Jaloni 274 Nlr (Jaloni Chah Bagan),291570,90.2,561,119,1,a,a,b,,,,,,0.0,Yes,No,Yes,No,No,No,No,No,Yes,b,a,b,a,a,c,b,a,Yes,b,Yes,Yes,b,b,b,Yes,c,Yes,Yes,Yes,No,No,No,0.0,27.1,0.0,0.0,0.0,0.0,0.0,2.3,0.0,2.3,1.0,0.75,0.75,0.5,0.0,0.0,0.0,1.0,0.0,1.0,0.5,0.75,0.5,0.5,1.0,1.0,1.0,0.0,0.5694444444444444,0.1607843137254902,0.2895173312426153,0.5,0.75,0.75,0.25,0.5,0.75,1.0,1.0,0.675,0.3004434589800444,0.0,0.0,0.0,0.5,0.3814756671899529,0.4935355773597555,49.35355773597556,561,1.0,291570,0.0,Not listed,291570.0,0.891,0.0895462677862063,0.7147907464427588,0.5505169814662503,55.05169814662503,793,47.349
Kathalguri No.2,291545,181.0,1235,255,1,2,c,c,,,,,,1.0,Yes,Yes,Yes,No,No,Yes,No,No,Yes,b,Yes,b,Yes,Yes,b,c,Yes,Yes,b,Yes,Yes,a,b,a,a,Yes,Yes,Yes,Yes,No,No,No,0.0,25.0,0.0,6.0,0.0,0.0,0.0,100.0,0.0,100.0,1.0,1.0,0.25,0.25,0.0,0.0,0.0,1.0,0.0,1.0,0.5,1.0,0.5,0.75,0.75,1.0,1.0,0.0,0.5555555555555556,0.1465587044534413,0.2320379945111945,0.5,1.0,1.0,0.5,0.25,1.0,1.0,1.0,0.775,0.1381215469613259,0.0,0.0,0.0,0.5,0.3814756671899529,0.5056935209546781,50.56935209546781,453,1.0,291545,0.0,Not listed,291545.0,0.952,0.068680253170674,0.7006639493658653,0.5504964284526377,55.04964284526377,794,55.234
Rajabaribam,292192,49.5,133,26,1,b,b,b,,,,,,1.0,Yes,No,Yes,Yes,No,No,No,No,c,c,Yes,c,b,b,c,b,Yes,Yes,a,a,Yes,c,c,b,a,b,Yes,a,Yes,No,No,No,0.0,4.8,0.0,0.0,0.0,0.0,0.0,39.5,0.0,39.5,1.0,0.5,0.5,0.5,0.0,0.0,0.0,1.0,1.0,0.25,0.25,1.0,0.75,0.25,0.75,1.0,0.75,0.0,0.5277777777777778,0.3721804511278195,0.2373746455494847,0.25,0.5,0.5,0.25,0.5,1.0,1.0,1.0,0.675,0.0969696969696969,0.0,0.0,0.0,0.5,0.3814756671899529,0.4700832392698063,47.00832392698063,777,1.0,292192,0.25,Low (5-8),292192.0,0.359,0.100924439395851,0.7471151121208298,0.5504110563141961,55.041105631419605,795,41.112
Noloni Pather,291579,82.0,722,143,1,a,a,a,,,,,,0.0,No,No,No,Yes,Yes,No,No,No,a,c,Yes,a,Yes,Yes,c,b,Yes,Yes,b,Yes,Yes,a,a,c,a,c,Yes,Yes,Yes,No,No,No,0.0,30.0,0.0,0.0,0.0,0.0,0.0,35.0,0.0,35.0,1.0,0.75,0.75,0.75,0.0,0.0,0.0,0.0,1.0,0.75,0.25,1.0,0.5,0.75,0.75,1.0,1.0,0.0,0.5694444444444444,0.113573407202216,0.174114933228361,0.75,1.0,1.0,0.25,0.5,1.0,1.0,1.0,0.8,0.3658536585365853,0.0,0.0,0.0,0.5,0.3814756671899529,0.502184977856192,50.2184977856192,482,1.0,291579,0.0,Not listed,291579.0,0.812,0.162508609814958,0.7238982780370085,0.5503093946003865,55.03093946003865,796,43.875
Niz-Rahmoria,291370,290.9,1364,268,4,1,a,a,,,,,,1.0,Yes,Yes,Yes,No,No,No,No,No,Yes,c,Yes,c,b,b,b,b,Yes,Yes,b,Yes,Yes,c,c,c,a,c,Yes,Yes,Yes,No,No,No,0.0,89.5,0.0,17.5,2.6,0.0,0.0,160.2,0.0,160.2,1.0,1.0,0.75,0.75,0.0,0.0,0.0,1.0,0.0,1.0,0.25,1.0,0.5,0.25,0.75,1.0,1.0,0.0,0.5694444444444444,0.2132697947214076,0.2336159178026839,0.25,0.5,0.5,0.5,0.5,1.0,1.0,1.0,0.675,0.3076658645582674,0.0,0.0,0.0089377793056033,0.5044688896528017,0.3871582427296222,0.4806967391077065,48.06967391077065,683,1.0,291370,0.0,Not listed,291370.0,0.763,0.120743977201312,0.7469512045597376,0.5502581976840094,55.02581976840094,797,21.282
Charang Pather (Charing Pather,292079,434.7,1308,275,2,a,b,c,,,,,,1.0,No,Yes,Yes,Yes,No,No,No,No,c,c,c,c,Yes,c,c,c,c,Yes,b,Yes,Yes,a,c,a,Yes,b,Yes,Yes,Yes,No,No,No,0.0,40.1,0.0,68.6,0.0,0.0,0.0,306.0,0.0,306.0,1.0,0.75,0.5,0.25,0.0,0.0,0.0,0.0,1.0,0.25,0.25,0.25,0.5,0.75,1.0,1.0,1.0,0.0,0.4722222222222222,0.3323394495412844,0.236432282831275,0.25,1.0,0.25,0.25,0.25,0.25,1.0,1.0,0.5,0.0922475270301357,0.0,0.0,0.0,0.5,0.3814756671899529,0.4034587597013648,40.34587597013648,1211,1.0,292079,0.0,Not listed,292079.0,0.459,0.139548367188618,0.8343903265622764,0.5500855514112223,55.00855514112223,798,31.908
Dighala Sonowal Gaon,292352,89.4,288,56,1,b,a,a,,,,,,0.0,Yes,No,Yes,No,No,No,No,No,Yes,a,a,a,a,a,c,a,b,Yes,b,Yes,Yes,c,a,c,a,a,Yes,a,Yes,No,No,No,0.8,2.5,8.4,8.6,8.0,0.0,0.0,53.2,0.0,53.2,1.0,0.5,0.75,0.75,0.0,0.0,0.0,1.0,0.0,1.0,0.75,0.75,0.5,0.25,0.75,1.0,0.75,0.0,0.5416666666666666,0.3104166666666667,0.2359137413178149,0.75,0.75,0.75,0.25,0.75,0.5,1.0,1.0,0.7,0.0279642058165548,0.0939597315436241,0.0089485458612975,0.0894854586129753,0.5147651006711409,0.4002507559554539,0.4844452531872112,48.44452531872112,643,1.0,292352,0.0,Not listed,292352.0,0.765,0.214186510258632,0.7276626979482737,0.5500811279020812,55.00811279020812,799,46.897
Mohmari Gaon No.1,291147,231.8,1129,228,1,2,a,b,,,1.0,,,1.0,Yes,Yes,Yes,No,No,No,No,Yes,Yes,b,b,b,b,Yes,b,b,b,Yes,a,Yes,Yes,c,b,c,Yes,b,Yes,Yes,Yes,No,No,No,0.0,8.2,0.0,36.4,0.0,0.0,0.0,72.4,0.0,72.4,1.0,1.0,0.75,0.5,1.0,0.0,0.0,1.0,0.0,1.0,0.5,0.5,0.75,0.25,1.0,1.0,1.0,0.0,0.625,0.2053144375553587,0.2905706061820866,0.5,0.5,1.0,0.5,0.5,0.5,1.0,1.0,0.675,0.0353753235547886,0.0,0.0,0.0,0.5,0.3814756671899529,0.5076877849835122,50.76877849835122,434,1.0,291147,0.25,Low (5-8),291147.0,0.446,0.142428577307309,0.7127142845385381,0.5499497154394298,54.99497154394298,800,9.868
Hologuri No.3,291818,195.0,208,40,1,a,b,b,,,,,,0.0,No,Yes,Yes,Yes,No,Yes,No,No,Yes,c,a,c,b,a,c,c,c,Yes,a,Yes,Yes,b,c,c,a,c,Yes,a,Yes,No,No,No,0.0,0.0,0.0,0.0,0.0,0.0,0.0,195.0,0.0,195.0,1.0,0.75,0.5,0.5,0.0,0.0,0.0,0.0,1.0,1.0,0.25,0.75,0.75,0.5,0.75,1.0,0.75,0.0,0.5277777777777778,0.9375,0.1936033414679932,0.25,0.5,0.75,0.25,0.25,0.25,1.0,1.0,0.575,0.0,0.0,0.0,0.0,0.5,0.3814756671899529,0.4291404132494333,42.91404132494333,1084,1.0,291818,0.0,Not listed,291818.0,0.486,0.157079775786104,0.8227840448427792,0.5497358033826029,54.97358033826029,801,24.171
Tingrai Doom Gaon No.1 (Tingrai),292251,45.4,619,124,1,b,a,a,,,,,,0.0,Yes,No,Yes,Yes,No,No,No,No,Yes,b,b,b,b,b,c,b,b,Yes,b,Yes,Yes,c,b,c,Yes,b,Yes,Yes,Yes,No,No,No,0.0,10.0,0.0,0.0,0.0,0.0,0.0,30.0,0.0,30.0,1.0,0.5,0.75,0.75,0.0,0.0,0.0,1.0,1.0,1.0,0.5,0.5,0.5,0.25,1.0,1.0,1.0,0.0,0.5972222222222222,0.0733441033925686,0.2874491002491954,0.5,0.5,0.5,0.25,0.5,0.5,1.0,1.0,0.575,0.2202643171806167,0.0,0.0,0.0,0.5,0.3814756671899529,0.469962964055845,46.996296405584495,779,1.0,292251,0.0,Not listed,292251.0,0.692,0.142387430144319,0.7639225139711362,0.5496526307292463,54.96526307292463,802,32.613
Bhugali Pather F/V,292004,44.1,402,74,2,a,a,c,,,,,,0.0,No,No,Yes,Yes,No,No,No,No,Yes,c,b,c,b,a,b,c,b,Yes,b,Yes,Yes,c,c,b,a,c,Yes,a,Yes,No,No,No,0.0,2.1,3.0,0.0,0.6,0.0,1.7,34.0,0.0,34.0,1.0,0.75,0.75,0.25,0.0,0.0,0.0,0.0,1.0,1.0,0.25,0.5,0.5,0.25,0.75,1.0,0.75,0.0,0.4861111111111111,0.1097014925373134,0.1740233504899007,0.25,0.5,0.75,0.5,0.25,0.5,1.0,1.0,0.575,0.0476190476190476,0.0680272108843537,0.0,0.0521541950113378,0.5056689342403629,0.3886842020952809,0.4152704558193091,41.52704558193091,1156,1.0,292004,0.0,Not listed,292004.0,0.37,0.284800687972359,0.8320398624055282,0.5496244128989786,54.96244128989785,803,20.57
Raidangia Gaon,291998,51.0,188,35,1,a,a,a,,,1.0,,,0.0,Yes,Yes,Yes,Yes,No,No,No,No,Yes,a,Yes,a,a,a,a,Yes,Yes,Yes,b,Yes,Yes,a,a,c,Yes,b,Yes,a,Yes,No,No,No,0.0,11.4,3.1,0.0,0.1,1.1,0.0,28.2,0.0,28.2,1.0,0.75,0.75,0.75,1.0,0.0,0.0,1.0,1.0,1.0,0.75,1.0,0.5,0.75,1.0,1.0,0.75,0.0,0.7222222222222222,0.2712765957446808,0.2921308149171823,0.75,0.75,0.75,0.75,1.0,1.0,1.0,1.0,0.85,0.2235294117647059,0.0607843137254901,0.0,0.0235294117647058,0.4935294117647059,0.3732477606427186,0.5832378114133949,58.323781141339495,74,1.0,291998,0.5,Moderate (9-12),291998.0,0.26,0.228667337797655,0.626266532440469,0.549526480801891,54.95264808018911,804,30.24
Padumoni Gaon,291559,212.0,1190,237,1,a,a,b,,,,,,1.0,Yes,Yes,No,Yes,No,No,No,No,Yes,b,Yes,b,Yes,Yes,c,c,Yes,Yes,b,Yes,Yes,b,b,b,a,Yes,Yes,Yes,Yes,No,No,No,0.0,92.0,0.0,5.0,0.0,0.0,0.0,15.0,0.0,15.0,1.0,0.75,0.75,0.5,0.0,0.0,0.0,1.0,1.0,1.0,0.5,1.0,0.5,0.5,0.75,1.0,1.0,0.0,0.625,0.1781512605042017,0.2327852560209366,0.5,1.0,1.0,0.25,0.25,1.0,1.0,1.0,0.75,0.4339622641509434,0.0,0.0,0.0,0.5,0.3814756671899529,0.5157414474432247,51.57414474432247,378,1.0,291559,0.0,Very Low (1-4),291559.0,0.88,0.128690368300244,0.7102619263399512,0.5495224346197076,54.95224346197076,805,50.58
Pakharigan,291404,90.5,1247,266,2,2,b,c,,,1.0,,,1.0,Yes,Yes,Yes,Yes,No,No,No,No,Yes,c,c,c,Yes,Yes,c,Yes,c,Yes,a,Yes,Yes,c,c,c,Yes,c,Yes,Yes,Yes,No,No,No,0.0,4.0,0.0,2.2,0.0,0.0,0.0,60.9,0.0,60.9,1.0,1.0,0.5,0.25,1.0,0.0,0.0,1.0,1.0,1.0,0.25,0.25,0.75,0.25,1.0,1.0,1.0,0.0,0.625,0.0725741780272654,0.2874308891367441,0.25,1.0,1.0,0.25,1.0,0.25,1.0,1.0,0.675,0.0441988950276243,0.0,0.0,0.0,0.5,0.3814756671899529,0.5069028557221766,50.69028557221766,439,1.0,291404,0.0,Not listed,291404.0,0.869,0.132042686273675,0.7128914627452649,0.549235657460785,54.923565746078495,806,29.664
Badhari Tipling,292317,213.8,816,176,1,a,a,a,,,,,,0.0,Yes,Yes,Yes,No,No,Yes,No,No,Yes,a,Yes,a,a,a,c,Yes,c,Yes,b,Yes,Yes,c,a,c,a,a,Yes,Yes,Yes,No,No,No,5.3,49.6,53.5,0.0,5.4,5.4,5.4,81.9,0.0,81.9,1.0,0.75,0.75,0.75,0.0,0.0,0.0,1.0,0.0,1.0,0.75,1.0,0.5,0.25,0.75,1.0,1.0,0.0,0.5833333333333334,0.2620098039215686,0.2347687695314656,0.75,0.75,0.75,0.25,1.0,0.25,1.0,1.0,0.725,0.2319925163704396,0.2502338634237605,0.0247895229186155,0.0757717492984097,0.4578578110383536,0.3278882683533226,0.4876031793868643,48.760317938686434,616,1.0,292317,0.0,Not listed,292317.0,0.785,0.118661263207326,0.7407677473585348,0.5491825315792787,54.918253157927865,807,44.913
Nalani Dalani - 2,291760,46.0,246,47,a,a,b,b,,,,,,0.0,Yes,Yes,Yes,Yes,No,No,No,No,b,c,b,c,b,b,b,b,b,Yes,b,Yes,Yes,a,c,c,Yes,c,a,a,Yes,No,No,No,0.0,2.0,3.0,0.0,0.3,0.0,0.0,38.2,0.0,38.2,0.75,0.75,0.5,0.5,0.0,0.0,0.0,1.0,1.0,0.5,0.25,0.5,0.5,0.75,1.0,0.75,0.75,0.0,0.5277777777777778,0.1869918699186991,0.1758515065909059,0.25,0.5,0.5,0.5,0.5,0.5,1.0,1.0,0.575,0.0434782608695652,0.0652173913043478,0.0,0.0065217391304347,0.483695652173913,0.3607432939731076,0.4205559798867925,42.05559798867925,1126,1.0,291760,0.0,Not listed,291760.0,0.423,0.164294439505706,0.8402411120988589,0.5491708155832362,54.91708155832362,808,21.259
Khatowa Pathar Gaon,292294,402.4,518,100,1,1,1,b,,,,,,0.0,Yes,Yes,Yes,No,No,No,No,No,Yes,b,a,c,b,b,c,b,b,Yes,b,Yes,Yes,c,c,c,Yes,Yes,Yes,Yes,Yes,No,No,No,26.1,49.4,0.0,0.0,0.0,0.0,0.0,201.2,0.0,201.2,1.0,1.0,1.0,0.5,0.0,0.0,0.0,1.0,0.0,1.0,0.5,0.75,0.5,0.25,1.0,1.0,1.0,0.0,0.5833333333333334,0.7768339768339768,0.3040888081623956,0.25,0.5,0.5,0.25,0.5,0.5,1.0,1.0,0.575,0.1227634194831013,0.0,0.0648608349900596,0.0,0.487027833001988,0.3649804469883992,0.4673516247716121,46.73516247716121,799,1.0,292294,0.0,Not listed,292294.0,0.688,0.175704915289364,0.7584590169421273,0.5491528758657097,54.91528758657097,809,38.69
Abhaipuria Gaon,292402,116.1,571,107,1,1,1,1,,,,,,0.0,No,Yes,Yes,Yes,No,No,No,No,Yes,a,Yes,c,Yes,Yes,b,b,a,Yes,b,Yes,Yes,a,b,c,a,Yes,Yes,Yes,Yes,No,No,No,0.0,24.5,0.0,26.1,0.0,0.0,0.0,60.2,0.0,60.2,1.0,1.0,1.0,1.0,0.0,0.0,0.0,0.0,1.0,1.0,0.75,1.0,0.5,0.75,0.75,1.0,1.0,0.0,0.6527777777777778,0.2033274956217163,0.1762378945838814,0.25,1.0,1.0,0.5,0.5,0.75,1.0,1.0,0.75,0.2110249784668389,0.0,0.0,0.0,0.5,0.3814756671899529,0.5085490515284055,50.854905152840544,426,1.0,292402,0.0,Not listed,292402.0,0.787,0.0976203835697559,0.7443759232860487,0.5490311930388828,54.90311930388828,810,54.283
Naharani Sonowal,291847,112.0,632,123,1,3,1,b,,,1.0,,,0.0,No,Yes,No,Yes,No,No,No,No,Yes,b,Yes,a,b,Yes,b,Yes,Yes,Yes,b,Yes,Yes,b,b,c,Yes,b,Yes,Yes,Yes,No,No,No,0.0,14.7,5.5,0.0,1.2,0.9,0.9,80.7,0.0,80.7,1.0,1.0,1.0,0.5,1.0,0.0,0.0,0.0,1.0,1.0,0.5,1.0,0.5,0.5,1.0,1.0,1.0,0.0,0.6666666666666666,0.1772151898734177,0.2327631150598931,0.75,0.5,1.0,0.5,1.0,1.0,1.0,1.0,0.825,0.13125,0.0491071428571428,0.0,0.0267857142857142,0.4986607142857143,0.3797726508185692,0.5483119755953538,54.83119755953538,186,1.0,291847,0.5,Moderate (9-12),291847.0,0.166,0.140821194231555,0.672035761153689,0.5489709808492343,54.89709808492344,811,29.516
Chakalia Pather No.2,292202,40.7,263,47,1,a,a,a,,,,,,0.0,No,Yes,No,Yes,No,No,No,No,Yes,c,a,c,a,b,c,c,c,Yes,b,Yes,Yes,b,c,b,a,a,Yes,a,Yes,No,No,No,0.0,12.2,0.0,0.0,0.0,0.0,0.0,28.4,0.0,28.4,1.0,0.75,0.75,0.75,0.0,0.0,0.0,0.0,1.0,1.0,0.25,0.75,0.5,0.5,0.75,1.0,0.75,0.0,0.5416666666666666,0.1547528517110266,0.1750889542548506,0.25,0.75,0.5,0.25,0.25,0.25,1.0,1.0,0.55,0.2997542997542997,0.0,0.0,0.0,0.5,0.3814756671899529,0.4204840386683699,42.04840386683699,1127,1.0,292202,0.0,Very Low (1-4),292202.0,0.457,0.0909914966625449,0.8447017006674911,0.5488742689092021,54.88742689092021,812,40.788
Nabhakatia No.2,292172,116.7,2897,609,6,3,1,1,,2.0,,,,1.0,Yes,Yes,Yes,No,No,No,No,No,Yes,a,Yes,c,Yes,Yes,c,c,Yes,Yes,Yes,Yes,Yes,Yes,c,c,Yes,a,Yes,Yes,Yes,Yes,No,No,0.0,51.1,0.0,0.0,0.0,0.0,0.0,65.6,0.0,65.6,1.0,1.0,1.0,1.0,0.0,1.0,0.0,1.0,0.0,1.0,0.75,1.0,1.0,1.0,1.0,1.0,1.0,0.0,0.7638888888888888,0.0402830514325164,0.4009528185621357,0.25,1.0,1.0,0.25,0.25,1.0,1.0,1.0,0.775,0.4378748928877463,0.0,0.0,0.0,0.5,0.3814756671899529,0.6000055603007468,60.00055603007469,42,1.0,292172,0.5,Moderate (9-12),292172.0,0.436,0.141553750808716,0.5908892498382567,0.5488152546543296,54.88152546543296,813,38.609
Nilmoni 84 (Darkhastor),292168,195.0,961,180,1,a,a,b,,,,,,3.0,No,Yes,Yes,No,No,No,No,No,b,c,a,a,a,a,c,c,b,Yes,a,Yes,Yes,c,c,b,a,a,a,Yes,Yes,No,No,No,0.0,0.0,20.0,0.0,0.0,0.0,0.0,175.0,0.0,175.0,1.0,0.75,0.75,0.5,0.0,0.0,0.0,0.0,0.0,0.5,0.25,0.75,0.75,0.25,0.75,0.75,1.0,0.0,0.4444444444444444,0.2029136316337148,0.1190852482796786,0.75,0.75,0.75,0.25,0.25,0.5,1.0,1.0,0.675,0.0,0.1025641025641025,0.0,0.0,0.4692307692307692,0.3423499577345731,0.4118524147279453,41.18524147279454,1177,1.0,292168,0.0,Not listed,292168.0,0.499,0.0941406099925585,0.8314718780014883,0.548712556930701,54.8712556930701,814,40.271
Tipomia Gaon,291551,127.0,342,68,2,a,b,b,,,,,,0.0,No,No,Yes,No,No,No,No,No,Yes,a,Yes,b,Yes,Yes,c,b,Yes,Yes,b,Yes,Yes,a,b,b,Yes,Yes,Yes,b,Yes,No,No,No,0.0,25.0,0.0,15.0,0.0,0.0,0.0,27.0,0.0,27.0,1.0,0.75,0.5,0.5,0.0,0.0,0.0,0.0,0.0,1.0,0.75,1.0,0.5,0.75,1.0,1.0,0.5,0.0,0.5138888888888888,0.3713450292397661,0.2373548852420143,0.5,1.0,1.0,0.25,0.5,1.0,1.0,1.0,0.775,0.1968503937007874,0.0,0.0,0.0,0.5,0.3814756671899529,0.4966060769707164,49.66060769707164,525,1.0,291551,0.0,Not listed,291551.0,0.925,0.14969080195416,0.692561839609168,0.5485848072326638,54.85848072326638,815,50.857
Walkhabi Gaon No.2,291073,289.2,772,147,1,1,1,c,,,,,,1.0,No,No,Yes,No,No,No,No,Yes,Yes,c,Yes,c,c,c,c,c,c,Yes,b,Yes,Yes,c,c,c,a,c,Yes,Yes,Yes,No,No,No,0.0,37.1,79.6,0.0,0.0,15.0,0.0,151.8,0.0,151.8,1.0,1.0,1.0,0.25,0.0,0.0,0.0,0.0,0.0,1.0,0.25,1.0,0.5,0.25,0.75,1.0,1.0,0.0,0.5,0.3746113989637306,0.180289287829816,0.25,0.25,0.25,0.25,0.25,0.25,1.0,1.0,0.5,0.1282849239280774,0.2752420470262793,0.0,0.0518672199170124,0.4433609958506224,0.3094543275337585,0.3819631874642057,38.19631874642057,1263,0.977310924407314,291073,0.0,Not listed,291073.0,0.296,0.0923351612390718,0.8927329677521857,0.548583658188392,54.8583658188392,816,13.467
Konwarijan,292310,88.0,351,72,1,a,a,a,,,,,,0.0,Yes,No,Yes,Yes,No,No,No,No,Yes,b,a,b,a,a,c,c,a,Yes,b,Yes,Yes,c,a,c,a,b,Yes,a,Yes,No,No,No,0.0,6.3,0.0,0.0,5.3,0.0,0.0,54.3,0.0,54.3,1.0,0.75,0.75,0.75,0.0,0.0,0.0,1.0,1.0,1.0,0.5,0.75,0.5,0.25,0.75,1.0,0.75,0.0,0.5972222222222222,0.2507122507122507,0.2345015475107459,0.5,0.75,0.75,0.25,0.25,0.75,1.0,1.0,0.65,0.0715909090909091,0.0,0.0,0.0602272727272727,0.5301136363636363,0.4197677322677322,0.4868844888867885,48.68844888867885,623,1.0,292310,0.0,Not listed,292310.0,0.76,0.147633310726027,0.7424733378547946,0.5485798818597643,54.85798818597642,817,43.334
Nakhatia Sonowal Gaon,292246,183.5,351,69,1,1,1,a,,,,,,0.0,No,No,Yes,Yes,No,No,No,No,Yes,b,b,b,b,Yes,c,b,a,Yes,a,Yes,Yes,c,b,c,a,Yes,Yes,a,Yes,No,No,No,0.0,12.1,15.4,0.0,0.0,0.0,0.0,145.3,0.0,145.3,1.0,1.0,1.0,0.75,0.0,0.0,0.0,0.0,1.0,1.0,0.5,0.5,0.75,0.25,0.75,1.0,0.75,0.0,0.5694444444444444,0.5227920227920227,0.1837942171713525,0.5,0.5,1.0,0.25,0.5,0.75,1.0,1.0,0.675,0.0659400544959128,0.0839237057220708,0.0,0.0,0.4748228882833787,0.3494608155565727,0.4607018285152637,46.070182851526376,856,1.0,292246,0.0,Not listed,292246.0,0.614,0.140810466514431,0.7876379066971138,0.5484228393051696,54.84228393051696,818,32.769
Sagauneswa No.2,292071,118.5,466,96,1,1,a,b,,,,,,0.0,No,Yes,Yes,No,No,No,No,No,c,b,b,c,b,b,c,c,b,Yes,b,Yes,Yes,b,b,b,Yes,Yes,Yes,Yes,Yes,No,No,No,0.0,2.8,0.0,0.0,0.0,0.0,0.0,29.7,0.0,29.7,1.0,1.0,0.75,0.5,0.0,0.0,0.0,0.0,0.0,0.25,0.5,0.5,0.5,0.5,1.0,1.0,1.0,0.0,0.4722222222222222,0.2542918454935622,0.2345862159812631,0.25,0.5,0.5,0.25,0.25,0.5,1.0,1.0,0.525,0.0236286919831223,0.0,0.0,0.0,0.5,0.3814756671899529,0.410497242988862,41.0497242988862,1184,1.0,292071,0.0,Not listed,292071.0,0.524,0.119909133673619,0.8188181732652762,0.5483951733799192,54.83951733799192,819,33.976
Sapkait No.1,292140,199.3,1343,264,1,2,1,b,,,1.0,,,1.0,Yes,Yes,Yes,Yes,No,No,No,No,Yes,c,Yes,c,Yes,Yes,c,c,Yes,Yes,b,Yes,Yes,b,b,b,Yes,Yes,Yes,Yes,Yes,No,No,No,0.0,47.6,0.0,0.0,0.0,0.0,0.0,151.8,0.0,151.8,1.0,1.0,1.0,0.5,1.0,0.0,0.0,1.0,1.0,1.0,0.25,1.0,0.5,0.5,1.0,1.0,1.0,0.0,0.7083333333333334,0.1483991064780342,0.2892243828451722,0.25,1.0,1.0,0.25,0.25,1.0,1.0,1.0,0.725,0.2388359257400903,0.0,0.0,0.0,0.5,0.3814756671899529,0.543184562482617,54.3184562482617,207,1.0,292140,0.25,Low (5-8),292140.0,0.517,0.179363449740839,0.6840273100518321,0.5481383698105189,54.81383698105189,820,39.494
Nalani Dalani - 1,291759,66.0,231,48,1,a,b,b,,,,,,0.0,No,No,Yes,Yes,No,No,No,No,b,c,b,c,b,b,b,b,b,Yes,b,Yes,Yes,a,c,c,a,c,Yes,a,Yes,No,No,No,0.0,5.6,3.8,0.0,0.0,0.6,0.0,53.8,0.0,53.8,1.0,0.75,0.5,0.5,0.0,0.0,0.0,0.0,1.0,0.5,0.25,0.5,0.5,0.75,0.75,1.0,0.75,0.0,0.4861111111111111,0.2857142857142857,0.1781865965834428,0.25,0.5,0.5,0.5,0.5,0.5,1.0,1.0,0.575,0.0848484848484848,0.0575757575757575,0.0,0.009090909090909,0.4872727272727272,0.3652918510061367,0.4116327971248658,41.163279712486585,1178,1.0,291759,0.0,Not listed,291759.0,0.429,0.184084016221684,0.8344831967556632,0.5481337054990465,54.81337054990465,821,20.558
Ronswal No.2,292018,178.3,595,130,1,1,b,c,,,1.0,,,0.0,No,No,Yes,Yes,No,No,No,No,Yes,c,Yes,c,b,b,c,c,Yes,Yes,b,Yes,Yes,a,c,a,a,c,Yes,Yes,Yes,No,No,No,0.0,9.2,0.0,0.0,0.0,0.0,0.0,169.1,0.0,169.1,1.0,1.0,0.5,0.25,1.0,0.0,0.0,0.0,1.0,1.0,0.25,1.0,0.5,0.75,0.75,1.0,1.0,0.0,0.6111111111111112,0.2996638655462185,0.1785165472233571,0.25,0.5,0.5,0.25,0.25,1.0,1.0,1.0,0.625,0.0515984296130117,0.0,0.0,0.0,0.5,0.3814756671899529,0.4612020480216077,46.12020480216077,849,1.0,292018,0.0,Not listed,292018.0,0.575,0.122517491049949,0.8029965017900103,0.5480490876003363,54.80490876003363,822,30.671
Ulom Pather Gaon,291240,78.0,372,70,1,1,a,c,,,1.0,,,1.0,Yes,No,Yes,Yes,No,No,No,No,Yes,c,c,c,a,c,c,c,c,Yes,b,Yes,Yes,b,b,c,a,c,Yes,a,Yes,No,No,No,0.0,6.1,0.0,0.0,2.9,1.1,0.0,64.5,0.0,64.5,1.0,1.0,0.75,0.25,1.0,0.0,0.0,1.0,1.0,1.0,0.25,0.25,0.5,0.5,0.75,1.0,0.75,0.0,0.6111111111111112,0.2096774193548387,0.2335309470318584,0.25,0.75,0.25,0.25,0.25,0.25,1.0,1.0,0.475,0.0782051282051282,0.0,0.0,0.0512820512820512,0.5256410256410257,0.4140804250694361,0.4364765995496296,43.64765995496296,1038,1.0,291240,0.0,Not listed,291240.0,0.445,0.177680843334031,0.8309638313331937,0.5478803330516575,54.78803330516576,823,14.771
Silputa No.1,291785,200.4,1142,234,2,2,1,b,,1.0,,,1.0,1.0,Yes,No,Yes,Yes,No,Yes,No,No,Yes,c,b,c,b,Yes,b,Yes,b,Yes,b,Yes,Yes,Yes,c,c,Yes,c,Yes,Yes,Yes,No,No,No,0.0,60.0,3.0,13.2,0.2,0.0,2.0,112.1,0.0,112.1,1.0,1.0,1.0,0.5,0.0,1.0,0.0,1.0,1.0,1.0,0.25,0.5,0.5,1.0,1.0,1.0,1.0,0.0,0.7083333333333334,0.1754816112084063,0.3470078248568161,0.25,0.5,1.0,0.5,1.0,0.5,1.0,1.0,0.675,0.2994011976047904,0.0149700598802395,0.0,0.0109780439121756,0.5009980039920159,0.3827447146523279,0.542884232478003,54.288423247800296,211,1.0,291785,0.5,Moderate (9-12),291785.0,0.134,0.191643351660203,0.6714713296679594,0.547752195279237,54.7752195279237,824,28.586
Na-Choudang,292146,115.4,324,62,1,a,a,b,,,,,,1.0,Yes,No,No,Yes,No,No,No,No,c,b,c,b,b,b,c,c,c,Yes,b,Yes,Yes,a,c,b,Yes,b,Yes,b,Yes,No,No,No,0.0,16.6,0.0,0.0,0.0,0.0,0.0,90.8,0.0,90.8,1.0,0.75,0.75,0.5,0.0,0.0,0.0,1.0,1.0,0.25,0.5,0.25,0.5,0.75,1.0,1.0,0.5,0.0,0.5416666666666666,0.3561728395061728,0.2941388732453122,0.5,0.5,0.5,0.25,0.25,0.25,1.0,1.0,0.5,0.1438474870017331,0.0,0.0,0.0,0.5,0.3814756671899529,0.4352465184159853,43.52465184159853,1045,1.0,292146,0.0,Not listed,292146.0,0.587,0.158683559331966,0.7921632881336068,0.5476213836432637,54.762138364326375,825,41.572
Salmari T.E. 24 Darkhastor,292023,135.4,348,71,1,a,a,c,,,1.0,,,0.0,No,No,No,Yes,No,No,No,No,a,c,a,c,b,b,c,c,c,Yes,b,Yes,Yes,b,c,b,Yes,c,Yes,a,Yes,No,No,No,0.0,1.0,0.0,0.0,0.0,0.0,0.0,134.4,0.0,134.4,1.0,0.75,0.75,0.25,1.0,0.0,0.0,0.0,1.0,0.75,0.25,0.75,0.5,0.5,1.0,1.0,0.75,0.0,0.5694444444444444,0.3890804597701149,0.2377743829418123,0.25,0.5,0.5,0.25,0.25,0.25,1.0,1.0,0.525,0.0073855243722304,0.0,0.0,0.0,0.5,0.3814756671899529,0.4355998402845548,43.55998402845548,1042,1.0,292023,0.0,Not listed,292023.0,0.53,0.131015865452966,0.8147968269094068,0.5475836765777088,54.75836765777088,826,30.192
Chapatali No.3,292204,75.6,391,77,1,b,b,b,,,,,,0.0,No,Yes,No,Yes,No,Yes,No,No,Yes,b,c,,b,b,c,a,a,Yes,a,Yes,Yes,a,b,b,a,Yes,Yes,a,Yes,No,No,No,0.0,11.6,0.0,0.0,0.0,0.0,0.0,52.0,0.0,52.0,1.0,0.5,0.5,0.5,0.0,0.0,0.0,0.0,1.0,1.0,0.5,0.25,0.75,0.75,0.75,1.0,0.75,0.0,0.5138888888888888,0.1933503836317135,0.1760019050755764,0.0,0.5,0.5,0.25,0.75,0.75,1.0,1.0,0.575,0.1534391534391534,0.0,0.0,0.0,0.5,0.3814756671899529,0.4212678319291069,42.12678319291069,1122,1.0,292204,0.0,Not listed,292204.0,0.462,0.167308470361825,0.8279383059276351,0.547397148718441,54.7397148718441,827,42.058
Harok Pather Gaon,291158,77.8,363,69,1,1,a,c,,,1.0,,,1.0,No,Yes,Yes,Yes,No,No,No,Yes,Yes,c,c,c,Yes,Yes,c,c,c,Yes,b,Yes,Yes,c,b,c,a,c,Yes,a,Yes,No,No,No,0.0,9.0,0.0,13.4,0.0,0.0,0.0,35.0,0.0,35.0,1.0,1.0,0.75,0.25,1.0,0.0,0.0,0.0,1.0,1.0,0.25,0.25,0.5,0.25,0.75,1.0,0.75,0.0,0.5416666666666666,0.2143250688705234,0.1764980211521843,0.25,1.0,1.0,0.25,0.25,0.25,1.0,1.0,0.575,0.1156812339331619,0.0,0.0,0.0,0.5,0.3814756671899529,0.4283363053927033,42.83363053927033,1090,1.0,291158,0.0,Not listed,291158.0,0.415,0.239376760467924,0.8276246479064152,0.5473957145291051,54.73957145291051,828,12.529
Dighalia,291975,16.7,33,8,a,a,b,b,,,,,,0.0,No,Yes,Yes,Yes,No,No,No,No,Yes,b,b,b,b,b,b,a,a,c,b,Yes,b,b,b,c,Yes,c,a,a,Yes,No,No,No,2.5,2.5,0.0,4.5,0.0,0.0,0.0,7.1,0.0,7.1,0.75,0.75,0.5,0.5,0.0,0.0,0.0,0.0,1.0,1.0,0.5,0.5,0.5,0.5,1.0,0.75,0.75,0.0,0.5,0.506060606060606,0.1262556103554789,0.5,0.5,0.5,0.5,0.75,0.75,0.25,0.5,0.525,0.1497005988023952,0.0,0.1497005988023952,0.0,0.4700598802395209,0.3434042433187001,0.3827447512526097,38.27447512526098,1261,1.0,291975,0.0,Not listed,291975.0,0.155,0.276216537284751,0.8982566925430497,0.5473772161038946,54.73772161038946,829,34.149
Kenduguri No.1,291635,86.0,244,60,2,1,b,c,,,,,,0.0,Yes,Yes,No,Yes,No,No,No,No,Yes,c,c,c,c,c,c,b,c,Yes,b,Yes,Yes,b,c,c,Yes,c,Yes,b,Yes,No,No,No,0.0,20.0,0.0,20.0,0.0,0.0,0.0,28.0,0.0,28.0,1.0,1.0,0.5,0.25,0.0,0.0,0.0,1.0,1.0,1.0,0.25,0.25,0.5,0.5,1.0,1.0,0.5,0.0,0.5416666666666666,0.3524590163934426,0.2940510298602541,0.25,0.25,0.25,0.25,0.5,0.25,1.0,1.0,0.45,0.2325581395348837,0.0,0.0,0.0,0.5,0.3814756671899529,0.4202245575697208,42.022455756972086,1128,1.0,291635,0.0,Not listed,291635.0,0.505,0.160074245813893,0.8164851508372214,0.5473281678784451,54.732816787844506,830,25.688
Dhowa Pather No.2,292226,60.8,593,109,1,a,b,b,,,,,,0.0,No,Yes,Yes,No,No,Yes,No,No,b,b,Yes,c,b,b,c,c,Yes,Yes,b,Yes,Yes,b,c,b,Yes,c,a,Yes,No,No,No,No,0.0,2.4,0.0,0.0,0.0,0.0,0.0,58.4,0.0,58.4,1.0,0.75,0.5,0.5,0.0,0.0,0.0,0.0,0.0,0.5,0.5,1.0,0.5,0.5,1.0,0.75,1.0,0.0,0.4722222222222222,0.1025295109612141,0.1167108538353882,0.25,0.5,0.5,0.25,0.25,1.0,1.0,1.0,0.625,0.0394736842105263,0.0,0.0,0.0,0.5,0.3814756671899529,0.4110284024523932,41.10284024523932,1182,1.0,292226,0.0,Not listed,292226.0,0.422,0.168176033058725,0.839764793388255,0.547304980892642,54.7304980892642,831,42.571
Bhurbhuri Gaon No.1,291152,106.9,215,44,1,a,b,c,,,,,,0.0,No,No,Yes,Yes,No,No,No,Yes,c,c,b,c,b,b,b,b,b,Yes,b,Yes,Yes,c,c,c,a,c,Yes,a,No,No,No,No,0.0,19.6,2.1,0.0,8.8,3.4,0.0,68.3,0.0,68.3,1.0,0.75,0.5,0.25,0.0,0.0,0.0,0.0,1.0,0.25,0.25,0.5,0.5,0.25,0.75,1.0,0.75,0.0,0.4305555555555556,0.4972093023255814,0.1260462496889474,0.25,0.5,0.5,0.5,0.5,0.5,1.0,1.0,0.575,0.1833489242282507,0.019644527595884,0.0,0.1141253507951356,0.5511693171188026,0.4465418318151179,0.4009588176741493,40.09588176741494,1221,1.0,291152,0.0,Not listed,291152.0,0.487,0.0990775848873796,0.8340844830225241,0.5471266304035142,54.712663040351416,832,13.676
Thengal N.C. - 3,291761,87.3,118,24,1,a,b,b,,,,,,0.0,No,No,Yes,Yes,No,No,No,No,c,c,b,c,c,b,c,c,c,Yes,b,Yes,Yes,b,c,c,a,c,Yes,a,Yes,No,No,No,0.0,7.4,5.1,0.0,1.0,0.0,2.0,68.3,0.0,68.3,1.0,0.75,0.5,0.5,0.0,0.0,0.0,0.0,1.0,0.25,0.25,0.5,0.5,0.5,0.75,1.0,0.75,0.0,0.4583333333333333,0.7398305084745762,0.1889278475817151,0.25,0.25,0.5,0.25,0.25,0.25,1.0,1.0,0.475,0.0847651775486827,0.0584192439862542,0.0,0.0343642611683848,0.4996563573883161,0.3810386962080629,0.3805230344703747,38.052303447037474,1267,1.0,291761,0.0,Not listed,291761.0,0.403,0.0501006526242694,0.8690798694751461,0.5470197141166966,54.70197141166966,833,22.704
Kerang,292157,129.9,300,54,1,a,b,b,,,,,,0.0,No,No,No,Yes,No,No,No,No,c,c,b,c,b,b,c,c,b,Yes,b,Yes,Yes,a,c,c,Yes,c,Yes,a,Yes,No,No,No,0.0,3.1,0.0,0.0,0.0,0.0,0.0,126.8,0.0,126.8,1.0,0.75,0.5,0.5,0.0,0.0,0.0,0.0,1.0,0.25,0.25,0.5,0.5,0.75,1.0,1.0,0.75,0.0,0.4861111111111111,0.433,0.2388132156936361,0.25,0.5,0.5,0.25,0.25,0.5,1.0,1.0,0.525,0.0238645111624326,0.0,0.0,0.0,0.5,0.3814756671899529,0.4150262151391774,41.50262151391775,1160,1.0,292157,0.0,Not listed,292157.0,0.563,0.0921703553857354,0.8126659289228529,0.5469910255710432,54.69910255710432,834,43.852
Sasoni Pather Gaon,292265,169.7,756,162,1,1,a,b,,,,,,0.0,Yes,No,Yes,Yes,No,No,No,No,Yes,b,Yes,c,b,b,c,b,b,Yes,b,Yes,Yes,b,c,c,Yes,Yes,Yes,Yes,Yes,No,No,No,21.6,64.2,0.0,0.0,7.1,4.3,0.0,0.0,0.0,0.0,1.0,1.0,0.75,0.5,0.0,0.0,0.0,1.0,1.0,1.0,0.5,1.0,0.5,0.5,1.0,1.0,1.0,0.0,0.6527777777777778,0.2244708994708994,0.2910237156623491,0.25,0.5,0.5,0.25,0.5,0.5,1.0,1.0,0.6,0.3783146729522687,0.0,0.1272834413671184,0.0671773718326458,0.5081319976428993,0.39181619794466,0.4943136129489637,49.43136129489637,554,1.0,292265,0.0,Not listed,292265.0,0.725,0.219612511811942,0.7385774976376116,0.546959357662331,54.69593576623309,835,40.507
Joloni T.E.259 Nlr,291564,37.1,628,155,1,1,1,a,,,,,,0.0,Yes,Yes,Yes,Yes,No,No,No,No,Yes,a,Yes,a,b,Yes,c,c,Yes,Yes,b,Yes,Yes,b,a,b,a,Yes,Yes,Yes,Yes,No,No,No,0.0,10.1,0.0,0.0,0.0,0.0,0.0,7.2,0.0,7.2,1.0,1.0,1.0,0.75,0.0,0.0,0.0,1.0,1.0,1.0,0.75,1.0,0.5,0.5,0.75,1.0,1.0,0.0,0.6805555555555556,0.0590764331210191,0.2299687686452503,0.75,0.5,1.0,0.25,0.25,1.0,1.0,1.0,0.725,0.2722371967654986,0.0,0.0,0.0,0.5,0.3814756671899529,0.521426214488192,52.142621448819206,331,1.0,291564,0.0,Not listed,291564.0,0.885,0.0828398604199893,0.7179320279160022,0.5468863534062064,54.68863534062064,836,47.655
Powali Pather No.2,292142,16.8,88,18,1,a,b,b,,,,,,0.0,No,No,No,Yes,No,No,No,No,Yes,c,Yes,c,b,b,c,c,a,a,a,Yes,Yes,a,b,b,a,c,Yes,a,Yes,No,No,No,0.0,3.9,0.0,0.0,0.0,0.0,0.0,12.9,0.0,12.9,1.0,0.75,0.5,0.5,0.0,0.0,0.0,0.0,1.0,1.0,0.25,1.0,0.75,0.75,0.75,1.0,0.75,0.0,0.5555555555555556,0.1909090909090909,0.1759441609638718,0.25,0.5,0.5,0.25,0.25,0.75,0.75,1.0,0.6,0.2321428571428571,0.0,0.0,0.0,0.5,0.3814756671899529,0.4391700625678474,43.917006256784745,1016,1.0,292142,0.0,Not listed,292142.0,0.548,0.108305392674225,0.813938921465155,0.5467829589055229,54.678295890552285,837,40.283
Bayanchuk (Bhoyn Chuk),291495,75.0,455,96,1,b,b,b,,,,,,0.0,Yes,Yes,Yes,No,No,No,No,No,b,b,Yes,a,a,b,c,c,Yes,Yes,b,Yes,Yes,b,c,b,b,b,Yes,Yes,Yes,No,No,No,0.0,30.0,0.0,5.0,0.0,0.0,0.0,37.0,0.0,37.0,1.0,0.5,0.5,0.5,0.0,0.0,0.0,1.0,0.0,0.5,0.5,1.0,0.5,0.5,0.5,1.0,1.0,0.0,0.5,0.1648351648351648,0.2324702892377005,0.75,0.75,0.5,0.25,0.25,1.0,1.0,1.0,0.7,0.4,0.0,0.0,0.0,0.5,0.3814756671899529,0.4694127057474157,46.94127057474157,785,1.0,291495,0.0,Not listed,291495.0,0.779,0.188485364209332,0.7286029271581336,0.5467800932511715,54.67800932511715,838,32.958
Dhadumia Bangali No.2,292150,226.7,1182,221,1,a,b,b,,,,,,1.0,Yes,Yes,Yes,No,No,No,No,No,Yes,b,b,c,Yes,Yes,c,b,c,Yes,a,Yes,Yes,a,b,b,a,Yes,a,Yes,Yes,No,No,No,0.0,22.1,0.0,8.8,0.0,0.0,0.0,195.9,0.0,195.9,1.0,0.75,0.5,0.5,0.0,0.0,0.0,1.0,0.0,1.0,0.5,0.5,0.75,0.75,0.75,0.75,1.0,0.0,0.5416666666666666,0.1917935702199661,0.1759650816308833,0.25,1.0,1.0,0.25,0.5,0.25,1.0,1.0,0.65,0.0974856638729598,0.0,0.0,0.0,0.5,0.3814756671899529,0.4507030705123781,45.07030705123781,938,1.0,292150,0.0,Not listed,292150.0,0.607,0.14497428869679,0.788905142260642,0.5467746773904706,54.67746773904706,839,43.432
Thengal No.1,291809,133.6,128,25,1,b,b,c,,,,,,0.0,No,Yes,Yes,No,No,No,No,No,c,c,c,c,c,c,c,b,b,Yes,b,Yes,Yes,c,c,c,a,Yes,Yes,c,Yes,No,No,No,0.0,6.8,4.5,22.7,0.4,3.2,3.4,80.0,0.0,80.0,1.0,0.5,0.5,0.25,0.0,0.0,0.0,0.0,0.0,0.25,0.25,0.25,0.5,0.25,0.75,1.0,0.25,0.0,0.3194444444444444,1.04375,0.196116482072461,0.25,0.25,0.25,0.25,0.5,0.5,1.0,1.0,0.475,0.0508982035928143,0.0336826347305389,0.0,0.0523952095808383,0.5160928143712575,0.4019390575207514,0.3517780431333767,35.17780431333767,1298,1.0,291809,0.0,Not listed,291809.0,0.389,0.136836963383169,0.8559326073233662,0.5466930220755745,54.66930220755744,840,22.287
Dihing Holla Gaon No.2,291638,134.0,407,81,1,1,a,c,,,,,,0.0,Yes,Yes,Yes,No,No,No,No,No,Yes,c,c,c,c,c,c,c,b,Yes,b,Yes,Yes,b,c,b,Yes,c,Yes,c,Yes,No,No,No,0.0,20.0,0.0,30.0,0.0,0.0,4.0,70.0,0.0,70.0,1.0,1.0,0.75,0.25,0.0,0.0,0.0,1.0,0.0,1.0,0.25,0.25,0.5,0.5,1.0,1.0,0.25,0.0,0.4861111111111111,0.3292383292383292,0.2935017889025774,0.25,0.25,0.25,0.25,0.25,0.5,1.0,1.0,0.45,0.1492537313432835,0.0,0.0,0.0298507462686567,0.5149253731343284,0.400454556104876,0.4099941362243973,40.99941362243973,1187,1.0,291638,0.0,Not listed,291638.0,0.554,0.129708213901649,0.8078583572196703,0.5465869735292439,54.65869735292439,841,25.131
Jutlibari T.E. 303/310 Nlr,291525,786.0,691,127,1,a,a,a,,,,,,0.0,Yes,Yes,Yes,No,No,No,No,No,Yes,a,Yes,b,b,Yes,c,b,Yes,Yes,b,Yes,Yes,a,b,b,a,c,Yes,Yes,Yes,No,No,No,0.0,80.0,0.0,0.0,0.0,0.0,0.0,6.0,0.0,6.0,1.0,0.75,0.75,0.75,0.0,0.0,0.0,1.0,0.0,1.0,0.75,1.0,0.5,0.75,0.75,1.0,1.0,0.0,0.6111111111111112,1.1374819102749638,0.2554763883414014,0.5,0.5,1.0,0.25,0.5,1.0,1.0,1.0,0.725,0.1017811704834605,0.0,0.0,0.0,0.5,0.3814756671899529,0.5104420083011187,51.04420083011188,413,1.0,291525,0.0,Not listed,291525.0,0.903,0.140320866436233,0.7010358267127534,0.5465047778489447,54.65047778489447,842,46.153
Tarani Pathar,292308,161.9,234,41,1,a,b,b,,,,,,0.0,No,Yes,Yes,No,No,No,No,No,Yes,c,a,a,a,b,c,b,b,Yes,a,Yes,Yes,a,b,c,a,Yes,Yes,a,Yes,No,No,No,28.1,39.7,0.0,0.0,9.0,0.0,0.0,0.0,0.0,0.0,1.0,0.75,0.5,0.5,0.0,0.0,0.0,0.0,0.0,1.0,0.25,0.75,0.75,0.75,0.75,1.0,0.75,0.0,0.4861111111111111,0.6918803418803419,0.1877936780696307,0.75,0.75,0.5,0.25,0.5,0.5,1.0,1.0,0.675,0.2452130945027795,0.0,0.1735639283508338,0.0555898702903026,0.4930821494749846,0.3726790283747841,0.4455120029701423,44.55120029701423,971,1.0,292308,0.0,Not listed,292308.0,0.715,0.0695509674930118,0.7715898065013976,0.5464861963741844,54.64861963741844,843,41.028
Borbam Gaon No.2,291611,139.0,191,39,2,,1,b,,,1.0,,,0.0,No,Yes,Yes,No,No,No,No,No,Yes,c,Yes,c,b,b,c,b,Yes,Yes,b,Yes,Yes,a,c,b,a,b,Yes,b,Yes,No,No,No,0.0,25.0,25.0,25.0,3.0,0.0,8.0,50.0,0.0,50.0,1.0,0.0,1.0,0.5,1.0,0.0,0.0,0.0,0.0,1.0,0.25,1.0,0.5,0.75,0.75,1.0,0.5,0.0,0.5138888888888888,0.7277486910994765,0.1886420752916339,0.25,0.5,0.5,0.25,0.5,1.0,1.0,1.0,0.65,0.1798561151079136,0.1798561151079136,0.0,0.079136690647482,0.4856115107913669,0.3631794721208904,0.4432686354693088,44.32686354693088,990,1.0,291611,0.0,Not listed,291611.0,0.617,0.140403530398726,0.7868192939202548,0.546365157209144,54.6365157209144,844,25.873
Harishpur Chah Bagicha,292365,346.0,904,195,1,1,1,c,,,1.0,,,1.0,Yes,Yes,Yes,Yes,No,No,No,No,b,b,b,b,b,Yes,c,c,c,Yes,b,Yes,Yes,b,b,b,a,Yes,Yes,Yes,Yes,Yes,Yes,Yes,0.0,30.0,0.0,0.0,0.0,0.0,0.0,16.0,0.0,16.0,1.0,1.0,1.0,0.25,1.0,0.0,0.0,1.0,1.0,0.5,0.5,0.5,0.5,0.5,0.75,1.0,1.0,1.0,0.6944444444444444,0.3827433628318584,0.2376244910300007,0.5,0.5,1.0,0.25,0.25,0.25,1.0,1.0,0.575,0.0867052023121387,0.0,0.0,0.0,0.5,0.3814756671899529,0.4818123673066019,48.18123673066019,669,1.0,292365,0.0,Not listed,292365.0,0.646,0.0970296801467648,0.786794063970647,0.5463450984242519,54.6345098424252,845,46.623
Lonbai Pather,292195,202.2,784,152,1,a,a,a,,,,,,0.0,Yes,No,Yes,No,No,Yes,No,No,Yes,c,b,c,b,b,c,c,b,Yes,b,Yes,Yes,b,c,b,a,a,a,Yes,Yes,No,No,No,0.0,49.5,0.0,0.0,0.0,0.0,0.0,152.7,0.0,152.7,1.0,0.75,0.75,0.75,0.0,0.0,0.0,1.0,0.0,1.0,0.25,0.5,0.5,0.5,0.75,0.75,1.0,0.0,0.5277777777777778,0.2579081632653061,0.1775288959210491,0.25,0.5,0.5,0.25,0.25,0.5,1.0,1.0,0.525,0.244807121661721,0.0,0.0,0.0,0.5,0.3814756671899529,0.4101218018626973,41.01218018626974,1185,1.0,292195,0.0,Not listed,292195.0,0.407,0.14301439273196,0.849297121453608,0.5463224226401985,54.63224226401985,846,39.529
Tipomia No.2,292199,34.0,82,15,1,a,a,b,,,,,,0.0,No,No,Yes,No,No,No,No,No,b,c,b,c,b,b,c,c,c,b,b,Yes,Yes,b,c,b,Yes,a,Yes,a,Yes,No,No,No,0.0,0.6,0.0,0.0,0.0,0.0,0.0,33.4,0.0,33.4,1.0,0.75,0.75,0.5,0.0,0.0,0.0,0.0,0.0,0.5,0.25,0.5,0.5,0.5,1.0,1.0,0.75,0.0,0.4444444444444444,0.4146341463414634,0.2383788065400834,0.25,0.5,0.5,0.25,0.25,0.25,0.5,1.0,0.45,0.0176470588235294,0.0,0.0,0.0,0.5,0.3814756671899529,0.3820009461841225,38.20009461841226,1262,1.0,292199,0.0,Very Low (1-4),292199.0,0.429,0.114921598478006,0.8483156803043989,0.5461423238352734,54.61423238352734,847,40.819
Harabari Grant 115 F/S,291271,142.5,712,139,1,a,1,b,,,,,,1.0,Yes,Yes,Yes,No,No,No,No,Yes,b,c,b,b,b,b,b,b,b,Yes,a,Yes,Yes,a,a,a,Yes,c,a,Yes,No,No,No,No,0.0,76.7,0.0,0.0,1.0,0.0,0.0,39.0,0.0,39.0,1.0,0.75,1.0,0.5,0.0,0.0,0.0,1.0,0.0,0.5,0.25,0.5,0.75,0.75,1.0,0.75,1.0,0.0,0.5416666666666666,0.2001404494382022,0.1761625110999086,0.5,0.5,0.5,0.5,0.5,0.5,1.0,1.0,0.625,0.5382456140350877,0.0,0.0,0.0070175438596491,0.5035087719298246,0.385937370899777,0.4441447686215992,44.41447686215992,981,1.0,291271,0.0,Not listed,291271.0,0.611,0.0938821601759426,0.7979235679648115,0.5461006605958683,54.61006605958683,848,9.814
Borbam Block Gaon,291953,116.1,111,28,a,b,b,b,,,,,,0.0,No,No,Yes,No,No,No,No,No,c,c,b,a,b,b,b,b,a,Yes,b,Yes,Yes,b,c,c,a,b,b,b,Yes,No,No,No,0.0,25.1,2.2,0.0,2.5,1.9,1.5,80.7,0.0,80.7,0.75,0.5,0.5,0.5,0.0,0.0,0.0,0.0,0.0,0.25,0.25,0.5,0.5,0.5,0.75,0.5,0.5,0.0,0.3333333333333333,1.045945945945946,0.0818827086895418,0.75,0.5,0.5,0.5,0.5,0.75,1.0,1.0,0.65,0.2161929371231697,0.0189491817398794,0.0,0.0508182601205857,0.519724375538329,0.4065568982512503,0.3801153901559689,38.01153901559689,1269,1.0,291953,0.25,Low (5-8),291953.0,0.024,0.158726751905535,0.836054649618893,0.5458760717576302,54.58760717576302,849,42.945
Mali Pather Gaon,292394,170.5,878,181,1,1,1,a,,,,,,0.0,No,Yes,Yes,Yes,No,No,No,No,Yes,b,Yes,b,Yes,Yes,Yes,Yes,Yes,Yes,b,Yes,Yes,Yes,b,c,Yes,Yes,Yes,Yes,Yes,No,No,No,15.2,71.6,6.6,10.7,0.0,0.0,0.0,0.0,0.0,0.0,1.0,1.0,1.0,0.75,0.0,0.0,0.0,0.0,1.0,1.0,0.5,1.0,0.5,1.0,1.0,1.0,1.0,0.0,0.6527777777777778,0.1941913439635535,0.2903075106700596,0.5,1.0,1.0,1.0,1.0,1.0,1.0,1.0,0.9,0.419941348973607,0.0387096774193548,0.089149560117302,0.0,0.4705571847507331,0.3440366085527376,0.5745786438225069,57.45786438225069,93,1.0,292394,0.25,Low (5-8),292394.0,0.814,0.134336411551642,0.6039327176896716,0.5457554560262942,54.57554560262942,850,53.637
Merbil Majuli No.1,291678,180.0,342,73,2,,1,a,,,1.0,,,0.0,Yes,No,Yes,Yes,No,Yes,No,No,Yes,b,a,b,a,Yes,c,b,a,Yes,b,Yes,Yes,b,b,b,a,Yes,Yes,a,Yes,No,No,No,0.0,46.0,14.0,24.0,0.0,0.0,0.0,90.0,0.0,90.0,1.0,0.0,1.0,0.75,1.0,0.0,0.0,1.0,1.0,1.0,0.5,0.75,0.5,0.5,0.75,1.0,0.75,0.0,0.6388888888888888,0.5263157894736842,0.2410204222777706,0.5,0.75,1.0,0.25,0.5,0.75,1.0,1.0,0.7,0.2555555555555555,0.0777777777777777,0.0,0.0,0.4766666666666667,0.3518053375196233,0.5003383952955895,50.03383952955895,503,1.0,291678,0.0,Very Low (1-4),291678.0,0.776,0.180317531186268,0.7311364937627464,0.5454805037024847,54.54805037024847,851,42.39
Dihing Kinar Badhari,292318,99.0,745,166,1,a,a,a,,,,,,0.0,Yes,Yes,Yes,No,Yes,No,No,No,Yes,a,a,a,a,Yes,c,Yes,c,Yes,b,Yes,Yes,c,a,c,a,a,Yes,Yes,Yes,No,No,No,13.5,7.9,25.3,0.0,5.0,0.0,13.5,28.7,0.0,28.7,1.0,0.75,0.75,0.75,0.0,0.0,0.0,1.0,0.0,1.0,0.75,0.75,0.5,0.25,0.75,1.0,1.0,0.0,0.5694444444444444,0.1328859060402684,0.2317145906065466,0.75,0.75,1.0,0.25,1.0,0.25,1.0,1.0,0.725,0.0797979797979798,0.2555555555555555,0.1363636363636363,0.1868686868686868,0.4894949494949495,0.3681175966890253,0.4914132781005528,49.14132781005528,582,1.0,292318,0.0,Not listed,292318.0,0.798,0.21153820862251,0.718292358275498,0.5454632304651896,54.54632304651896,852,45.049
Kathalguri T.E. 109,291542,85.0,669,124,1,a,c,c,,,,,,0.0,Yes,No,Yes,No,No,No,No,No,Yes,c,Yes,c,Yes,Yes,c,a,Yes,Yes,b,Yes,Yes,b,c,c,Yes,c,c,Yes,Yes,No,No,No,0.0,10.0,0.0,2.0,0.0,0.0,0.0,0.0,0.0,0.0,1.0,0.75,0.25,0.25,0.0,0.0,0.0,1.0,0.0,1.0,0.25,1.0,0.5,0.5,1.0,0.25,1.0,0.0,0.4861111111111111,0.1270553064275037,0.2315766789205679,0.25,1.0,1.0,0.25,0.75,1.0,1.0,1.0,0.775,0.1176470588235294,0.0,0.0,0.0,0.5,0.3814756671899529,0.4882170809459104,48.82170809459104,610,1.0,291542,0.0,Not listed,291542.0,0.948,0.136706689007487,0.6882586621985026,0.545418984688036,54.5418984688036,853,52.987
Bharali Forest Village,292010,30.1,282,56,1,a,a,c,,,,,,0.0,No,No,Yes,Yes,No,No,No,No,b,c,c,c,b,Yes,c,c,c,Yes,a,Yes,Yes,a,c,c,Yes,c,Yes,a,No,No,No,No,0.0,3.7,4.6,0.0,0.3,0.0,0.0,19.5,0.0,19.5,1.0,0.75,0.75,0.25,0.0,0.0,0.0,0.0,1.0,0.5,0.25,0.25,0.75,0.75,1.0,1.0,0.75,0.0,0.5,0.1067375886524822,0.1739532450103647,0.25,0.5,1.0,0.25,0.25,0.25,1.0,1.0,0.55,0.1229235880398671,0.1528239202657807,0.0,0.0099667774086378,0.4591362126245847,0.3295138653468032,0.3993910843219518,39.939108432195184,1226,1.0,292010,0.0,Not listed,292010.0,0.36,0.179612726194584,0.8560774547610832,0.545346372959045,54.534637295904496,854,21.459
Barbari 12/141 Orr,291266,225.9,1366,278,2,a,a,a,,,,,,1.0,Yes,No,Yes,No,No,No,No,No,Yes,a,Yes,a,a,a,a,a,a,Yes,a,Yes,Yes,a,a,c,a,a,a,Yes,Yes,No,Yes,No,0.0,55.8,0.0,0.0,0.0,0.0,0.0,0.0,0.0,0.0,1.0,0.75,0.75,0.75,0.0,0.0,0.0,1.0,0.0,1.0,0.75,1.0,0.75,0.75,0.75,0.75,1.0,0.0,0.6111111111111112,0.1653733528550512,0.1753401619034609,0.75,0.75,0.75,0.75,0.75,0.75,1.0,1.0,0.825,0.247011952191235,0.0,0.0,0.0,0.5,0.3814756671899529,0.5204079516916336,52.04079516916336,338,1.0,291266,0.25,Low (5-8),291266.0,0.521,0.103779505019497,0.6979440989961005,0.5452340301527984,54.52340301527984,855,2.756
Kathalguri No.1,291537,266.0,809,151,1,b,b,b,,,,,,0.0,No,Yes,Yes,No,No,No,No,No,Yes,b,Yes,b,Yes,Yes,b,c,Yes,Yes,b,Yes,Yes,a,b,b,Yes,c,Yes,Yes,Yes,Yes,No,No,0.0,150.0,0.0,5.0,0.0,0.0,0.0,66.0,0.0,66.0,1.0,0.5,0.5,0.5,0.0,0.0,0.0,0.0,0.0,1.0,0.5,1.0,0.5,0.75,1.0,1.0,1.0,0.0,0.5138888888888888,0.3288009888751545,0.2363485873096056,0.5,1.0,1.0,0.5,0.25,1.0,1.0,1.0,0.775,0.5639097744360902,0.0,0.0,0.0,0.5,0.3814756671899529,0.4963545024876142,49.63545024876142,534,1.0,291537,0.0,Not listed,291537.0,0.98,0.10604753706866,0.684790492586268,0.5452246939404015,54.52246939404015,856,55.697
Lengraigaon,291488,200.0,644,139,2,c,a,a,,,,,,0.0,No,Yes,Yes,No,No,No,No,No,a,a,Yes,c,b,b,c,b,Yes,Yes,b,Yes,Yes,a,c,Yes,Yes,b,Yes,Yes,Yes,No,No,No,0.0,23.0,0.0,0.0,0.0,0.0,0.0,97.0,0.0,97.0,1.0,0.25,0.75,0.75,0.0,0.0,0.0,0.0,0.0,0.75,0.75,1.0,0.5,0.75,1.0,1.0,1.0,0.0,0.5277777777777778,0.3105590062111801,0.2359171080875931,0.25,0.5,0.5,0.25,0.5,1.0,1.0,1.0,0.65,0.115,0.0,0.0,0.0,0.5,0.3814756671899529,0.4622188549043333,46.22188549043334,837,1.0,291488,0.0,Not listed,291488.0,0.729,0.171689338200283,0.7469621323599434,0.5449854800443685,54.498548004436856,857,29.061
Ghulani Gaon No.2,292277,113.9,283,61,1,1,a,a,,,,,,0.0,No,No,No,Yes,Yes,Yes,No,No,Yes,b,a,b,a,a,c,c,a,Yes,a,Yes,Yes,c,c,c,a,b,Yes,a,Yes,No,No,No,0.0,17.0,18.1,20.4,0.0,2.0,0.0,21.3,0.0,21.3,1.0,1.0,0.75,0.75,0.0,0.0,0.0,0.0,1.0,1.0,0.5,0.75,0.75,0.25,0.75,1.0,0.75,0.0,0.5694444444444444,0.4024734982332155,0.1809483125168735,0.5,0.75,0.75,0.25,0.25,0.75,1.0,1.0,0.675,0.1492537313432835,0.1589113257243196,0.0,0.0175592625109745,0.4611062335381914,0.3320189154881241,0.4565019723379543,45.65019723379543,891,1.0,292277,0.0,Not listed,292277.0,0.601,0.162865767723147,0.7871268464553707,0.5448906540345854,54.48906540345854,858,35.519
Chetia Pather,291589,67.0,603,125,1,a,a,a,,,,,,0.0,No,Yes,No,Yes,No,No,No,No,Yes,b,Yes,b,a,Yes,c,a,a,Yes,b,Yes,Yes,c,b,c,a,Yes,Yes,Yes,Yes,No,No,No,0.0,17.0,0.0,0.0,0.0,0.0,0.0,40.0,0.0,40.0,1.0,0.75,0.75,0.75,0.0,0.0,0.0,0.0,1.0,1.0,0.5,1.0,0.5,0.25,0.75,1.0,1.0,0.0,0.5694444444444444,0.1111111111111111,0.1740566923221325,0.5,0.75,1.0,0.25,0.75,0.75,1.0,1.0,0.75,0.2537313432835821,0.0,0.0,0.0,0.5,0.3814756671899529,0.4871704176296348,48.71704176296348,620,1.0,291589,0.0,Not listed,291589.0,0.75,0.200660222120072,0.7348679555759856,0.5446827053894203,54.46827053894203,859,37.389
Balijan Gaon,291408,111.3,505,117,1,a,a,a,,,1.0,,,0.0,Yes,Yes,Yes,Yes,No,No,No,No,Yes,b,b,a,a,b,b,b,b,Yes,b,Yes,Yes,c,b,c,Yes,c,Yes,Yes,Yes,No,No,No,0.0,39.5,0.0,0.0,0.0,0.0,0.0,54.7,0.0,54.7,1.0,0.75,0.75,0.75,1.0,0.0,0.0,1.0,1.0,1.0,0.5,0.5,0.5,0.25,1.0,1.0,1.0,0.0,0.6666666666666666,0.2203960396039604,0.2909273326431573,0.75,0.75,0.5,0.5,0.5,0.5,1.0,1.0,0.65,0.3548966756513926,0.0,0.0,0.0,0.5,0.3814756671899529,0.5106936332654466,51.06936332654466,410,1.0,291408,0.0,Not listed,291408.0,0.799,0.243563873842717,0.7115872252314566,0.5445880733318649,54.458807333186485,860,25.126
Madhuting 335 Nlr (Madhuban Chah Bagan),291568,65.0,239,48,1,a,a,a,,,,,,0.0,No,Yes,Yes,No,No,No,No,No,Yes,a,Yes,a,a,a,c,c,Yes,Yes,b,Yes,Yes,b,a,c,Yes,c,Yes,a,Yes,No,No,No,0.0,3.0,0.0,0.0,0.0,0.0,0.0,1.9,0.0,1.9,1.0,0.75,0.75,0.75,0.0,0.0,0.0,0.0,0.0,1.0,0.75,1.0,0.5,0.5,1.0,1.0,0.75,0.0,0.5416666666666666,0.2719665271966527,0.2350042767837015,0.75,0.75,0.75,0.25,0.25,1.0,1.0,1.0,0.725,0.0461538461538461,0.0,0.0,0.0,0.5,0.3814756671899529,0.4879628693005827,48.79628693005827,612,1.0,291568,0.0,Not listed,291568.0,0.907,0.0954965447139681,0.7088006910572064,0.5444926956973009,54.449269569730085,861,48.298
Naharkatia Kaibatra,291684,92.0,858,175,1,1,c,c,,,,,,0.0,No,No,Yes,No,No,No,No,No,a,a,Yes,a,b,a,c,b,Yes,Yes,b,Yes,Yes,b,a,c,Yes,Yes,Yes,Yes,Yes,No,No,No,0.0,20.0,0.0,0.0,0.0,0.0,0.0,57.0,0.0,57.0,1.0,1.0,0.25,0.25,0.0,0.0,0.0,0.0,0.0,0.75,0.75,1.0,0.5,0.5,1.0,1.0,1.0,0.0,0.5,0.1072261072261072,0.2311076571260539,0.75,0.5,0.75,0.25,0.5,1.0,1.0,1.0,0.725,0.217391304347826,0.0,0.0,0.0,0.5,0.3814756671899529,0.476572047719504,47.6572047719504,717,1.0,291684,0.0,Not listed,291684.0,0.794,0.256128789966006,0.7105742420067989,0.544227961162726,54.4227961162726,862,47.647
Telpani Ban Gaon R/F,291702,113.8,705,136,1,a,c,c,,,,,,0.0,No,Yes,Yes,No,No,No,No,No,Yes,c,Yes,c,b,Yes,b,a,Yes,Yes,b,Yes,Yes,b,c,c,a,c,Yes,Yes,Yes,No,No,No,110.0,3.8,0.0,0.0,0.0,0.0,0.0,0.0,0.0,0.0,1.0,0.75,0.25,0.25,0.0,0.0,0.0,0.0,0.0,1.0,0.25,1.0,0.5,0.5,0.75,1.0,1.0,0.0,0.4583333333333333,0.161418439716312,0.1752466159947917,0.25,0.5,1.0,0.5,0.75,1.0,1.0,1.0,0.75,0.0333919156414762,0.0,0.9666080843585236,0.0,0.3066783831282952,0.1356506912620395,0.4105251255844391,41.05251255844392,1183,1.0,291702,0.0,Not listed,291702.0,0.507,0.117190672471888,0.8244618655056224,0.5439440038902528,54.39440038902528,863,21.949
Kopowhuwa Gaon,291472,295.2,959,199,1,a,a,a,,,1.0,,,1.0,Yes,Yes,Yes,No,Yes,Yes,No,No,Yes,b,b,b,b,Yes,b,b,b,Yes,b,Yes,Yes,a,a,b,a,Yes,Yes,Yes,Yes,No,No,No,0.0,12.6,0.0,21.0,0.0,0.0,0.0,229.9,0.0,229.9,1.0,0.75,0.75,0.75,1.0,0.0,0.0,1.0,0.0,1.0,0.5,0.5,0.5,0.75,0.75,1.0,1.0,0.0,0.625,0.3078206465067779,0.2358523374244141,0.5,0.5,1.0,0.5,0.5,0.5,1.0,1.0,0.65,0.0426829268292682,0.0,0.0,0.0,0.5,0.3814756671899529,0.4865082177940941,48.65082177940941,626,1.0,291472,0.0,Not listed,291472.0,0.738,0.171261038603172,0.7443477922793655,0.5439235513463426,54.392355134634265,864,28.476
Dihing Kinar Bangali No.1,291656,136.0,193,36,1,a,a,b,,,,,,0.0,No,No,Yes,No,No,No,No,No,Yes,b,Yes,c,b,b,c,b,Yes,Yes,a,Yes,Yes,a,c,b,Yes,b,Yes,a,Yes,No,No,No,0.0,20.0,0.0,6.0,0.0,0.0,0.0,110.0,0.0,110.0,1.0,0.75,0.75,0.5,0.0,0.0,0.0,0.0,0.0,1.0,0.5,1.0,0.75,0.75,1.0,1.0,0.75,0.0,0.5416666666666666,0.7046632124352331,0.2452388895751528,0.25,0.5,0.5,0.25,0.5,1.0,1.0,1.0,0.675,0.1470588235294117,0.0,0.0,0.0,0.5,0.3814756671899529,0.4755215224984455,47.55215224984455,724,1.0,291656,0.0,Not listed,291656.0,0.809,0.157221023354092,0.7258557953291815,0.5438733906039537,54.38733906039537,865,48.155
Tinikuria,291487,33.0,239,53,1,1,b,b,,,,,,0.0,No,Yes,Yes,No,No,No,No,No,b,b,Yes,c,b,b,c,b,Yes,Yes,b,Yes,Yes,a,c,a,Yes,b,Yes,c,Yes,No,No,No,0.0,15.0,0.0,4.0,0.0,0.0,0.0,14.0,0.0,14.0,1.0,1.0,0.5,0.5,0.0,0.0,0.0,0.0,0.0,0.5,0.5,1.0,0.5,0.75,1.0,1.0,0.25,0.0,0.4722222222222222,0.1380753138075313,0.2318373361253518,0.25,0.5,0.5,0.25,0.5,1.0,1.0,1.0,0.65,0.4545454545454545,0.0,0.0,0.0,0.5,0.3814756671899529,0.4473100230248841,44.731002302488406,959,1.0,291487,0.0,Not listed,291487.0,0.716,0.192696605154637,0.7466606789690726,0.5438449556974599,54.384495569746,866,27.962
Kharjan Gaon,291402,32.2,562,105,1,a,a,c,,,,,,0.0,No,No,Yes,Yes,No,No,No,No,b,b,Yes,c,c,a,b,Yes,Yes,Yes,a,Yes,Yes,c,b,c,a,c,a,Yes,Yes,No,No,No,0.0,20.0,0.0,0.0,9.6,0.0,0.0,2.7,0.0,2.7,1.0,0.75,0.75,0.25,0.0,0.0,0.0,0.0,1.0,0.5,0.5,1.0,0.75,0.25,0.75,0.75,1.0,0.0,0.5138888888888888,0.0572953736654804,0.115640926803426,0.25,0.25,0.75,0.5,1.0,1.0,1.0,1.0,0.75,0.6211180124223602,0.0,0.0,0.2981366459627328,0.6490683229813665,0.5710287937439669,0.496588212671872,49.6588212671872,527,1.0,291402,0.0,Not listed,291402.0,0.899,0.161508602930391,0.6979982794139218,0.5437638625280202,54.37638625280202,867,32.305
Baghmora No.2,292207,28.8,393,78,1,b,b,b,,,,,,0.0,No,No,No,Yes,No,No,No,No,Yes,b,c,,b,b,c,a,a,Yes,a,Yes,Yes,a,b,b,c,Yes,Yes,a,Yes,No,No,No,0.0,2.1,0.0,0.0,0.0,0.0,0.0,26.7,0.0,26.7,1.0,0.5,0.5,0.5,0.0,0.0,0.0,0.0,1.0,1.0,0.5,0.25,0.75,0.75,0.25,1.0,0.75,0.0,0.4861111111111111,0.0732824427480916,0.1731619274988285,0.0,0.5,0.5,0.25,0.75,0.75,1.0,1.0,0.575,0.0729166666666666,0.0,0.0,0.0,0.5,0.3814756671899529,0.4136133930904755,41.36133930904755,1167,1.0,292207,0.0,Not listed,292207.0,0.482,0.176673565841958,0.8200652868316084,0.5435379466858434,54.35379466858434,868,41.365
Podumoni No.1,291857,211.3,679,141,2,1,1,a,,,,,,0.0,No,No,Yes,Yes,No,Yes,No,No,Yes,c,Yes,c,a,a,c,b,Yes,Yes,a,Yes,Yes,a,c,c,Yes,c,Yes,Yes,Yes,No,No,No,0.0,11.5,9.4,0.0,1.4,8.0,0.0,163.7,0.0,163.7,1.0,1.0,1.0,0.75,0.0,0.0,0.0,0.0,1.0,1.0,0.25,1.0,0.75,0.75,1.0,1.0,1.0,0.0,0.6388888888888888,0.3111929307805596,0.2359321023612447,0.25,0.75,0.75,0.25,0.5,1.0,1.0,1.0,0.725,0.0544249881684808,0.0444865120681495,0.0,0.0444865120681495,0.5088973024136298,0.3927893484380537,0.5147631175001441,51.47631175001442,381,1.0,291857,0.5,Moderate (9-12),291857.0,0.102,0.0892004189662908,0.7015599162067419,0.5435253943387159,54.35253943387159,869,31.325
Chiringkhat,291506,249.0,1266,261,2,a,b,b,,1.0,1.0,,,1.0,No,Yes,Yes,Yes,No,No,No,No,Yes,b,b,b,Yes,b,c,a,a,Yes,b,Yes,Yes,b,b,b,Yes,Yes,Yes,Yes,Yes,No,No,No,0.0,65.0,0.0,10.0,0.0,0.0,0.0,154.0,144.0,10.0,1.0,0.75,0.5,0.5,1.0,1.0,0.0,0.0,1.0,1.0,0.5,0.5,0.5,0.5,1.0,1.0,1.0,0.0,0.6527777777777778,0.1966824644549763,0.2332235762195094,0.5,1.0,0.5,0.25,0.75,0.75,1.0,1.0,0.675,0.2610441767068273,0.0,0.0,0.0,0.5,0.3814756671899529,0.5002954719373125,50.02954719373125,504,1.0,291506,0.0,Not listed,291506.0,0.788,0.157569500948841,0.7320860998102319,0.543361684057463,54.3361684057463,870,37.859
Borsaikia Gaon,291264,180.6,1486,305,1,a,a,b,,,2.0,,,1.0,No,Yes,Yes,No,No,No,No,Yes,Yes,b,a,b,Yes,Yes,b,b,b,Yes,b,Yes,Yes,b,a,c,Yes,b,Yes,Yes,Yes,No,No,No,0.0,64.0,116.5,0.0,0.0,0.0,0.0,0.0,0.0,0.0,1.0,0.75,0.75,0.5,1.0,0.0,0.0,0.0,0.0,1.0,0.5,0.75,0.5,0.5,1.0,1.0,1.0,0.0,0.5694444444444444,0.1215343203230148,0.2314460905501595,0.5,1.0,1.0,0.5,0.5,0.5,1.0,1.0,0.725,0.35437430786268,0.6450719822812846,0.0,0.0,0.3064784053156146,0.1353964023636544,0.4448019142213819,44.48019142213819,975,1.0,291264,0.0,Not listed,291264.0,0.552,0.17020229852593,0.800359540294814,0.5433147991100137,54.33147991100137,871,5.26
Dihing Holla No.1,291636,342.0,1375,273,2,2,1,c,,,1.0,,,1.0,No,Yes,Yes,No,No,No,No,No,Yes,c,c,c,Yes,c,c,c,c,Yes,b,Yes,Yes,a,c,a,Yes,Yes,Yes,Yes,Yes,No,No,No,0.0,42.0,0.0,0.0,0.0,0.0,0.0,157.0,0.0,157.0,1.0,1.0,1.0,0.25,1.0,0.0,0.0,0.0,0.0,1.0,0.25,0.25,0.5,0.75,1.0,1.0,1.0,0.0,0.5555555555555556,0.2487272727272727,0.2344545966517057,0.25,1.0,0.25,0.25,0.25,0.25,1.0,1.0,0.5,0.1228070175438596,0.0,0.0,0.0,0.5,0.3814756671899529,0.4237976714898059,42.37976714898059,1116,1.0,291636,0.0,Not listed,291636.0,0.526,0.118717633070355,0.818456473385929,0.543217588595791,54.32175885957909,872,23.609
Mekahiguri,291385,211.7,140,26,1,,a,a,,,,,,0.0,No,No,Yes,No,No,No,No,No,Yes,b,Yes,b,b,b,b,a,Yes,Yes,b,Yes,Yes,b,b,b,a,c,b,a,Yes,No,No,No,0.0,29.5,0.0,0.0,1.2,0.0,0.0,170.1,0.0,170.1,1.0,0.0,0.75,0.75,0.0,0.0,0.0,0.0,0.0,1.0,0.5,1.0,0.5,0.5,0.75,0.5,0.75,0.0,0.4444444444444444,1.512142857142857,0.1500525624178712,0.5,0.5,0.5,0.5,0.75,1.0,1.0,1.0,0.725,0.139348134152102,0.0,0.0,0.0056683986773736,0.5028341993386869,0.3850795941355359,0.4431401705426861,44.31401705426861,992,1.0,291385,0.0,Not listed,291385.0,0.743,0.0988252616422657,0.7573349476715469,0.5432090587934169,54.32090587934169,873,21.038
Salmari No.3,292045,168.8,343,74,1,a,c,c,,,,,,0.0,No,Yes,Yes,No,No,No,No,No,Yes,b,b,c,b,b,c,c,c,Yes,b,Yes,Yes,a,b,c,Yes,b,Yes,a,Yes,No,No,Yes,0.0,13.5,0.0,0.0,0.0,0.0,0.0,145.3,0.0,145.3,1.0,0.75,0.25,0.25,0.0,0.0,0.0,0.0,0.0,1.0,0.5,0.5,0.5,0.75,1.0,1.0,0.75,1.0,0.5138888888888888,0.492128279883382,0.2402117821034927,0.25,0.5,0.5,0.25,0.25,0.25,1.0,1.0,0.5,0.0799763033175355,0.0,0.0,0.0,0.5,0.3814756671899529,0.414820301186086,41.4820301186086,1161,1.0,292045,0.0,Not listed,292045.0,0.51,0.163185381136217,0.8143629237727565,0.5430194651134688,54.30194651134688,874,31.057
Chaikya Gaon,292418,174.7,965,202,1,b,1,a,,,,,,1.0,Yes,Yes,Yes,Yes,No,No,No,No,a,a,b,c,Yes,a,c,c,a,Yes,a,Yes,Yes,a,a,c,a,Yes,Yes,Yes,Yes,No,Yes,No,0.0,43.7,0.0,17.0,0.0,0.0,0.0,93.8,0.0,93.8,1.0,0.5,1.0,0.75,0.0,0.0,0.0,1.0,1.0,0.75,0.75,0.5,0.75,0.75,0.75,1.0,1.0,0.0,0.6388888888888888,0.1810362694300518,0.2328534953910618,0.25,1.0,0.75,0.25,0.25,0.75,1.0,1.0,0.65,0.2501431024613623,0.0,0.0,0.0,0.5,0.3814756671899529,0.4892307295079782,48.923072950797824,602,1.0,292418,0.0,Not listed,292418.0,0.732,0.184945291162902,0.7434109417674196,0.5427991006332262,54.27991006332263,875,56.537
Telpani R/V,291700,77.6,480,92,1,a,c,b,,,,,,0.0,No,No,Yes,No,No,No,No,No,b,c,b,,b,b,Yes,b,b,Yes,b,Yes,Yes,c,c,c,a,c,Yes,Yes,Yes,No,No,No,0.0,2.0,0.0,0.0,2.0,0.0,0.0,73.6,0.0,73.6,1.0,0.75,0.25,0.5,0.0,0.0,0.0,0.0,0.0,0.5,0.25,0.5,0.5,0.25,0.75,1.0,1.0,0.0,0.4027777777777778,0.1616666666666666,0.1752524873287028,0.0,0.5,0.5,1.0,0.5,0.5,1.0,1.0,0.6,0.0257731958762886,0.0,0.0,0.0257731958762886,0.5128865979381443,0.3978620790108271,0.4040799820787856,40.40799820787856,1209,1.0,291700,0.0,Not listed,291700.0,0.579,0.141591859345046,0.7979816281309908,0.5426850849361962,54.26850849361961,876,24.271
Kachari Pather Gaon,292414,97.4,746,156,1,1,1,1,,,,,,0.0,Yes,Yes,Yes,Yes,No,No,No,No,Yes,a,Yes,b,Yes,Yes,Yes,a,Yes,Yes,b,Yes,Yes,c,b,b,a,Yes,Yes,Yes,Yes,No,No,No,0.0,20.2,0.0,0.0,0.0,0.0,0.0,70.4,0.0,70.4,1.0,1.0,1.0,1.0,0.0,0.0,0.0,1.0,1.0,1.0,0.75,1.0,0.5,0.25,0.75,1.0,1.0,0.0,0.6805555555555556,0.1305630026809651,0.2316596467688758,0.5,1.0,1.0,1.0,0.75,1.0,1.0,1.0,0.875,0.2073921971252566,0.0,0.0,0.0,0.5,0.3814756671899529,0.5668489340190985,56.684893401909854,112,1.0,292414,0.25,Low (5-8),292414.0,0.756,0.0883964653211952,0.630520706935761,0.5423445445450163,54.23445445450164,877,55.411
Jagun Pather No.2,291679,83.0,317,69,1,1,a,b,,,,,,0.0,No,Yes,Yes,No,No,No,No,No,Yes,b,a,b,Yes,Yes,c,c,a,Yes,b,Yes,Yes,a,b,b,Yes,Yes,Yes,a,Yes,No,No,No,0.0,28.0,2.0,13.0,0.0,0.0,0.0,34.0,0.0,34.0,1.0,1.0,0.75,0.5,0.0,0.0,0.0,0.0,0.0,1.0,0.5,0.75,0.5,0.75,1.0,1.0,0.75,0.0,0.5277777777777778,0.2618296529968454,0.2347645084057823,0.5,1.0,1.0,0.25,0.25,0.75,1.0,1.0,0.7,0.3373493975903614,0.0240963855421686,0.0,0.0,0.4927710843373494,0.3722834824383878,0.4750922680335676,47.50922680335676,730,1.0,291679,0.0,Not listed,291679.0,0.777,0.237170371866184,0.7194659256267633,0.542320019717909,54.2320019717909,878,42.954
Gulai Bam Gaon,291630,141.0,434,72,2,a,a,c,,,,,,0.0,Yes,No,Yes,No,No,No,No,No,Yes,c,c,c,c,c,c,c,c,Yes,c,Yes,Yes,c,c,c,Yes,a,Yes,b,Yes,No,No,No,0.0,41.0,0.0,0.0,0.0,0.0,0.0,90.0,0.0,90.0,1.0,0.75,0.75,0.25,0.0,0.0,0.0,1.0,0.0,1.0,0.25,0.25,0.25,0.25,1.0,1.0,0.5,0.0,0.4583333333333333,0.3248847926267281,0.2933988143178089,0.25,0.25,0.25,0.25,0.25,0.25,1.0,1.0,0.4,0.2907801418439716,0.0,0.0,0.0,0.5,0.3814756671899529,0.3842281703507761,38.422817035077614,1259,1.0,291630,0.0,Not listed,291630.0,0.532,0.0579365556201995,0.8288126888759602,0.5420961292083292,54.20961292083292,879,21.709
No.11 Willton Grant,291618,53.0,192,43,1,a,b,b,,,1.0,,,0.0,No,Yes,Yes,No,No,No,No,No,Yes,c,a,c,b,b,b,b,a,Yes,b,Yes,Yes,c,c,c,a,Yes,Yes,b,Yes,No,No,No,0.0,20.0,0.0,5.0,0.0,0.0,0.0,23.0,0.0,23.0,1.0,0.75,0.5,0.5,1.0,0.0,0.0,0.0,0.0,1.0,0.25,0.75,0.5,0.25,0.75,1.0,0.5,0.0,0.4861111111111111,0.2760416666666667,0.1779578092735123,0.25,0.5,0.5,0.5,0.5,0.75,1.0,1.0,0.625,0.3773584905660377,0.0,0.0,0.0,0.5,0.3814756671899529,0.4298123635341465,42.98123635341465,1078,1.0,291618,0.0,Not listed,291618.0,0.589,0.177209349305925,0.787858130138815,0.541854054452397,54.185405445239695,880,21.392
Maijan Grant Gaon,291269,215.0,1454,296,2,a,a,b,,,,,,1.0,Yes,Yes,Yes,No,No,No,No,Yes,Yes,b,a,b,Yes,Yes,b,b,b,Yes,b,Yes,Yes,a,a,a,Yes,b,Yes,Yes,Yes,No,No,No,0.0,84.9,20.1,0.0,0.4,0.0,0.0,59.9,0.0,59.9,1.0,0.75,0.75,0.5,0.0,0.0,0.0,1.0,0.0,1.0,0.5,0.75,0.5,0.75,1.0,1.0,1.0,0.0,0.5833333333333334,0.1478679504814305,0.2892118193656205,0.5,1.0,1.0,0.5,0.5,0.5,1.0,1.0,0.725,0.3948837209302326,0.0934883720930232,0.0,0.001860465116279,0.4728837209302325,0.3469949983571245,0.5050352878461634,50.503528784616336,458,1.0,291269,0.25,Low (5-8),291269.0,0.569,0.116953381983618,0.6809093236032764,0.5417159340362843,54.17159340362843,881,6.23
Pithu Nagar T.E.12 No.Appl,291643,18.0,133,26,1,b,a,b,,,,,,0.0,Yes,No,Yes,No,No,No,No,No,Yes,c,c,c,c,c,c,b,b,Yes,b,Yes,Yes,c,c,c,Yes,b,Yes,c,Yes,No,No,No,0.0,2.0,0.0,0.0,0.0,0.0,0.0,10.0,0.0,10.0,1.0,0.5,0.75,0.5,0.0,0.0,0.0,1.0,0.0,1.0,0.25,0.25,0.5,0.25,1.0,1.0,0.25,0.0,0.4583333333333333,0.1353383458646616,0.288915455524488,0.25,0.25,0.25,0.25,0.5,0.5,1.0,1.0,0.475,0.1111111111111111,0.0,0.0,0.0,0.5,0.3814756671899529,0.4056073306524459,40.56073306524459,1202,1.0,291643,0.0,Not listed,291643.0,0.62,0.104778531759488,0.7930442936481024,0.5416679314188559,54.16679314188559,882,27.727
Ikarani No.1,291625,70.0,395,79,1,b,b,a,,,,,,0.0,Yes,Yes,Yes,No,No,No,No,No,Yes,c,c,c,a,b,b,c,c,Yes,b,Yes,Yes,b,c,b,b,Yes,Yes,b,Yes,No,No,No,0.0,30.0,0.0,0.0,0.0,0.0,0.0,40.0,0.0,40.0,1.0,0.5,0.5,0.75,0.0,0.0,0.0,1.0,0.0,1.0,0.25,0.25,0.5,0.5,0.5,1.0,0.5,0.0,0.4583333333333333,0.1772151898734177,0.2327631150598931,0.25,0.75,0.5,0.5,0.25,0.25,1.0,1.0,0.525,0.4285714285714285,0.0,0.0,0.0,0.5,0.3814756671899529,0.4065692455362972,40.65692455362972,1198,1.0,291625,0.0,Not listed,291625.0,0.559,0.146330540615868,0.8030338918768264,0.5416256855941968,54.16256855941968,883,22.414
Tingrai Holla,291601,401.0,1166,253,1,a,a,a,,,,,,1.0,No,Yes,Yes,No,No,No,No,No,b,b,b,a,a,Yes,c,c,c,Yes,b,Yes,Yes,c,c,c,Yes,a,Yes,Yes,Yes,No,No,No,0.0,100.0,0.0,14.0,0.0,0.0,0.0,275.0,0.0,275.0,1.0,0.75,0.75,0.75,0.0,0.0,0.0,0.0,0.0,0.5,0.5,0.5,0.5,0.25,1.0,1.0,1.0,0.0,0.4722222222222222,0.3439108061749571,0.2367059811484972,0.75,0.75,1.0,0.25,0.25,0.25,1.0,1.0,0.625,0.2493765586034912,0.0,0.0,0.0,0.5,0.3814756671899529,0.4410271842806704,44.10271842806704,1007,1.0,291601,0.0,Not listed,291601.0,0.735,0.144834536047217,0.7505330927905566,0.5416110824818399,54.16110824818399,884,33.872
Mahabirbari 765/348,291533,248.0,411,78,1,b,b,b,,,,,,0.0,No,Yes,Yes,No,No,No,No,No,Yes,b,Yes,b,b,Yes,a,a,Yes,Yes,b,Yes,Yes,b,b,b,b,c,Yes,b,Yes,No,No,No,0.0,80.0,0.0,3.0,0.0,0.0,0.0,48.0,0.0,48.0,1.0,0.5,0.5,0.5,0.0,0.0,0.0,0.0,0.0,1.0,0.5,1.0,0.5,0.5,0.5,1.0,0.5,0.0,0.4444444444444444,0.6034063260340633,0.185700994383385,0.5,0.5,1.0,0.75,0.75,1.0,1.0,1.0,0.8,0.3225806451612903,0.0,0.0,0.0,0.5,0.3814756671899529,0.4738314931449479,47.3831493144948,745,1.0,291533,0.0,Not listed,291533.0,0.937,0.120548792003653,0.6947902415992694,0.541562695314047,54.156269531404696,885,50.958
Gandhia No.1,292036,142.1,473,92,2,a,a,a,,,,,,1.0,No,Yes,Yes,Yes,No,No,No,No,a,b,a,c,c,c,c,c,c,Yes,a,Yes,Yes,c,c,a,a,c,Yes,Yes,Yes,No,No,No,0.0,9.6,0.0,0.0,0.0,0.0,4.6,128.0,0.0,128.0,1.0,0.75,0.75,0.75,0.0,0.0,0.0,0.0,1.0,0.75,0.5,0.75,0.75,0.25,0.75,1.0,1.0,0.0,0.5555555555555556,0.3004228329809725,0.1785344991469124,0.25,0.25,0.25,0.25,0.25,0.25,1.0,1.0,0.5,0.0675580577058409,0.0,0.0,0.0323715693173821,0.516185784658691,0.4020572771955098,0.413933969114719,41.3933969114719,1165,1.0,292036,0.0,Not listed,292036.0,0.465,0.0949001025833388,0.8415199794833322,0.5415502081593875,54.15502081593875,886,25.513
Garuchur Gaon,291277,232.2,1077,219,2,a,a,c,,,,,,1.0,Yes,Yes,Yes,Yes,No,No,No,Yes,Yes,c,c,c,Yes,a,c,c,c,Yes,a,Yes,Yes,b,b,b,Yes,c,a,Yes,Yes,No,No,No,0.0,27.1,6.2,1.2,0.0,0.0,0.0,195.2,0.0,195.2,1.0,0.75,0.75,0.25,0.0,0.0,0.0,1.0,1.0,1.0,0.25,0.25,0.75,0.5,1.0,0.75,1.0,0.0,0.5694444444444444,0.2155988857938718,0.2336710079988788,0.25,1.0,0.75,0.25,0.25,0.25,1.0,1.0,0.575,0.1167097329888027,0.0267011197243755,0.0,0.0,0.4919896640826873,0.371289839728378,0.4475368310565064,44.75368310565064,956,1.0,291277,0.0,Not listed,291277.0,0.648,0.122641547816953,0.7810716904366094,0.5415399041336202,54.15399041336202,887,12.789
Nalani Kapahua No.1,292027,73.0,184,34,1,b,b,b,,,,,,0.0,Yes,No,No,Yes,No,No,No,No,Yes,c,b,c,b,b,c,c,c,Yes,b,Yes,Yes,b,c,b,a,c,Yes,a,Yes,No,No,No,0.0,4.0,0.0,0.0,0.0,0.0,0.0,59.1,0.0,59.1,1.0,0.5,0.5,0.5,0.0,0.0,0.0,1.0,1.0,1.0,0.25,0.5,0.5,0.5,0.75,1.0,0.75,0.0,0.5416666666666666,0.3967391304347826,0.2379555341533288,0.25,0.5,0.5,0.25,0.25,0.25,1.0,1.0,0.5,0.0547945205479452,0.0,0.0,0.0,0.5,0.3814756671899529,0.4212006836429894,42.12006836429895,1123,1.0,292027,0.0,Not listed,292027.0,0.49,0.205002756349691,0.8119994487300618,0.5415100131088499,54.15100131088499,888,28.585
Jaloni 273 Nlr (Jaloni Chah Bagan),291569,96.3,849,178,2,a,a,b,,,,,,0.0,Yes,Yes,Yes,No,No,No,No,No,Yes,b,a,b,a,a,c,c,a,Yes,b,Yes,Yes,b,b,c,Yes,c,Yes,Yes,Yes,No,No,No,0.0,10.0,0.0,0.0,0.0,0.0,0.0,7.0,0.0,7.0,1.0,0.75,0.75,0.5,0.0,0.0,0.0,1.0,0.0,1.0,0.5,0.75,0.5,0.5,1.0,1.0,1.0,0.0,0.5694444444444444,0.1134275618374558,0.2883971978208222,0.5,0.75,0.75,0.25,0.25,0.75,1.0,1.0,0.65,0.1038421599169262,0.0,0.0,0.0,0.5,0.3814756671899529,0.4857555440043072,48.575554400430725,632,1.0,291569,0.0,Not listed,291569.0,0.9,0.124462772472451,0.7051074455055097,0.5413636277359024,54.13636277359024,889,48.603
Changamari Habi,291082,232.9,399,76,1,a,a,b,,,,,,1.0,No,Yes,Yes,Yes,No,No,No,Yes,c,b,Yes,b,a,a,b,b,b,Yes,b,Yes,Yes,b,b,b,Yes,b,Yes,b,No,No,No,No,0.0,105.0,0.0,56.3,0.0,0.0,0.0,58.3,0.0,58.3,1.0,0.75,0.75,0.5,0.0,0.0,0.0,0.0,1.0,0.25,0.5,1.0,0.5,0.5,1.0,1.0,0.5,0.0,0.5138888888888888,0.5837092731829574,0.1852350982581289,0.5,0.75,0.75,0.5,0.5,0.5,1.0,1.0,0.7,0.450837269214255,0.0,0.0,0.0,0.5,0.3814756671899529,0.461076130224745,46.1076130224745,851,0.944660194266383,291082,0.25,Low (5-8),291082.0,0.355,0.119850611442039,0.7445298777115923,0.5413420757276621,54.134207572766215,890,9.285
Kamini T.E. No.27,291531,211.0,1346,267,1,a,c,c,,,,,,1.0,No,No,Yes,No,No,No,No,No,Yes,c,Yes,c,Yes,Yes,c,c,Yes,Yes,b,Yes,Yes,a,c,b,Yes,c,Yes,Yes,Yes,No,No,No,0.0,40.0,0.0,10.0,0.0,0.0,0.0,94.0,0.0,94.0,1.0,0.75,0.25,0.25,0.0,0.0,0.0,0.0,0.0,1.0,0.25,1.0,0.5,0.75,1.0,1.0,1.0,0.0,0.4861111111111111,0.1567607726597325,0.2322793049286889,0.25,1.0,1.0,0.25,0.25,1.0,1.0,1.0,0.725,0.1895734597156398,0.0,0.0,0.0,0.5,0.3814756671899529,0.4733927374479406,47.339273744794056,751,1.0,291531,0.0,Not listed,291531.0,0.942,0.0752943013523195,0.7023411397295362,0.5412276322024796,54.12276322024796,891,49.111
Garapara Konwar,291368,204.2,1154,236,1,c,a,a,,,,,,1.0,Yes,Yes,Yes,Yes,No,No,No,No,Yes,c,a,c,c,Yes,c,c,c,Yes,b,Yes,Yes,c,c,b,Yes,c,Yes,Yes,Yes,No,No,No,0.0,22.8,1.9,15.2,0.0,0.0,0.0,164.3,0.0,164.3,1.0,0.25,0.75,0.75,0.0,0.0,0.0,1.0,1.0,1.0,0.25,0.75,0.5,0.25,1.0,1.0,1.0,0.0,0.5833333333333334,0.176949740034662,0.2898996934943434,0.25,0.25,1.0,0.25,0.25,0.25,1.0,1.0,0.55,0.1116552399608227,0.0093046033300685,0.0,0.0,0.4972086190009794,0.3779261874266772,0.4588934941922547,45.88934941922548,871,1.0,291368,0.0,Not listed,291368.0,0.722,0.142256759172865,0.7549486481654271,0.5411433107537583,54.11433107537583,892,18.048
Kachari Pathar No.2,291591,43.0,315,71,1,1,b,b,,,,,,0.0,No,Yes,Yes,Yes,No,No,No,No,Yes,a,Yes,a,b,a,c,c,a,Yes,b,Yes,Yes,c,a,c,Yes,Yes,Yes,a,Yes,No,No,No,0.0,4.0,0.0,2.0,0.0,0.0,0.0,33.0,0.0,33.0,1.0,1.0,0.5,0.5,0.0,0.0,0.0,0.0,1.0,1.0,0.75,1.0,0.5,0.25,1.0,1.0,0.75,0.0,0.5694444444444444,0.1365079365079365,0.2318002628120893,0.75,0.5,0.75,0.25,0.25,0.75,1.0,1.0,0.675,0.0930232558139534,0.0,0.0,0.0,0.5,0.3814756671899529,0.4791063102521241,47.91063102521241,694,1.0,291591,0.0,Not listed,291591.0,0.785,0.185765764320929,0.7273468471358142,0.5411101546358409,54.11101546358409,893,38.656
Dighali Bill No.1,292243,402.1,444,89,1,1,1,b,,,1.0,,,0.0,No,No,Yes,Yes,No,No,No,No,Yes,b,b,b,b,Yes,c,b,b,Yes,a,Yes,Yes,c,b,c,a,a,Yes,a,Yes,No,No,No,0.0,120.7,19.0,0.0,0.0,0.0,0.0,262.4,0.0,262.4,1.0,1.0,1.0,0.5,1.0,0.0,0.0,0.0,1.0,1.0,0.5,0.5,0.75,0.25,0.75,1.0,0.75,0.0,0.6111111111111112,0.9056306306306308,0.1928495324684549,0.5,0.5,1.0,0.25,0.5,0.5,1.0,1.0,0.65,0.3001740860482467,0.0472519273812484,0.0,0.0,0.4858244217856254,0.36345020666618,0.4686802022281275,46.86802022281276,787,1.0,292243,0.0,Not listed,292243.0,0.618,0.21915529533488,0.7707689409330241,0.5410374904902504,54.10374904902504,894,31.122
Mahmora Block No.1,292218,4.6,51,12,1,a,b,b,,,,,,0.0,No,No,Yes,No,No,No,No,No,Yes,b,Yes,c,c,b,c,c,Yes,Yes,a,Yes,Yes,b,b,b,a,Yes,Yes,a,Yes,No,No,No,0.0,0.0,0.7,0.0,0.0,0.0,0.0,0.0,0.0,0.0,1.0,0.75,0.5,0.5,0.0,0.0,0.0,0.0,0.0,1.0,0.5,1.0,0.75,0.5,0.75,1.0,0.75,0.0,0.5,0.0901960784313725,0.1735619872127563,0.25,0.25,0.5,0.25,0.25,1.0,1.0,1.0,0.625,0.0,0.1521739130434782,0.0,0.0,0.4543478260869565,0.3234250221827862,0.4205755012397463,42.05755012397463,1125,1.0,292218,0.0,Not listed,292218.0,0.514,0.179019550354919,0.8099960899290162,0.5409026861022135,54.09026861022135,895,44.616
Raidangia Sheet Grazing,291999,63.2,480,61,1,1,1,1,,,,,,0.0,Yes,No,No,Yes,No,No,No,No,Yes,a,a,a,a,a,a,Yes,a,Yes,b,Yes,Yes,a,a,c,Yes,Yes,Yes,Yes,Yes,No,No,No,0.0,3.7,0.0,51.1,0.3,0.0,0.0,4.0,0.0,4.0,1.0,1.0,1.0,1.0,0.0,0.0,0.0,1.0,1.0,1.0,0.75,0.75,0.5,0.75,1.0,1.0,1.0,0.0,0.7083333333333334,0.1316666666666666,0.2888286089731556,0.75,0.75,0.75,0.75,1.0,0.75,1.0,1.0,0.8,0.0585443037974683,0.0,0.0,0.0047468354430379,0.502373417721519,0.384493670886076,0.5661892197538374,56.61892197538374,115,1.0,291999,0.5,Moderate (9-12),291999.0,0.27,0.209676537541992,0.6270646924916016,0.540707079872841,54.070707987284095,896,29.75
Panidaria Gaon,292416,121.9,1527,327,1,2,a,a,,,1.0,,,1.0,Yes,Yes,No,Yes,Yes,No,No,No,a,a,a,c,c,Yes,c,c,a,Yes,a,Yes,Yes,a,a,c,a,Yes,Yes,Yes,Yes,No,Yes,No,0.0,30.7,0.0,0.0,0.0,0.0,0.0,67.0,0.0,67.0,1.0,1.0,0.75,0.75,1.0,0.0,0.0,1.0,1.0,0.75,0.75,0.75,0.75,0.75,0.75,1.0,1.0,0.0,0.7222222222222222,0.0798297314996725,0.2304596482389635,0.25,0.25,1.0,0.25,0.25,0.75,1.0,1.0,0.625,0.2518457752255947,0.0,0.0,0.0,0.5,0.3814756671899529,0.501965601053287,50.1965601053287,484,1.0,292416,0.0,Not listed,292416.0,0.727,0.149600502881738,0.7519798994236524,0.5406282219076948,54.06282219076948,897,55.069
Deogharia,291492,195.0,547,131,1,1,1,b,,,,,,0.0,Yes,Yes,Yes,No,No,No,No,No,b,b,Yes,c,b,b,c,b,Yes,Yes,b,Yes,Yes,a,c,a,a,b,Yes,Yes,Yes,No,No,No,0.0,55.0,0.0,15.0,0.0,0.0,0.0,121.0,0.0,121.0,1.0,1.0,1.0,0.5,0.0,0.0,0.0,1.0,0.0,0.5,0.5,1.0,0.5,0.75,0.75,1.0,1.0,0.0,0.5833333333333334,0.356489945155393,0.2370035166302946,0.25,0.5,0.5,0.25,0.5,1.0,1.0,1.0,0.65,0.282051282051282,0.0,0.0,0.0,0.5,0.3814756671899529,0.4763793459288976,47.63793459288976,718,1.0,291492,0.0,Not listed,291492.0,0.744,0.207901655560316,0.7352196688879369,0.5405600967912413,54.05600967912413,898,30.599
Dalanikur Gaon (Dalanikur Kuma,291712,33.0,33,8,1,a,b,b,,,,,,0.0,No,No,No,Yes,No,No,No,No,c,b,b,c,b,b,b,b,b,a,b,Yes,c,a,c,c,a,c,Yes,a,No,No,No,No,0.0,7.0,6.5,0.0,0.3,0.0,1.0,15.8,0.0,15.8,1.0,0.75,0.5,0.5,0.0,0.0,0.0,0.0,1.0,0.25,0.5,0.5,0.5,0.75,0.75,1.0,0.75,0.0,0.4861111111111111,1.0,0.1379388023277642,0.25,0.5,0.5,0.5,0.5,0.5,0.75,0.25,0.475,0.2121212121212121,0.1969696969696969,0.0,0.0393939393939394,0.4606060606060606,0.3313829028114742,0.3647890589220137,36.47890589220137,1286,1.0,291712,0.0,Not listed,291712.0,0.197,0.189219476318689,0.9030561047362622,0.5404145778981672,54.04145778981672,899,24.819
Dhadumia No.1,292148,107.8,341,68,1,a,b,b,,,,,,0.0,No,No,Yes,No,No,No,No,No,Yes,b,b,c,b,b,c,b,c,Yes,a,Yes,Yes,a,b,b,Yes,Yes,Yes,b,Yes,No,No,No,0.0,16.4,0.0,0.0,0.0,0.0,0.0,81.5,0.0,81.5,1.0,0.75,0.5,0.5,0.0,0.0,0.0,0.0,0.0,1.0,0.5,0.5,0.75,0.75,1.0,1.0,0.5,0.0,0.4861111111111111,0.3161290322580645,0.2360488564040766,0.25,0.5,0.5,0.25,0.5,0.25,1.0,1.0,0.55,0.1521335807050092,0.0,0.0,0.0,0.5,0.3814756671899529,0.4218351253167875,42.18351253167875,1120,1.0,292148,0.0,Not listed,292148.0,0.61,0.160685717583515,0.784862856483297,0.540178706772831,54.0178706772831,900,42.298
Madhuting T.E. 51 Appl,291530,237.0,401,86,1,c,c,c,,,,,,0.0,Yes,Yes,Yes,No,No,No,No,No,Yes,c,Yes,c,Yes,Yes,c,c,Yes,Yes,b,Yes,Yes,a,a,b,Yes,c,c,b,Yes,No,No,No,17.0,0.0,2.0,218.0,0.0,0.0,0.0,0.0,0.0,0.0,1.0,0.25,0.25,0.25,0.0,0.0,0.0,1.0,0.0,1.0,0.25,1.0,0.5,0.75,1.0,0.25,0.5,0.0,0.4444444444444444,0.5910224438902744,0.2425509344715927,0.25,1.0,1.0,0.25,0.25,1.0,1.0,1.0,0.725,0.0,0.0084388185654008,0.0717299578059071,0.0,0.4831223628691983,0.3600143075730779,0.4612517062436249,46.12517062436249,847,1.0,291530,0.0,Not listed,291530.0,0.923,0.109659875767686,0.7011680248464628,0.540107089692445,54.0107089692445,901,49.184
Naoholia Tipling,291573,103.2,793,183,1,a,a,b,,,,,,0.0,No,Yes,Yes,No,No,No,No,No,Yes,b,a,b,a,a,b,c,a,Yes,a,Yes,Yes,c,b,c,Yes,c,Yes,Yes,Yes,No,No,No,0.0,9.8,0.0,0.0,0.0,0.0,0.0,12.5,0.0,12.5,1.0,0.75,0.75,0.5,0.0,0.0,0.0,0.0,0.0,1.0,0.5,0.75,0.75,0.25,1.0,1.0,1.0,0.0,0.5138888888888888,0.1301387137452711,0.2316496110253246,0.5,0.75,0.75,0.5,0.25,0.75,1.0,1.0,0.7,0.0949612403100775,0.0,0.0,0.0,0.5,0.3814756671899529,0.4726797584165439,47.26797584165439,759,1.0,291573,0.0,Not listed,291573.0,0.873,0.13569442182508,0.710961115634984,0.5395181990888177,53.951819908881774,902,46.767
Ghugulbari (Ghugulpather),291829,157.2,525,114,1,a,a,b,,,,,,0.0,No,Yes,Yes,Yes,No,No,No,No,Yes,c,c,c,c,c,c,b,b,Yes,b,Yes,Yes,c,c,c,a,Yes,Yes,Yes,Yes,No,No,No,0.0,10.8,15.6,0.0,0.8,6.2,3.2,99.7,0.0,99.7,1.0,0.75,0.75,0.5,0.0,0.0,0.0,0.0,1.0,1.0,0.25,0.25,0.5,0.25,0.75,1.0,1.0,0.0,0.5,0.2994285714285714,0.1785109817908766,0.25,0.25,0.25,0.25,0.5,0.5,1.0,1.0,0.475,0.0687022900763358,0.099236641221374,0.0,0.0648854961832061,0.5026717557251907,0.3848730331827386,0.3891023520842669,38.91023520842669,1248,1.0,291829,0.0,Not listed,291829.0,0.379,0.154785504804279,0.8553428990391442,0.5394958600407876,53.94958600407877,903,23.491
Basmatia No.2,291629,126.0,617,125,1,1,a,b,,,,,,0.0,No,No,Yes,No,No,No,No,No,Yes,c,c,c,b,b,c,c,c,Yes,b,Yes,Yes,c,c,c,Yes,Yes,Yes,Yes,Yes,No,No,No,0.0,26.0,0.0,71.0,0.0,0.0,0.0,29.0,0.0,29.0,1.0,1.0,0.75,0.5,0.0,0.0,0.0,0.0,0.0,1.0,0.25,0.25,0.5,0.25,1.0,1.0,1.0,0.0,0.4722222222222222,0.2042139384116693,0.2334017188360935,0.25,0.5,0.5,0.25,0.25,0.25,1.0,1.0,0.475,0.2063492063492063,0.0,0.0,0.0,0.5,0.3814756671899529,0.3952011187025695,39.52011187025696,1236,1.0,291629,0.0,Not listed,291629.0,0.536,0.0849239550397242,0.8222152089920551,0.5394578633843384,53.94578633843384,904,22.204
Simaluguri,292211,64.2,528,108,1,a,b,b,,,,,,0.0,No,Yes,Yes,No,No,Yes,No,No,Yes,b,Yes,c,c,b,c,b,Yes,Yes,b,Yes,Yes,a,b,b,a,Yes,Yes,Yes,Yes,No,No,No,0.0,0.0,13.3,0.0,0.0,0.0,0.0,50.9,0.0,50.9,1.0,0.75,0.5,0.5,0.0,0.0,0.0,0.0,0.0,1.0,0.5,1.0,0.5,0.75,0.75,1.0,1.0,0.0,0.5138888888888888,0.1215909090909091,0.1743045719064116,0.25,0.25,0.5,0.25,0.5,1.0,1.0,1.0,0.625,0.0,0.2071651090342679,0.0,0.0,0.4378504672897196,0.3024472190026263,0.4200378089993504,42.00378089993504,1129,1.0,292211,0.0,Not listed,292211.0,0.529,0.13817214928651,0.813665570142698,0.5394094538840761,53.94094538840761,905,43.708
Joloni T.E. 138 Appl,291563,183.7,83,22,1,a,a,b,,,,,,0.0,No,No,No,Yes,No,No,No,No,Yes,b,a,b,a,a,c,c,a,a,b,Yes,Yes,b,b,b,Yes,c,Yes,b,Yes,No,No,No,0.0,20.4,0.0,0.0,0.0,0.0,0.0,50.8,0.0,50.8,1.0,0.75,0.75,0.5,0.0,0.0,0.0,0.0,1.0,1.0,0.5,0.75,0.5,0.5,1.0,1.0,0.5,0.0,0.5416666666666666,2.2132530120481926,0.2809216969247367,0.5,0.75,0.75,0.25,0.25,0.75,0.75,1.0,0.625,0.1110506260206859,0.0,0.0,0.0,0.5,0.3814756671899529,0.4694422243358414,46.944222433584144,784,1.0,291563,0.0,Not listed,291563.0,0.863,0.120353460366889,0.7170293079266222,0.539263497480326,53.9263497480326,906,45.89
No.2 Chiring Khat,291593,249.0,504,110,1,a,b,b,,,,,,0.0,Yes,Yes,Yes,Yes,No,No,No,No,Yes,b,a,b,b,b,c,c,b,Yes,b,Yes,Yes,c,b,c,Yes,Yes,Yes,Yes,Yes,Yes,No,No,0.0,60.0,0.0,5.0,0.0,0.0,0.0,177.0,0.0,177.0,1.0,0.75,0.5,0.5,0.0,0.0,0.0,1.0,1.0,1.0,0.5,0.75,0.5,0.25,1.0,1.0,1.0,0.0,0.5972222222222222,0.494047619047619,0.2974000375445842,0.5,0.5,0.5,0.25,0.25,0.5,1.0,1.0,0.575,0.2409638554216867,0.0,0.0,0.0,0.5,0.3814756671899529,0.4724506983796921,47.24506983796922,762,1.0,291593,0.0,Not listed,291593.0,0.796,0.147952520943524,0.7316094958112952,0.5392151577891571,53.921515778915705,907,37.463
No.1 Naharani,291616,198.0,685,133,1,a,b,b,,,,,,0.0,Yes,Yes,Yes,No,No,No,No,No,Yes,c,a,c,a,b,c,c,c,Yes,b,Yes,Yes,a,c,a,a,Yes,Yes,Yes,Yes,No,No,No,0.0,98.0,0.0,4.0,0.0,0.0,0.0,91.0,0.0,91.0,1.0,0.75,0.5,0.5,0.0,0.0,0.0,1.0,0.0,1.0,0.25,0.75,0.5,0.75,0.75,1.0,1.0,0.0,0.5416666666666666,0.2890510948905109,0.2354083795675247,0.25,0.75,0.5,0.25,0.25,0.25,1.0,1.0,0.55,0.494949494949495,0.0,0.0,0.0,0.5,0.3814756671899529,0.4355638949965384,43.55638949965384,1043,1.0,291616,0.0,Not listed,291616.0,0.604,0.180079567589797,0.7827840864820406,0.5391870795631903,53.91870795631903,908,22.877
Telia Pather,291920,28.1,259,55,1,1,a,b,,,,,,0.0,No,Yes,Yes,Yes,No,No,No,No,c,b,b,b,b,b,b,c,a,Yes,a,Yes,Yes,b,b,c,a,c,Yes,a,No,No,No,No,0.0,7.0,2.0,0.0,1.5,0.0,0.5,9.0,0.0,9.0,1.0,1.0,0.75,0.5,0.0,0.0,0.0,0.0,1.0,0.25,0.5,0.5,0.75,0.5,0.75,1.0,0.75,0.0,0.5138888888888888,0.1084942084942085,0.1168519373512803,0.5,0.5,0.5,0.5,0.25,0.75,1.0,1.0,0.625,0.2491103202846974,0.0711743772241992,0.0,0.0711743772241992,0.5142348754448398,0.3995765292155734,0.4251005124031569,42.5100512403157,1107,1.0,291920,0.25,Low (5-8),291920.0,0.089,0.178905434266606,0.8125189131466788,0.5391570289788277,53.91570289788277,909,34.079
Hindu Gaon,292404,163.8,806,172,1,1,1,1,,,,,,0.0,Yes,Yes,Yes,Yes,No,No,No,No,Yes,a,Yes,b,Yes,Yes,b,b,b,Yes,b,Yes,Yes,Yes,Yes,c,Yes,Yes,Yes,Yes,Yes,No,No,No,0.0,43.1,0.0,29.5,0.0,0.0,0.0,57.9,0.0,57.9,1.0,1.0,1.0,1.0,0.0,0.0,0.0,1.0,1.0,1.0,0.75,1.0,0.5,1.0,1.0,1.0,1.0,0.0,0.7361111111111112,0.2032258064516129,0.3476640607495594,0.5,1.0,1.0,0.5,0.5,0.5,1.0,1.0,0.75,0.2631257631257631,0.0,0.0,0.0,0.5,0.3814756671899529,0.5722389264031582,57.22389264031583,100,1.0,292404,0.25,Low (5-8),292404.0,0.762,0.170904843636262,0.6122190312727476,0.5390249777749818,53.90249777749818,910,53.246
Chaharikata No.3,291750,138.0,13,3,a,a,c,c,,,,,,0.0,No,No,No,Yes,No,No,No,No,c,c,c,c,c,c,c,c,c,a,a,Yes,c,b,c,c,a,c,a,a,Yes,No,No,No,0.0,9.9,8.2,0.0,0.3,0.0,2.6,112.0,0.0,112.0,0.75,0.75,0.25,0.25,0.0,0.0,0.0,0.0,1.0,0.25,0.25,0.25,0.75,0.5,0.75,0.75,0.75,0.0,0.4027777777777778,10.615384615384617,0.3082294840507719,0.25,0.25,0.25,0.25,0.25,0.25,0.75,0.25,0.35,0.0717391304347826,0.0594202898550724,0.0,0.0210144927536231,0.4926811594202899,0.3721691352126136,0.3571856424996601,35.718564249966015,1291,1.0,291750,0.0,Not listed,291750.0,0.473,0.0896715746336168,0.8401656850732766,0.5389490153238956,53.89490153238956,911,19.409
Dhamon No.2,292015,370.9,887,173,1,1,1,c,,,1.0,,,1.0,Yes,Yes,Yes,Yes,No,No,No,No,b,c,Yes,c,a,a,c,c,Yes,Yes,a,Yes,Yes,a,c,c,Yes,c,Yes,Yes,Yes,No,No,No,33.6,0.0,0.0,0.0,0.0,0.0,0.0,337.4,0.0,337.4,1.0,1.0,1.0,0.25,1.0,0.0,0.0,1.0,1.0,0.5,0.25,1.0,0.75,0.75,1.0,1.0,1.0,0.0,0.6944444444444444,0.4181510710259301,0.2956048498121396,0.25,0.75,0.75,0.25,0.25,1.0,1.0,1.0,0.7,0.0,0.0,0.0905904556484227,0.0,0.4818819088703154,0.3584369641836036,0.5291997164008667,52.91997164008667,280,1.0,292015,0.25,Low (5-8),292015.0,0.53,0.189431902497426,0.6781136195005147,0.5389122048807814,53.89122048807814,912,27.502
Dihing Kinar Bangali No.2,291657,136.0,71,14,a,a,a,b,,,,,,0.0,Yes,No,Yes,No,No,No,No,No,b,b,Yes,c,b,b,c,b,Yes,Yes,a,Yes,Yes,b,c,b,a,a,b,a,Yes,No,No,No,0.0,20.0,0.0,6.0,0.0,0.0,0.0,110.0,0.0,110.0,0.75,0.75,0.75,0.5,0.0,0.0,0.0,1.0,0.0,0.5,0.5,1.0,0.75,0.5,0.75,0.5,0.75,0.0,0.5,1.9154929577464788,0.1595930378592183,0.25,0.5,0.5,0.25,0.5,1.0,1.0,1.0,0.675,0.1470588235294117,0.0,0.0,0.0,0.5,0.3814756671899529,0.4436933929027952,44.36933929027953,985,1.0,291657,0.0,Not listed,291657.0,0.659,0.178911144316108,0.7665177711367783,0.5387267179980089,53.87267179980088,913,30.469
Garpara Gaon,291366,212.7,412,79,1,a,a,a,,,,,,0.0,Yes,No,Yes,Yes,No,No,No,No,Yes,c,Yes,c,b,Yes,c,b,Yes,Yes,b,Yes,Yes,c,c,c,a,c,Yes,a,Yes,No,No,No,0.0,25.6,20.8,0.0,0.0,66.0,0.0,100.3,0.0,100.3,1.0,0.75,0.75,0.75,0.0,0.0,0.0,1.0,1.0,1.0,0.25,1.0,0.5,0.25,0.75,1.0,0.75,0.0,0.5972222222222222,0.5162621359223301,0.2407826223251762,0.25,0.5,1.0,0.25,0.5,1.0,1.0,1.0,0.7,0.1203573107663375,0.0977903149976492,0.0,0.310296191819464,0.6258110014104372,0.5414551195328952,0.5277922350434286,52.77922350434287,285,1.0,291366,0.25,Low (5-8),291366.0,0.729,0.065827729212603,0.6431344541574794,0.53866770517422,53.866770517422005,914,18.305
Rongpuria,291327,304.0,1538,316,1,2,4,1,,,,,1.0,2.0,Yes,Yes,Yes,Yes,No,No,No,Yes,Yes,c,Yes,b,Yes,Yes,b,b,b,Yes,Yes,Yes,Yes,Yes,c,c,Yes,c,Yes,Yes,Yes,No,Yes,No,0.0,158.8,0.0,0.0,0.0,0.0,0.0,129.1,0.0,129.1,1.0,1.0,1.0,1.0,0.0,0.0,0.0,1.0,1.0,1.0,0.25,1.0,1.0,1.0,1.0,1.0,1.0,0.0,0.7361111111111112,0.1976592977893368,0.404675252772941,0.5,1.0,1.0,0.5,0.5,0.5,1.0,1.0,0.8,0.5223684210526316,0.0,0.0,0.0,0.5,0.3814756671899529,0.6014917244090037,60.149172440900365,41,1.0,291327,0.5,Moderate (9-12),291327.0,0.573,0.138533391907535,0.5503933216184931,0.5385474919191254,53.85474919191255,915,15.36
Ronga Gorah No.1(Rangajan No.2,291561,254.5,1086,224,1,2,1,b,,,,,,1.0,Yes,No,Yes,No,No,No,No,No,Yes,b,a,b,Yes,a,c,c,a,Yes,a,Yes,Yes,c,b,c,a,c,Yes,Yes,Yes,No,No,No,0.0,50.0,0.0,0.0,0.0,0.0,0.0,193.2,0.0,193.2,1.0,1.0,1.0,0.5,0.0,0.0,0.0,1.0,0.0,1.0,0.5,0.75,0.75,0.25,0.75,1.0,1.0,0.0,0.5833333333333334,0.2343462246777164,0.2341144404560526,0.5,1.0,0.75,0.25,0.25,0.75,1.0,1.0,0.7,0.1964636542239685,0.0,0.0,0.0,0.5,0.3814756671899529,0.490657076885337,49.065707688533706,590,1.0,291561,0.0,Not listed,291561.0,0.87,0.160997148878654,0.7068005702242692,0.5384701882822138,53.84701882822138,916,48.147
Kachari Pathar No.1,291592,193.0,652,138,1,1,1,a,,1.0,1.0,,1.0,0.0,No,Yes,Yes,No,No,Yes,No,No,Yes,b,Yes,,Yes,Yes,c,c,Yes,Yes,b,Yes,Yes,a,a,a,a,Yes,Yes,Yes,Yes,No,No,No,0.0,25.0,0.0,6.0,0.0,0.0,0.0,157.0,0.0,157.0,1.0,1.0,1.0,0.75,1.0,1.0,0.0,0.0,0.0,1.0,0.5,1.0,0.5,0.75,0.75,1.0,1.0,0.0,0.6805555555555556,0.2960122699386503,0.1784301757109573,0.0,1.0,1.0,0.25,0.25,1.0,1.0,1.0,0.7,0.1295336787564766,0.0,0.0,0.0,0.5,0.3814756671899529,0.5010415662546188,50.10415662546188,491,1.0,291592,0.0,Not listed,291592.0,0.796,0.102703304445629,0.7406593391108742,0.5380926296505819,53.80926296505819,917,38.707
Dangar Pothar No.2,291346,95.9,555,118,1,a,b,b,,,,,,1.0,No,No,No,Yes,No,No,No,No,b,c,b,b,b,b,b,b,b,Yes,b,Yes,Yes,c,c,c,Yes,c,a,Yes,No,No,No,No,0.0,13.6,0.0,0.0,1.0,2.0,0.0,63.8,0.0,63.8,1.0,0.75,0.5,0.5,0.0,0.0,0.0,0.0,1.0,0.5,0.25,0.5,0.5,0.25,1.0,0.75,1.0,0.0,0.4722222222222222,0.1727927927927928,0.1183727974266739,0.5,0.5,0.5,0.5,0.5,0.5,1.0,1.0,0.6,0.1418143899895724,0.0,0.0,0.0312825860271115,0.5156412930135558,0.4013649094834854,0.4079217368089211,40.792173680892105,1193,1.0,291346,0.0,Not listed,291346.0,0.502,0.143719037663438,0.8206561924673124,0.5380604127661163,53.80604127661163,918,14.405
Dalamuri No.2,292260,70.2,592,122,1,b,a,a,,1.0,,,,0.0,Yes,Yes,Yes,No,No,Yes,No,No,Yes,b,b,b,b,b,c,b,b,Yes,b,Yes,Yes,a,b,a,a,b,Yes,Yes,Yes,No,No,No,0.0,20.0,0.0,0.0,0.0,0.0,0.0,40.0,0.0,40.0,1.0,0.5,0.75,0.75,0.0,1.0,0.0,1.0,0.0,1.0,0.5,0.5,0.5,0.75,0.75,1.0,1.0,0.0,0.6111111111111112,0.118581081081081,0.2313762373223608,0.5,0.5,0.5,0.25,0.5,0.5,1.0,1.0,0.575,0.2849002849002849,0.0,0.0,0.0,0.5,0.3814756671899529,0.4594169705463586,45.94169705463586,865,1.0,292260,0.0,Not listed,292260.0,0.694,0.109558766935391,0.7698882466129218,0.5380207080542518,53.80207080542518,919,35.167
Jagunpam Gaon,291686,77.0,581,104,1,1,b,b,,,,,,0.0,No,Yes,Yes,No,No,No,No,No,b,b,Yes,b,b,Yes,c,b,Yes,Yes,b,Yes,Yes,b,b,b,Yes,Yes,Yes,Yes,Yes,Yes,No,No,0.0,22.0,0.0,0.0,0.0,0.0,0.0,38.0,0.0,38.0,1.0,1.0,0.5,0.5,0.0,0.0,0.0,0.0,0.0,0.5,0.5,1.0,0.5,0.5,1.0,1.0,1.0,0.0,0.5,0.1325301204819277,0.231706175179411,0.5,0.5,1.0,0.25,0.5,1.0,1.0,1.0,0.725,0.2857142857142857,0.0,0.0,0.0,0.5,0.3814756671899529,0.4767216772328433,47.67216772328434,716,1.0,291686,0.0,Not listed,291686.0,0.863,0.233474929166057,0.6944050141667886,0.5379098995400611,53.79098995400611,920,49.033
Kamakhya Gaon,291153,284.6,829,178,1,b,b,c,,,1.0,,,1.0,Yes,No,Yes,Yes,No,No,No,No,Yes,c,b,b,b,b,b,b,b,Yes,b,Yes,Yes,c,c,c,Yes,c,Yes,Yes,Yes,No,No,No,0.0,15.0,0.0,4.8,10.5,0.0,0.0,254.4,0.0,254.4,1.0,0.5,0.5,0.25,1.0,0.0,0.0,1.0,1.0,1.0,0.25,0.5,0.5,0.25,1.0,1.0,1.0,0.0,0.5972222222222222,0.3433051869722557,0.2938345135270329,0.5,0.5,0.5,0.5,0.5,0.5,1.0,1.0,0.6,0.0527055516514406,0.0,0.0,0.0368938861560084,0.5184469430780042,0.4049325335842754,0.4837506906541688,48.37506906541689,652,1.0,291153,0.25,Low (5-8),291153.0,0.478,0.115450619652859,0.7085098760694282,0.5376024588471708,53.76024588471709,921,12.558
Salmari No.4,292073,50.1,316,67,1,a,c,c,,,,,,0.0,No,Yes,Yes,No,No,Yes,No,No,Yes,c,b,c,b,b,c,b,b,Yes,b,Yes,Yes,a,c,a,a,c,Yes,a,Yes,No,No,No,0.0,15.0,0.0,0.0,0.0,0.0,0.0,25.1,0.0,25.1,1.0,0.75,0.25,0.25,0.0,0.0,0.0,0.0,0.0,1.0,0.25,0.5,0.5,0.75,0.75,1.0,0.75,0.0,0.4305555555555556,0.1585443037974683,0.1751786338048584,0.25,0.5,0.5,0.25,0.5,0.5,1.0,1.0,0.55,0.2994011976047904,0.0,0.0,0.0,0.5,0.3814756671899529,0.3927286807780941,39.27286807780941,1242,1.0,292073,0.0,Not listed,292073.0,0.506,0.159515104184519,0.8162969791630962,0.537534800194946,53.7534800194946,922,33.205
Usha Gaon,292330,367.6,1239,240,1,a,b,b,,,,,,1.0,Yes,No,No,Yes,No,No,No,No,Yes,c,a,c,Yes,a,c,c,c,Yes,b,Yes,Yes,a,c,c,a,c,Yes,Yes,Yes,No,No,No,0.0,25.7,30.2,43.1,15.4,52.0,22.3,153.5,0.0,153.5,1.0,0.75,0.5,0.5,0.0,0.0,0.0,1.0,1.0,1.0,0.25,0.75,0.5,0.75,0.75,1.0,1.0,0.0,0.5972222222222222,0.2966908797417272,0.2355890840712328,0.25,1.0,0.75,0.25,0.25,0.25,1.0,1.0,0.6,0.0699129488574537,0.0821545157780195,0.0,0.2440152339499456,0.5973612622415669,0.5052788420968121,0.4892585949927262,48.92585949927263,601,1.0,292330,0.0,Not listed,292330.0,0.867,0.164540744238584,0.7069918511522832,0.5374858377932432,53.74858377932432,923,52.126
Chengelijan Habi No.2,292300,60.2,392,82,1,a,b,b,,,,,,0.0,No,Yes,Yes,Yes,No,No,No,No,c,b,a,a,a,a,c,c,b,Yes,a,Yes,Yes,c,b,c,a,b,Yes,a,Yes,No,No,No,0.0,1.0,1.0,0.0,0.0,0.0,0.0,42.1,0.0,42.1,1.0,0.75,0.5,0.5,0.0,0.0,0.0,0.0,1.0,0.25,0.5,0.75,0.75,0.25,0.75,1.0,0.75,0.0,0.4861111111111111,0.1535714285714285,0.1750610099493148,0.75,0.75,0.75,0.25,0.25,0.5,1.0,1.0,0.675,0.0166112956810631,0.0166112956810631,0.0,0.0,0.4950166112956811,0.3751388620871298,0.4428208026825324,44.282080268253246,996,1.0,292300,0.0,Very Low (1-4),292300.0,0.679,0.202249887950494,0.7558500224099012,0.5373760907643587,53.73760907643587,924,40.254
Bailong Bhati (Bailung),292068,45.1,664,142,1,a,a,a,,,,,,0.0,Yes,No,Yes,No,No,No,No,No,Yes,b,b,c,b,b,c,c,c,Yes,b,Yes,Yes,b,a,b,a,c,Yes,Yes,Yes,No,No,Yes,0.0,5.3,0.0,0.0,0.0,0.0,0.0,29.8,0.0,29.8,1.0,0.75,0.75,0.75,0.0,0.0,0.0,1.0,0.0,1.0,0.5,0.5,0.5,0.5,0.75,1.0,1.0,1.0,0.6111111111111112,0.0679216867469879,0.2301779862080196,0.25,0.5,0.5,0.25,0.25,0.25,1.0,1.0,0.5,0.1175166297117516,0.0,0.0,0.0,0.5,0.3814756671899529,0.4366174077677733,43.66174077677733,1036,1.0,292068,0.0,Not listed,292068.0,0.558,0.131409707273026,0.8063180585453948,0.5372930700486558,53.729307004865575,925,36.035
Godhabill Gooa,292245,142.7,413,77,1,b,a,a,,,,,,0.0,Yes,No,Yes,Yes,No,Yes,No,No,Yes,b,b,b,b,b,c,b,b,Yes,b,Yes,Yes,c,b,c,a,b,Yes,a,Yes,No,No,No,0.0,12.7,0.0,0.0,0.0,0.0,0.0,120.0,0.0,120.0,1.0,0.5,0.75,0.75,0.0,0.0,0.0,1.0,1.0,1.0,0.5,0.5,0.5,0.25,0.75,1.0,0.75,0.0,0.5694444444444444,0.3455205811138014,0.2367440572968535,0.5,0.5,0.5,0.25,0.5,0.5,1.0,1.0,0.575,0.0889978976874562,0.0,0.0,0.0,0.5,0.3814756671899529,0.4503422588733151,45.03422588733151,940,1.0,292245,0.0,Not listed,292245.0,0.629,0.233972311382697,0.7645055377234606,0.5372095794920906,53.72095794920906,926,32.653
Haatijan T.E. 110 Appl,291535,225.0,838,158,2,1,c,c,,,,,,0.0,Yes,No,Yes,No,No,No,No,No,Yes,c,Yes,c,Yes,Yes,c,c,Yes,Yes,b,Yes,Yes,b,c,b,b,c,Yes,Yes,Yes,No,No,No,0.0,45.0,0.0,2.0,0.0,0.0,0.0,0.0,0.0,0.0,1.0,1.0,0.25,0.25,0.0,0.0,0.0,1.0,0.0,1.0,0.25,1.0,0.5,0.5,0.5,1.0,1.0,0.0,0.5138888888888888,0.2684964200477327,0.2349221980337928,0.25,1.0,1.0,0.25,0.25,1.0,1.0,1.0,0.725,0.2,0.0,0.0,0.0,0.5,0.3814756671899529,0.480997905168661,48.0997905168661,682,1.0,291535,0.0,Not listed,291535.0,0.959,0.109745866341315,0.6903508267317371,0.5370922302796359,53.7092230279636,927,52.165
Naharani Gaon,291941,276.8,825,156,1,1,c,c,,,,,,0.0,Yes,Yes,Yes,Yes,No,Yes,No,No,Yes,c,a,c,a,a,a,a,c,Yes,b,Yes,Yes,b,c,b,a,c,Yes,Yes,Yes,No,No,No,0.0,25.0,3.0,0.0,3.8,2.0,0.0,231.0,0.0,231.0,1.0,1.0,0.25,0.25,0.0,0.0,0.0,1.0,1.0,1.0,0.25,0.75,0.5,0.5,0.75,1.0,1.0,0.0,0.5694444444444444,0.3355151515151515,0.2365073979896581,0.25,0.75,0.75,0.75,0.75,0.25,1.0,1.0,0.675,0.0903179190751445,0.0108381502890173,0.0,0.0209537572254335,0.5072254335260116,0.3906634241068593,0.4821206454298975,48.21206454298975,666,1.0,291941,0.5,Moderate (9-12),291941.0,0.073,0.0876036867113046,0.7105792626577392,0.5369580681765391,53.69580681765391,928,37.167
Mahmora Block No.4,292216,14.7,112,26,1,a,b,b,,,,,,0.0,No,No,Yes,Yes,Yes,No,No,No,Yes,b,Yes,c,c,b,c,b,Yes,Yes,a,Yes,Yes,a,b,b,a,Yes,Yes,a,Yes,No,No,No,0.0,0.0,2.7,0.0,0.0,0.0,0.0,12.0,12.0,0.0,1.0,0.75,0.5,0.5,0.0,0.0,0.0,0.0,1.0,1.0,0.5,1.0,0.75,0.75,0.75,1.0,0.75,0.0,0.5694444444444444,0.13125,0.1745330392340905,0.25,0.25,0.5,0.25,0.5,1.0,1.0,1.0,0.65,0.0,0.1836734693877551,0.0,0.0,0.4448979591836735,0.3114087079101656,0.4432761125016669,44.32761125016669,989,1.0,292216,0.0,Not listed,292216.0,0.538,0.236609061974243,0.7912781876051513,0.536855841037108,53.6855841037108,929,45.646
Nakari,291494,209.0,458,103,1,1,1,b,,,,,,0.0,Yes,Yes,Yes,No,No,No,No,No,b,b,Yes,,b,b,c,b,Yes,Yes,b,Yes,Yes,c,c,c,a,b,Yes,Yes,Yes,No,No,No,0.0,69.0,0.0,35.0,0.0,0.0,0.0,105.0,0.0,105.0,1.0,1.0,1.0,0.5,0.0,0.0,0.0,1.0,0.0,0.5,0.5,1.0,0.5,0.25,0.75,1.0,1.0,0.0,0.5555555555555556,0.4563318777292576,0.2393650866517526,0.0,0.5,0.5,0.25,0.5,1.0,1.0,1.0,0.625,0.3301435406698564,0.0,0.0,0.0,0.5,0.3814756671899529,0.4625252939898177,46.25252939898176,833,1.0,291494,0.0,Not listed,291494.0,0.765,0.169413191650519,0.7366173616698962,0.5367095664093896,53.67095664093896,930,31.984
Majpather No.2,292028,46.7,185,38,1,a,a,c,,,,,,0.0,No,No,No,Yes,No,No,No,No,a,c,a,c,a,a,c,c,c,Yes,a,Yes,Yes,b,c,b,a,c,Yes,a,No,No,No,No,0.0,2.9,0.0,0.0,0.0,0.0,0.3,0.5,0.0,0.5,1.0,0.75,0.75,0.25,0.0,0.0,0.0,0.0,1.0,0.75,0.25,0.75,0.75,0.5,0.75,1.0,0.75,0.0,0.5138888888888888,0.2524324324324324,0.1202565208347074,0.25,0.75,0.75,0.25,0.25,0.25,1.0,1.0,0.6,0.0620985010706638,0.0,0.0,0.006423982869379,0.5032119914346895,0.3855599891084749,0.415648350252594,41.564835025259406,1154,1.0,292028,0.0,Not listed,292028.0,0.486,0.162444279830559,0.8217111440338882,0.5365825861885034,53.65825861885034,931,29.227
Padumoni,292147,115.4,573,116,1,a,1,a,,,,,,0.0,No,Yes,Yes,No,No,No,No,No,Yes,b,Yes,c,b,b,b,b,Yes,Yes,a,Yes,Yes,a,a,b,a,c,a,Yes,Yes,No,No,No,0.0,15.9,0.0,0.0,0.0,0.0,0.0,90.5,0.0,90.5,1.0,0.75,1.0,0.75,0.0,0.0,0.0,0.0,0.0,1.0,0.5,1.0,0.75,0.75,0.75,0.75,1.0,0.0,0.5555555555555556,0.2013961605584642,0.1190493554027344,0.25,0.5,0.5,0.5,0.5,1.0,1.0,1.0,0.7,0.1377816291161178,0.0,0.0,0.0,0.5,0.3814756671899529,0.4549463611775631,45.49463611775631,900,1.0,292147,0.0,Not listed,292147.0,0.602,0.227581902685509,0.7738836194628982,0.5365371367143358,53.65371367143358,932,41.837
Mathawani Grazing,292240,63.3,58,13,1,a,b,b,,,,,,0.0,No,No,Yes,Yes,No,No,No,No,Yes,b,b,b,b,b,c,b,b,c,a,Yes,Yes,a,b,c,Yes,a,Yes,a,Yes,No,No,No,0.0,0.0,0.0,60.6,0.0,0.0,0.0,2.7,0.0,2.7,1.0,0.75,0.5,0.5,0.0,0.0,0.0,0.0,1.0,1.0,0.5,0.5,0.75,0.75,1.0,1.0,0.75,0.0,0.5555555555555556,1.0913793103448275,0.2543859194862865,0.5,0.5,0.5,0.25,0.5,0.5,0.25,1.0,0.525,0.0,0.0,0.0,0.0,0.5,0.3814756671899529,0.4362805021984511,43.62805021984511,1040,1.0,292240,0.0,Not listed,292240.0,0.603,0.21164930810967,0.7767701383780661,0.5365258853012911,53.65258853012911,933,29.803
Uriamguri,292250,100.6,330,59,2,,1,c,,,,,,0.0,Yes,No,Yes,Yes,No,Yes,No,No,Yes,b,Yes,b,Yes,Yes,b,a,Yes,Yes,b,Yes,Yes,c,b,c,a,Yes,Yes,a,Yes,No,No,No,0.0,5.6,5.8,0.0,0.0,0.0,0.0,82.2,0.0,82.2,1.0,0.0,1.0,0.25,0.0,0.0,0.0,1.0,1.0,1.0,0.5,1.0,0.5,0.25,0.75,1.0,0.75,0.0,0.5555555555555556,0.3048484848484848,0.2357820366230353,0.5,1.0,1.0,0.5,0.75,1.0,1.0,1.0,0.825,0.0556660039761431,0.0576540755467196,0.0,0.0,0.4827037773359841,0.3594820402545481,0.5172308060955573,51.72308060955573,363,1.0,292250,0.25,Low (5-8),292250.0,0.665,0.145851460106636,0.6463297079786727,0.5363996983854101,53.63996983854101,934,32.073
Borkhermia Gaon No.2,292375,245.7,1618,339,1,2,1,c,,,,,,1.0,No,Yes,Yes,Yes,Yes,No,No,No,Yes,b,Yes,b,b,Yes,c,c,Yes,Yes,b,Yes,Yes,c,b,c,a,Yes,Yes,Yes,Yes,No,No,No,0.0,14.0,0.0,0.0,0.0,0.0,0.0,143.2,0.0,143.2,1.0,1.0,1.0,0.25,0.0,0.0,0.0,0.0,1.0,1.0,0.5,1.0,0.5,0.25,0.75,1.0,1.0,0.0,0.5694444444444444,0.1518541409147095,0.1750203907931769,0.5,0.5,1.0,0.25,0.25,1.0,1.0,1.0,0.7,0.0569800569800569,0.0,0.0,0.0,0.5,0.3814756671899529,0.4724113422473959,47.2411342247396,764,1.0,292375,0.0,Not listed,292375.0,0.732,0.209363615835875,0.738527276832825,0.5363873585099171,53.63873585099172,935,48.059
Bukukhucha Reserve Block,292231,47.4,58,13,a,a,b,b,,,,,,0.0,No,No,Yes,No,No,No,No,No,b,b,b,c,b,b,c,a,a,c,b,Yes,Yes,b,c,b,Yes,b,a,a,Yes,No,No,No,0.0,0.0,0.0,47.4,0.0,0.0,0.0,0.0,0.0,0.0,0.75,0.75,0.5,0.5,0.0,0.0,0.0,0.0,0.0,0.5,0.5,0.5,0.5,0.5,1.0,0.75,0.75,0.0,0.4166666666666667,0.8172413793103448,0.1336159965821482,0.25,0.5,0.5,0.25,0.75,0.75,0.25,1.0,0.525,0.0,0.0,0.0,0.0,0.5,0.3814756671899529,0.3713657992501943,37.13657992501943,1281,1.0,292231,0.0,Not listed,292231.0,0.413,0.122207192906619,0.8516585614186762,0.5362887737915005,53.628877379150055,936,43.574
Charkhalia Chapori,291360,2007.0,516,69,1,c,c,c,,,,,,0.0,Yes,Yes,No,Yes,No,No,No,No,Yes,c,b,c,c,b,c,c,c,Yes,c,Yes,Yes,c,c,c,a,Yes,b,Yes,Yes,No,No,No,0.0,500.0,0.0,0.0,544.0,0.0,0.0,963.0,0.0,963.0,1.0,0.25,0.25,0.25,0.0,0.0,0.0,1.0,1.0,1.0,0.25,0.5,0.25,0.25,0.75,0.5,1.0,0.0,0.4583333333333333,3.88953488372093,0.263428082475847,0.25,0.25,0.5,0.25,0.25,0.25,1.0,1.0,0.45,0.2491280518186348,0.0,0.0,0.2710513203786746,0.6355256601893373,0.5538081393302406,0.4262019818183432,42.620198181834326,1101,1.0,291360,0.0,Not listed,291360.0,0.809,0.0705238855438946,0.7431952228912211,0.5362063306749864,53.62063306749864,937,23.762
Majpather No.1,292029,105.2,336,75,1,a,a,a,,1.0,1.0,,,1.0,No,Yes,No,Yes,No,No,No,No,b,c,b,c,b,b,c,c,c,Yes,a,Yes,Yes,b,c,b,a,c,Yes,a,Yes,No,No,No,0.0,17.2,0.0,0.0,0.0,0.0,0.0,88.0,0.0,88.0,1.0,0.75,0.75,0.75,1.0,1.0,0.0,0.0,1.0,0.5,0.25,0.5,0.75,0.5,0.75,1.0,0.75,0.0,0.625,0.3130952380952381,0.1788342406607846,0.25,0.5,0.5,0.25,0.25,0.25,1.0,1.0,0.525,0.1634980988593155,0.0,0.0,0.0,0.5,0.3814756671899529,0.4347536936031868,43.47536936031868,1050,1.0,292029,0.0,Not listed,292029.0,0.498,0.137275249681436,0.8231449500637128,0.5361878902691742,53.61878902691743,938,29.297
Nachani No.2,292041,143.3,396,78,1,b,b,c,,,,,,0.0,No,No,Yes,Yes,No,No,No,No,c,b,c,c,c,c,c,c,c,Yes,a,Yes,Yes,a,c,c,Yes,c,Yes,a,Yes,No,No,No,0.0,5.0,0.0,0.0,0.0,0.0,0.0,122.3,0.0,122.3,1.0,0.5,0.5,0.25,0.0,0.0,0.0,0.0,1.0,0.25,0.5,0.25,0.75,0.75,1.0,1.0,0.75,0.0,0.4722222222222222,0.3618686868686869,0.2371307404815946,0.25,0.25,0.25,0.25,0.25,0.25,1.0,1.0,0.45,0.0348918353105373,0.0,0.0,0.0,0.5,0.3814756671899529,0.3886333741139448,38.86333741139448,1251,1.0,292041,0.0,Not listed,292041.0,0.455,0.199321815363734,0.8236356369272532,0.5359582899697929,53.595828996979286,939,30.457
Gatong,292253,93.8,471,91,1,1,1,a,,,,,,0.0,Yes,Yes,Yes,Yes,No,Yes,No,No,Yes,b,b,b,b,b,c,c,b,Yes,b,Yes,Yes,c,b,c,a,b,Yes,Yes,Yes,No,No,No,0.0,45.1,0.0,0.0,0.0,0.0,0.0,42.0,0.0,42.0,1.0,1.0,1.0,0.75,0.0,0.0,0.0,1.0,1.0,1.0,0.5,0.5,0.5,0.25,0.75,1.0,1.0,0.0,0.625,0.1991507430997876,0.2332819586316075,0.5,0.5,0.5,0.25,0.25,0.5,1.0,1.0,0.55,0.4808102345415778,0.0,0.0,0.0,0.5,0.3814756671899529,0.4558656230958924,45.58656230958925,894,1.0,292253,0.0,Not listed,292253.0,0.683,0.0976219976901584,0.7755756004619683,0.5357720799211821,53.57720799211821,940,33.219
Basmotia T.E.,291354,56.0,434,90,1,a,a,b,,,,,,1.0,No,No,Yes,Yes,No,No,No,Yes,Yes,c,Yes,c,a,a,c,c,c,Yes,a,Yes,Yes,c,c,c,a,c,b,b,Yes,No,No,No,0.0,3.2,0.0,0.0,0.0,0.0,0.0,52.8,0.0,52.8,1.0,0.75,0.75,0.5,0.0,0.0,0.0,0.0,1.0,1.0,0.25,1.0,0.75,0.25,0.75,0.5,0.5,0.0,0.5,0.1290322580645161,0.1173377256459787,0.25,0.75,0.75,0.25,0.25,0.25,1.0,1.0,0.625,0.0571428571428571,0.0,0.0,0.0,0.5,0.3814756671899529,0.4181295648494853,41.81295648494853,1140,1.0,291354,0.0,Very Low (1-4),291354.0,0.534,0.147317566202972,0.8103364867594056,0.5356903761937498,53.56903761937498,941,19.338
Dighalia No.2,292097,476.7,2236,457,2,a,a,c,,,,,,5.0,Yes,Yes,Yes,No,No,No,No,No,Yes,c,Yes,c,Yes,Yes,c,b,b,Yes,Yes,Yes,Yes,a,c,b,Yes,Yes,Yes,Yes,Yes,No,No,No,0.0,49.6,0.0,10.4,0.0,0.0,0.0,371.6,0.0,371.6,1.0,0.75,0.75,0.25,0.0,0.0,0.0,1.0,0.0,1.0,0.25,1.0,1.0,0.75,1.0,1.0,1.0,0.0,0.5972222222222222,0.2131932021466905,0.3478998204374851,0.25,1.0,1.0,0.25,0.5,0.5,1.0,1.0,0.75,0.1040486679253199,0.0,0.0,0.0,0.5,0.3814756671899529,0.5375756441029174,53.757564410291735,240,1.0,292097,0.5,Moderate (9-12),292097.0,0.365,0.184788506200735,0.603542298759853,0.5356132246918054,53.56132246918054,942,29.285
Sukar Pather,292176,31.0,72,13,1,a,a,b,,,,,,1.0,No,Yes,Yes,No,No,No,No,No,b,c,b,c,b,a,c,b,a,c,a,a,Yes,c,c,b,a,b,Yes,a,No,No,No,No,0.0,6.0,0.0,0.0,0.0,0.0,0.0,13.4,0.0,13.4,1.0,0.75,0.75,0.5,0.0,0.0,0.0,0.0,0.0,0.5,0.25,0.5,0.75,0.25,0.75,1.0,0.75,0.0,0.4305555555555556,0.4305555555555556,0.1244696827482635,0.25,0.5,0.75,0.25,0.5,0.75,0.25,1.0,0.55,0.1935483870967742,0.0,0.0,0.0,0.5,0.3814756671899529,0.3800514430139454,38.00514430139454,1270,1.0,292176,0.0,Not listed,292176.0,0.419,0.15612545214306,0.8430749095713881,0.535568734594114,53.556873459411406,943,38.924
Hilgrant Gaon,292364,314.6,1293,262,1,b,b,b,,,,,,1.0,Yes,Yes,Yes,Yes,No,No,No,No,a,b,b,b,Yes,b,c,c,c,Yes,b,Yes,Yes,c,b,c,a,Yes,Yes,Yes,Yes,No,No,No,2.0,80.0,0.0,0.0,0.0,0.0,0.0,190.6,0.0,190.6,1.0,0.5,0.5,0.5,0.0,0.0,0.0,1.0,1.0,0.75,0.5,0.5,0.5,0.25,0.75,1.0,1.0,0.0,0.5416666666666666,0.2433101314771848,0.2343264645327811,0.5,1.0,0.5,0.25,0.25,0.25,1.0,1.0,0.575,0.2542911633820724,0.0,0.0063572790845518,0.0,0.4987285441830896,0.3798589023364249,0.4424700632671469,44.2470063267147,1000,1.0,292364,0.0,Not listed,292364.0,0.642,0.22492442076869,0.762415115846262,0.5355264978221639,53.55264978221639,944,47.973
1 No. Bahoni Gaon,291549,71.0,358,76,1,a,c,c,,,,,,0.0,No,Yes,Yes,No,No,No,No,No,Yes,c,Yes,c,Yes,Yes,c,b,Yes,Yes,b,Yes,Yes,c,a,c,Yes,c,Yes,b,Yes,No,No,No,0.0,20.0,5.0,0.0,0.0,0.0,0.0,30.0,0.0,30.0,1.0,0.75,0.25,0.25,0.0,0.0,0.0,0.0,0.0,1.0,0.25,1.0,0.5,0.25,1.0,1.0,0.5,0.0,0.4305555555555556,0.1983240223463687,0.2332624041328407,0.25,1.0,1.0,0.25,0.5,1.0,1.0,1.0,0.75,0.2816901408450704,0.0704225352112676,0.0,0.0,0.4788732394366197,0.3546111835850266,0.4618767266391043,46.18767266391043,839,1.0,291549,0.0,Not listed,291549.0,0.896,0.231850626847081,0.6848298746305839,0.5354392284231977,53.543922842319766,945,51.208
Fakial,292344,187.0,732,136,1,1,a,a,,,1.0,,,0.0,Yes,No,Yes,Yes,Yes,No,No,No,Yes,a,a,a,a,Yes,c,c,c,Yes,b,Yes,Yes,c,a,c,a,a,Yes,Yes,Yes,No,No,No,0.0,22.5,3.0,1.0,4.2,0.0,4.1,147.1,0.0,147.1,1.0,1.0,0.75,0.75,1.0,0.0,0.0,1.0,1.0,1.0,0.75,0.75,0.5,0.25,0.75,1.0,1.0,0.0,0.6944444444444444,0.2554644808743169,0.2346139524291653,0.75,0.75,1.0,0.25,0.25,0.25,1.0,1.0,0.65,0.1203208556149732,0.0160427807486631,0.0,0.0443850267379679,0.517379679144385,0.4035754161804581,0.5079796824544941,50.79796824544941,432,1.0,292344,0.0,Very Low (1-4),292344.0,0.817,0.198981599678194,0.7151036800643612,0.5352312725601045,53.52312725601045,946,50.144
Bolimora (Balimora),291507,219.0,1304,261,1,2,b,b,,,,,,1.0,No,Yes,Yes,Yes,No,Yes,No,No,Yes,b,b,b,Yes,b,c,c,b,Yes,b,Yes,Yes,a,b,a,Yes,Yes,Yes,Yes,Yes,No,No,No,0.0,60.0,0.0,10.0,0.0,19.0,0.0,100.0,0.0,100.0,1.0,1.0,0.5,0.5,0.0,0.0,0.0,0.0,1.0,1.0,0.5,0.5,0.5,0.75,1.0,1.0,1.0,0.0,0.5694444444444444,0.1679447852760736,0.2325438413637667,0.5,1.0,0.5,0.25,0.25,0.5,1.0,1.0,0.6,0.273972602739726,0.0,0.0,0.0867579908675799,0.54337899543379,0.4366357712737361,0.4678242257068,46.782422570680005,792,1.0,291507,0.0,Not listed,291507.0,0.804,0.149352804833465,0.728929439033307,0.5352031016453249,53.52031016453249,947,39.032
Teloijan Darkhasta No.26,291894,352.0,432,90,1,a,a,a,,,,,,0.0,No,No,Yes,Yes,No,No,No,No,Yes,b,a,b,b,b,b,b,b,Yes,b,Yes,Yes,a,b,c,Yes,Yes,a,a,Yes,No,No,No,0.0,13.5,3.1,0.0,0.1,2.2,0.0,33.5,0.0,33.5,1.0,0.75,0.75,0.75,0.0,0.0,0.0,0.0,1.0,1.0,0.5,0.75,0.5,0.75,1.0,0.75,0.75,0.0,0.5694444444444444,0.8148148148148148,0.1907014579813528,0.5,0.5,0.5,0.5,0.5,0.5,1.0,1.0,0.625,0.0383522727272727,0.0088068181818181,0.0,0.0065340909090909,0.5006250000000001,0.3822704081632654,0.4539905572391024,45.39905572391024,908,1.0,291894,0.25,Low (5-8),291894.0,0.294,0.120356466175633,0.7627287067648734,0.5351074084257774,53.51074084257774,948,26.8
2 No. Dulia,291582,23.9,83,20,1,a,a,a,,,,,,0.0,No,No,Yes,No,No,No,No,No,Yes,a,a,a,a,a,c,a,a,Yes,b,c,Yes,c,a,c,a,Yes,Yes,a,Yes,No,No,No,0.0,3.9,0.0,0.0,0.0,0.0,0.0,20.0,0.0,20.0,1.0,0.75,0.75,0.75,0.0,0.0,0.0,0.0,0.0,1.0,0.75,0.75,0.5,0.25,0.75,1.0,0.75,0.0,0.5,0.2879518072289156,0.1782395208768243,0.75,0.75,0.75,0.25,0.75,0.75,1.0,1.0,0.725,0.1631799163179916,0.0,0.0,0.0,0.5,0.3814756671899529,0.4633550136571967,46.33550136571967,828,1.0,291582,0.0,Not listed,291582.0,0.798,0.199269741881909,0.7207460516236182,0.5350796509471463,53.50796509471463,949,41.534
Joypur T.E,292397,333.0,419,84,1,a,a,b,,,,,,0.0,No,No,Yes,No,No,No,No,No,Yes,b,Yes,b,Yes,Yes,c,b,c,Yes,b,Yes,Yes,a,b,c,a,b,Yes,a,Yes,No,No,No,0.0,0.0,0.0,0.0,0.0,0.0,0.0,333.0,0.0,333.0,1.0,0.75,0.75,0.5,0.0,0.0,0.0,0.0,0.0,1.0,0.5,1.0,0.5,0.75,0.75,1.0,0.75,0.0,0.5138888888888888,0.7947494033412887,0.1902268490371695,0.5,1.0,1.0,0.25,0.5,0.25,1.0,1.0,0.7,0.0,0.0,0.0,0.0,0.5,0.3814756671899529,0.4623240679195052,46.23240679195052,835,1.0,292397,0.0,Not listed,292397.0,0.811,0.158446940859404,0.7250106118281192,0.534782307069033,53.4782307069033,950,54.448
Behia Chetia Gaon,291255,103.7,955,196,1,a,a,a,,,,,,1.0,Yes,No,No,Yes,No,No,No,No,Yes,a,a,b,a,a,a,a,a,Yes,a,Yes,Yes,c,a,c,Yes,a,a,Yes,Yes,No,No,No,0.0,65.6,38.1,0.0,0.0,0.0,0.0,0.0,0.0,0.0,1.0,0.75,0.75,0.75,0.0,0.0,0.0,1.0,1.0,1.0,0.75,0.75,0.75,0.25,1.0,0.75,1.0,0.0,0.6388888888888888,0.1085863874345549,0.2311398319535862,0.5,0.75,0.75,0.75,0.75,0.75,1.0,1.0,0.775,0.6325940212150433,0.3674059787849566,0.0,0.0,0.389778206364513,0.2413192263033838,0.4982710254712955,49.82710254712956,518,0.867088607814996,291255,0.25,Low (5-8),291255.0,0.449,0.129318317337258,0.7144363365325483,0.5347573765469235,53.475737654692345,951,2.646
Niz Khowang Betoni,291730,118.9,526,100,1,a,a,a,,,,,,0.0,Yes,Yes,Yes,Yes,No,Yes,No,No,Yes,b,Yes,b,a,a,Yes,Yes,Yes,Yes,b,Yes,Yes,c,b,c,a,b,Yes,Yes,Yes,No,No,No,0.0,16.4,1.0,0.0,0.1,0.0,1.3,93.9,0.0,93.9,1.0,0.75,0.75,0.75,0.0,0.0,0.0,1.0,1.0,1.0,0.5,1.0,0.5,0.25,0.75,1.0,1.0,0.0,0.625,0.2260456273764258,0.2339181056972835,0.5,0.75,0.75,1.0,1.0,1.0,1.0,1.0,0.85,0.1379310344827586,0.0084104289318755,0.0,0.0117746005046257,0.5033641715727502,0.3857534991741407,0.546880226259149,54.6880226259149,194,1.0,291730,0.5,Moderate (9-12),291730.0,0.295,0.203966534932542,0.6207066930134916,0.5346252285058386,53.46252285058386,952,22.014
Hapmari Gaon,292280,251.2,131,28,a,a,b,b,,,,,,0.0,No,No,No,Yes,No,No,No,No,Yes,b,b,b,b,Yes,c,b,a,Yes,a,Yes,Yes,c,b,c,a,a,a,a,Yes,No,No,No,0.0,50.1,6.7,0.0,0.0,0.0,0.0,179.7,0.0,179.7,0.75,0.75,0.5,0.5,0.0,0.0,0.0,0.0,1.0,1.0,0.5,0.5,0.75,0.25,0.75,0.75,0.75,0.0,0.4861111111111111,1.9175572519083968,0.1024990076479177,0.5,0.5,1.0,0.25,0.5,0.75,1.0,1.0,0.675,0.1994426751592357,0.0266719745222929,0.0,0.0,0.4919984076433121,0.3713009579137878,0.4239127212725148,42.39127212725148,1114,1.0,292280,0.0,Not listed,292280.0,0.593,0.133571222974451,0.7953857554051098,0.5344741977610915,53.44741977610915,953,31.155
Hatibandha No.1,291648,135.0,182,41,1,a,,b,,,1.0,,,0.0,No,Yes,Yes,No,No,No,No,No,Yes,b,b,b,b,b,c,b,b,Yes,b,Yes,Yes,c,c,c,a,c,Yes,a,Yes,No,No,No,0.0,3.0,0.0,13.0,0.0,2.0,0.0,110.0,0.0,110.0,1.0,0.75,0.0,0.5,1.0,0.0,0.0,0.0,0.0,1.0,0.5,0.5,0.5,0.25,0.75,1.0,0.75,0.0,0.4722222222222222,0.7417582417582418,0.1889734444267952,0.5,0.5,0.5,0.25,0.5,0.5,1.0,1.0,0.575,0.0222222222222222,0.0,0.0,0.0148148148148148,0.5074074074074074,0.3908948194662481,0.415977880555504,41.5977880555504,1152,1.0,291648,0.0,Not listed,291648.0,0.607,0.170267359928779,0.7838465280142441,0.5344161952323337,53.44161952323338,954,27.084
Ramkanai (Ramkani),291482,58.0,160,28,1,a,a,a,,,,,,0.0,No,Yes,Yes,No,No,No,No,No,Yes,c,a,c,b,b,c,c,b,Yes,b,Yes,Yes,b,c,b,Yes,Yes,Yes,c,Yes,No,No,No,0.0,25.0,0.0,0.0,0.0,0.0,0.0,23.0,0.0,23.0,1.0,0.75,0.75,0.75,0.0,0.0,0.0,0.0,0.0,1.0,0.25,0.75,0.5,0.5,1.0,1.0,0.25,0.0,0.4722222222222222,0.3625,0.2371456729866716,0.25,0.5,0.5,0.25,0.25,0.5,1.0,1.0,0.55,0.4310344827586206,0.0,0.0,0.0,0.5,0.3814756671899529,0.4186371072402141,41.86371072402141,1137,1.0,291482,0.0,Not listed,291482.0,0.685,0.125001064660403,0.7694997870679194,0.5343076831523287,53.43076831523287,955,25.065
Bantana Gaon,291653,87.0,98,23,1,b,b,b,,,,,,0.0,No,No,Yes,No,No,No,No,No,Yes,b,Yes,c,b,b,c,b,Yes,Yes,b,b,Yes,b,c,c,a,b,b,a,Yes,No,No,No,0.0,12.0,0.0,0.0,0.0,0.0,5.0,60.0,0.0,60.0,1.0,0.5,0.5,0.5,0.0,0.0,0.0,0.0,0.0,1.0,0.5,1.0,0.5,0.5,0.75,0.5,0.75,0.0,0.4444444444444444,0.8877551020408163,0.1352838638740647,0.25,0.5,0.5,0.25,0.5,1.0,1.0,1.0,0.65,0.1379310344827586,0.0,0.0,0.057471264367816,0.5287356321839081,0.418015482054891,0.4235351734906055,42.35351734906055,1117,1.0,291653,0.0,Not listed,291653.0,0.648,0.182468935795983,0.7691062128408034,0.5341657734130711,53.41657734130712,956,29.754
Miripothar. 16 No.F.S,291288,282.4,756,158,1,a,b,b,,,,,,1.0,No,No,Yes,No,No,No,No,Yes,b,c,a,b,a,a,b,b,b,Yes,a,Yes,Yes,b,a,b,a,c,a,Yes,No,No,No,No,0.0,96.4,0.0,0.0,1.0,2.0,5.0,152.0,0.0,152.0,1.0,0.75,0.5,0.5,0.0,0.0,0.0,0.0,0.0,0.5,0.25,0.75,0.75,0.5,0.75,0.75,1.0,0.0,0.4444444444444444,0.3735449735449735,0.0659783492897816,0.5,0.75,0.75,0.5,0.5,0.5,1.0,1.0,0.7,0.3413597733711048,0.0,0.0,0.028328611898017,0.5141643059490085,0.3994867940638884,0.4175030572463342,41.75030572463342,1144,1.0,291288,0.0,Not listed,291288.0,0.625,0.0968669318366649,0.793126613632667,0.5336682518850955,53.36682518850955,957,12.05
Madhuting Gaon,291555,45.7,318,64,1,1,a,a,,,,,,0.0,No,Yes,Yes,No,No,No,No,No,a,a,a,a,a,a,c,c,a,Yes,b,Yes,Yes,b,a,b,Yes,c,Yes,b,Yes,No,No,No,0.0,0.0,0.0,0.0,0.0,0.0,0.0,25.4,0.0,25.4,1.0,1.0,0.75,0.75,0.0,0.0,0.0,0.0,0.0,0.75,0.75,0.75,0.5,0.5,1.0,1.0,0.5,0.0,0.5138888888888888,0.1437106918238993,0.2319706302177231,0.75,0.75,0.75,0.25,0.25,0.75,1.0,1.0,0.675,0.0,0.0,0.0,0.0,0.5,0.3814756671899529,0.4652600132146436,46.52600132146436,813,1.0,291555,0.0,Very Low (1-4),291555.0,0.898,0.111197823160488,0.7083604353679025,0.5335581817800847,53.35581817800848,958,49.603
Bukahula,291771,79.6,501,97,1,1,a,a,,,,,,0.0,Yes,Yes,Yes,No,No,No,No,No,Yes,a,Yes,b,b,a,a,a,Yes,Yes,b,Yes,Yes,c,c,c,a,b,Yes,Yes,Yes,No,No,No,0.0,5.0,3.1,0.0,0.5,0.0,1.3,67.0,0.0,67.0,1.0,1.0,0.75,0.75,0.0,0.0,0.0,1.0,0.0,1.0,0.75,1.0,0.5,0.25,0.75,1.0,1.0,0.0,0.5972222222222222,0.1588822355289421,0.2323294840767123,0.5,0.5,0.75,0.75,0.75,1.0,1.0,1.0,0.775,0.0628140703517588,0.0389447236180904,0.0,0.0226130653266331,0.4996231155778894,0.3809964264020259,0.5160872118551388,51.608721185513886,376,1.0,291771,0.5,Moderate (9-12),291771.0,0.238,0.102628046650129,0.6580743906699742,0.5334615912474716,53.34615912474716,959,24.61
Tikirabali N.C.,291646,32.0,257,53,a,a,a,b,,,,,,0.0,No,Yes,Yes,No,No,No,No,No,c,c,Yes,c,b,b,c,b,Yes,Yes,a,Yes,Yes,c,c,c,a,b,b,b,Yes,No,No,No,0.0,5.0,0.0,0.0,0.0,0.0,2.0,20.0,0.0,20.0,0.75,0.75,0.75,0.5,0.0,0.0,0.0,0.0,0.0,0.25,0.25,1.0,0.75,0.25,0.75,0.5,0.5,0.0,0.3888888888888889,0.1245136186770428,0.0600879887278594,0.25,0.5,0.5,0.25,0.5,1.0,1.0,1.0,0.675,0.15625,0.0,0.0,0.0625,0.53125,0.421212715855573,0.3989867625753017,39.89867625753018,1229,1.0,291646,0.0,Not listed,291646.0,0.585,0.119889616255345,0.8005220767489309,0.5334127352598732,53.34127352598732,960,26.924
Bamuni Kuria No.2,291642,50.0,340,71,2,1,a,c,,,,,,0.0,Yes,Yes,Yes,No,No,No,No,No,Yes,c,c,c,c,c,c,c,c,Yes,b,Yes,Yes,c,c,c,a,c,Yes,c,Yes,No,No,No,0.0,5.0,0.0,0.0,0.0,0.0,5.0,30.0,0.0,30.0,1.0,1.0,0.75,0.25,0.0,0.0,0.0,1.0,0.0,1.0,0.25,0.25,0.5,0.25,0.75,1.0,0.25,0.0,0.4583333333333333,0.1470588235294117,0.23204982387173,0.25,0.25,0.25,0.25,0.25,0.25,1.0,1.0,0.425,0.1,0.0,0.0,0.1,0.55,0.4450549450549451,0.3891067783122549,38.910677831225485,1247,1.0,291642,0.0,Not listed,291642.0,0.566,0.106354445341267,0.8089291109317467,0.533342342098873,53.3342342098873,961,24.378
Dihing Khamtighat Gaon,291231,55.4,245,46,1,a,,c,,,,,,0.0,No,No,Yes,No,No,No,No,Yes,Yes,c,c,c,b,Yes,c,c,c,Yes,b,Yes,Yes,c,c,c,a,c,Yes,a,Yes,No,No,No,0.0,0.0,0.0,0.0,0.0,0.0,0.0,55.4,0.0,55.4,1.0,0.75,0.0,0.25,0.0,0.0,0.0,0.0,0.0,1.0,0.25,0.25,0.5,0.25,0.75,1.0,0.75,0.0,0.375,0.2261224489795918,0.1767770656225696,0.25,0.5,1.0,0.25,0.25,0.25,1.0,1.0,0.525,0.0,0.0,0.0,0.0,0.5,0.3814756671899529,0.371739399843633,37.1739399843633,1280,1.0,291231,0.0,Not listed,291231.0,0.408,0.302436438605837,0.8171127122788326,0.5332607013956684,53.32607013956684,962,15.14
Manmow Block (Sonapur),292324,234.6,828,166,1,a,b,b,,,,,,0.0,Yes,Yes,Yes,Yes,No,Yes,No,No,Yes,b,b,b,b,b,c,a,c,Yes,b,Yes,Yes,a,b,c,Yes,b,Yes,Yes,Yes,No,No,No,0.0,48.4,0.0,0.0,5.2,0.0,1.6,179.8,0.0,179.8,1.0,0.75,0.5,0.5,0.0,0.0,0.0,1.0,1.0,1.0,0.5,0.5,0.5,0.75,1.0,1.0,1.0,0.0,0.6111111111111112,0.2833333333333333,0.2924159939928665,0.5,0.5,0.5,0.25,0.75,0.25,1.0,1.0,0.575,0.206308610400682,0.0,0.0,0.0289855072463768,0.5144927536231885,0.3999044433827043,0.4783626649525353,47.83626649525353,704,1.0,292324,0.0,Not listed,292324.0,0.86,0.14564855754764,0.7128702884904721,0.5332377804018111,53.32377804018111,963,50.083
Parbatipur,292059,87.8,202,41,1,a,a,b,,,,,,0.0,No,No,Yes,No,No,No,No,No,Yes,a,b,,b,b,c,a,a,Yes,b,Yes,Yes,b,a,b,Yes,b,Yes,a,Yes,No,No,No,0.0,15.6,0.0,0.0,0.0,0.0,72.2,0.0,0.0,0.0,1.0,0.75,0.75,0.5,0.0,0.0,0.0,0.0,0.0,1.0,0.75,0.5,0.5,0.5,1.0,1.0,0.75,0.0,0.5,0.4346534653465346,0.2388523252550522,0.0,0.5,0.5,0.25,0.75,0.75,1.0,1.0,0.575,0.1776765375854214,0.0,0.0,0.8223234624145787,0.9111617312072892,0.9043029863075422,0.5380736785752716,53.807367857527154,236,1.0,292059,0.5,Moderate (9-12),292059.0,0.584,0.0896004636245585,0.5568799072750883,0.5331104921699297,53.31104921699297,964,39.127
Garukhunda,291340,160.1,827,180,1,1,1,b,,,,,,1.0,Yes,Yes,Yes,Yes,No,No,No,Yes,Yes,c,b,c,Yes,Yes,b,b,b,Yes,a,Yes,Yes,c,c,c,a,c,Yes,Yes,Yes,Yes,No,No,0.0,32.9,0.0,0.0,2.3,2.6,0.8,80.5,0.0,80.5,1.0,1.0,1.0,0.5,0.0,0.0,0.0,1.0,1.0,1.0,0.25,0.5,0.75,0.25,0.75,1.0,1.0,0.0,0.6111111111111112,0.1935912938331317,0.233150460488638,0.25,1.0,1.0,0.5,0.5,0.5,1.0,1.0,0.7,0.2054965646470955,0.0,0.0,0.0356027482823235,0.5178013741411618,0.4041116374479451,0.5018877203895263,50.18877203895264,487,1.0,291340,0.25,Low (5-8),291340.0,0.546,0.131014610901027,0.6849970778197946,0.5329031918672691,53.29031918672691,965,18.471
Naharkatia Na Gaon,291682,82.0,625,131,1,1,a,a,,,,,,0.0,Yes,No,Yes,No,No,No,No,No,a,a,Yes,a,b,b,c,b,Yes,Yes,b,Yes,Yes,b,b,b,a,Yes,Yes,Yes,Yes,No,No,No,22.0,0.0,0.0,20.0,0.0,0.0,0.0,40.0,0.0,40.0,1.0,1.0,0.75,0.75,0.0,0.0,0.0,1.0,0.0,0.75,0.75,1.0,0.5,0.5,0.75,1.0,1.0,0.0,0.5972222222222222,0.1312,0.2316747137225455,0.75,0.5,0.5,0.25,0.5,1.0,1.0,1.0,0.7,0.0,0.0,0.2682926829268293,0.0,0.4463414634146341,0.3132442470421564,0.4798730833946232,47.98730833946232,689,1.0,291682,0.0,Not listed,291682.0,0.812,0.183459534842962,0.7197080930314076,0.5327885526995229,53.27885526995229,966,45.267
Jooktoli Barbam 106/103/124/17,292191,29.0,32,9,a,a,a,b,,,,,,0.0,No,No,Yes,No,No,No,No,No,c,c,b,,b,b,Yes,b,b,c,b,Yes,Yes,c,c,c,a,b,a,a,Yes,No,No,No,0.0,0.0,0.0,0.0,0.0,0.0,0.0,0.0,0.0,0.0,0.75,0.75,0.75,0.5,0.0,0.0,0.0,0.0,0.0,0.25,0.25,0.5,0.5,0.25,0.75,0.75,0.75,0.0,0.375,0.90625,0.0785784681809649,0.0,0.5,0.5,1.0,0.5,0.5,0.25,1.0,0.525,0.0,0.0,0.0,0.0,0.5,0.3814756671899529,0.3471897504832318,34.71897504832318,1302,1.0,292191,0.0,Not listed,292191.0,0.353,0.0845609073227144,0.8771878185354571,0.5327410945379171,53.27410945379171,967,39.686
Bamunbari 50/162 Or Grant,291889,218.5,3624,733,3,1,1,a,,1.0,,,,1.0,Yes,Yes,Yes,Yes,No,No,No,Yes,Yes,b,Yes,b,Yes,Yes,b,b,Yes,Yes,Yes,Yes,Yes,b,b,c,a,Yes,a,Yes,Yes,No,No,No,0.0,13.5,3.7,0.0,1.0,2.1,1.7,94.0,0.0,94.0,1.0,1.0,1.0,0.75,0.0,1.0,0.0,1.0,1.0,1.0,0.5,1.0,1.0,0.5,0.75,0.75,1.0,0.0,0.7361111111111112,0.0602924944812362,0.229997532251668,0.5,1.0,1.0,0.5,0.5,1.0,1.0,1.0,0.85,0.0617848970251716,0.0169336384439359,0.0,0.0219679633867276,0.5059038901601831,0.3889829686495264,0.5743237545706001,57.43237545706001,95,1.0,291889,0.5,Moderate (9-12),291889.0,0.356,0.130295385234513,0.6171409229530974,0.532703197541585,53.2703197541585,968,26.588
Mahmora N.C. Block No.5,292215,17.7,90,14,1,a,b,b,,,,,,0.0,No,No,No,Yes,No,No,No,No,Yes,b,Yes,c,c,b,c,c,Yes,Yes,a,Yes,Yes,a,b,b,a,Yes,Yes,a,Yes,No,No,No,0.0,0.0,2.7,0.0,0.0,0.0,0.0,15.1,15.1,0.0,1.0,0.75,0.5,0.5,0.0,0.0,0.0,0.0,1.0,1.0,0.5,1.0,0.75,0.75,0.75,1.0,0.75,0.0,0.5694444444444444,0.1966666666666666,0.1760803454101746,0.25,0.25,0.5,0.25,0.25,1.0,1.0,1.0,0.625,0.0,0.1525423728813559,0.0,0.0,0.4542372881355932,0.3232844637202991,0.4385380902077146,43.853809020771465,1020,1.0,292215,0.0,Not listed,292215.0,0.556,0.226562283336863,0.7878875433326273,0.5326677732436395,53.26677732436394,969,45.631
Jamuguri Konwori Pathar,292290,205.6,748,153,1,a,a,b,,,,,,0.0,Yes,Yes,No,Yes,Yes,Yes,No,No,Yes,c,a,c,c,c,c,a,c,Yes,b,Yes,Yes,c,c,c,a,c,Yes,Yes,Yes,No,No,No,0.0,60.0,0.0,0.0,0.0,0.0,0.0,145.6,0.0,145.6,1.0,0.75,0.75,0.5,0.0,0.0,0.0,1.0,1.0,1.0,0.25,0.75,0.5,0.25,0.75,1.0,1.0,0.0,0.5833333333333334,0.2748663101604278,0.2350728656054465,0.25,0.25,0.25,0.25,0.75,0.25,1.0,1.0,0.525,0.2918287937743191,0.0,0.0,0.0,0.5,0.3814756671899529,0.4383966831726856,43.83966831726856,1021,1.0,292290,0.0,Not listed,292290.0,0.623,0.170817722885078,0.7789364554229844,0.5325641486490483,53.25641486490483,970,37.866
Thekeraguri,292082,380.8,1987,407,1,2,b,b,,,,,,1.0,Yes,Yes,Yes,Yes,No,No,No,No,Yes,c,c,c,Yes,Yes,c,c,c,Yes,b,Yes,Yes,b,c,a,Yes,Yes,Yes,Yes,Yes,No,No,No,0.0,101.5,0.0,0.0,0.0,0.0,0.0,229.8,0.0,229.8,1.0,1.0,0.5,0.5,0.0,0.0,0.0,1.0,1.0,1.0,0.25,0.25,0.5,0.5,1.0,1.0,1.0,0.0,0.5833333333333334,0.1916456970306995,0.2902472982590329,0.25,1.0,1.0,0.25,0.25,0.25,1.0,1.0,0.575,0.2665441176470588,0.0,0.0,0.0,0.5,0.3814756671899529,0.4671902913360821,46.71902913360822,802,1.0,292082,0.25,Low (5-8),292082.0,0.409,0.164942678140441,0.7193114643719118,0.5325077603920159,53.25077603920158,971,31.981
Madhuting Bongali,291557,183.7,822,163,1,1,1,b,,,1.0,,,0.0,Yes,Yes,Yes,No,No,No,No,No,Yes,b,a,b,a,a,c,c,a,Yes,a,Yes,Yes,b,b,b,a,c,Yes,Yes,Yes,No,No,No,0.0,50.2,0.0,0.0,0.0,0.0,0.0,80.1,0.0,80.1,1.0,1.0,1.0,0.5,1.0,0.0,0.0,1.0,0.0,1.0,0.5,0.75,0.75,0.5,0.75,1.0,1.0,0.0,0.6527777777777778,0.2234793187347931,0.2338574045730399,0.5,0.75,0.75,0.25,0.25,0.75,1.0,1.0,0.675,0.2732716385410996,0.0,0.0,0.0,0.5,0.3814756671899529,0.5004539290256951,50.04539290256951,500,1.0,291557,0.0,Not listed,291557.0,0.887,0.149416337479236,0.7040167325041529,0.532292394223414,53.2292394223414,972,49.388
Panichukia F.V.,292420,26.6,748,172,1,a,a,b,,,,,,0.0,Yes,Yes,No,No,No,No,No,No,Yes,b,a,b,a,a,c,c,a,Yes,a,Yes,Yes,b,b,b,Yes,Yes,Yes,Yes,Yes,No,Yes,No,9.0,0.0,7.4,0.0,1.9,0.0,0.0,8.4,0.0,8.4,1.0,0.75,0.75,0.5,0.0,0.0,0.0,1.0,0.0,1.0,0.5,0.75,0.75,0.5,1.0,1.0,1.0,0.0,0.5833333333333334,0.0355614973262032,0.2865554249414496,0.5,0.75,0.75,0.25,0.25,0.75,1.0,1.0,0.675,0.0,0.2781954887218045,0.3383458646616541,0.0714285714285714,0.3845864661654135,0.2347174844489559,0.4669156864584869,46.69156864584869,804,1.0,292420,0.0,Not listed,292420.0,0.732,0.27216925383536,0.725966149232928,0.532232938595877,53.22329385958769,973,57.427
Deodhai No.2,292255,109.5,363,72,1,b,a,a,,,,,,0.0,Yes,Yes,Yes,Yes,No,No,No,No,Yes,b,b,b,b,b,c,c,b,Yes,b,Yes,Yes,c,b,c,a,b,Yes,a,Yes,No,No,No,0.0,10.5,0.0,0.0,0.0,0.0,0.0,89.0,0.0,89.0,1.0,0.5,0.75,0.75,0.0,0.0,0.0,1.0,1.0,1.0,0.5,0.5,0.5,0.25,0.75,1.0,0.75,0.0,0.5694444444444444,0.3016528925619834,0.2357064509973362,0.5,0.5,0.5,0.25,0.25,0.5,1.0,1.0,0.55,0.0958904109589041,0.0,0.0,0.0,0.5,0.3814756671899529,0.4425828572984358,44.25828572984358,998,1.0,292255,0.0,Not listed,292255.0,0.675,0.161811930486417,0.7651376139027166,0.5322030083889137,53.22030083889137,974,34.095
Erameslow - 2,291754,70.0,349,69,1,1,c,c,,,,,,0.0,Yes,Yes,Yes,Yes,No,No,No,No,c,c,c,c,c,c,c,c,c,Yes,c,Yes,Yes,a,c,c,a,c,Yes,a,Yes,No,No,No,0.0,5.6,4.7,0.0,0.5,0.0,1.4,54.6,0.0,54.6,1.0,1.0,0.25,0.25,0.0,0.0,0.0,1.0,1.0,0.25,0.25,0.25,0.25,0.75,0.75,1.0,0.75,0.0,0.4861111111111111,0.2005730659025787,0.2333156009580861,0.25,0.25,0.25,0.25,0.25,0.25,1.0,1.0,0.4,0.08,0.0671428571428571,0.0,0.0271428571428571,0.4934285714285714,0.3731195335276968,0.3744805847228387,37.44805847228387,1277,1.0,291754,0.0,Not listed,291754.0,0.449,0.103029800040726,0.8446940399918548,0.532174446265418,53.2174446265418,975,17.968
Rangchali Block,291801,66.8,157,38,a,a,b,b,,1.0,1.0,,,0.0,No,Yes,Yes,Yes,No,No,No,No,Yes,b,Yes,Yes,b,b,a,b,Yes,Yes,b,Yes,Yes,c,b,c,a,Yes,a,c,Yes,No,No,No,0.0,5.6,0.0,51.3,1.0,0.0,0.2,5.5,0.0,5.5,0.75,0.75,0.5,0.5,1.0,1.0,0.0,0.0,1.0,1.0,0.5,1.0,0.5,0.25,0.75,0.75,0.25,0.0,0.5833333333333334,0.4254777070063694,0.0672067188066083,1.0,0.5,0.5,0.75,0.5,1.0,1.0,1.0,0.775,0.0838323353293413,0.0,0.0,0.0179640718562874,0.5089820359281437,0.3928970943513288,0.4737144319052512,47.37144319052512,747,1.0,291801,0.25,Low (5-8),291801.0,0.279,0.193263012047715,0.7526473975904571,0.5317952028905343,53.17952028905343,976,24.653
Tiyoki Block,292327,90.3,151,31,1,b,b,b,,,,,,0.0,Yes,No,No,Yes,No,No,No,No,b,b,b,b,b,b,c,b,c,Yes,b,Yes,Yes,c,b,c,a,b,Yes,a,No,No,No,No,0.0,8.3,0.0,2.1,0.0,0.0,28.8,39.1,0.0,39.1,1.0,0.5,0.5,0.5,0.0,0.0,0.0,1.0,1.0,0.5,0.5,0.5,0.5,0.25,0.75,1.0,0.75,0.0,0.5138888888888888,0.5980132450331126,0.1855734313636516,0.5,0.5,0.5,0.25,0.5,0.25,1.0,1.0,0.55,0.0919158361018826,0.0,0.0,0.318936877076412,0.6594684385382059,0.5842534304802933,0.4567162661591938,45.67162661591938,890,1.0,292327,0.0,Not listed,292327.0,0.84,0.144811988786191,0.7190376022427618,0.5316464133100617,53.164641331006166,977,49.928
Madhuting No.2,291556,65.0,697,147,1,1,a,a,,,,,,0.0,Yes,No,Yes,No,No,No,No,No,Yes,a,a,a,a,a,c,c,a,Yes,a,Yes,Yes,b,a,b,a,c,Yes,Yes,Yes,No,No,No,0.0,13.0,0.0,0.0,0.0,0.0,0.0,31.9,0.0,31.9,1.0,1.0,0.75,0.75,0.0,0.0,0.0,1.0,0.0,1.0,0.75,0.75,0.75,0.5,0.75,1.0,1.0,0.0,0.6111111111111112,0.0932568149210903,0.2307772402252782,0.75,0.75,0.75,0.25,0.25,0.75,1.0,1.0,0.7,0.2,0.0,0.0,0.0,0.5,0.3814756671899529,0.4967672212720879,49.67672212720879,522,1.0,291556,0.0,Not listed,291556.0,0.933,0.145553648167172,0.6909892703665657,0.5313113682814388,53.13113682814388,978,51.196
Bamuni Kuria No.1,291637,160.0,454,93,2,a,a,c,,,,,,0.0,No,No,Yes,No,No,No,No,No,Yes,c,c,c,c,c,c,c,b,Yes,b,Yes,Yes,b,c,b,Yes,Yes,Yes,Yes,Yes,No,No,No,0.0,30.0,0.0,40.0,0.0,0.0,0.0,80.0,0.0,80.0,1.0,0.75,0.75,0.25,0.0,0.0,0.0,0.0,0.0,1.0,0.25,0.25,0.5,0.5,1.0,1.0,1.0,0.0,0.4583333333333333,0.3524229074889868,0.2369073186303008,0.25,0.25,0.25,0.25,0.25,0.5,1.0,1.0,0.45,0.1875,0.0,0.0,0.0,0.5,0.3814756671899529,0.3851052964288991,38.51052964288992,1257,1.0,291637,0.0,Not listed,291637.0,0.557,0.105633082317904,0.8117733835364191,0.5311575331506359,53.11575331506359,979,24.452
Tipam Fakial,292339,260.7,1420,251,2,2,1,b,,,1.0,,,1.0,Yes,Yes,Yes,Yes,No,Yes,No,No,Yes,c,a,c,Yes,b,c,c,c,Yes,b,Yes,Yes,c,c,c,Yes,a,Yes,Yes,Yes,No,No,No,0.0,87.0,0.0,15.0,3.6,0.0,4.6,120.4,0.0,120.4,1.0,1.0,1.0,0.5,1.0,0.0,0.0,1.0,1.0,1.0,0.25,0.75,0.5,0.25,1.0,1.0,1.0,0.0,0.6805555555555556,0.1835915492957746,0.290056792793555,0.25,1.0,0.5,0.25,0.25,0.25,1.0,1.0,0.575,0.333716915995397,0.0,0.0,0.0314537782892213,0.5157268891446107,0.4014737522874956,0.4954478375447768,49.54478375447768,541,1.0,292339,0.0,Very Low (1-4),292339.0,0.859,0.173028122160271,0.7076943755679458,0.5308130112686914,53.08130112686914,980,53.852
Ghutung Bangali,291627,108.0,421,77,1,a,2,c,,,,,,0.0,No,No,Yes,No,No,No,No,No,Yes,c,c,c,c,c,c,c,b,Yes,b,Yes,Yes,b,c,c,Yes,c,Yes,b,Yes,No,No,No,0.0,50.0,0.0,8.0,0.0,0.0,0.0,40.0,0.0,40.0,1.0,0.75,1.0,0.25,0.0,0.0,0.0,0.0,0.0,1.0,0.25,0.25,0.5,0.5,1.0,1.0,0.5,0.0,0.4444444444444444,0.2565320665083135,0.2346392041261587,0.25,0.25,0.25,0.25,0.25,0.5,1.0,1.0,0.45,0.4629629629629629,0.0,0.0,0.0,0.5,0.3814756671899529,0.3810660455806414,38.10660455806414,1266,1.0,291627,0.0,Not listed,291627.0,0.557,0.104514028789141,0.8119971942421718,0.5306800288069013,53.06800288069014,981,23.512
Hoogrijan,291508,19.0,324,66,1,a,b,b,,,,,,0.0,No,Yes,Yes,No,No,No,No,No,Yes,b,a,b,b,b,c,a,b,Yes,b,Yes,Yes,b,b,a,Yes,c,Yes,b,Yes,No,No,No,0.0,6.0,0.0,4.0,0.0,0.0,0.0,7.0,0.0,7.0,1.0,0.75,0.5,0.5,0.0,0.0,0.0,0.0,0.0,1.0,0.5,0.75,0.5,0.5,1.0,1.0,0.5,0.0,0.4722222222222222,0.0586419753086419,0.2299584923763636,0.5,0.5,0.5,0.25,0.75,0.5,1.0,1.0,0.625,0.3157894736842105,0.0,0.0,0.0,0.5,0.3814756671899529,0.4393403120876371,43.934031208763706,1012,1.0,291508,0.0,Not listed,291508.0,0.806,0.154455349220603,0.7273089301558794,0.5306345452349356,53.06345452349356,982,38.169
Naharkatia Bamun Gaon,291683,246.0,1678,343,1,2,a,a,,,1.0,,,1.0,No,No,Yes,Yes,Yes,No,No,No,Yes,b,Yes,a,b,Yes,c,b,Yes,Yes,Yes,Yes,Yes,a,b,b,Yes,Yes,Yes,Yes,Yes,No,No,No,0.0,52.0,0.0,4.0,0.0,0.0,0.0,145.0,0.0,145.0,1.0,1.0,0.75,0.75,1.0,0.0,0.0,0.0,1.0,1.0,0.5,1.0,1.0,0.75,1.0,1.0,1.0,0.0,0.7083333333333334,0.1466030989272944,0.2891819017204504,0.75,0.5,1.0,0.25,0.5,1.0,1.0,1.0,0.8,0.2113821138211382,0.0,0.0,0.0,0.5,0.3814756671899529,0.5656739422014365,56.567394220143655,118,1.0,291683,0.25,Low (5-8),291683.0,0.803,0.158044696316324,0.6024910607367352,0.5305132498032996,53.05132498032996,983,46.948
Anandabari T.E.,291532,226.0,672,127,1,c,c,c,,,,,,0.0,Yes,No,Yes,Yes,No,No,No,No,Yes,b,Yes,c,b,Yes,c,c,Yes,Yes,b,Yes,Yes,a,c,b,a,c,Yes,Yes,Yes,No,No,No,0.0,80.0,0.0,5.0,0.0,0.0,0.0,26.0,0.0,26.0,1.0,0.25,0.25,0.25,0.0,0.0,0.0,1.0,1.0,1.0,0.5,1.0,0.5,0.75,0.75,1.0,1.0,0.0,0.5694444444444444,0.3363095238095238,0.2365261873474751,0.25,0.5,1.0,0.25,0.25,1.0,1.0,1.0,0.675,0.3539823008849557,0.0,0.0,0.0,0.5,0.3814756671899529,0.4802877913859705,48.02877913859705,684,1.0,291532,0.0,Not listed,291532.0,0.945,0.0934925329955889,0.6978014934008823,0.5304734942757147,53.04734942757147,984,50.091
Chapatali Na-Gaon,291693,129.0,732,165,1,1,1,c,,,,,,0.0,No,Yes,Yes,No,No,No,No,No,Yes,b,Yes,b,Yes,Yes,b,c,Yes,Yes,b,Yes,Yes,c,a,c,a,Yes,Yes,Yes,Yes,No,No,No,0.0,19.0,0.0,6.0,0.0,0.0,0.0,56.0,0.0,56.0,1.0,1.0,1.0,0.25,0.0,0.0,0.0,0.0,0.0,1.0,0.5,1.0,0.5,0.25,0.75,1.0,1.0,0.0,0.5138888888888888,0.1762295081967213,0.1755969435015556,0.5,1.0,1.0,0.5,0.25,1.0,1.0,1.0,0.775,0.1472868217054263,0.0,0.0,0.0,0.5,0.3814756671899529,0.4811665915356017,48.11665915356017,678,1.0,291693,0.0,Not listed,291693.0,0.96,0.130686381232935,0.685862723753413,0.530465675455247,53.0465675455247,985,57.199
Borhula Kachari,291493,190.0,725,142,1,1,1,b,,,,,,0.0,No,Yes,Yes,No,No,No,No,No,b,b,Yes,c,b,b,c,b,Yes,Yes,b,Yes,Yes,a,c,a,a,b,Yes,Yes,Yes,No,No,No,0.0,90.0,0.0,25.0,0.0,0.0,0.0,41.0,0.0,41.0,1.0,1.0,1.0,0.5,0.0,0.0,0.0,0.0,0.0,0.5,0.5,1.0,0.5,0.75,0.75,1.0,1.0,0.0,0.5277777777777778,0.2620689655172414,0.1776273117430397,0.25,0.5,0.5,0.25,0.5,1.0,1.0,1.0,0.65,0.4736842105263157,0.0,0.0,0.0,0.5,0.3814756671899529,0.447646405818195,44.7646405818195,954,1.0,291493,0.0,Not listed,291493.0,0.738,0.158832602797964,0.7468334794404072,0.5303615697904158,53.03615697904158,986,31.303
Dhunda Nahar No.2,292270,47.4,343,78,1,1,a,a,,,1.0,,,0.0,No,No,Yes,Yes,No,No,No,No,Yes,b,a,b,a,a,c,c,c,Yes,b,Yes,Yes,c,b,c,a,b,Yes,a,Yes,No,No,No,0.0,20.1,0.0,0.0,0.0,0.0,0.0,20.0,0.0,20.0,1.0,1.0,0.75,0.75,1.0,0.0,0.0,0.0,1.0,1.0,0.5,0.75,0.5,0.25,0.75,1.0,0.75,0.0,0.6111111111111112,0.1381924198250728,0.1746972489014378,0.5,0.75,0.75,0.25,0.25,0.25,1.0,1.0,0.6,0.4240506329113924,0.0,0.0,0.0,0.5,0.3814756671899529,0.4527472234411278,45.27472234411278,925,1.0,292270,0.0,Not listed,292270.0,0.673,0.1237386691145,0.7733522661771,0.5302365687746924,53.02365687746924,987,36.039
Dhekiajan Gaon No.2,291541,64.0,456,94,1,1,c,c,,,,,,0.0,No,No,Yes,No,No,No,No,No,Yes,b,Yes,b,Yes,Yes,b,c,Yes,Yes,b,Yes,Yes,b,c,b,a,Yes,Yes,Yes,Yes,No,No,No,0.0,20.0,0.0,4.0,0.0,0.0,0.0,30.0,0.0,30.0,1.0,1.0,0.25,0.25,0.0,0.0,0.0,0.0,0.0,1.0,0.5,1.0,0.5,0.5,0.75,1.0,1.0,0.0,0.4861111111111111,0.1403508771929824,0.1747483030835959,0.5,1.0,1.0,0.5,0.25,1.0,1.0,1.0,0.775,0.3125,0.0,0.0,0.0,0.5,0.3814756671899529,0.4740099869866673,47.40099869866673,743,1.0,291541,0.0,Not listed,291541.0,0.968,0.12065797296578,0.6854684054068441,0.5300957880121295,53.00957880121295,988,55.577
Kapohuwa,292387,94.1,205,44,1,a,b,b,,,1.0,,,0.0,No,No,Yes,Yes,No,No,No,No,Yes,a,b,a,b,Yes,c,b,b,Yes,b,Yes,Yes,c,b,c,a,Yes,Yes,a,Yes,No,No,No,0.0,45.1,0.0,0.0,0.0,0.0,0.0,49.0,0.0,49.0,1.0,0.75,0.5,0.5,1.0,0.0,0.0,0.0,1.0,1.0,0.75,0.5,0.5,0.25,0.75,1.0,0.75,0.0,0.5694444444444444,0.4590243902439024,0.1822859157444587,0.75,0.5,1.0,0.25,0.5,0.5,1.0,1.0,0.65,0.4792773645058449,0.0,0.0,0.0,0.5,0.3814756671899529,0.4592277234852164,45.92277234852164,866,1.0,292387,0.0,Not listed,292387.0,0.78,0.116282949970452,0.7427434100059096,0.5298901930169715,52.98901930169715,989,50.711
Chahari Kata No.1,291632,44.0,475,87,1,b,a,c,,,,,,0.0,No,No,No,Yes,No,No,No,No,c,c,c,c,c,b,c,b,c,Yes,c,Yes,Yes,b,c,b,Yes,Yes,Yes,Yes,No,No,No,No,0.0,25.0,0.0,0.0,0.0,0.0,0.0,17.0,0.0,17.0,1.0,0.5,0.75,0.25,0.0,0.0,0.0,0.0,1.0,0.25,0.25,0.25,0.25,0.5,1.0,1.0,1.0,0.0,0.4444444444444444,0.0926315789473684,0.1736195943208876,0.25,0.25,0.5,0.25,0.5,0.25,1.0,1.0,0.45,0.5681818181818182,0.0,0.0,0.0,0.5,0.3814756671899529,0.3658111431293236,36.58111431293237,1284,1.0,291632,0.0,Not listed,291632.0,0.474,0.0494878860730526,0.8479024227853895,0.5297872177728706,52.97872177728706,990,16.281
Thanai T.E.,291384,556.0,4732,988,2,3,a,a,,,,,,1.0,Yes,Yes,Yes,No,No,No,No,No,c,c,Yes,b,b,b,b,b,Yes,Yes,Yes,Yes,Yes,c,c,c,Yes,c,Yes,Yes,Yes,No,No,No,0.0,125.0,0.0,0.0,204.0,0.0,0.0,227.0,0.0,227.0,1.0,1.0,0.75,0.75,0.0,0.0,0.0,1.0,0.0,0.25,0.25,1.0,1.0,0.25,1.0,1.0,1.0,0.0,0.5694444444444444,0.1174978867286559,0.3456363307166906,0.5,0.5,0.5,0.5,0.5,1.0,1.0,1.0,0.75,0.224820143884892,0.0,0.0,0.3669064748201439,0.6834532374100719,0.6147521543204997,0.5767206246543837,57.672062465438366,87,1.0,291384,0.5,Moderate (9-12),291384.0,0.749,0.111954003249816,0.5029091993500368,0.5297855855672623,52.97855855672623,991,20.956
Kholajan Grant 34 No N.C.,291275,160.7,1623,324,1,a,b,c,,,,,,1.0,No,Yes,Yes,Yes,No,No,No,Yes,Yes,c,b,b,Yes,b,b,b,b,Yes,a,Yes,Yes,a,b,a,a,c,a,Yes,Yes,No,No,No,0.0,18.6,3.9,0.0,0.0,0.0,0.0,134.8,0.0,134.8,1.0,0.75,0.5,0.25,0.0,0.0,0.0,0.0,1.0,1.0,0.25,0.5,0.75,0.75,0.75,0.75,1.0,0.0,0.5138888888888888,0.0990141712877387,0.1166277051965937,0.5,1.0,0.5,0.5,0.5,0.5,1.0,1.0,0.675,0.1157436216552582,0.0242688238954573,0.0,0.0,0.4927193528313628,0.3722177014025179,0.4345726888018743,43.45726888018743,1052,1.0,291275,0.0,Not listed,291275.0,0.68,0.107744638280846,0.7744510723438308,0.5297700104470584,52.97700104470584,992,15.164
Hatigarh Block,292316,124.2,493,114,1,a,a,a,,,,,,0.0,No,No,Yes,No,Yes,Yes,No,No,Yes,a,Yes,a,a,Yes,c,Yes,c,Yes,b,Yes,Yes,b,a,c,a,a,a,Yes,Yes,No,No,No,28.0,21.2,0.0,0.0,4.0,2.0,13.4,49.0,0.0,49.0,1.0,0.75,0.75,0.75,0.0,0.0,0.0,0.0,0.0,1.0,0.75,1.0,0.5,0.5,0.75,0.75,1.0,0.0,0.5277777777777778,0.2519269776876268,0.1202445652691272,0.75,0.75,1.0,0.25,1.0,0.25,1.0,1.0,0.75,0.1706924315619967,0.0,0.2254428341384863,0.1561996779388083,0.5330112721417068,0.423452324073442,0.4716960505764146,47.16960505764147,765,1.0,292316,0.0,Not listed,292316.0,0.78,0.253791412211301,0.7152417175577398,0.5296756769513941,52.96756769513941,993,43.691
Disam Chah Bagicha (Disang Chah Bagicha),292358,273.7,555,113,1,a,a,b,,,1.0,,,0.0,No,No,No,Yes,Yes,No,No,No,Yes,b,b,b,b,Yes,c,c,b,Yes,b,Yes,Yes,c,b,c,a,b,Yes,Yes,Yes,No,Yes,No,0.0,13.0,0.0,0.0,0.0,0.0,0.0,2.1,0.0,2.1,1.0,0.75,0.75,0.5,1.0,0.0,0.0,0.0,1.0,1.0,0.5,0.5,0.5,0.25,0.75,1.0,1.0,0.0,0.5833333333333334,0.4931531531531531,0.1830931663783175,0.5,0.5,1.0,0.25,0.25,0.5,1.0,1.0,0.6,0.0474972597734746,0.0,0.0,0.0,0.5,0.3814756671899529,0.4479017583659033,44.790175836590336,953,1.0,292358,0.0,Not listed,292358.0,0.695,0.124370573587942,0.7666258852824116,0.529644995786037,52.96449957860369,994,43.788
Ikarani N.C.,291622,80.0,149,34,2,a,a,c,,,,,,0.0,No,No,Yes,No,No,No,No,No,Yes,c,b,c,b,b,c,c,b,Yes,b,Yes,Yes,b,c,b,a,c,Yes,b,Yes,No,No,No,0.0,20.0,0.0,14.0,0.0,0.0,0.0,30.0,0.0,30.0,1.0,0.75,0.75,0.25,0.0,0.0,0.0,0.0,0.0,1.0,0.25,0.5,0.5,0.5,0.75,1.0,0.5,0.0,0.4305555555555556,0.5369127516778524,0.1841282160149069,0.25,0.5,0.5,0.25,0.25,0.5,1.0,1.0,0.525,0.25,0.0,0.0,0.0,0.5,0.3814756671899529,0.3874660763306062,38.74660763306062,1252,1.0,291622,0.0,Not listed,291622.0,0.555,0.154125409163733,0.8026749181672534,0.5293233713491211,52.93233713491211,995,21.648
Kekuri No.2,292103,71.8,268,55,1,a,a,c,,,,,,0.0,No,No,Yes,No,No,No,No,No,Yes,c,Yes,c,c,c,c,Yes,Yes,Yes,b,Yes,Yes,a,c,b,a,c,Yes,a,Yes,No,No,No,0.0,9.1,0.0,0.0,0.0,0.0,0.0,49.5,0.0,49.5,1.0,0.75,0.75,0.25,0.0,0.0,0.0,0.0,0.0,1.0,0.25,1.0,0.5,0.75,0.75,1.0,0.75,0.0,0.4861111111111111,0.267910447761194,0.1777654808368519,0.25,0.25,0.25,0.25,1.0,1.0,1.0,1.0,0.65,0.1267409470752089,0.0,0.0,0.0,0.5,0.3814756671899529,0.4372642814249813,43.726428142498136,1031,1.0,292103,0.25,Low (5-8),292103.0,0.343,0.141161891780655,0.743867621643869,0.5292097689452535,52.92097689452535,996,29.623
Pabhajan No.1,291587,175.9,729,156,1,1,1,b,,,1.0,,,0.0,Yes,Yes,Yes,No,No,No,No,No,b,b,Yes,b,Yes,b,c,Yes,Yes,Yes,b,Yes,Yes,b,b,c,Yes,Yes,Yes,Yes,Yes,No,No,No,0.0,0.9,0.0,23.0,0.0,0.0,0.0,152.0,0.0,152.0,1.0,1.0,1.0,0.5,1.0,0.0,0.0,1.0,0.0,0.5,0.5,1.0,0.5,0.5,1.0,1.0,1.0,0.0,0.6388888888888888,0.2412894375857339,0.2914215260251178,0.5,1.0,0.5,0.25,1.0,1.0,1.0,1.0,0.775,0.0051165434906196,0.0,0.0,0.0,0.5,0.3814756671899529,0.5413727371664923,54.137273716649226,221,1.0,291587,0.25,Low (5-8),291587.0,0.773,0.166200621136737,0.6098598757726525,0.5290206818938334,52.90206818938334,997,40.301
Madhuting 24 Nlr,291558,32.0,80,16,1,a,c,c,,,,,,0.0,No,No,Yes,No,No,No,No,No,Yes,c,Yes,b,b,b,c,b,Yes,Yes,b,Yes,Yes,b,a,b,Yes,c,Yes,b,Yes,No,No,No,0.0,0.0,0.0,0.0,0.0,0.0,0.0,0.0,0.0,0.0,1.0,0.75,0.25,0.25,0.0,0.0,0.0,0.0,0.0,1.0,0.25,1.0,0.5,0.5,1.0,1.0,0.5,0.0,0.4444444444444444,0.4,0.2380326637882485,0.5,0.5,0.5,0.25,0.5,1.0,1.0,1.0,0.675,0.0,0.0,0.0,0.0,0.5,0.3814756671899529,0.4494144104961639,44.94144104961639,948,1.0,291558,0.0,Not listed,291558.0,0.898,0.187509588432534,0.6930980823134932,0.5289687489509524,52.89687489509524,998,50.584
2 No Rangajan Bongali(Rongajan,291553,43.0,1127,211,1,a,b,b,,,,,,1.0,No,Yes,Yes,No,No,No,No,No,Yes,b,Yes,b,Yes,Yes,c,b,Yes,Yes,b,Yes,Yes,b,b,b,a,c,Yes,Yes,Yes,No,No,No,0.0,13.0,0.0,5.0,0.0,0.0,0.0,13.0,0.0,13.0,1.0,0.75,0.5,0.5,0.0,0.0,0.0,0.0,0.0,1.0,0.5,1.0,0.5,0.5,0.75,1.0,1.0,0.0,0.5,0.0381543921916592,0.1723310406262716,0.5,1.0,1.0,0.25,0.5,1.0,1.0,1.0,0.775,0.3023255813953488,0.0,0.0,0.0,0.5,0.3814756671899529,0.4768778935945585,47.68778935945585,715,1.0,291553,0.0,Not listed,291553.0,0.919,0.202271104424496,0.6838457791151008,0.5288424218811012,52.88424218811012,999,49.797
Ghuraghas No.3,291884,90.7,318,70,1,a,b,a,,,,,,0.0,No,No,No,Yes,No,No,No,No,c,c,c,c,c,c,b,b,b,Yes,b,Yes,Yes,b,c,c,Yes,Yes,Yes,a,Yes,No,No,No,0.0,21.7,2.3,0.0,5.4,2.8,0.0,44.2,0.0,44.2,1.0,0.75,0.5,0.75,0.0,0.0,0.0,0.0,1.0,0.25,0.25,0.25,0.5,0.5,1.0,1.0,0.75,0.0,0.4722222222222222,0.2852201257861635,0.2353177653180132,0.25,0.25,0.25,0.5,0.5,0.5,1.0,1.0,0.5,0.2392502756339581,0.0253583241455347,0.0,0.0904079382579933,0.5375964718853363,0.4292827978447762,0.4127415564540141,41.27415564540141,1173,1.0,291884,0.25,Low (5-8),291884.0,0.25,0.181710440657669,0.7636579118684662,0.5286850257536062,52.86850257536062,1000,27.657
Chaharikata No.2,291753,123.0,697,127,1,a,c,c,,,,,,0.0,No,Yes,Yes,Yes,No,Yes,No,No,c,c,c,c,c,c,c,c,c,Yes,c,Yes,Yes,b,c,c,Yes,c,Yes,Yes,Yes,No,No,No,0.0,8.9,7.6,0.0,0.6,0.0,2.4,98.1,0.0,98.1,1.0,0.75,0.25,0.25,0.0,0.0,0.0,0.0,1.0,0.25,0.25,0.25,0.25,0.5,1.0,1.0,1.0,0.0,0.4305555555555556,0.1764705882352941,0.2327455029317903,0.25,0.25,0.25,0.25,0.25,0.25,1.0,1.0,0.4,0.0723577235772357,0.0617886178861788,0.0,0.024390243902439,0.4936585365853658,0.3734119538997588,0.3605076554017882,36.05076554017882,1290,1.0,291753,0.0,Not listed,291753.0,0.454,0.14491602364642,0.834816795270716,0.5281248869261977,52.81248869261977,1001,19.514
Phukonbari 196/197 Grant,291498,244.0,293,63,1,b,b,b,,,,,,0.0,No,No,Yes,No,No,No,No,No,a,a,Yes,c,b,b,c,b,Yes,Yes,b,Yes,Yes,b,c,b,b,c,Yes,c,Yes,No,No,No,0.0,50.0,0.0,10.0,0.0,0.0,0.0,168.0,0.0,168.0,1.0,0.5,0.5,0.5,0.0,0.0,0.0,0.0,0.0,0.75,0.75,1.0,0.5,0.5,0.5,1.0,0.25,0.0,0.4305555555555556,0.8327645051194539,0.191126023586456,0.25,0.5,0.5,0.25,0.5,1.0,1.0,1.0,0.65,0.2049180327868852,0.0,0.0,0.0,0.5,0.3814756671899529,0.4267155282234935,42.67155282234935,1098,1.0,291498,0.0,Not listed,291498.0,0.779,0.170159436624633,0.7322681126750734,0.5279101010451362,52.79101010451362,1002,33.727
Tikirabali,291645,223.0,471,93,1,1,a,b,,,,,,0.0,No,Yes,Yes,No,No,No,No,No,Yes,c,Yes,b,b,b,c,b,Yes,Yes,a,Yes,Yes,c,c,c,Yes,b,Yes,Yes,Yes,No,No,No,0.0,85.0,0.0,0.0,0.0,0.0,5.0,123.0,0.0,123.0,1.0,1.0,0.75,0.5,0.0,0.0,0.0,0.0,0.0,1.0,0.25,1.0,0.75,0.25,1.0,1.0,1.0,0.0,0.5277777777777778,0.4734607218683652,0.2397702367102335,0.5,0.5,0.5,0.25,0.5,1.0,1.0,1.0,0.7,0.3811659192825112,0.0,0.0,0.0224215246636771,0.5112107623318385,0.3957311106574399,0.4810332257534908,48.10332257534908,680,1.0,291645,0.25,Low (5-8),291645.0,0.603,0.114417309076206,0.6712165381847588,0.527788841050078,52.7788841050078,1003,27.625
Basmatia Grant No.2,291612,350.0,1338,279,1,a,a,b,,,,,,1.0,No,No,Yes,No,No,No,No,No,Yes,c,c,c,Yes,Yes,c,c,c,Yes,b,Yes,Yes,c,c,c,a,Yes,Yes,Yes,Yes,No,No,No,0.0,30.0,0.0,10.0,0.0,0.0,0.0,172.0,0.0,172.0,1.0,0.75,0.75,0.5,0.0,0.0,0.0,0.0,0.0,1.0,0.25,0.25,0.5,0.25,0.75,1.0,1.0,0.0,0.4444444444444444,0.2615844544095665,0.1776158515591525,0.25,1.0,1.0,0.25,0.25,0.25,1.0,1.0,0.575,0.0857142857142857,0.0,0.0,0.0,0.5,0.3814756671899529,0.4043102074388898,40.431020743888986,1206,1.0,291612,0.0,Not listed,291612.0,0.625,0.174236864999925,0.777652627000015,0.527686363768287,52.7686363768287,1004,25.32
Azizbag T.E.,292135,471.8,1569,328,2,a,a,a,,,,,,2.0,Yes,Yes,Yes,Yes,No,No,No,No,Yes,b,a,c,Yes,a,c,c,c,Yes,a,Yes,Yes,a,c,a,Yes,b,a,Yes,Yes,No,Yes,Yes,0.0,47.6,0.0,0.0,0.0,0.0,0.0,30.2,0.0,30.2,1.0,0.75,0.75,0.75,0.0,0.0,0.0,1.0,1.0,1.0,0.5,0.75,0.75,0.75,1.0,0.75,1.0,1.0,0.7083333333333334,0.3007010834926705,0.2356839377736205,0.25,1.0,0.75,0.25,0.25,0.25,1.0,1.0,0.625,0.1008902077151335,0.0,0.0,0.0,0.5,0.3814756671899529,0.4997994512147291,49.97994512147291,510,1.0,292135,0.25,Low (5-8),292135.0,0.477,0.0859273691387287,0.7147145261722543,0.5270281449907998,52.70281449907998,1005,36.144
Juktoli Bam Gaon,291352,131.7,527,101,1,a,a,b,,,,,,1.0,No,No,Yes,Yes,No,No,No,Yes,c,c,b,c,a,a,c,c,c,Yes,a,Yes,Yes,c,c,c,a,c,a,Yes,No,No,No,No,0.0,45.3,0.0,0.0,1.2,3.1,3.2,62.8,0.0,62.8,1.0,0.75,0.75,0.5,0.0,0.0,0.0,0.0,1.0,0.25,0.25,0.5,0.75,0.25,0.75,0.75,1.0,0.0,0.4722222222222222,0.2499051233396584,0.0630538850273694,0.25,0.75,0.75,0.25,0.25,0.25,1.0,1.0,0.575,0.3439635535307517,0.0,0.0,0.0569476082004555,0.5284738041002278,0.4176825452451876,0.3898555358614354,38.98555358614354,1245,1.0,291352,0.0,Not listed,291352.0,0.494,0.0924735948714937,0.8333052810257012,0.5267379654539011,52.6737965453901,1006,16.449
Telpani Block Gaon,291351,63.6,236,48,1,a,a,b,,,,,,1.0,No,No,Yes,Yes,No,No,No,No,b,c,c,c,a,a,c,c,c,Yes,a,Yes,Yes,c,c,c,a,c,Yes,a,No,No,No,No,0.0,7.6,0.0,0.0,0.4,0.0,1.3,45.2,0.0,45.2,1.0,0.75,0.75,0.5,0.0,0.0,0.0,0.0,1.0,0.5,0.25,0.25,0.75,0.25,0.75,1.0,0.75,0.0,0.4722222222222222,0.2694915254237288,0.120660021063148,0.25,0.75,0.75,0.25,0.25,0.25,1.0,1.0,0.55,0.1194968553459119,0.0,0.0,0.0267295597484276,0.5133647798742138,0.3984701282544948,0.3929145864722415,39.29145864722416,1241,1.0,291351,0.0,Not listed,291351.0,0.498,0.170432670706365,0.816513465858727,0.526540910847452,52.6540910847452,1007,18.365
Dhunda Nahar No.1,292271,41.3,308,64,1,b,a,a,,,,,,0.0,No,No,Yes,Yes,No,No,No,No,Yes,b,b,b,b,b,c,b,c,Yes,b,Yes,Yes,c,b,c,Yes,b,Yes,a,Yes,No,No,No,10.0,0.0,0.0,0.0,0.0,0.0,0.0,30.0,0.0,30.0,1.0,0.5,0.75,0.75,0.0,0.0,0.0,0.0,1.0,1.0,0.5,0.5,0.5,0.25,1.0,1.0,0.75,0.0,0.5277777777777778,0.1340909090909091,0.2317430926497943,0.5,0.5,0.5,0.25,0.5,0.25,1.0,1.0,0.55,0.0,0.0,0.2421307506053269,0.0,0.4515738498789346,0.3198976741003722,0.4188597524269675,41.88597524269675,1135,1.0,292271,0.0,Not listed,292271.0,0.651,0.142581678067658,0.7761836643864684,0.5263938900320917,52.63938900320917,1008,34.54
Kachalu Pather,292066,53.2,115,19,1,,1,a,,,,,,0.0,Yes,No,Yes,Yes,No,No,No,No,Yes,a,Yes,c,b,b,Yes,b,a,Yes,b,Yes,Yes,b,a,b,Yes,c,a,a,Yes,No,No,No,0.0,14.4,0.0,0.0,0.0,0.0,0.0,38.8,0.0,38.8,1.0,0.0,1.0,0.75,0.0,0.0,0.0,1.0,1.0,1.0,0.75,1.0,0.5,0.5,1.0,0.75,0.75,0.0,0.6111111111111112,0.4626086956521739,0.2395135527787073,0.25,0.5,0.5,1.0,0.5,0.75,1.0,1.0,0.7,0.2706766917293233,0.0,0.0,0.0,0.5,0.3814756671899529,0.4989512994104452,49.89512994104452,513,1.0,292066,0.25,Low (5-8),292066.0,0.541,0.205570950551847,0.6715858098896306,0.525734062229022,52.5734062229022,1009,37.076
Bhorbhuri Nogaon No.2,291238,149.7,331,58,1,1,b,c,,,,,,1.0,No,Yes,Yes,Yes,No,No,No,No,a,c,c,c,c,c,c,c,c,Yes,b,Yes,Yes,c,b,c,Yes,c,Yes,a,No,No,No,No,0.0,4.6,0.0,0.0,9.5,2.0,0.0,130.0,0.0,130.0,1.0,1.0,0.5,0.25,0.0,0.0,0.0,0.0,1.0,0.75,0.25,0.25,0.5,0.25,1.0,1.0,0.75,0.0,0.4722222222222222,0.4522658610271903,0.182126055657861,0.25,0.25,0.25,0.25,0.25,0.25,1.0,1.0,0.425,0.0307281229124916,0.0,0.0,0.0768203072812291,0.5384101536406145,0.4303174638130263,0.3771505622326261,37.71505622326261,1274,1.0,291238,0.0,Not listed,291238.0,0.462,0.174509914665862,0.8264980170668276,0.5256783403131503,52.56783403131503,1010,13.714
Gereki Gaon,291396,73.0,490,106,1,a,b,b,,,,,,0.0,No,Yes,No,Yes,Yes,No,No,No,c,b,Yes,b,Yes,Yes,b,b,b,Yes,b,Yes,Yes,c,c,c,Yes,Yes,Yes,Yes,No,No,No,No,0.0,1.5,0.0,0.0,0.0,0.0,0.0,71.5,0.0,71.5,1.0,0.75,0.5,0.5,0.0,0.0,0.0,0.0,1.0,0.25,0.5,1.0,0.5,0.25,1.0,1.0,1.0,0.0,0.5138888888888888,0.1489795918367347,0.1749523988307544,0.5,1.0,1.0,0.5,0.5,0.5,1.0,1.0,0.75,0.0205479452054794,0.0,0.0,0.0,0.5,0.3814756671899529,0.4735054553679014,47.350545536790136,749,1.0,291396,0.0,Not listed,291396.0,0.935,0.168657174370384,0.6857685651259231,0.5252668758365507,52.52668758365508,1011,34.653
Tiyoki,292326,163.4,426,84,1,a,a,a,,,,,,0.0,No,No,Yes,Yes,No,No,No,No,Yes,a,a,a,a,a,c,b,c,Yes,a,Yes,Yes,c,a,c,a,a,Yes,a,Yes,No,No,No,0.0,26.0,0.0,40.0,1.0,2.0,0.0,92.5,0.0,92.5,1.0,0.75,0.75,0.75,0.0,0.0,0.0,0.0,1.0,1.0,0.75,0.75,0.75,0.25,0.75,1.0,0.75,0.0,0.5694444444444444,0.3835680751173709,0.1805011408794422,0.75,0.75,0.75,0.25,0.5,0.25,1.0,1.0,0.675,0.1591187270501836,0.0,0.0,0.018359853121175,0.5091799265605875,0.3931487292214692,0.4686161421752655,46.86161421752655,788,1.0,292326,0.0,Not listed,292326.0,0.814,0.204378844445906,0.7149242311108188,0.5250672870474085,52.50672870474085,1012,48.442
Bhereki Bam Gaon,291654,18.0,180,35,a,a,b,b,,,,,,0.0,No,Yes,Yes,No,No,No,No,No,Yes,c,Yes,c,b,b,c,b,Yes,Yes,a,Yes,Yes,c,c,c,a,b,b,a,Yes,No,No,No,0.0,5.0,0.0,0.0,0.0,0.0,1.0,10.0,0.0,10.0,0.75,0.75,0.5,0.5,0.0,0.0,0.0,0.0,0.0,1.0,0.25,1.0,0.75,0.25,0.75,0.5,0.75,0.0,0.4305555555555556,0.1,0.0595081659470621,0.25,0.5,0.5,0.25,0.5,1.0,1.0,1.0,0.675,0.2777777777777778,0.0,0.0,0.0555555555555555,0.5277777777777778,0.4167974882260597,0.4083754280208664,40.83754280208664,1191,1.0,291654,0.0,Not listed,291654.0,0.628,0.157007695153703,0.7801984609692594,0.5244760491083782,52.44760491083782,1013,28.534
Rajgarh T.E. No.332 Nlr,292131,453.2,1582,331,2,a,a,a,,,,,,1.0,Yes,Yes,Yes,No,No,Yes,No,No,Yes,c,Yes,c,a,a,c,c,a,Yes,Yes,Yes,Yes,a,c,a,Yes,a,Yes,Yes,Yes,No,Yes,No,0.0,115.8,0.0,0.0,0.0,0.0,0.0,337.4,0.0,337.4,1.0,0.75,0.75,0.75,0.0,0.0,0.0,1.0,0.0,1.0,0.25,1.0,1.0,0.75,1.0,1.0,1.0,0.0,0.625,0.286472819216182,0.3496331096717174,0.25,0.75,0.75,0.25,0.25,0.75,1.0,1.0,0.7,0.2555163283318623,0.0,0.0,0.0,0.5,0.3814756671899529,0.52995341085592,52.995341085592,277,1.0,292131,0.5,Moderate (9-12),292131.0,0.444,0.0903906781390747,0.598721864372185,0.5241183732452963,52.41183732452963,1014,35.645
Bogdungkinar,291426,35.0,312,68,1,b,b,b,,,,,,0.0,No,Yes,Yes,No,No,No,No,No,Yes,c,a,b,Yes,Yes,b,b,b,Yes,b,Yes,Yes,c,c,c,a,b,Yes,c,Yes,No,No,No,0.0,17.0,0.7,0.0,0.0,0.0,0.0,0.3,0.0,0.3,1.0,0.5,0.5,0.5,0.0,0.0,0.0,0.0,0.0,1.0,0.25,0.75,0.5,0.25,0.75,1.0,0.25,0.0,0.4027777777777778,0.1121794871794871,0.1740819627153398,0.5,1.0,1.0,0.5,0.5,0.5,1.0,1.0,0.725,0.4857142857142857,0.02,0.0,0.0,0.494,0.3738461538461539,0.4364841658925101,43.64841658925101,1037,1.0,291426,0.0,Not listed,291426.0,0.914,0.13926415940006,0.697947168119988,0.5237762810037532,52.37762810037532,1015,34.404
Grab T.E.5/34/105,292050,321.6,1188,261,1,2,a,a,,,,,,1.0,Yes,Yes,Yes,No,No,No,No,No,Yes,c,b,c,Yes,Yes,c,c,c,Yes,b,Yes,Yes,b,a,b,Yes,Yes,Yes,Yes,Yes,No,No,Yes,0.0,26.3,0.0,0.0,0.0,0.0,0.0,295.3,0.0,295.3,1.0,1.0,0.75,0.75,0.0,0.0,0.0,1.0,0.0,1.0,0.25,0.5,0.5,0.5,1.0,1.0,1.0,1.0,0.625,0.2707070707070707,0.2921173438913255,0.25,1.0,1.0,0.25,0.25,0.25,1.0,1.0,0.6,0.0817786069651741,0.0,0.0,0.0,0.5,0.3814756671899529,0.485574469410822,48.5574469410822,634,1.0,292050,0.25,Low (5-8),292050.0,0.572,0.103152802915901,0.6827694394168198,0.5233584618180522,52.33584618180522,1016,35.176
Kerkoni No.1 (Kekuri No.2),291544,80.0,740,166,1,a,a,c,,,,,,0.0,Yes,No,No,Yes,No,No,No,No,Yes,c,Yes,c,Yes,Yes,c,b,Yes,Yes,b,Yes,Yes,c,c,c,a,c,c,Yes,Yes,Yes,No,No,0.0,30.0,0.0,5.0,0.0,0.0,0.0,20.0,0.0,20.0,1.0,0.75,0.75,0.25,0.0,0.0,0.0,1.0,1.0,1.0,0.25,1.0,0.5,0.25,0.75,0.25,1.0,0.0,0.5416666666666666,0.1081081081081081,0.1739856620277119,0.25,1.0,1.0,0.25,0.5,1.0,1.0,1.0,0.75,0.375,0.0,0.0,0.0,0.5,0.3814756671899529,0.4802082156115852,48.02082156115852,686,1.0,291544,0.0,Not listed,291544.0,0.908,0.232724993075439,0.6810550013849122,0.5231397661393857,52.31397661393857,1017,52.175
Dulia Lahowal Gaon,291767,180.0,1060,227,1,2,a,a,,,,,,1.0,No,Yes,Yes,Yes,No,No,No,No,b,b,Yes,b,a,a,a,Yes,Yes,Yes,b,Yes,Yes,c,b,c,a,a,Yes,Yes,Yes,Yes,No,No,0.0,78.5,1.3,0.0,3.2,2.0,0.0,72.3,0.0,72.3,1.0,1.0,0.75,0.75,0.0,0.0,0.0,0.0,1.0,0.5,0.5,1.0,0.5,0.25,0.75,1.0,1.0,0.0,0.5555555555555556,0.1698113207547169,0.1754451335489195,0.5,0.75,0.75,0.75,1.0,1.0,1.0,1.0,0.825,0.4361111111111111,0.0072222222222222,0.0,0.0288888888888888,0.5122777777777778,0.3970879120879122,0.5096677546937012,50.96677546937012,416,1.0,291767,0.5,Moderate (9-12),291767.0,0.278,0.149530902253192,0.6366938195493616,0.5231019980201613,52.310199802016136,1018,23.68
Rangabanani No.3 (Rangabamuni,292155,195.6,490,98,1,a,b,b,,,,,,2.0,Yes,No,No,Yes,No,No,No,No,b,c,b,b,c,a,c,b,b,Yes,a,Yes,Yes,a,b,b,c,b,Yes,Yes,Yes,No,No,No,0.0,0.0,115.0,0.0,0.0,0.0,0.0,80.6,0.0,80.6,1.0,0.75,0.5,0.5,0.0,0.0,0.0,1.0,1.0,0.5,0.25,0.5,0.75,0.75,0.25,1.0,1.0,0.0,0.5416666666666666,0.3991836734693877,0.2380133551449489,0.5,0.25,0.75,0.25,0.5,0.5,1.0,1.0,0.6,0.0,0.5879345603271984,0.0,0.0,0.3236196319018405,0.1571929385251033,0.4063585931579245,40.63585931579246,1199,1.0,292155,0.0,Not listed,292155.0,0.586,0.122780212181639,0.7996439575636722,0.5229398625904716,52.293986259047166,1019,42.282
Tamulbari T.E.,291312,282.8,1181,229,1,a,a,b,,,,,,1.0,No,No,Yes,Yes,No,No,No,Yes,Yes,c,b,b,Yes,b,b,b,b,Yes,b,Yes,Yes,c,c,c,Yes,c,Yes,Yes,Yes,No,Yes,No,0.0,32.8,0.0,0.0,1.3,0.0,2.9,228.6,0.0,228.6,1.0,0.75,0.75,0.5,0.0,0.0,0.0,0.0,1.0,1.0,0.25,0.5,0.5,0.25,1.0,1.0,1.0,0.0,0.5277777777777778,0.2394580863674852,0.2342353517706595,0.5,1.0,0.5,0.5,0.5,0.5,1.0,1.0,0.65,0.1159830268741159,0.0,0.0,0.0148514851485148,0.5074257425742574,0.3909181341996052,0.4636869092270304,46.36869092270304,825,1.0,291312,0.25,Low (5-8),291312.0,0.557,0.0942001820864044,0.689059963582719,0.5228205435056933,52.28205435056933,1020,12.717
Hatibandha No.2,291647,26.0,96,20,a,a,a,a,,,,,,0.0,Yes,No,No,Yes,No,No,No,No,Yes,c,b,c,b,b,c,b,b,Yes,b,Yes,Yes,c,c,c,Yes,b,b,b,Yes,No,No,No,0.0,4.0,4.0,0.0,0.0,0.0,2.0,16.0,0.0,16.0,0.75,0.75,0.75,0.75,0.0,0.0,0.0,1.0,1.0,1.0,0.25,0.5,0.5,0.25,1.0,0.5,0.5,0.0,0.5277777777777778,0.2708333333333333,0.1778346161066266,0.25,0.5,0.5,0.25,0.5,0.5,1.0,1.0,0.55,0.1538461538461538,0.1538461538461538,0.0,0.0769230769230769,0.4923076923076923,0.3716942398261079,0.4157419464363227,41.57419464363228,1153,1.0,291647,0.0,Not listed,291647.0,0.594,0.201667773926668,0.7814664452146665,0.5227993680864395,52.279936808643946,1021,26.389
Mohmari Gaon No.2,291677,240.0,1059,215,2,1,1,a,,,,,,1.0,Yes,No,Yes,Yes,Yes,No,No,No,Yes,b,Yes,b,Yes,Yes,c,b,a,Yes,b,Yes,Yes,b,b,b,Yes,Yes,Yes,Yes,Yes,No,No,Yes,0.0,76.0,16.0,44.0,0.0,0.0,0.0,90.0,0.0,90.0,1.0,1.0,1.0,0.75,0.0,0.0,0.0,1.0,1.0,1.0,0.5,1.0,0.5,0.5,1.0,1.0,1.0,1.0,0.7361111111111112,0.2266288951841359,0.2910747589249486,0.5,1.0,1.0,0.25,0.5,0.75,1.0,1.0,0.75,0.3166666666666666,0.0666666666666666,0.0,0.0,0.48,0.356043956043956,0.5530052587178061,55.30052587178061,166,1.0,291677,0.25,Low (5-8),291677.0,0.749,0.173496198633202,0.6156007602733595,0.5224155872471744,52.24155872471744,1022,41.793
Balijan T.E. 5/54 No.,291505,79.4,781,148,1,a,a,c,,,,,,0.0,No,No,Yes,No,No,No,No,No,Yes,c,Yes,c,c,c,c,a,Yes,Yes,b,Yes,Yes,b,c,b,b,c,Yes,Yes,Yes,No,No,No,0.0,13.5,0.0,0.0,0.0,0.0,0.0,1.7,0.0,1.8,1.0,0.75,0.75,0.25,0.0,0.0,0.0,0.0,0.0,1.0,0.25,1.0,0.5,0.5,0.5,1.0,1.0,0.0,0.4722222222222222,0.1016645326504481,0.1738332515701063,0.25,0.25,0.25,0.25,0.75,1.0,1.0,1.0,0.625,0.1700251889168765,0.0,0.0,0.0,0.5,0.3814756671899529,0.4253090018860727,42.53090018860728,1106,1.0,291505,0.0,Not listed,291505.0,0.786,0.11663343542141,0.740873312915718,0.5220289881373067,52.20289881373067,1023,36.604
Takaubill No.2,292248,268.6,296,55,1,1,c,c,,,,,,0.0,No,No,Yes,Yes,No,No,No,No,Yes,c,c,c,c,Yes,c,c,b,Yes,a,Yes,Yes,c,c,c,a,a,Yes,a,Yes,No,No,No,0.0,40.0,0.0,0.0,0.0,0.0,0.0,200.0,0.0,200.0,1.0,1.0,0.25,0.25,0.0,0.0,0.0,0.0,1.0,1.0,0.25,0.25,0.75,0.25,0.75,1.0,0.75,0.0,0.4722222222222222,0.9074324324324324,0.1928921506451072,0.25,0.25,1.0,0.25,0.25,0.5,1.0,1.0,0.55,0.1489203276247207,0.0,0.0,0.0,0.5,0.3814756671899529,0.407573726654823,40.7573726654823,1195,1.0,292248,0.0,Not listed,292248.0,0.645,0.202919809051857,0.7659160381896286,0.5218108030156212,52.18108030156212,1024,31.716
Tingrai Nepali No.1,291664,127.7,974,201,2,2,2,b,,,,,,1.0,Yes,Yes,Yes,No,No,No,No,No,Yes,b,Yes,c,b,b,c,Yes,Yes,Yes,b,Yes,Yes,a,c,a,Yes,b,Yes,Yes,Yes,No,No,No,0.0,30.9,0.0,0.0,4.0,0.0,0.0,92.8,0.0,92.8,1.0,1.0,1.0,0.5,0.0,0.0,0.0,1.0,0.0,1.0,0.5,1.0,0.5,0.75,1.0,1.0,1.0,0.0,0.625,0.1311088295687885,0.2888154144031664,0.25,0.5,0.5,0.25,1.0,1.0,1.0,1.0,0.7,0.2419733750978856,0.0,0.0,0.0313234142521534,0.5156617071260767,0.4013908677741321,0.5187320271556181,51.8732027155618,352,1.0,291664,0.25,Low (5-8),291664.0,0.713,0.190012354602988,0.6230975290794024,0.5216514953986724,52.16514953986724,1025,34.003
Nagabat No.2,292181,61.6,360,75,1,,a,a,,,,,,0.0,Yes,No,Yes,No,No,No,No,No,Yes,c,Yes,c,c,a,c,a,Yes,Yes,b,Yes,Yes,c,c,b,a,Yes,a,a,Yes,No,No,No,0.0,0.0,10.7,0.0,0.0,0.0,0.0,30.0,0.0,30.0,1.0,0.0,0.75,0.75,0.0,0.0,0.0,1.0,0.0,1.0,0.25,1.0,0.5,0.25,0.75,0.75,0.75,0.0,0.4861111111111111,0.1711111111111111,0.1754758776046555,0.25,0.25,0.75,0.25,0.75,1.0,1.0,1.0,0.675,0.0,0.1737012987012987,0.0,0.0,0.4478896103896104,0.3152128483761137,0.4309393168541644,43.09393168541644,1070,1.0,292181,0.25,Low (5-8),292181.0,0.361,0.143961181134608,0.7379077637730784,0.5213140021668122,52.13140021668122,1026,37.282
Joloni T.E. 25 Appl,291562,17.0,402,82,1,a,a,b,,,,,,0.0,No,No,No,Yes,No,No,No,No,Yes,b,a,b,a,a,c,c,a,Yes,a,Yes,Yes,c,b,c,Yes,c,c,b,Yes,No,No,No,0.0,2.0,0.0,0.0,0.0,0.0,0.0,0.0,0.0,0.0,1.0,0.75,0.75,0.5,0.0,0.0,0.0,0.0,1.0,1.0,0.5,0.75,0.75,0.25,1.0,0.25,0.5,0.0,0.5,0.0422885572139303,0.1724288263955238,0.5,0.75,0.75,0.25,0.25,0.75,1.0,1.0,0.675,0.1176470588235294,0.0,0.0,0.0,0.5,0.3814756671899529,0.4469023400368715,44.69023400368716,962,1.0,291562,0.0,Not listed,291562.0,0.862,0.13407775095801,0.714584449808398,0.5211623366007331,52.116233660073306,1027,46.662
Merbil Pabhajan,291675,96.0,785,158,1,a,a,a,,,1.0,,,1.0,Yes,No,Yes,Yes,No,No,No,No,Yes,b,Yes,b,a,Yes,c,c,Yes,Yes,b,Yes,Yes,b,b,b,Yes,Yes,Yes,Yes,Yes,No,No,No,0.0,23.0,0.0,14.0,0.0,0.0,0.0,45.0,0.0,45.0,1.0,0.75,0.75,0.75,1.0,0.0,0.0,1.0,1.0,1.0,0.5,1.0,0.5,0.5,1.0,1.0,1.0,0.0,0.7083333333333334,0.1222929936305732,0.2886068926595556,0.5,0.75,1.0,0.25,0.25,1.0,1.0,1.0,0.725,0.2395833333333333,0.0,0.0,0.0,0.5,0.3814756671899529,0.5430301899362129,54.303018993621286,208,1.0,291675,0.25,Low (5-8),291675.0,0.761,0.152346503495829,0.6162306993008342,0.5208653529637155,52.08653529637155,1028,39.874
Chapatali Bangali,291699,66.0,406,86,1,1,c,c,,,,,,0.0,No,Yes,No,Yes,No,No,No,No,Yes,c,Yes,c,a,a,b,c,Yes,Yes,b,Yes,Yes,a,c,c,a,c,Yes,a,Yes,No,No,No,0.0,22.0,0.0,4.0,0.0,0.0,0.0,26.0,0.0,26.0,1.0,1.0,0.25,0.25,0.0,0.0,0.0,0.0,1.0,1.0,0.25,1.0,0.5,0.75,0.75,1.0,0.75,0.0,0.5277777777777778,0.1625615763546798,0.1752736547063431,0.25,0.75,0.75,0.5,0.25,1.0,1.0,1.0,0.7,0.3333333333333333,0.0,0.0,0.0,0.5,0.3814756671899529,0.4620579915590208,46.20579915590208,838,1.0,291699,0.0,Not listed,291699.0,0.925,0.117661396879458,0.6989677206241084,0.520626852004722,52.0626852004722,1029,56.513
Erapather,291690,58.0,481,95,1,1,1,c,,,1.0,,,0.0,Yes,Yes,Yes,Yes,No,No,No,No,a,c,c,c,a,a,c,b,b,Yes,b,Yes,Yes,a,a,b,Yes,c,Yes,Yes,Yes,No,No,No,0.0,28.0,0.0,2.0,0.0,0.0,0.0,15.0,0.0,15.0,1.0,1.0,1.0,0.25,1.0,0.0,0.0,1.0,1.0,0.75,0.25,0.25,0.5,0.75,1.0,1.0,1.0,0.0,0.6527777777777778,0.1205821205821205,0.2885664252287117,0.25,0.75,0.75,0.25,0.5,0.5,1.0,1.0,0.575,0.4827586206896552,0.0,0.0,0.0,0.5,0.3814756671899529,0.484131184189613,48.4131184189613,646,1.0,291690,0.0,Very Low (1-4),291690.0,0.918,0.169758907344623,0.6906482185310754,0.520622243798101,52.0622243798101,1030,53.942
Urimguri Block,292254,91.3,200,39,1,b,a,a,,,,,,0.0,No,Yes,Yes,No,No,No,No,No,Yes,b,b,b,b,b,c,c,b,Yes,b,b,Yes,c,b,c,a,b,Yes,a,Yes,No,No,No,0.0,40.1,0.0,0.0,0.0,0.0,0.0,44.1,0.0,44.1,1.0,0.5,0.75,0.75,0.0,0.0,0.0,0.0,0.0,1.0,0.5,0.5,0.5,0.25,0.75,1.0,0.75,0.0,0.4583333333333333,0.4564999999999999,0.1822262061197672,0.5,0.5,0.5,0.25,0.25,0.5,1.0,1.0,0.55,0.4392113910186199,0.0,0.0,0.0,0.5,0.3814756671899529,0.4014350183012657,40.143501830126574,1217,1.0,292254,0.0,Not listed,292254.0,0.684,0.129281517581644,0.7689436964836711,0.5203553802019032,52.03553802019032,1031,31.528
Merbandha Gaon,292288,20.8,636,123,1,a,a,b,,,,,,0.0,No,Yes,No,Yes,No,No,No,No,Yes,b,a,c,b,b,c,a,c,Yes,b,Yes,Yes,c,c,c,a,c,Yes,Yes,Yes,No,No,No,5.8,0.0,0.0,0.0,0.0,0.0,0.0,10.0,0.0,10.0,1.0,0.75,0.75,0.5,0.0,0.0,0.0,0.0,1.0,1.0,0.5,0.75,0.5,0.25,0.75,1.0,1.0,0.0,0.5416666666666666,0.0327044025157232,0.1722021315406384,0.25,0.5,0.5,0.25,0.75,0.25,1.0,1.0,0.575,0.0,0.0,0.2788461538461538,0.0,0.4442307692307692,0.310560318802077,0.4130792633122416,41.30792633122417,1170,1.0,292288,0.0,Not listed,292288.0,0.617,0.129204780208769,0.7890590439582462,0.5202581982887696,52.02581982887696,1032,36.268
Basmatia Grant No.8,291624,360.0,770,155,1,1,a,a,,,,,,0.0,Yes,Yes,Yes,No,No,No,No,No,b,a,c,c,b,b,c,c,c,Yes,b,Yes,Yes,b,c,c,a,Yes,Yes,Yes,Yes,No,No,No,0.0,100.0,100.0,12.0,14.0,0.0,0.0,120.0,0.0,120.0,1.0,1.0,0.75,0.75,0.0,0.0,0.0,1.0,0.0,0.5,0.75,0.25,0.5,0.5,0.75,1.0,1.0,0.0,0.5416666666666666,0.4675324675324675,0.2396300151884908,0.25,0.5,0.5,0.25,0.25,0.25,1.0,1.0,0.475,0.2777777777777778,0.2777777777777778,0.0,0.0388888888888888,0.4361111111111111,0.3002354788069074,0.3978712662251708,39.787126622517086,1230,1.0,291624,0.0,Not listed,291624.0,0.558,0.15966696439893,0.800666607120214,0.5202094684662444,52.02094684662444,1033,20.343
Ghurania,292304,143.4,697,150,1,1,1,b,,,,,,0.0,Yes,Yes,Yes,Yes,No,No,No,No,Yes,c,b,b,b,b,c,c,c,Yes,b,Yes,Yes,c,b,c,a,b,Yes,Yes,Yes,No,No,No,0.0,15.2,11.8,0.0,0.0,0.0,0.0,98.1,0.0,98.1,1.0,1.0,1.0,0.5,0.0,0.0,0.0,1.0,1.0,1.0,0.25,0.5,0.5,0.25,0.75,1.0,1.0,0.0,0.5972222222222222,0.2057388809182209,0.23343778843546,0.5,0.5,0.5,0.25,0.25,0.25,1.0,1.0,0.525,0.105997210599721,0.0822873082287308,0.0,0.0,0.4753138075313807,0.3500850613821325,0.4351820149408471,43.51820149408471,1046,1.0,292304,0.0,Not listed,292304.0,0.683,0.171336342382925,0.760832731523415,0.5202052989255509,52.02052989255509,1034,42.17
Ramani Bharali,291747,95.0,61,10,1,a,c,c,,,,,,0.0,No,No,No,Yes,No,Yes,No,No,c,c,c,c,c,c,c,b,c,c,c,Yes,Yes,b,c,c,a,c,Yes,a,Yes,No,No,No,0.0,6.6,5.6,0.0,0.3,0.0,1.4,78.0,0.0,78.0,1.0,0.75,0.25,0.25,0.0,0.0,0.0,0.0,1.0,0.25,0.25,0.25,0.25,0.5,0.75,1.0,0.75,0.0,0.4027777777777778,1.5573770491803278,0.2082653478875016,0.25,0.25,0.25,0.25,0.5,0.25,0.25,1.0,0.35,0.0694736842105263,0.0589473684210526,0.0,0.0178947368421052,0.4912631578947368,0.3703660249524911,0.3318339864068181,33.18339864068181,1310,1.0,291747,0.0,Not listed,291747.0,0.427,0.0788173576377868,0.8561365284724427,0.5200758521037262,52.00758521037262,1035,19.722
Cherepajan Bangali,292345,60.0,255,60,a,a,a,a,,,,,,0.0,No,No,Yes,Yes,No,No,No,No,Yes,a,Yes,a,b,Yes,c,b,c,Yes,b,Yes,Yes,c,a,c,Yes,a,a,a,Yes,No,No,No,0.0,8.6,1.1,1.0,1.0,0.0,0.0,47.2,0.0,47.2,0.75,0.75,0.75,0.75,0.0,0.0,0.0,0.0,1.0,1.0,0.75,1.0,0.5,0.25,1.0,0.75,0.75,0.0,0.5555555555555556,0.2352941176470588,0.1198511467661966,0.75,0.5,1.0,0.25,0.5,0.25,1.0,1.0,0.675,0.1433333333333333,0.0183333333333333,0.0,0.0166666666666666,0.5028333333333334,0.3850784929356358,0.4483673741675652,44.83673741675652,951,1.0,292345,0.0,Not listed,292345.0,0.801,0.0821063611592702,0.743278727768146,0.5200360517391529,52.00360517391529,1036,49.184
Podumoni No.2,291858,172.6,232,51,1,a,a,a,,,,,,0.0,No,Yes,No,Yes,No,Yes,No,No,Yes,c,a,c,a,a,c,c,a,Yes,a,Yes,Yes,b,c,b,Yes,c,Yes,a,Yes,No,No,No,0.0,10.6,12.0,0.0,1.0,0.0,3.4,138.2,0.0,138.2,1.0,0.75,0.75,0.75,0.0,0.0,0.0,0.0,1.0,1.0,0.25,0.75,0.75,0.5,1.0,1.0,0.75,0.0,0.5694444444444444,0.7439655172413793,0.2461685104509881,0.25,0.75,0.75,0.25,0.25,0.75,1.0,1.0,0.65,0.0614136732329084,0.0695249130938586,0.0,0.0254924681344148,0.4918887601390498,0.3711615317309739,0.4731355450700529,47.31355450700529,754,1.0,291858,0.5,Moderate (9-12),291858.0,0.09,0.205327654600189,0.6819344690799622,0.519990145004378,51.9990145004378,1037,32.494
Sonowal Gaon,291175,50.6,502,102,1,1,a,a,,,,,,1.0,No,No,Yes,No,Yes,No,Yes,No,Yes,c,a,c,Yes,Yes,a,a,a,Yes,a,Yes,Yes,a,c,c,a,c,Yes,Yes,Yes,No,No,No,0.0,12.6,0.0,0.0,0.0,0.0,0.0,38.0,0.0,38.0,1.0,1.0,0.75,0.75,0.0,0.0,0.0,0.0,0.0,1.0,0.25,0.75,0.75,0.75,0.75,1.0,1.0,0.0,0.5416666666666666,0.1007968127490039,0.1738127273148816,0.25,1.0,1.0,0.75,0.75,0.75,1.0,1.0,0.8,0.2490118577075098,0.0,0.0,0.0,0.5,0.3814756671899529,0.4951649819333776,49.51649819333777,545,1.0,291175,0.5,Moderate (9-12),291175.0,0.225,0.174939447940877,0.6475121104118247,0.5196793760719431,51.96793760719432,1038,21.148
Erameslow No.1,291748,73.0,188,36,1,a,c,c,,,,,,0.0,No,No,Yes,Yes,No,Yes,No,No,c,c,c,c,c,c,c,c,c,Yes,c,Yes,Yes,a,c,c,a,c,Yes,a,Yes,No,No,No,0.0,7.7,5.6,0.0,1.5,0.0,2.0,52.0,0.0,52.0,1.0,0.75,0.25,0.25,0.0,0.0,0.0,0.0,1.0,0.25,0.25,0.25,0.25,0.75,0.75,1.0,0.75,0.0,0.4166666666666667,0.3882978723404255,0.1806130151895801,0.25,0.25,0.25,0.25,0.25,0.25,1.0,1.0,0.4,0.1054794520547945,0.0767123287671232,0.0,0.047945205479452,0.500958904109589,0.3826949958065417,0.3458589196253701,34.585891962537005,1304,1.0,291748,0.0,Not listed,291748.0,0.436,0.139538944986645,0.841292211002671,0.5190743875694447,51.90743875694447,1039,20.105
Longjang,292349,117.9,1123,255,2,a,a,a,,,1.0,,,1.0,Yes,No,Yes,Yes,No,No,No,No,Yes,a,Yes,a,a,a,c,Yes,c,Yes,b,Yes,Yes,c,a,c,Yes,a,Yes,Yes,Yes,No,No,No,1.3,20.1,8.9,0.0,1.3,7.5,8.3,67.7,0.0,67.7,1.0,0.75,0.75,0.75,1.0,0.0,0.0,1.0,1.0,1.0,0.75,1.0,0.5,0.25,1.0,1.0,1.0,0.0,0.7083333333333334,0.104986642920748,0.2881975440225294,0.75,0.75,0.75,0.25,1.0,0.25,1.0,1.0,0.725,0.1704834605597964,0.0754877014418999,0.0110262934690415,0.1450381679389313,0.5476675148430874,0.4420889906167988,0.5550505174623255,55.50505174623255,158,1.0,292349,0.25,Low (5-8),292349.0,0.792,0.240693972472578,0.5892612055054843,0.519067216800346,51.90672168003459,1040,49.182
Rowmari No.3,291742,49.6,104,20,1,a,,c,,,1.0,,,0.0,No,No,Yes,Yes,No,No,No,No,Yes,c,b,c,b,Yes,b,c,b,Yes,b,Yes,Yes,a,c,c,Yes,c,Yes,b,Yes,No,No,No,0.0,7.8,4.4,0.0,0.0,1.3,0.0,32.8,0.0,32.8,1.0,0.75,0.0,0.25,1.0,0.0,0.0,0.0,1.0,1.0,0.25,0.5,0.5,0.75,1.0,1.0,0.5,0.0,0.5277777777777778,0.4769230769230769,0.2398521320991754,0.25,0.5,1.0,0.5,0.25,0.5,1.0,1.0,0.6,0.157258064516129,0.0887096774193548,0.0,0.0262096774193548,0.486491935483871,0.3642990074441687,0.444767278958072,44.47672789580721,977,1.0,291742,0.25,Low (5-8),291742.0,0.356,0.285843074510848,0.7110313850978304,0.5190204381805513,51.902043818055134,1041,20.358
Tamulbari T.E.43/46 Nlr,291319,96.0,777,149,1,a,a,a,,,,,,1.0,No,Yes,Yes,Yes,No,No,No,Yes,Yes,c,b,b,b,b,b,b,b,Yes,a,Yes,Yes,c,c,c,Yes,c,Yes,Yes,Yes,No,No,No,0.0,4.7,0.0,0.0,2.0,2.4,1.5,82.3,0.0,82.3,1.0,0.75,0.75,0.75,0.0,0.0,0.0,0.0,1.0,1.0,0.25,0.5,0.75,0.25,1.0,1.0,1.0,0.0,0.5555555555555556,0.1235521235521235,0.2314938178275891,0.5,0.5,0.5,0.5,0.5,0.5,1.0,1.0,0.625,0.0489583333333333,0.0,0.0,0.0614583333333333,0.5307291666666667,0.4205504317111461,0.4683724296880154,46.83724296880154,790,1.0,291319,0.25,Low (5-8),291319.0,0.581,0.0967094959364534,0.6813581008127093,0.518499259538653,51.849925953865295,1042,14.245
Tiyoki Block (Kanowar Gaon),292328,91.8,131,26,1,a,b,b,,,,,,0.0,No,No,No,Yes,No,No,No,No,Yes,b,b,b,b,b,c,b,c,Yes,b,Yes,Yes,c,b,c,a,b,Yes,a,Yes,No,No,No,0.0,14.7,0.0,0.0,1.4,0.0,19.5,55.2,0.0,55.2,1.0,0.75,0.5,0.5,0.0,0.0,0.0,0.0,1.0,1.0,0.5,0.5,0.5,0.25,0.75,1.0,0.75,0.0,0.5,0.7007633587786259,0.1880037888504049,0.5,0.5,0.5,0.25,0.5,0.25,1.0,1.0,0.55,0.1601307189542483,0.0,0.0,0.2276688453159041,0.6138344226579521,0.5262258749653709,0.4422461222056754,44.224612220567536,1001,1.0,292328,0.0,Not listed,292328.0,0.853,0.188967315114108,0.7063065369771784,0.5184574432482782,51.84574432482783,1043,51.229
Dihing Erasuti N.C.,291666,29.6,121,20,a,a,a,c,,,,,,0.0,No,No,Yes,No,No,No,No,No,a,c,a,c,a,a,c,a,a,Yes,b,Yes,Yes,a,c,a,Yes,c,a,a,Yes,No,No,No,0.0,3.0,0.4,0.0,0.0,0.0,0.0,26.1,0.0,26.1,0.75,0.75,0.75,0.25,0.0,0.0,0.0,0.0,0.0,0.75,0.25,0.75,0.5,0.75,1.0,0.75,0.75,0.0,0.4444444444444444,0.2446280991735537,0.1200719242530256,0.25,0.75,0.75,0.25,0.75,0.75,1.0,1.0,0.675,0.1013513513513513,0.0135135135135135,0.0,0.0,0.4959459459459459,0.3763205906063049,0.4188932102956285,41.88932102956285,1134,1.0,291666,0.0,Not listed,291666.0,0.742,0.177767659268159,0.7418464681463682,0.5182046569127494,51.82046569127494,1044,36.686
Hatigadhoi,291413,271.6,590,132,1,a,b,b,,,1.0,,,0.0,Yes,Yes,Yes,No,No,No,No,No,Yes,b,b,b,a,a,a,Yes,c,Yes,b,Yes,Yes,c,b,c,a,b,Yes,Yes,Yes,No,No,No,0.0,52.0,0.0,15.5,2.0,27.0,0.0,132.0,0.0,132.0,1.0,0.75,0.5,0.5,1.0,0.0,0.0,1.0,0.0,1.0,0.5,0.5,0.5,0.25,0.75,1.0,1.0,0.0,0.5694444444444444,0.4603389830508475,0.2394598670667179,0.5,0.75,0.75,0.75,1.0,0.25,1.0,1.0,0.7,0.1914580265095729,0.0,0.0,0.1067746686303387,0.5533873343151694,0.4493622304478606,0.5020985239673628,50.209852396736274,483,1.0,291413,0.25,Low (5-8),291413.0,0.721,0.15824984525798,0.627050030948404,0.5180893137132201,51.80893137132201,1045,19.882
Dhemechi Gaon,291932,146.0,681,143,1,1,a,b,,,,,,0.0,No,Yes,Yes,Yes,No,No,No,No,Yes,c,Yes,c,b,b,c,a,Yes,Yes,b,Yes,Yes,c,b,c,a,c,Yes,Yes,Yes,No,No,No,0.0,35.5,5.0,0.0,3.8,2.8,2.6,70.7,0.0,70.7,1.0,1.0,0.75,0.5,0.0,0.0,0.0,0.0,1.0,1.0,0.25,1.0,0.5,0.25,0.75,1.0,1.0,0.0,0.5555555555555556,0.2143906020558003,0.1764995712143853,0.25,0.5,0.5,0.25,0.75,1.0,1.0,1.0,0.675,0.2431506849315068,0.0342465753424657,0.0,0.0630136986301369,0.5212328767123288,0.4084750865572784,0.4672087990039409,46.72087990039409,801,1.0,291932,0.5,Moderate (9-12),291932.0,0.067,0.179622351053566,0.6939755297892868,0.5179863677029029,51.79863677029029,1046,35.813
Dulia Gaon,291144,187.4,872,189,1,a,a,a,,,,,,1.0,Yes,Yes,Yes,Yes,No,No,No,Yes,Yes,c,a,c,Yes,Yes,a,a,a,Yes,a,Yes,Yes,c,a,c,a,c,Yes,Yes,Yes,No,No,No,0.0,85.2,0.0,15.4,0.0,0.0,0.0,81.8,0.0,81.8,1.0,0.75,0.75,0.75,0.0,0.0,0.0,1.0,1.0,1.0,0.25,0.75,0.75,0.25,0.75,1.0,1.0,0.0,0.6111111111111112,0.2149082568807339,0.233654672492392,0.25,1.0,1.0,0.75,0.75,0.75,1.0,1.0,0.8,0.4546424759871931,0.0,0.0,0.0,0.5,0.3814756671899529,0.5274865793388663,52.74865793388663,289,1.0,291144,0.5,Moderate (9-12),291144.0,0.399,0.123187255392556,0.6056625489214887,0.5179000377701864,51.79000377701865,1047,7.91
Bamunbari No.2 Darkhastor,292104,12.0,112,22,b,a,a,b,,,,,,0.0,No,Yes,Yes,No,No,No,No,No,c,b,b,c,c,c,c,b,a,Yes,a,a,Yes,a,c,b,a,c,a,a,No,No,No,No,0.0,3.6,0.0,0.0,0.0,0.0,0.0,5.1,0.0,5.1,0.5,0.75,0.75,0.5,0.0,0.0,0.0,0.0,0.0,0.25,0.5,0.5,0.75,0.75,0.75,0.75,0.75,0.0,0.4166666666666667,0.1071428571428571,0.0025342594330767,0.25,0.25,0.25,0.25,0.5,0.75,1.0,1.0,0.55,0.3,0.0,0.0,0.0,0.5,0.3814756671899529,0.3460953649629265,34.60953649629265,1303,1.0,292104,0.0,Not listed,292104.0,0.337,0.119880964232676,0.8749238071534648,0.517824437798148,51.7824437798148,1048,30.187
Garguri Choudang No.2,292149,125.4,478,98,1,a,b,b,,,,,,0.0,No,Yes,Yes,No,No,No,No,No,Yes,b,b,c,b,b,c,c,c,Yes,b,Yes,Yes,c,b,b,a,Yes,Yes,Yes,Yes,No,No,No,0.0,15.7,0.0,0.0,0.0,0.0,0.0,100.7,0.0,100.7,1.0,0.75,0.5,0.5,0.0,0.0,0.0,0.0,0.0,1.0,0.5,0.5,0.5,0.25,0.75,1.0,1.0,0.0,0.4583333333333333,0.2623430962343096,0.1776337957810255,0.25,0.5,0.5,0.25,0.25,0.25,1.0,1.0,0.5,0.1251993620414672,0.0,0.0,0.0,0.5,0.3814756671899529,0.3852869157165803,38.52869157165803,1256,1.0,292149,0.0,Not listed,292149.0,0.622,0.115050960323736,0.7903898079352528,0.5177857221978505,51.77857221978505,1049,42.627
Betanibam Habi Gaon,292368,48.0,730,134,1,a,a,b,,,,,,0.0,No,No,Yes,Yes,No,No,Yes,No,Yes,a,b,b,b,b,c,c,c,Yes,b,Yes,Yes,b,b,b,a,b,Yes,Yes,Yes,No,No,Yes,0.0,5.0,3.0,0.0,3.0,0.0,0.0,27.0,0.0,27.0,1.0,0.75,0.75,0.5,0.0,0.0,0.0,0.0,1.0,1.0,0.75,0.5,0.5,0.5,0.75,1.0,1.0,1.0,0.6111111111111112,0.0657534246575342,0.1729838429710624,0.5,0.5,0.5,0.25,0.25,0.25,1.0,1.0,0.525,0.1041666666666666,0.0625,0.0,0.0625,0.5125,0.3973704866562009,0.4329978358517836,43.29978358517836,1058,1.0,292368,0.0,Not listed,292368.0,0.667,0.128091601499154,0.7742816797001693,0.5175642056212635,51.75642056212635,1050,44.501
Bez Gaon,291850,68.8,329,66,1,c,b,b,,,,,,0.0,No,No,Yes,Yes,Yes,No,No,No,c,c,c,c,b,b,b,Yes,a,Yes,b,Yes,Yes,b,c,c,Yes,c,Yes,a,Yes,No,No,No,0.0,6.8,3.2,0.0,0.5,1.0,0.9,50.2,0.0,50.2,1.0,0.25,0.5,0.5,0.0,0.0,0.0,0.0,1.0,0.25,0.25,0.25,0.5,0.5,1.0,1.0,0.75,0.0,0.4305555555555556,0.2091185410334346,0.2335177278337174,0.25,0.5,0.5,0.5,1.0,0.75,1.0,1.0,0.625,0.0988372093023255,0.0465116279069767,0.0,0.0348837209302325,0.5034883720930232,0.3859114307619291,0.4307006069997041,43.070060699970405,1072,1.0,291850,0.5,Moderate (9-12),291850.0,0.145,0.0824777550953974,0.6900044489809205,0.517267926165087,51.726792616508696,1051,29.978
Chahari Kata No.2,291631,96.0,391,71,1,b,a,c,,,,,,0.0,No,No,No,Yes,No,No,No,No,c,c,c,c,b,c,c,c,b,Yes,b,Yes,Yes,c,c,c,a,Yes,Yes,b,No,No,No,No,0.0,38.0,0.0,0.0,0.0,0.0,0.0,34.0,0.0,34.0,1.0,0.5,0.75,0.25,0.0,0.0,0.0,0.0,1.0,0.25,0.25,0.25,0.5,0.25,0.75,1.0,0.5,0.0,0.4027777777777778,0.2455242966751918,0.1200931220914349,0.25,0.5,0.25,0.25,0.25,0.5,1.0,1.0,0.475,0.3958333333333333,0.0,0.0,0.0,0.5,0.3814756671899529,0.3495128584052938,34.95128584052938,1299,1.0,291631,0.0,Not listed,291631.0,0.489,0.0787276821194679,0.8375544635761064,0.5172664160317942,51.726641603179424,1052,15.329
Sealkati T.E. 206/253 Nlr,291461,342.2,444,95,1,b,a,b,,,1.0,,,0.0,No,Yes,No,Yes,No,No,No,No,Yes,b,b,b,b,b,b,b,b,Yes,b,Yes,Yes,b,b,c,a,Yes,b,c,Yes,No,Yes,No,0.0,16.3,0.0,0.0,0.0,0.0,0.0,259.1,0.0,259.1,1.0,0.5,0.75,0.5,1.0,0.0,0.0,0.0,1.0,1.0,0.5,0.5,0.5,0.5,0.75,0.5,0.25,0.0,0.5138888888888888,0.7707207207207207,0.1325156393487536,0.5,0.5,0.5,0.5,0.5,0.5,1.0,1.0,0.6,0.0476329631794272,0.0,0.0,0.0,0.5,0.3814756671899529,0.4178962654974012,41.78962654974012,1142,1.0,291461,0.0,Not listed,291461.0,0.692,0.127462946924599,0.7669074106150802,0.5171132241617135,51.71132241617135,1053,23.776
Balijan Bangali,291389,46.6,400,93,1,a,b,b,,,,,,0.0,No,Yes,No,Yes,No,No,No,No,Yes,b,b,b,b,b,b,c,c,Yes,b,Yes,Yes,c,b,c,Yes,b,Yes,a,Yes,No,No,No,0.0,2.9,0.0,0.0,0.0,0.0,0.0,43.7,0.0,43.7,1.0,0.75,0.5,0.5,0.0,0.0,0.0,0.0,1.0,1.0,0.5,0.5,0.5,0.25,1.0,1.0,0.75,0.0,0.5138888888888888,0.1165,0.2313270133283274,0.5,0.5,0.5,0.5,0.25,0.25,1.0,1.0,0.55,0.0622317596566523,0.0,0.0,0.0,0.5,0.3814756671899529,0.4275991089922946,42.75991089922947,1096,1.0,291389,0.0,Not listed,291389.0,0.813,0.136464469437326,0.7288071061125347,0.5165759458555887,51.65759458555888,1054,25.514
Chakalia Gaon,292281,114.6,355,73,1,a,b,b,,,,,,0.0,No,No,No,Yes,No,No,No,No,Yes,b,b,b,Yes,Yes,c,b,a,Yes,a,Yes,Yes,c,b,c,a,b,Yes,a,Yes,No,No,No,0.0,16.5,12.0,0.0,0.0,0.0,0.0,76.7,0.0,76.7,1.0,0.75,0.5,0.5,0.0,0.0,0.0,0.0,1.0,1.0,0.5,0.5,0.75,0.25,0.75,1.0,0.75,0.0,0.5138888888888888,0.3228169014084507,0.1790641880190472,0.5,1.0,1.0,0.25,0.5,0.75,1.0,1.0,0.725,0.143979057591623,0.1047120418848167,0.0,0.0,0.468586387434555,0.3415305711491202,0.4590443834568081,45.90443834568081,869,1.0,292281,0.25,Low (5-8),292281.0,0.563,0.0908753405842043,0.6879249318831592,0.5161656054303935,51.61656054303935,1055,31.476
Tipamia Dighalia,292020,51.6,172,33,a,a,b,b,,,,,,0.0,No,Yes,Yes,No,No,No,No,No,Yes,c,b,c,b,b,c,a,a,Yes,b,Yes,Yes,b,c,b,a,a,a,a,Yes,No,No,No,0.0,7.5,0.0,0.0,0.0,0.0,0.0,41.1,0.0,41.1,0.75,0.75,0.5,0.5,0.0,0.0,0.0,0.0,0.0,1.0,0.25,0.5,0.5,0.5,0.75,0.75,0.75,0.0,0.4166666666666667,0.3,0.0642387835554721,0.25,0.5,0.5,0.25,0.75,0.75,1.0,1.0,0.6,0.1453488372093023,0.0,0.0,0.0,0.5,0.3814756671899529,0.3765214959935253,37.65214959935253,1275,1.0,292020,0.0,Not listed,292020.0,0.557,0.130199413885274,0.8068601172229453,0.5160250928565391,51.60250928565391,1056,33.22
Haladhi Bari Na-Gaon,291795,96.7,295,62,1,1,b,b,,,,,,0.0,No,Yes,Yes,Yes,No,No,No,No,Yes,b,b,b,b,b,b,Yes,a,Yes,b,Yes,Yes,a,c,c,a,b,Yes,a,Yes,No,No,No,0.0,35.2,0.0,0.0,12.1,0.0,0.0,20.1,0.0,20.1,1.0,1.0,0.5,0.5,0.0,0.0,0.0,0.0,1.0,1.0,0.5,0.5,0.5,0.75,0.75,1.0,0.75,0.0,0.5416666666666666,0.3277966101694915,0.1791819735087959,0.5,0.5,0.5,0.5,1.0,0.75,1.0,1.0,0.675,0.3640124095139607,0.0,0.0,0.125129265770424,0.5625646328852121,0.4610319507645554,0.4749185501967767,47.49185501967767,733,1.0,291795,0.5,Moderate (9-12),291795.0,0.172,0.155805798718714,0.6672388402562572,0.5158458220943851,51.58458220943851,1057,28.088
Dihing Kinar Bangali Block,292322,132.2,1187,200,1,b,b,b,,,,,,1.0,Yes,No,Yes,Yes,Yes,Yes,No,No,Yes,b,b,b,Yes,b,c,b,c,Yes,c,Yes,Yes,c,b,c,b,b,Yes,Yes,Yes,No,No,No,0.0,40.2,2.0,0.3,0.0,0.3,0.0,88.4,0.0,88.4,1.0,0.5,0.5,0.5,0.0,0.0,0.0,1.0,1.0,1.0,0.5,0.5,0.25,0.25,0.5,1.0,1.0,0.0,0.5277777777777778,0.1113732097725358,0.231205748907704,0.5,1.0,0.5,0.25,0.5,0.25,1.0,1.0,0.575,0.3040847201210288,0.0151285930408472,0.0,0.002269288956127,0.4965960665658094,0.3771472745970261,0.4376753365907757,43.76753365907757,1028,1.0,292322,0.0,Not listed,292322.0,0.827,0.187115731428804,0.7144768537142392,0.5151642699021756,51.51642699021755,1058,48.956
Manmow Block (Ratanpur),292323,81.4,131,22,1,b,b,b,,,,,,0.0,No,No,Yes,Yes,Yes,No,No,No,Yes,b,b,b,b,b,c,a,c,Yes,b,Yes,Yes,c,b,c,a,a,Yes,a,Yes,No,No,No,0.0,7.5,0.0,1.2,0.0,0.0,8.7,62.0,0.0,62.0,1.0,0.5,0.5,0.5,0.0,0.0,0.0,0.0,1.0,1.0,0.5,0.5,0.5,0.25,0.75,1.0,0.75,0.0,0.4861111111111111,0.6213740458015268,0.1861259864409597,0.5,0.5,0.5,0.25,0.75,0.25,1.0,1.0,0.575,0.0921375921375921,0.0,0.0,0.1068796068796068,0.5534398034398034,0.4494289494289494,0.4304450642738076,43.04450642738076,1074,1.0,292323,0.0,Not listed,292323.0,0.847,0.156489114399095,0.714602177120181,0.5147867098726547,51.478670987265474,1059,48.563
Nunpuria,291316,286.0,567,118,1,b,b,b,,,,,,1.0,Yes,Yes,Yes,Yes,No,No,No,No,Yes,c,b,b,a,a,b,b,b,Yes,a,Yes,Yes,c,c,c,Yes,c,Yes,Yes,Yes,No,No,No,0.0,48.0,0.0,0.0,3.0,50.0,2.0,153.0,0.0,153.0,1.0,0.5,0.5,0.5,0.0,0.0,0.0,1.0,1.0,1.0,0.25,0.5,0.75,0.25,1.0,1.0,1.0,0.0,0.5694444444444444,0.5044091710758377,0.29764512024696,0.5,0.75,0.75,0.5,0.5,0.5,1.0,1.0,0.675,0.1678321678321678,0.0,0.0,0.1923076923076923,0.5961538461538461,0.5037435092380148,0.5200210930204541,52.002109302045405,345,1.0,291316,0.5,Moderate (9-12),291316.0,0.531,0.0837429963809036,0.5739514007238193,0.5145533667369699,51.45533667369699,1060,12.398
Romai Bongali,291334,185.6,788,167,1,a,a,a,,,1.0,,,1.0,Yes,Yes,Yes,No,No,No,No,Yes,Yes,c,Yes,b,Yes,Yes,b,b,b,Yes,b,Yes,Yes,c,c,Yes,Yes,c,Yes,Yes,Yes,No,No,No,0.0,86.0,0.0,0.0,8.0,0.0,0.0,71.5,0.0,71.5,1.0,0.75,0.75,0.75,1.0,0.0,0.0,1.0,0.0,1.0,0.25,1.0,0.5,0.25,1.0,1.0,1.0,0.0,0.625,0.2355329949238578,0.2912853683800274,0.5,1.0,1.0,0.5,0.5,0.5,1.0,1.0,0.75,0.4633620689655172,0.0,0.0,0.043103448275862,0.521551724137931,0.4088805283386564,0.5358474477627382,53.584744776273816,248,1.0,291334,0.5,Moderate (9-12),291334.0,0.527,0.084939355973439,0.5749121288053122,0.5141182728679302,51.41182728679302,1061,17.328
Jaliabosti,291527,179.3,1430,288,1,2,a,b,,,,,,1.0,No,Yes,Yes,No,No,No,No,No,Yes,b,a,b,Yes,a,c,c,a,Yes,b,Yes,Yes,a,b,a,a,c,Yes,Yes,Yes,No,No,No,0.0,30.3,0.0,0.0,0.0,0.0,0.0,42.8,0.0,42.8,1.0,1.0,0.75,0.5,0.0,0.0,0.0,0.0,0.0,1.0,0.5,0.75,0.5,0.75,0.75,1.0,1.0,0.0,0.5277777777777778,0.1253846153846154,0.1743943047753823,0.5,1.0,0.75,0.25,0.25,0.75,1.0,1.0,0.675,0.1689905186837702,0.0,0.0,0.0,0.5,0.3814756671899529,0.4543381540762806,45.43381540762807,906,1.0,291527,0.0,Not listed,291527.0,0.923,0.142039251418295,0.694692149716341,0.5136967861588748,51.36967861588748,1062,48.093
Chetia Pather No.1,291669,35.3,138,29,a,b,b,c,,,,,,0.0,No,No,Yes,No,No,No,No,No,Yes,c,Yes,c,c,c,c,Yes,Yes,Yes,b,Yes,Yes,a,c,a,Yes,c,a,a,Yes,No,No,No,0.0,8.0,0.0,0.0,0.0,0.0,0.0,26.8,0.0,26.8,0.75,0.5,0.5,0.25,0.0,0.0,0.0,0.0,0.0,1.0,0.25,1.0,0.5,0.75,1.0,0.75,0.75,0.0,0.4444444444444444,0.2557971014492753,0.1203361056471951,0.25,0.25,0.25,0.25,1.0,1.0,1.0,1.0,0.65,0.226628895184136,0.0,0.0,0.0,0.5,0.3814756671899529,0.4124902709609005,41.24902709609005,1175,1.0,291669,0.0,Very Low (1-4),291669.0,0.748,0.173270844719576,0.7409458310560848,0.5136837089127256,51.36837089127256,1063,36.649
Lachan Gayan Miri Gaon,291749,34.0,322,51,1,a,c,c,,,,,,0.0,No,No,Yes,Yes,No,No,No,No,c,c,c,c,c,c,c,c,c,Yes,c,Yes,Yes,c,c,c,a,c,Yes,a,Yes,No,No,No,0.0,2.4,1.9,0.0,0.3,0.0,0.9,26.8,0.0,26.8,1.0,0.75,0.25,0.25,0.0,0.0,0.0,0.0,1.0,0.25,0.25,0.25,0.25,0.25,0.75,1.0,0.75,0.0,0.3888888888888889,0.1055900621118012,0.1739261024640674,0.25,0.25,0.25,0.25,0.25,0.25,1.0,1.0,0.4,0.0705882352941176,0.0558823529411764,0.0,0.0352941176470588,0.5008823529411764,0.3825976544463939,0.3372232787275179,33.72232787275179,1307,1.0,291749,0.0,Not listed,291749.0,0.461,0.148658645647448,0.8319682708705104,0.5136584821311801,51.365848213118014,1064,18.597
Mahmora Block No.2,292220,0.9,27,6,1,b,b,b,,,,,,0.0,No,No,Yes,No,No,No,No,No,Yes,b,Yes,c,c,b,c,b,Yes,b,a,Yes,c,c,b,c,a,c,Yes,a,Yes,No,No,No,0.0,0.0,0.1,0.8,0.0,0.0,0.0,0.0,0.0,0.0,1.0,0.5,0.5,0.5,0.0,0.0,0.0,0.0,0.0,1.0,0.5,1.0,0.75,0.25,0.75,1.0,0.75,0.0,0.4722222222222222,0.0333333333333333,0.1722170076966397,0.25,0.25,0.5,0.25,0.5,1.0,0.5,0.25,0.525,0.0,0.1111111111111111,0.0,0.0,0.4666666666666667,0.3390894819466248,0.3864277038690404,38.64277038690405,1255,1.0,292220,0.0,Not listed,292220.0,0.516,0.294119170326001,0.7863761659347999,0.5134681405900736,51.346814059007365,1065,45.461
Balijan No.2,292377,110.8,972,195,1,1,a,a,,,,,,1.0,Yes,Yes,Yes,No,No,No,No,No,Yes,a,a,a,Yes,Yes,c,a,c,Yes,b,Yes,Yes,b,a,b,a,a,Yes,Yes,Yes,No,No,No,2.7,7.1,3.6,0.0,0.0,2.4,2.0,53.5,0.0,53.5,1.0,1.0,0.75,0.75,0.0,0.0,0.0,1.0,0.0,1.0,0.75,0.75,0.5,0.5,0.75,1.0,1.0,0.0,0.5972222222222222,0.1139917695473251,0.2312676859326005,0.75,1.0,1.0,0.25,0.75,0.25,1.0,1.0,0.725,0.0640794223826714,0.0324909747292418,0.0243682310469314,0.03971119133574,0.5052346570397112,0.3881319814790676,0.5022488733345192,50.22488733345192,481,1.0,292377,0.25,Low (5-8),292377.0,0.738,0.113104849534126,0.6309790300931748,0.5134283307422802,51.342833074228025,1066,46.342
Rangajan No.1,291565,166.0,266,58,a,a,b,b,,,,,,0.0,No,No,Yes,No,Yes,No,No,No,Yes,b,Yes,b,b,Yes,Yes,c,Yes,Yes,b,Yes,Yes,b,b,b,a,c,c,b,Yes,Yes,No,No,0.0,40.0,0.0,5.0,0.0,0.0,0.0,66.0,0.0,66.0,0.75,0.75,0.5,0.5,0.0,0.0,0.0,0.0,0.0,1.0,0.5,1.0,0.5,0.5,0.75,0.25,0.5,0.0,0.4166666666666667,0.6240601503759399,0.0719038068232341,0.5,0.5,1.0,1.0,0.25,1.0,1.0,1.0,0.775,0.2409638554216867,0.0,0.0,0.0,0.5,0.3814756671899529,0.4309377518104658,43.09377518104658,1071,1.0,291565,0.0,Very Low (1-4),291565.0,0.893,0.12029705695118,0.708040588609764,0.513413537228207,51.34135372282071,1067,48.648
Mahmora Alikiner,292217,354.0,1152,229,1,2,b,b,,,,,,1.0,Yes,Yes,Yes,Yes,Yes,Yes,No,No,Yes,b,Yes,c,c,b,c,b,Yes,Yes,a,Yes,Yes,a,b,b,a,Yes,Yes,Yes,Yes,No,No,No,0.0,0.0,26.8,56.3,0.0,0.0,0.0,271.0,0.0,271.0,1.0,1.0,0.5,0.5,0.0,0.0,0.0,1.0,1.0,1.0,0.5,1.0,0.75,0.75,0.75,1.0,1.0,0.0,0.6527777777777778,0.3072916666666667,0.2358398254176835,0.25,0.25,0.5,0.25,0.5,1.0,1.0,1.0,0.65,0.0,0.0757062146892655,0.0,0.0,0.4772881355932203,0.3525955884309396,0.4876735184850532,48.76735184850533,615,1.0,292217,0.25,Low (5-8),292217.0,0.534,0.181372202594127,0.6785255594811745,0.5132595184115316,51.32595184115316,1068,44.854
Boragadhoi Gaon,291403,237.9,1389,282,4,2,1,c,,,1.0,,,1.0,No,Yes,Yes,Yes,No,No,No,No,Yes,c,c,c,c,Yes,c,Yes,c,Yes,b,Yes,Yes,c,a,c,Yes,c,Yes,Yes,Yes,No,No,No,0.0,10.5,0.0,20.6,0.0,0.0,0.0,155.7,0.0,155.7,1.0,1.0,1.0,0.25,1.0,0.0,0.0,0.0,1.0,1.0,0.25,0.25,0.5,0.25,1.0,1.0,1.0,0.0,0.5833333333333334,0.1712742980561555,0.2326225946226911,0.25,0.25,1.0,0.25,1.0,0.25,1.0,1.0,0.575,0.0441361916771752,0.0,0.0,0.0,0.5,0.3814756671899529,0.4527841154269967,45.27841154269967,923,1.0,291403,0.0,Not listed,291403.0,0.882,0.142198234484158,0.7069603531031684,0.5131611399754331,51.31611399754331,1069,30.975
Kerekoni No.1 (Kekuri No.1),291548,88.0,253,54,1,a,c,b,,,,,,0.0,No,Yes,Yes,Yes,No,No,No,No,Yes,c,Yes,c,b,Yes,c,c,Yes,Yes,b,Yes,Yes,a,a,b,a,c,Yes,b,Yes,Yes,No,No,0.0,28.0,0.0,2.0,0.0,0.0,0.0,48.0,0.0,48.0,1.0,0.75,0.25,0.5,0.0,0.0,0.0,0.0,1.0,1.0,0.25,1.0,0.5,0.75,0.75,1.0,0.5,0.0,0.5138888888888888,0.3478260869565217,0.1796557324866757,0.25,0.5,1.0,0.25,0.25,1.0,1.0,1.0,0.675,0.3181818181818182,0.0,0.0,0.0,0.5,0.3814756671899529,0.4521812887818817,45.218128878188175,929,1.0,291548,0.0,Not listed,291548.0,0.92,0.174138492373244,0.6891723015253512,0.5128042038103023,51.28042038103023,1070,52.934
Bormeslow Gaon,291813,73.0,90,19,a,a,b,c,,,,,,0.0,No,No,No,Yes,No,No,No,No,c,c,a,c,a,a,c,c,c,c,b,Yes,Yes,c,c,c,a,c,a,a,Yes,No,No,No,0.0,7.0,2.2,0.0,0.0,0.0,0.0,62.6,0.0,62.6,0.75,0.75,0.5,0.25,0.0,0.0,0.0,0.0,1.0,0.25,0.25,0.75,0.5,0.25,0.75,0.75,0.75,0.0,0.4166666666666667,0.8111111111111111,0.0763281396658532,0.25,0.75,0.75,0.25,0.25,0.25,0.25,1.0,0.5,0.0958904109589041,0.0301369863013698,0.0,0.0,0.490958904109589,0.3699791402335434,0.3472445296298386,34.72445296298387,1301,1.0,291813,0.0,Not listed,291813.0,0.453,0.09428202240124,0.845243595519752,0.5126763441593957,51.26763441593957,1071,21.755
Naharani Block No.2,292274,40.0,312,66,1,c,a,a,,,,,,0.0,No,Yes,Yes,Yes,Yes,Yes,Yes,No,Yes,c,b,c,c,c,c,c,a,Yes,b,Yes,Yes,b,c,b,a,b,Yes,a,Yes,No,No,No,0.0,20.0,0.0,0.0,0.0,0.0,0.0,15.0,0.0,15.0,1.0,0.25,0.75,0.75,0.0,0.0,0.0,0.0,1.0,1.0,0.25,0.5,0.5,0.5,0.75,1.0,0.75,0.0,0.5,0.1282051282051282,0.1744610186134496,0.25,0.25,0.25,0.25,0.25,0.75,1.0,1.0,0.5,0.5,0.0,0.0,0.0,0.5,0.3814756671899529,0.394910388091353,39.4910388091353,1238,1.0,292274,0.0,Not listed,292274.0,0.614,0.182984135619506,0.7792031728760989,0.512517873882295,51.251787388229495,1072,36.749
Nagamati Kheremia Gaon,292410,187.3,1686,340,1,2,1,1,,,,,,1.0,Yes,Yes,Yes,Yes,No,Yes,No,No,Yes,Yes,Yes,Yes,Yes,Yes,b,a,Yes,Yes,Yes,Yes,Yes,c,a,c,a,Yes,Yes,Yes,Yes,Yes,No,No,0.0,77.3,0.0,5.5,0.0,0.0,0.0,93.8,0.0,93.8,1.0,1.0,1.0,1.0,0.0,0.0,0.0,1.0,1.0,1.0,1.0,1.0,1.0,0.25,0.75,1.0,1.0,0.0,0.7222222222222222,0.111091340450771,0.2883419389706771,1.0,1.0,1.0,0.5,0.75,1.0,1.0,1.0,0.925,0.4127068873465029,0.0,0.0,0.0,0.5,0.3814756671899529,0.6064361737362156,60.64361737362156,35,1.0,292410,0.5,Moderate (9-12),292410.0,0.75,0.147617323935561,0.4954765352128878,0.5124974489063174,51.24974489063175,1073,54.737
Muluk Gaon,291393,173.4,113,18,1,a,a,c,,,1.0,,,0.0,Yes,No,Yes,Yes,No,No,No,No,Yes,c,c,c,b,Yes,c,Yes,c,Yes,b,Yes,Yes,c,a,c,a,c,Yes,b,Yes,No,No,No,0.0,13.4,0.0,4.6,0.0,73.0,0.0,78.5,0.0,78.5,1.0,0.75,0.75,0.25,1.0,0.0,0.0,1.0,1.0,1.0,0.25,0.25,0.5,0.25,0.75,1.0,0.5,0.0,0.5694444444444444,1.5345132743362833,0.264867406150999,0.25,0.5,1.0,0.25,1.0,0.25,1.0,1.0,0.6,0.077277970011534,0.0,0.0,0.4209919261822376,0.7104959630911187,0.6491392937265404,0.5184058213941689,51.84058213941689,354,1.0,291393,0.25,Low (5-8),291393.0,0.906,0.16025561957479,0.5711488760850421,0.5120472960307476,51.20472960307476,1074,32.471
Charkhalia Chapori,291358,2003.5,602,85,1,c,c,c,,,,,,0.0,No,Yes,Yes,No,Yes,No,No,No,c,c,c,c,c,c,c,c,c,Yes,c,Yes,Yes,a,c,c,Yes,Yes,Yes,Yes,No,No,No,No,16.1,0.0,0.0,267.7,0.0,0.0,0.0,1719.7,0.0,1719.7,1.0,0.25,0.25,0.25,0.0,0.0,0.0,0.0,0.0,0.25,0.25,0.25,0.25,0.75,1.0,1.0,1.0,0.0,0.3611111111111111,3.3280730897009967,0.2501477772296462,0.25,0.25,0.25,0.25,0.25,0.25,1.0,1.0,0.4,0.0,0.0,0.0080359371100574,0.0,0.4983928125779885,0.3794319908762492,0.3487011202604391,34.87011202604391,1300,0.382692308714375,291358,0.0,Not listed,291358.0,0.703,0.0467094814476868,0.7797581037104626,0.5113549844230341,51.13549844230341,1075,16.409
Mahmari Pather,291081,167.9,1354,265,3,2,a,a,,,,,,1.0,No,Yes,Yes,No,No,No,No,No,Yes,b,Yes,b,a,a,a,a,a,Yes,b,Yes,Yes,b,a,b,a,b,Yes,Yes,Yes,No,No,No,0.0,21.0,0.0,0.0,7.7,0.0,0.0,135.8,0.0,135.8,1.0,1.0,0.75,0.75,0.0,0.0,0.0,0.0,0.0,1.0,0.5,1.0,0.5,0.5,0.75,1.0,1.0,0.0,0.5416666666666666,0.1240029542097489,0.1743616242219689,0.5,0.75,0.75,0.75,0.75,0.75,1.0,1.0,0.775,0.1250744490768314,0.0,0.0,0.0458606313281715,0.5229303156640858,0.4106335254127307,0.493633777804705,49.3633777804705,559,1.0,291081,0.5,Moderate (9-12),291081.0,0.348,0.0908326808911768,0.6274334638217647,0.5111588203961078,51.11588203961078,1076,9.833
Na-Gaon,291347,239.9,989,207,1,a,a,b,,,,,,1.0,No,Yes,Yes,Yes,No,No,No,Yes,Yes,c,a,c,Yes,Yes,c,c,c,Yes,a,Yes,Yes,c,c,c,a,c,Yes,Yes,Yes,No,No,No,0.0,116.1,0.0,14.4,5.1,0.0,0.0,98.2,0.0,98.2,1.0,0.75,0.75,0.5,0.0,0.0,0.0,0.0,1.0,1.0,0.25,0.75,0.75,0.25,0.75,1.0,1.0,0.0,0.5416666666666666,0.2425682507583417,0.1771660596199645,0.25,1.0,1.0,0.25,0.25,0.25,1.0,1.0,0.65,0.483951646519383,0.0,0.0,0.0212588578574405,0.5106294289287203,0.3949918954980588,0.4537065606712696,45.37065606712696,912,1.0,291347,0.25,Low (5-8),291347.0,0.504,0.151795136103436,0.6934409727793128,0.5109166883414251,51.09166883414251,1077,15.822
Timona Gaon,291315,225.1,814,187,1,1,1,b,,,,,,1.0,No,Yes,Yes,Yes,No,No,No,No,Yes,c,a,a,Yes,a,a,a,a,Yes,b,Yes,Yes,c,c,c,Yes,c,Yes,Yes,Yes,No,No,No,0.0,23.0,0.0,0.0,2.0,5.0,3.0,171.1,0.0,171.1,1.0,1.0,1.0,0.5,0.0,0.0,0.0,0.0,1.0,1.0,0.25,0.75,0.5,0.25,1.0,1.0,1.0,0.0,0.5694444444444444,0.2765356265356265,0.2351123500926391,0.75,1.0,0.75,0.75,0.75,0.75,1.0,1.0,0.8,0.1021768103065304,0.0,0.0,0.0444247001332741,0.5222123500666371,0.4097205707283769,0.5230833127799462,52.30833127799463,318,1.0,291315,0.5,Moderate (9-12),291315.0,0.511,0.104258647691959,0.5758482704616081,0.5105754813170597,51.05754813170597,1078,10.793
Silputa No.2,291789,115.9,191,44,1,a,a,b,,,,,,0.0,No,No,Yes,Yes,No,No,No,No,c,c,c,c,b,b,b,Yes,b,Yes,b,Yes,Yes,b,c,c,Yes,c,Yes,b,Yes,No,No,No,0.0,7.8,0.5,0.0,1.0,0.5,0.5,99.1,0.0,99.1,1.0,0.75,0.75,0.5,0.0,0.0,0.0,0.0,1.0,0.25,0.25,0.25,0.5,0.5,1.0,1.0,0.5,0.0,0.4583333333333333,0.6068062827225131,0.2429242710011332,0.25,0.5,0.5,0.5,1.0,0.5,1.0,1.0,0.6,0.0672993960310612,0.0043140638481449,0.0,0.0172562553925798,0.5073339085418465,0.3908013593703228,0.4334746729576811,43.34746729576812,1057,1.0,291789,0.5,Moderate (9-12),291789.0,0.134,0.176325109315523,0.6745349781368954,0.5091652629105899,50.91652629105899,1079,29.714
Mohmari Gaon No.1,291673,426.0,1498,297,5,2,1,1,,,,,,1.0,Yes,Yes,Yes,Yes,No,Yes,No,No,Yes,c,a,c,Yes,Yes,c,c,a,Yes,b,Yes,Yes,b,c,b,Yes,Yes,Yes,Yes,Yes,No,No,No,0.0,112.0,28.0,86.0,0.0,0.0,0.0,176.0,0.0,176.0,1.0,1.0,1.0,1.0,0.0,0.0,0.0,1.0,1.0,1.0,0.25,0.75,0.5,0.5,1.0,1.0,1.0,0.0,0.6666666666666666,0.2843791722296395,0.2924407313123587,0.25,1.0,1.0,0.25,0.25,0.75,1.0,1.0,0.675,0.2629107981220657,0.0657276995305164,0.0,0.0,0.480281690140845,0.3564021491586884,0.513557279326494,51.3557279326494,391,1.0,291673,0.25,Low (5-8),291673.0,0.748,0.158788400250607,0.6188423199498786,0.5091074331818444,50.91074331818444,1080,39.845
Cherepajan Pather Gaon,292347,12.9,390,82,1,a,a,a,,,,,,0.0,No,Yes,Yes,No,Yes,No,No,No,Yes,a,Yes,a,a,a,c,Yes,c,Yes,b,Yes,Yes,c,a,c,a,a,a,a,Yes,No,Yes,No,0.1,2.1,4.6,0.6,1.3,0.0,0.1,4.0,0.0,4.0,1.0,0.75,0.75,0.75,0.0,0.0,0.0,0.0,0.0,1.0,0.75,1.0,0.5,0.25,0.75,0.75,0.75,0.0,0.5,0.033076923076923,0.1150680856594128,0.75,0.75,0.75,0.25,1.0,0.25,1.0,1.0,0.725,0.1627906976744186,0.3565891472868217,0.0077519379844961,0.1085271317829457,0.4457364341085271,0.3124749005147677,0.4337620015178067,43.37620015178067,1055,1.0,292347,0.0,Not listed,292347.0,0.794,0.205852170140522,0.7206295659718955,0.5088900828808266,50.88900828808266,1081,48.279
Dihing Kinar Bangali,292321,120.2,570,117,1,a,a,a,,,,,,0.0,No,No,Yes,Yes,Yes,Yes,No,No,Yes,a,a,a,a,a,c,c,c,Yes,a,Yes,Yes,c,a,c,a,a,a,Yes,Yes,No,No,No,0.0,20.8,2.0,1.0,2.0,1.0,8.0,83.2,0.0,83.2,1.0,0.75,0.75,0.75,0.0,0.0,0.0,0.0,1.0,1.0,0.75,0.75,0.75,0.25,0.75,0.75,1.0,0.0,0.5694444444444444,0.2108771929824561,0.1192736110973886,0.75,0.75,0.75,0.25,0.25,0.25,1.0,1.0,0.65,0.173044925124792,0.016638935108153,0.0,0.0915141430948419,0.540765391014975,0.4333123496422759,0.4538419838139135,45.38419838139135,911,1.0,292321,0.0,Not listed,292321.0,0.804,0.243552706693808,0.7100894586612384,0.5088510386851839,50.88510386851839,1082,48.463
Lejoni Gaon,291610,85.0,256,53,1,1,b,b,,,,,,0.0,No,No,Yes,No,No,No,No,No,Yes,c,c,c,b,b,c,c,b,Yes,b,Yes,Yes,c,c,c,a,Yes,Yes,b,Yes,No,No,No,0.0,19.0,0.0,5.0,0.0,0.0,0.0,31.0,0.0,31.0,1.0,1.0,0.5,0.5,0.0,0.0,0.0,0.0,0.0,1.0,0.25,0.25,0.5,0.25,0.75,1.0,0.5,0.0,0.4166666666666667,0.33203125,0.1792821358175333,0.25,0.5,0.5,0.25,0.25,0.5,1.0,1.0,0.5,0.2235294117647059,0.0,0.0,0.0,0.5,0.3814756671899529,0.3752823340590406,37.52823340590406,1276,1.0,291610,0.0,Not listed,291610.0,0.635,0.222439985498681,0.7650120029002638,0.5080466851929818,50.80466851929818,1083,27.018
Na-Gaon,291400,267.0,349,70,1,a,a,b,,,,,,0.0,No,No,Yes,No,Yes,No,No,No,Yes,c,a,a,Yes,Yes,a,a,a,Yes,b,Yes,Yes,c,b,c,Yes,Yes,Yes,c,Yes,No,No,No,0.0,225.0,0.0,0.0,0.0,0.0,0.0,19.0,0.0,19.0,1.0,0.75,0.75,0.5,0.0,0.0,0.0,0.0,0.0,1.0,0.25,0.75,0.5,0.25,1.0,1.0,0.25,0.0,0.4444444444444444,0.7650429799426934,0.2466670575319653,0.75,1.0,1.0,0.75,0.75,0.75,1.0,1.0,0.825,0.8426966292134831,0.0,0.0,0.0,0.5,0.3814756671899529,0.496573008932093,49.6573008932093,528,1.0,291400,0.25,Low (5-8),291400.0,0.924,0.190484480002174,0.5597031039995652,0.5077693560613104,50.77693560613103,1084,34.073
Sologuri No.2,291918,210.0,218,45,1,a,b,b,,,,,,0.0,No,Yes,Yes,Yes,No,No,No,No,c,c,a,a,b,a,c,c,c,Yes,b,Yes,Yes,b,c,c,a,c,Yes,a,Yes,No,No,No,0.0,20.0,18.2,0.0,0.3,0.0,4.2,165.2,0.0,165.2,1.0,0.75,0.5,0.5,0.0,0.0,0.0,0.0,1.0,0.25,0.25,0.75,0.5,0.5,0.75,1.0,0.75,0.0,0.4722222222222222,0.963302752293578,0.1942136562397204,0.75,0.5,0.75,0.25,0.25,0.25,1.0,1.0,0.6,0.0952380952380952,0.0866666666666666,0.0,0.0214285714285714,0.4847142857142857,0.3620385736712267,0.419016684349731,41.9016684349731,1133,1.0,291918,0.5,Moderate (9-12),291918.0,0.098,0.0494530181698283,0.7107093963660344,0.5071429586570279,50.71429586570279,1085,34.646
Lengeri No.3,291825,57.9,156,32,1,a,,b,,,,,,0.0,Yes,No,Yes,Yes,No,No,No,No,Yes,b,Yes,b,b,b,b,b,Yes,Yes,b,Yes,Yes,c,b,c,a,Yes,Yes,a,Yes,No,No,No,0.0,3.9,2.8,0.0,4.5,3.0,1.4,31.8,0.0,31.8,1.0,0.75,0.0,0.5,0.0,0.0,0.0,1.0,1.0,1.0,0.5,1.0,0.5,0.25,0.75,1.0,0.75,0.0,0.5555555555555556,0.3711538461538461,0.2373503631716509,0.5,0.5,0.5,0.5,0.5,1.0,1.0,1.0,0.7,0.0673575129533678,0.0483592400690846,0.0,0.153713298791019,0.5623488773747841,0.4607575991735874,0.5003779995165191,50.03779995165191,502,1.0,291825,0.5,Moderate (9-12),291825.0,0.417,0.148356216029635,0.595228756794073,0.5065427333865801,50.65427333865801,1086,24.953
Rongmala Gaon,291478,362.8,663,124,1,b,b,c,,,,,,0.0,No,No,Yes,Yes,No,No,No,No,b,c,c,c,c,b,c,c,c,Yes,b,Yes,Yes,a,c,a,a,c,Yes,Yes,No,No,No,No,0.0,6.8,0.0,12.5,0.0,133.0,0.0,210.5,0.0,210.5,1.0,0.5,0.5,0.25,0.0,0.0,0.0,0.0,1.0,0.5,0.25,0.25,0.5,0.75,0.75,1.0,1.0,0.0,0.4583333333333333,0.5472096530920061,0.1272289123877591,0.25,0.25,0.5,0.25,0.25,0.25,1.0,1.0,0.45,0.0187431091510474,0.0,0.0,0.366593164277839,0.6832965821389194,0.6145529537402272,0.4043011521783185,40.430115217831855,1207,1.0,291478,0.0,Not listed,291478.0,0.811,0.128700938268387,0.7309598123463226,0.5063740960965029,50.63740960965029,1087,28.078
Amulguri Chah Bagan,291497,25.0,276,52,1,b,b,b,,,,,,0.0,Yes,No,Yes,No,No,No,No,No,b,b,Yes,c,b,b,c,b,Yes,Yes,b,Yes,Yes,b,c,b,Yes,c,Yes,c,Yes,No,No,No,0.0,10.0,0.0,2.0,0.0,0.0,0.0,11.0,0.0,11.0,1.0,0.5,0.5,0.5,0.0,0.0,0.0,1.0,0.0,0.5,0.5,1.0,0.5,0.5,1.0,1.0,0.25,0.0,0.4861111111111111,0.0905797101449275,0.2878567755731671,0.25,0.5,0.5,0.25,0.5,1.0,1.0,1.0,0.65,0.4,0.0,0.0,0.0,0.5,0.3814756671899529,0.4647871051090601,46.47871051090601,817,1.0,291497,0.25,Low (5-8),291497.0,0.769,0.131957712107877,0.6179084575784246,0.5063489270031546,50.63489270031546,1088,34.405
Nagakhalia Gaon,291086,0.0,423,89,1,a,a,a,,,1.0,,,1.0,No,No,Yes,Yes,No,No,No,No,Yes,a,a,a,a,a,a,a,a,Yes,b,Yes,Yes,a,a,a,Yes,a,Yes,a,Yes,No,No,No,0.0,0.0,0.0,0.0,0.0,0.0,0.0,0.0,0.0,0.0,1.0,0.75,0.75,0.75,1.0,0.0,0.0,0.0,1.0,1.0,0.75,0.75,0.5,0.75,1.0,1.0,0.75,0.0,0.6527777777777778,0.0,0.2285714285714285,0.75,0.75,0.75,0.75,0.75,0.75,1.0,1.0,0.775,,,,0.0,,0.0,0.4528373015873015,45.28373015873016,921,0.609897611567388,291086,0.25,Low (5-8),291086.0,0.43,0.0582938177158569,0.7343412364568287,0.5058793517255886,50.58793517255887,1089,4.252
Niz Moderkhat,291320,219.0,578,120,2,a,a,a,,,,,,1.0,Yes,Yes,Yes,No,No,No,No,Yes,Yes,c,a,b,Yes,Yes,b,b,b,Yes,a,Yes,Yes,c,c,c,Yes,c,Yes,Yes,Yes,No,No,No,0.0,99.8,0.0,0.0,7.2,0.0,5.8,90.0,0.0,90.0,1.0,0.75,0.75,0.75,0.0,0.0,0.0,1.0,0.0,1.0,0.25,0.75,0.75,0.25,1.0,1.0,1.0,0.0,0.5694444444444444,0.3788927335640138,0.2946762688997683,0.5,1.0,1.0,0.5,0.5,0.5,1.0,1.0,0.75,0.4557077625570776,0.0,0.0,0.0593607305936073,0.5296803652968036,0.4192167910367519,0.5248735365434036,52.48735365434036,301,1.0,291320,0.5,Moderate (9-12),291320.0,0.599,0.111734452258081,0.5479531095483838,0.5057328296998084,50.57328296998084,1090,15.772
Kolowlowa Gaon,291735,143.0,707,136,1,1,a,c,,,1.0,,,0.0,No,No,Yes,Yes,No,No,No,No,Yes,c,a,c,Yes,Yes,a,c,a,Yes,b,Yes,Yes,b,c,b,Yes,c,Yes,Yes,Yes,No,No,No,0.0,11.2,9.8,0.0,1.0,3.3,0.0,105.1,0.0,105.1,1.0,1.0,0.75,0.25,1.0,0.0,0.0,0.0,1.0,1.0,0.25,0.75,0.5,0.5,1.0,1.0,1.0,0.0,0.6111111111111112,0.2022630834512022,0.2333555750919563,0.25,1.0,1.0,0.75,0.25,0.75,1.0,1.0,0.725,0.0783216783216783,0.0685314685314685,0.0,0.03006993006993,0.4944755244755245,0.3744508239013734,0.5035068363310415,50.35068363310416,471,1.0,291735,0.5,Moderate (9-12),291735.0,0.357,0.140529766659567,0.6147940466680866,0.5054241360254297,50.542413602542965,1091,19.053
Kamar Gaon,291088,242.2,3437,747,3,3,a,a,,,1.0,,,1.0,Yes,Yes,Yes,Yes,No,No,No,Yes,Yes,a,Yes,a,Yes,Yes,a,a,a,Yes,Yes,Yes,Yes,a,a,a,a,a,Yes,Yes,Yes,No,No,No,0.0,130.0,0.0,0.0,20.1,5.1,0.0,63.0,0.0,63.0,1.0,1.0,0.75,0.75,1.0,0.0,0.0,1.0,1.0,1.0,0.75,1.0,1.0,0.75,0.75,1.0,1.0,0.0,0.7638888888888888,0.070468431771894,0.2873810817351716,0.75,1.0,1.0,0.75,0.75,0.75,1.0,1.0,0.9,0.5367464905037159,0.0,0.0,0.1040462427745664,0.5520231213872833,0.4476275169916789,0.622342996054351,62.2342996054351,20,1.0,291088,0.75,High (13-15),291088.0,0.415,0.17233944103435,0.46603211179313,0.5054022426997968,50.54022426997968,1092,5.017
Nahorani No.1,291808,43.2,82,20,1,a,a,a,,,,,,0.0,No,Yes,Yes,Yes,No,Yes,No,No,Yes,b,Yes,b,a,a,Yes,Yes,Yes,b,b,a,Yes,c,b,c,a,b,Yes,c,Yes,No,No,No,0.0,0.0,5.0,0.0,0.1,0.0,0.0,36.4,0.0,36.4,1.0,0.75,0.75,0.75,0.0,0.0,0.0,0.0,1.0,1.0,0.5,1.0,0.5,0.25,0.75,1.0,0.25,0.0,0.5277777777777778,0.526829268292683,0.183889710494627,0.5,0.75,0.75,1.0,1.0,1.0,0.5,1.0,0.8,0.0,0.1157407407407407,0.0,0.0023148148148148,0.4664351851851852,0.3387951334379906,0.4856758987556993,48.56758987556994,633,1.0,291808,0.5,Moderate (9-12),291808.0,0.341,0.133612315184064,0.6209775369631871,0.5051827124246303,50.51827124246303,1093,22.862
Lachan Gayan Miri N.C.,291752,6.0,195,33,a,a,b,b,,,,,,0.0,No,No,Yes,Yes,No,No,No,No,c,c,b,c,b,b,c,c,c,Yes,c,Yes,Yes,b,c,c,Yes,c,c,c,Yes,No,No,No,0.0,1.0,1.0,0.0,0.0,0.0,0.0,3.0,0.0,3.0,0.75,0.75,0.5,0.5,0.0,0.0,0.0,0.0,1.0,0.25,0.25,0.5,0.25,0.5,1.0,0.25,0.25,0.0,0.375,0.0307692307692307,0.115013501610085,0.25,0.5,0.5,0.25,0.25,0.25,1.0,1.0,0.475,0.1666666666666666,0.1666666666666666,0.0,0.0,0.45,0.3178963893249608,0.3285826532675134,32.858265326751344,1312,0.95312500007761,291752,0.0,Not listed,291752.0,0.467,0.129657206764419,0.8339685586471162,0.5050252572601119,50.50252572601119,1094,15.498
Kalalur Namdang No.1,291922,115.0,376,77,1,a,a,c,,,,,,0.0,No,Yes,Yes,Yes,No,No,No,No,Yes,c,b,c,b,b,b,Yes,b,Yes,b,Yes,Yes,b,b,c,Yes,c,a,a,Yes,No,No,No,0.0,28.6,3.6,0.0,2.2,1.4,2.6,68.9,0.0,68.9,1.0,0.75,0.75,0.25,0.0,0.0,0.0,0.0,1.0,1.0,0.25,0.5,0.5,0.5,1.0,0.75,0.75,0.0,0.5,0.3058510638297872,0.178662893569092,0.25,0.5,0.5,0.5,1.0,0.5,1.0,1.0,0.625,0.248695652173913,0.0313043478260869,0.0,0.0539130434782608,0.5175652173913043,0.4038113439355675,0.4379279921793865,43.79279921793866,1025,1.0,291922,0.5,Moderate (9-12),291922.0,0.077,0.200085942358013,0.6868828115283974,0.504990549593967,50.4990549593967,1095,34.878
Madhakali No.1,291844,150.2,755,162,1,a,a,b,,,,,,0.0,Yes,No,Yes,Yes,No,No,No,No,Yes,b,Yes,b,a,a,a,a,Yes,Yes,a,Yes,Yes,b,b,c,Yes,b,Yes,Yes,Yes,No,No,No,0.0,16.1,6.1,0.0,1.2,1.1,1.9,117.1,0.0,117.1,1.0,0.75,0.75,0.5,0.0,0.0,0.0,1.0,1.0,1.0,0.5,1.0,0.75,0.5,1.0,1.0,1.0,0.0,0.6527777777777778,0.1989403973509933,0.2904198404479492,0.5,0.75,0.75,0.75,0.75,1.0,1.0,1.0,0.825,0.107190412782956,0.040612516644474,0.0,0.0279627163781624,0.501797603195739,0.3837614734514106,0.5600516992467138,56.005169924671385,140,1.0,291844,0.75,High (13-15),291844.0,0.235,0.160228991865971,0.5224542016268058,0.5041508617804212,50.41508617804213,1096,26.067
Salmari No.1,292021,554.7,2364,514,1,2,1,b,,,1.0,,,1.0,Yes,No,Yes,No,No,No,No,No,Yes,c,Yes,,Yes,Yes,c,c,b,Yes,Yes,Yes,Yes,b,b,b,Yes,Yes,Yes,Yes,Yes,No,No,No,0.0,14.0,0.0,0.0,0.0,0.0,0.0,540.7,0.0,540.7,1.0,1.0,1.0,0.5,1.0,0.0,0.0,1.0,0.0,1.0,0.25,1.0,1.0,0.5,1.0,1.0,1.0,0.0,0.6805555555555556,0.2346446700507614,0.3484072138964513,0.0,1.0,1.0,0.25,0.25,0.5,1.0,1.0,0.7,0.025238867856499,0.0,0.0,0.0,0.5,0.3814756671899529,0.5435358258009924,54.35358258009924,206,1.0,292021,0.5,Moderate (9-12),292021.0,0.534,0.203640632936127,0.5490718734127746,0.5039519029177156,50.39519029177156,1097,31.638
Kharikatia Gaon,291306,150.0,477,95,1,a,a,a,,,,,,1.0,Yes,Yes,Yes,No,No,No,No,No,Yes,c,Yes,a,Yes,Yes,b,b,b,Yes,a,Yes,Yes,a,c,a,a,c,Yes,Yes,Yes,No,No,No,0.0,65.9,0.0,0.0,6.8,0.0,10.3,57.8,0.0,57.8,1.0,0.75,0.75,0.75,0.0,0.0,0.0,1.0,0.0,1.0,0.25,1.0,0.75,0.75,0.75,1.0,1.0,0.0,0.5972222222222222,0.3144654088050314,0.2360095065720732,0.75,1.0,1.0,0.5,0.5,0.5,1.0,1.0,0.8,0.4393333333333333,0.0,0.0,0.114,0.5569999999999999,0.4539560439560439,0.5390991409897826,53.90991409897826,228,1.0,291306,0.5,Moderate (9-12),291306.0,0.624,0.1168799866425,0.5394240026715,0.5028653843050249,50.28653843050249,1098,16.92
Ushapur Barbam Gaon,292329,37.9,166,31,1,a,,c,,,,,,0.0,No,No,Yes,Yes,No,No,No,No,Yes,c,b,c,b,b,c,b,c,Yes,b,Yes,Yes,c,c,c,a,c,Yes,a,Yes,No,No,No,0.0,4.2,0.0,2.0,2.1,2.0,0.0,25.5,0.0,25.5,1.0,0.75,0.0,0.25,0.0,0.0,0.0,0.0,1.0,1.0,0.25,0.5,0.5,0.25,0.75,1.0,0.75,0.0,0.4444444444444444,0.2283132530120482,0.1768288849032322,0.25,0.5,0.5,0.25,0.5,0.25,1.0,1.0,0.525,0.1108179419525066,0.0,0.0,0.1081794195250659,0.554089709762533,0.4502553609225302,0.4028694045214251,40.28694045214252,1214,1.0,292329,0.0,Not listed,292329.0,0.867,0.127507061088758,0.7143985877822484,0.502504960477087,50.2504960477087,1099,51.274
Tanti Pather,292391,160.5,2591,506,1,a,a,a,,,1.0,,,1.0,No,Yes,Yes,Yes,No,No,Yes,No,Yes,c,Yes,c,Yes,Yes,c,b,Yes,Yes,Yes,Yes,Yes,a,c,c,a,Yes,Yes,Yes,Yes,No,No,No,9.9,60.7,0.0,26.8,0.0,0.0,0.0,0.0,0.0,0.0,1.0,0.75,0.75,0.75,1.0,0.0,0.0,0.0,1.0,1.0,0.25,1.0,1.0,0.75,0.75,1.0,1.0,0.0,0.6666666666666666,0.0619451949054419,0.2300366237203089,0.25,1.0,1.0,0.25,0.5,1.0,1.0,1.0,0.8,0.3781931464174455,0.0,0.0616822429906542,0.0,0.4876635514018692,0.3657888173241979,0.5373335860615834,53.73335860615834,242,1.0,292391,0.25,Low (5-8),292391.0,0.838,0.241510474811696,0.5752979050376609,0.5024966405437713,50.24966405437713,1100,54.619
Grant No.57,292119,216.6,825,169,1,a,b,c,,,,,,0.0,Yes,No,Yes,No,No,No,No,No,Yes,b,a,c,c,c,c,c,c,Yes,a,Yes,Yes,a,c,a,a,Yes,Yes,Yes,Yes,No,No,No,45.3,0.0,0.0,0.0,0.0,0.0,0.0,116.1,0.0,116.1,1.0,0.75,0.5,0.25,0.0,0.0,0.0,1.0,0.0,1.0,0.5,0.75,0.75,0.75,0.75,1.0,1.0,0.0,0.5555555555555556,0.2625454545454545,0.2347814393228322,0.25,0.25,0.25,0.25,0.25,0.25,1.0,1.0,0.5,0.0,0.0,0.2091412742382271,0.0,0.4581717451523546,0.3282874624386299,0.4132417412073229,41.324174120732295,1168,1.0,292119,0.25,Low (5-8),292119.0,0.376,0.133509479680954,0.7354981040638091,0.5021377208220262,50.213772082202624,1101,34.285
Guian Khati No.2,291639,183.0,689,130,2,a,a,a,,,,,,0.0,No,Yes,Yes,No,No,Yes,No,No,c,c,c,c,c,c,c,c,c,Yes,a,Yes,Yes,b,c,b,a,c,Yes,Yes,No,No,No,No,0.0,30.0,0.0,20.0,0.0,0.0,5.0,103.0,0.0,103.0,1.0,0.75,0.75,0.75,0.0,0.0,0.0,0.0,0.0,0.25,0.25,0.25,0.75,0.5,0.75,1.0,1.0,0.0,0.4444444444444444,0.2656023222060958,0.1205680293970279,0.25,0.25,0.25,0.25,0.25,0.25,1.0,1.0,0.45,0.1639344262295081,0.0,0.0,0.0273224043715847,0.5136612021857924,0.3988470545847595,0.35602252937732,35.602252937732004,1292,1.0,291639,0.0,Not listed,291639.0,0.552,0.151873435904822,0.8040253128190356,0.5015791906645851,50.15791906645851,1102,26.505
Borbil Bokalial,292117,67.7,86,15,a,a,a,c,,,,,,0.0,No,Yes,Yes,No,No,No,No,No,Yes,c,c,c,c,c,c,c,c,Yes,b,a,Yes,a,c,b,a,c,a,a,Yes,No,No,No,0.0,16.5,0.0,7.2,0.0,0.0,0.0,43.9,0.0,43.9,0.75,0.75,0.75,0.25,0.0,0.0,0.0,0.0,0.0,1.0,0.25,0.25,0.5,0.75,0.75,0.75,0.75,0.0,0.4166666666666667,0.7872093023255814,0.0757627880782848,0.25,0.25,0.25,0.25,0.25,0.25,1.0,1.0,0.425,0.2437223042836041,0.0,0.0,0.0,0.5,0.3814756671899529,0.3269024971242285,32.69024971242285,1314,1.0,292117,0.0,Not listed,292117.0,0.397,0.156166835899231,0.8496666328201539,0.5010287002261257,50.10287002261256,1103,31.091
Namchang Chah Bagicha,292392,581.6,3339,708,2,3,c,c,,,,1.0,,1.0,Yes,Yes,Yes,No,Yes,No,No,No,c,c,Yes,c,Yes,Yes,c,b,b,Yes,Yes,Yes,Yes,a,c,c,Yes,Yes,Yes,Yes,Yes,No,No,No,8.0,30.7,9.1,0.0,0.0,0.0,0.0,0.0,0.0,0.0,1.0,1.0,0.25,0.25,0.0,0.0,1.0,1.0,0.0,0.25,0.25,1.0,1.0,0.75,1.0,1.0,1.0,0.0,0.5972222222222222,0.1741838873914345,0.346977129681119,0.25,1.0,1.0,0.25,0.5,0.5,1.0,1.0,0.75,0.0527854195323246,0.0156464924346629,0.0137551581843191,0.0,0.4925550206327372,0.3720087389521463,0.5354515857662645,53.54515857662645,249,1.0,292392,0.25,Low (5-8),292392.0,0.912,0.403417209436599,0.5207165581126803,0.5008322165081738,50.08322165081738,1104,61.064
Balijan 240 Wl,291501,48.3,560,113,1,a,a,c,,,,,,0.0,No,Yes,Yes,No,No,No,No,No,a,a,a,a,c,c,c,a,a,Yes,b,Yes,Yes,b,c,b,b,c,b,Yes,Yes,No,No,No,0.0,16.5,1.0,0.0,0.0,0.0,0.0,0.8,0.0,1.0,1.0,0.75,0.75,0.25,0.0,0.0,0.0,0.0,0.0,0.75,0.75,0.75,0.5,0.5,0.5,0.5,1.0,0.0,0.4444444444444444,0.08625,0.116325793129341,0.75,0.25,0.25,0.25,0.75,0.75,1.0,1.0,0.625,0.3416149068322981,0.020703933747412,0.0,0.0,0.4937888198757764,0.3735776202502023,0.4024080834434869,40.240808344348686,1215,1.0,291501,0.0,Not listed,291501.0,0.81,0.152774566007307,0.7264450867985386,0.500696126039281,50.06961260392811,1105,36.338
Moran Chah Co. Darkhasta No.98,291987,121.4,133,30,1,a,a,b,,,,,,0.0,No,No,No,Yes,No,No,No,No,Yes,a,Yes,a,a,a,a,a,Yes,Yes,b,Yes,Yes,a,a,a,Yes,c,Yes,a,Yes,No,No,No,0.0,10.2,5.0,0.0,0.0,0.0,6.2,0.0,0.0,0.0,1.0,0.75,0.75,0.5,0.0,0.0,0.0,0.0,1.0,1.0,0.75,1.0,0.5,0.75,1.0,1.0,0.75,0.0,0.5972222222222222,0.912781954887218,0.2501615405135703,0.75,0.75,0.75,0.75,0.75,1.0,1.0,1.0,0.825,0.0840197693574958,0.0411861614497528,0.0,0.0510708401976935,0.5131795716639209,0.398234620169193,0.5389928647177866,53.899286471778666,230,1.0,291987,0.75,High (13-15),291987.0,0.188,0.181557404889123,0.5322885190221753,0.5001909857626416,50.01909857626416,1106,32.122
Chaharikata N.C. Block - 3,291751,137.0,173,38,1,a,c,c,,,,,,0.0,No,No,No,Yes,No,No,No,No,c,c,c,c,c,c,c,c,c,Yes,c,Yes,Yes,b,c,c,a,c,Yes,a,No,No,No,No,0.0,9.9,8.2,0.0,0.3,0.0,2.6,112.0,0.0,112.0,1.0,0.75,0.25,0.25,0.0,0.0,0.0,0.0,1.0,0.25,0.25,0.25,0.25,0.5,0.75,1.0,0.75,0.0,0.4027777777777778,0.791907514450867,0.1330167724461815,0.25,0.25,0.25,0.25,0.25,0.25,1.0,1.0,0.4,0.0722627737226277,0.0598540145985401,0.0,0.0211678832116788,0.4926277372262774,0.372101204322268,0.3283688784204434,32.83688784204434,1313,1.0,291751,0.0,Not listed,291751.0,0.477,0.146436647654487,0.8276126704691026,0.5001144419475266,50.01144419475266,1107,18.121
Pitha Pather,292122,144.2,1207,233,3,b,b,b,,,,,,3.0,No,No,Yes,No,No,No,No,No,a,a,Yes,c,Yes,a,c,a,Yes,Yes,a,Yes,Yes,b,c,a,a,a,Yes,Yes,Yes,No,No,No,0.0,27.2,0.0,0.0,0.0,0.0,0.0,86.8,0.0,86.8,1.0,0.5,0.5,0.5,0.0,0.0,0.0,0.0,0.0,0.75,0.75,1.0,0.75,0.5,0.75,1.0,1.0,0.0,0.5,0.1194697597348798,0.174254400173943,0.25,1.0,0.75,0.25,0.75,1.0,1.0,1.0,0.775,0.188626907073509,0.0,0.0,0.0,0.5,0.3814756671899529,0.4773587334814763,47.73587334814764,713,1.0,292122,0.5,Moderate (9-12),292122.0,0.383,0.123104653906505,0.610479069218699,0.4999765778094583,49.99765778094583,1108,35.889
Merbell Pather,291674,77.0,88,16,a,a,a,a,,,,,,0.0,No,No,Yes,Yes,No,No,No,No,Yes,c,a,c,b,a,c,c,c,a,b,Yes,Yes,b,b,b,Yes,Yes,a,a,Yes,No,No,No,0.0,8.0,0.0,6.0,0.0,0.0,0.0,51.0,0.0,51.0,0.75,0.75,0.75,0.75,0.0,0.0,0.0,0.0,1.0,1.0,0.25,0.75,0.5,0.5,1.0,0.75,0.75,0.0,0.5277777777777778,0.875,0.1349821663225079,0.25,0.5,0.75,0.25,0.25,0.25,0.75,1.0,0.525,0.1038961038961039,0.0,0.0,0.0,0.5,0.3814756671899529,0.399485119463062,39.948511946306205,1224,1.0,291674,0.0,Not listed,291674.0,0.76,0.0683408534078048,0.7583318293184391,0.4992996233864956,49.92996233864956,1109,40.412
Cheleng Chuk,292299,83.8,355,72,1,a,a,b,,,,,,0.0,Yes,Yes,Yes,Yes,No,No,No,No,Yes,c,a,b,a,Yes,c,c,b,Yes,a,Yes,Yes,c,b,c,a,b,Yes,a,Yes,No,No,No,0.0,15.1,10.3,0.0,0.0,0.0,0.0,47.2,0.0,47.2,1.0,0.75,0.75,0.5,0.0,0.0,0.0,1.0,1.0,1.0,0.25,0.75,0.75,0.25,0.75,1.0,0.75,0.0,0.5833333333333334,0.236056338028169,0.2341548899176927,0.5,0.75,1.0,0.25,0.25,0.5,1.0,1.0,0.675,0.1801909307875895,0.1229116945107398,0.0,0.0,0.463126491646778,0.3345878465210208,0.4737896251169607,47.37896251169607,746,1.0,292299,0.25,Low (5-8),292299.0,0.678,0.164704332158335,0.6386591335683329,0.4991905528849095,49.91905528849095,1110,40.841
Digboi Pather,291694,56.0,108,20,1,a,a,c,,,1.0,,,0.0,Yes,No,No,Yes,No,Yes,No,No,Yes,b,Yes,c,b,Yes,c,c,Yes,Yes,b,Yes,Yes,b,c,c,Yes,c,Yes,a,Yes,No,No,No,0.0,40.0,0.0,6.0,0.0,0.0,0.0,10.0,0.0,10.0,1.0,0.75,0.75,0.25,1.0,0.0,0.0,1.0,1.0,1.0,0.5,1.0,0.5,0.5,1.0,1.0,0.75,0.0,0.6666666666666666,0.5185185185185185,0.2979788498842375,0.25,0.5,1.0,0.25,0.25,1.0,1.0,1.0,0.675,0.7142857142857143,0.0,0.0,0.0,0.5,0.3814756671899529,0.5199565125757166,51.99565125757167,346,1.0,291694,0.25,Low (5-8),291694.0,0.935,0.0747694119663585,0.5795461176067283,0.4985345095922436,49.85345095922437,1111,56.135
Chamaguri Gaon,292369,175.0,2053,423,1,2,1,1,,,,,,1.0,No,Yes,Yes,Yes,No,No,No,No,b,b,Yes,b,b,b,c,c,c,Yes,Yes,Yes,Yes,b,b,b,a,Yes,Yes,Yes,Yes,No,No,Yes,0.0,75.0,0.0,0.0,0.0,0.0,0.0,40.0,0.0,40.0,1.0,1.0,1.0,1.0,0.0,0.0,0.0,0.0,1.0,0.5,0.5,1.0,1.0,0.5,0.75,1.0,1.0,1.0,0.6805555555555556,0.0852411105698977,0.2305876440645404,0.5,0.5,0.5,0.25,0.25,0.25,1.0,1.0,0.625,0.4285714285714285,0.0,0.0,0.0,0.5,0.3814756671899529,0.4915809333430146,49.15809333430146,579,1.0,292369,0.25,Low (5-8),292369.0,0.652,0.175258510923087,0.6443482978153826,0.4976075802207811,49.76075802207811,1112,45.074
Habi Chuk,291311,239.1,574,123,1,a,a,a,,,,,,1.0,Yes,No,Yes,Yes,No,No,No,Yes,Yes,c,Yes,b,Yes,Yes,b,b,b,Yes,a,Yes,Yes,c,c,c,a,c,Yes,Yes,Yes,No,No,No,0.0,30.0,0.0,0.0,6.0,4.0,2.0,182.1,0.0,182.1,1.0,0.75,0.75,0.75,0.0,0.0,0.0,1.0,1.0,1.0,0.25,1.0,0.75,0.25,0.75,1.0,1.0,0.0,0.625,0.4165505226480836,0.2384241347575856,0.5,1.0,1.0,0.5,0.5,0.5,1.0,1.0,0.775,0.1254705144291091,0.0,0.0,0.0501882057716436,0.5250941028858218,0.4133849659929602,0.5310330268879884,53.103302688798834,270,1.0,291311,0.5,Moderate (9-12),291311.0,0.585,0.11428967904425,0.55164206419115,0.4972706042648004,49.72706042648005,1113,11.8
Rajgarh T.E. 52/163,292141,408.1,3005,607,1,a,a,a,,,,,,1.0,Yes,Yes,Yes,Yes,No,No,No,No,Yes,b,Yes,c,Yes,Yes,c,c,c,Yes,Yes,Yes,Yes,b,a,b,a,Yes,Yes,Yes,Yes,No,Yes,No,0.0,30.2,0.0,0.0,0.0,0.0,0.0,0.0,0.0,0.0,1.0,0.75,0.75,0.75,0.0,0.0,0.0,1.0,1.0,1.0,0.5,1.0,1.0,0.5,0.75,1.0,1.0,0.0,0.6666666666666666,0.1358069883527454,0.2889265403665189,0.25,1.0,1.0,0.25,0.25,0.25,1.0,1.0,0.7,0.0740014702278853,0.0,0.0,0.0,0.5,0.3814756671899529,0.525193435196287,52.51934351962871,299,1.0,292141,0.5,Moderate (9-12),292141.0,0.539,0.095839543898342,0.5691320912203316,0.4971058216582553,49.710582165825535,1114,38.611
Ahomgaon No.2,291778,113.2,252,49,1,a,b,b,,,1.0,,,0.0,No,No,Yes,Yes,No,Yes,No,No,Yes,c,b,c,b,a,b,Yes,b,Yes,b,Yes,Yes,b,c,c,a,c,Yes,b,Yes,No,No,No,0.0,25.5,0.7,0.0,0.1,0.0,0.8,81.0,0.0,81.0,1.0,0.75,0.5,0.5,1.0,0.0,0.0,0.0,1.0,1.0,0.25,0.5,0.5,0.5,0.75,1.0,0.5,0.0,0.5416666666666666,0.4492063492063492,0.182053688755397,0.25,0.5,0.75,0.5,1.0,0.5,1.0,1.0,0.65,0.2252650176678445,0.0061837455830388,0.0,0.0079505300353356,0.5021201413427561,0.3841716083008358,0.4527644105156831,45.27644105156831,924,1.0,291778,0.5,Moderate (9-12),291778.0,0.189,0.168409222190068,0.6596181555619864,0.4969864256587692,49.69864256587692,1115,25.925
Dihing Kinar Tiyoki,292325,16.1,157,29,1,b,b,b,,,,,,0.0,No,No,Yes,Yes,No,No,No,No,Yes,b,b,b,b,b,c,b,c,Yes,b,Yes,Yes,a,b,c,a,b,Yes,a,Yes,No,No,No,0.0,4.3,0.0,0.0,0.0,0.0,0.0,10.7,0.0,10.7,1.0,0.5,0.5,0.5,0.0,0.0,0.0,0.0,1.0,1.0,0.5,0.5,0.5,0.75,0.75,1.0,0.75,0.0,0.5138888888888888,0.1025477707006369,0.1738541428774695,0.5,0.5,0.5,0.25,0.5,0.25,1.0,1.0,0.55,0.2670807453416148,0.0,0.0,0.0,0.5,0.3814756671899529,0.4132308913795802,41.32308913795802,1169,1.0,292325,0.0,Not listed,292325.0,0.852,0.144599627704815,0.715480074459037,0.4968769155814752,49.68769155814752,1116,50.488
107 Grant F.S.,291758,328.0,1735,346,4,2,a,a,,,,,,1.0,Yes,Yes,Yes,Yes,Yes,Yes,No,No,Yes,c,Yes,c,Yes,a,c,c,c,Yes,Yes,Yes,Yes,a,c,c,a,Yes,Yes,Yes,Yes,No,No,No,0.0,27.1,18.2,0.0,2.6,0.0,0.0,265.8,0.0,265.8,1.0,1.0,0.75,0.75,0.0,0.0,0.0,1.0,1.0,1.0,0.25,1.0,1.0,0.75,0.75,1.0,1.0,0.0,0.6805555555555556,0.1890489913544668,0.2901858781510537,0.25,1.0,0.75,0.25,0.25,0.25,1.0,1.0,0.675,0.0826219512195122,0.0554878048780487,0.0,0.0079268292682926,0.4873170731707317,0.3653482406095646,0.5182550065485653,51.825500654856526,356,1.0,291758,0.5,Moderate (9-12),291758.0,0.43,0.18137099223738,0.5847258015525241,0.4962390262502077,49.623902625020776,1117,21.459
Ushapur,292331,122.1,194,38,1,a,b,b,,,,,,0.0,No,No,Yes,Yes,No,No,No,No,Yes,b,b,c,b,b,c,c,c,Yes,b,Yes,Yes,c,c,c,Yes,c,Yes,a,Yes,No,No,No,0.0,80.2,4.2,4.2,2.2,1.1,0.0,26.8,0.0,26.8,1.0,0.75,0.5,0.5,0.0,0.0,0.0,0.0,1.0,1.0,0.5,0.5,0.5,0.25,1.0,1.0,0.75,0.0,0.5138888888888888,0.6293814432989691,0.2434582432618115,0.25,0.5,0.5,0.25,0.25,0.25,1.0,1.0,0.5,0.6568386568386569,0.0343980343980344,0.0,0.027027027027027,0.5031941031941032,0.3855372426800998,0.4164442315736951,41.64442315736951,1149,1.0,292331,0.0,Very Low (1-4),292331.0,0.859,0.244454674087458,0.6934090651825084,0.4960587732904713,49.60587732904713,1118,52.552
Himalubam,292334,33.4,219,41,1,a,b,b,,,,,,0.0,Yes,Yes,No,Yes,No,No,No,No,Yes,c,a,c,a,a,c,c,b,Yes,a,Yes,Yes,c,c,c,a,c,Yes,a,Yes,No,No,No,0.0,2.0,0.0,8.3,3.5,4.6,0.0,10.7,0.0,10.7,1.0,0.75,0.5,0.5,0.0,0.0,0.0,1.0,1.0,1.0,0.25,0.75,0.75,0.25,0.75,1.0,0.75,0.0,0.5694444444444444,0.1525114155251141,0.2321787945102617,0.25,0.75,0.75,0.25,0.25,0.5,1.0,1.0,0.625,0.059880239520958,0.0,0.0,0.2425149700598802,0.6212574850299402,0.5356649338685268,0.4950387965123819,49.503879651238194,547,1.0,292334,0.25,Low (5-8),292334.0,0.887,0.138299340504224,0.5812401318991551,0.4958904914675064,49.58904914675065,1119,54.891
Mahmora Block No.3,292219,6.1,52,11,1,a,b,b,,,,,,0.0,No,No,Yes,No,Yes,No,No,No,Yes,b,Yes,c,c,b,c,b,Yes,Yes,a,Yes,Yes,b,b,b,a,Yes,Yes,a,Yes,No,No,No,0.0,0.0,5.4,0.0,0.0,0.0,0.0,0.0,0.0,0.0,1.0,0.75,0.5,0.5,0.0,0.0,0.0,0.0,0.0,1.0,0.5,1.0,0.75,0.5,0.75,1.0,0.75,0.0,0.5,0.1173076923076923,0.1742032606027349,0.25,0.25,0.5,0.25,0.5,1.0,1.0,1.0,0.65,0.0,0.8852459016393444,0.0,0.0,0.2344262295081967,0.0437758962349125,0.3723059943976662,37.23059943976663,1279,1.0,292219,0.0,Not listed,292219.0,0.52,0.276397557333546,0.7887204885332908,0.4956053949992369,49.56053949992369,1120,45.11
Kachari Gaon,291114,199.8,583,119,1,a,b,b,,,,,,1.0,No,Yes,Yes,Yes,No,No,No,Yes,Yes,b,Yes,b,Yes,Yes,b,b,b,Yes,b,Yes,Yes,c,b,c,a,b,Yes,Yes,Yes,No,No,No,0.0,14.8,0.0,0.0,0.0,0.0,0.0,183.0,0.0,183.0,1.0,0.75,0.5,0.5,0.0,0.0,0.0,0.0,1.0,1.0,0.5,1.0,0.5,0.25,0.75,1.0,1.0,0.0,0.5416666666666666,0.3427101200686107,0.1795347240714558,0.5,1.0,1.0,0.5,0.5,0.5,1.0,1.0,0.75,0.074074074074074,0.0,0.0,0.0,0.5,0.3814756671899529,0.4815954811225212,48.15954811225212,674,1.0,291114,0.5,Moderate (9-12),291114.0,0.378,0.146352273661605,0.607329545267679,0.4950368492034285,49.503684920342856,1121,7.909
Dikhari Moran No.1,291902,157.5,188,36,1,a,a,a,,,,,,0.0,No,No,Yes,No,No,No,No,No,Yes,a,Yes,a,a,a,a,Yes,Yes,Yes,a,Yes,Yes,b,a,c,a,a,Yes,a,Yes,No,No,No,0.0,16.2,5.0,0.0,0.1,0.0,0.8,105.2,0.0,105.2,1.0,0.75,0.75,0.75,0.0,0.0,0.0,0.0,0.0,1.0,0.75,1.0,0.75,0.5,0.75,1.0,0.75,0.0,0.5416666666666666,0.8377659574468085,0.191244323378693,0.75,0.75,0.75,0.75,1.0,1.0,1.0,1.0,0.875,0.1028571428571428,0.0317460317460317,0.0,0.0057142857142857,0.4933333333333333,0.3729984301412872,0.5203274335395973,52.03274335395973,341,1.0,291902,0.75,High (13-15),291902.0,0.201,0.122951138995328,0.5401097722009344,0.4948047542462401,49.48047542462401,1122,31.014
Wilton 22/157 Orr,291481,1621.0,6536,1212,4,2,1,b,,,1.0,,,1.0,Yes,Yes,Yes,No,No,No,No,No,Yes,c,Yes,Yes,Yes,Yes,Yes,c,c,Yes,Yes,Yes,Yes,Yes,Yes,Yes,Yes,Yes,Yes,Yes,Yes,No,No,No,0.0,200.0,0.0,50.0,0.0,0.0,0.0,350.0,0.0,350.0,1.0,1.0,1.0,0.5,1.0,0.0,0.0,1.0,0.0,1.0,0.25,1.0,1.0,1.0,1.0,1.0,1.0,0.0,0.7083333333333334,0.2480110159118727,0.4058662263947618,1.0,1.0,1.0,1.0,0.25,0.25,1.0,1.0,0.85,0.1233806292412091,0.0,0.0,0.0,0.5,0.3814756671899529,0.6098450233700143,60.98450233700143,31,1.0,291481,0.75,High (13-15),291481.0,0.634,0.0988471399898993,0.4150305720020201,0.4947001354779914,49.47001354779914,1123,21.756
Mohmari Gaon No.2,291148,77.2,1174,242,1,a,a,c,,,,,,1.0,No,Yes,Yes,No,No,No,No,No,c,c,c,c,b,Yes,c,c,c,Yes,b,Yes,Yes,c,c,c,Yes,c,Yes,Yes,No,No,No,No,0.0,1.6,0.0,0.0,3.3,0.2,0.0,68.8,0.0,68.8,1.0,0.75,0.75,0.25,0.0,0.0,0.0,0.0,0.0,0.25,0.25,0.25,0.5,0.25,1.0,1.0,1.0,0.0,0.4027777777777778,0.0657580919931856,0.1729839533679634,0.25,0.5,1.0,0.25,0.25,0.25,1.0,1.0,0.525,0.0207253886010362,0.0,0.0,0.0453367875647668,0.5226683937823835,0.4103004693308174,0.3835005266525987,38.350052665259874,1260,1.0,291148,0.25,Low (5-8),291148.0,0.46,0.125115200154754,0.7119769599690492,0.4945818427292331,49.45818427292332,1124,9.582
Chagali Pather,291973,181.6,407,83,1,1,a,a,,,1.0,,,0.0,Yes,Yes,Yes,Yes,No,Yes,No,No,Yes,b,Yes,b,b,b,a,a,Yes,Yes,b,Yes,Yes,b,b,c,a,b,Yes,a,Yes,No,No,No,0.0,25.1,10.0,0.0,10.0,0.0,0.0,96.3,0.0,96.3,1.0,1.0,0.75,0.75,1.0,0.0,0.0,1.0,1.0,1.0,0.5,1.0,0.5,0.5,0.75,1.0,0.75,0.0,0.6944444444444444,0.4461916461916462,0.2391252388624267,0.5,0.5,0.5,0.75,0.75,1.0,1.0,1.0,0.75,0.138215859030837,0.0550660792951541,0.0,0.0550660792951541,0.5110132158590308,0.3954799134157221,0.5374884035098622,53.74884035098621,241,1.0,291973,0.75,High (13-15),291973.0,0.133,0.109595434527284,0.5631809130945432,0.4943756619657823,49.43756619657823,1125,35.402
Rangabanani No.1,292154,24.1,75,15,1,b,b,b,,,,,,1.0,No,Yes,No,Yes,No,No,No,No,b,b,b,c,c,c,c,c,c,c,b,Yes,Yes,a,b,b,Yes,b,Yes,b,No,No,No,No,0.0,3.6,0.0,0.0,0.0,0.0,0.0,20.5,0.0,20.5,1.0,0.5,0.5,0.5,0.0,0.0,0.0,0.0,1.0,0.5,0.5,0.5,0.5,0.75,1.0,1.0,0.5,0.0,0.4861111111111111,0.3213333333333333,0.1790290970527501,0.25,0.25,0.25,0.25,0.25,0.25,0.25,1.0,0.375,0.1493775933609958,0.0,0.0,0.0,0.5,0.3814756671899529,0.3550801854789558,35.50801854789559,1293,1.0,292154,0.0,Not listed,292154.0,0.591,0.146470121250819,0.7934059757498362,0.494341014641615,49.4341014641615,1126,43.567
Na-Pather,291848,104.2,386,78,1,a,a,b,,,,,,0.0,No,No,No,Yes,Yes,No,No,No,c,c,c,c,b,b,b,a,a,Yes,b,Yes,Yes,b,c,c,a,c,Yes,a,Yes,No,No,No,0.0,10.9,0.5,29.9,0.5,0.5,0.5,42.9,0.0,42.9,1.0,0.75,0.75,0.5,0.0,0.0,0.0,0.0,1.0,0.25,0.25,0.25,0.5,0.5,0.75,1.0,0.75,0.0,0.4583333333333333,0.2699481865284974,0.1778136796513217,0.25,0.5,0.5,0.5,0.75,0.75,1.0,1.0,0.6,0.1046065259117082,0.0047984644913627,0.0,0.0143953934740882,0.5057581573896353,0.3887976569632725,0.4167962846388183,41.67962846388183,1147,1.0,291848,0.5,Moderate (9-12),291848.0,0.158,0.120743367221021,0.6784513265557959,0.4941535990796396,49.41535990796396,1127,29.36
Udalguri Gaon,291458,136.1,1163,228,1,2,b,b,,,1.0,,,1.0,No,Yes,No,Yes,No,Yes,No,No,Yes,b,c,c,Yes,Yes,c,c,c,Yes,b,Yes,Yes,b,b,b,a,Yes,Yes,Yes,Yes,No,No,No,0.0,22.8,0.0,20.6,0.0,0.0,0.0,88.4,0.0,88.4,1.0,1.0,0.5,0.5,1.0,0.0,0.0,0.0,1.0,1.0,0.5,0.25,0.5,0.5,0.75,1.0,1.0,0.0,0.5833333333333334,0.1170249355116079,0.1741965725313427,0.25,1.0,1.0,0.25,0.25,0.25,1.0,1.0,0.575,0.1675238795003674,0.0,0.0,0.0,0.5,0.3814756671899529,0.4381776099041596,43.81776099041596,1024,1.0,291458,0.0,Not listed,291458.0,0.935,0.120204507643582,0.6954590984712836,0.4939541325998421,49.39541325998421,1128,35.591
Balijan Pani Era,291409,225.0,1412,298,3,2,a,a,,,1.0,,,1.0,Yes,Yes,Yes,Yes,No,No,No,No,Yes,b,b,b,Yes,b,b,Yes,b,Yes,b,Yes,Yes,c,b,c,a,b,Yes,Yes,Yes,No,No,No,0.0,60.9,0.0,11.4,0.0,0.0,0.0,133.6,0.0,133.6,1.0,1.0,0.75,0.75,1.0,0.0,0.0,1.0,1.0,1.0,0.5,0.5,0.5,0.25,0.75,1.0,1.0,0.0,0.6666666666666666,0.1593484419263456,0.2323405112976759,0.5,1.0,0.5,0.5,1.0,0.5,1.0,1.0,0.7,0.2706666666666666,0.0,0.0,0.0,0.5,0.3814756671899529,0.5110469279290761,51.10469279290761,407,1.0,291409,0.25,Low (5-8),291409.0,0.806,0.186923966772913,0.5958152066454174,0.4936325605610788,49.363256056107886,1129,25.994
Rajabari Gaon,291451,149.1,896,194,1,1,a,c,,,,,,0.0,No,Yes,Yes,No,No,No,No,No,b,b,b,b,b,b,c,c,c,Yes,b,Yes,Yes,c,b,c,a,c,Yes,Yes,Yes,No,No,No,0.0,9.2,0.0,41.5,0.0,0.0,0.0,98.4,0.0,98.4,1.0,1.0,0.75,0.25,0.0,0.0,0.0,0.0,0.0,0.5,0.5,0.5,0.5,0.25,0.75,1.0,1.0,0.0,0.4444444444444444,0.16640625,0.1753645931105688,0.5,0.5,0.5,0.25,0.25,0.25,1.0,1.0,0.525,0.0617035546613011,0.0,0.0,0.0,0.5,0.3814756671899529,0.3887473928267439,38.87473928267439,1250,1.0,291451,0.0,Not listed,291451.0,0.818,0.184935999025516,0.7176128001948968,0.4931076184340939,49.31076184340939,1130,30.335
Teloibari Block Gaon,291900,49.8,285,65,1,a,b,c,,,,,,0.0,No,No,Yes,Yes,No,No,No,No,c,c,Yes,c,c,c,b,b,a,Yes,b,Yes,Yes,a,c,c,Yes,b,Yes,a,Yes,No,No,No,0.0,5.2,2.8,0.0,0.2,0.8,1.0,35.5,0.0,35.5,1.0,0.75,0.5,0.25,0.0,0.0,0.0,0.0,1.0,0.25,0.25,1.0,0.5,0.75,1.0,1.0,0.75,0.0,0.5,0.1747368421052631,0.2327044944819341,0.25,0.25,0.25,0.5,0.5,0.75,1.0,1.0,0.6,0.1044176706827309,0.0562248995983935,0.0,0.0401606425702811,0.5032128514056224,0.3855610826350929,0.4402883401475021,44.02883401475021,1008,1.0,291900,0.5,Moderate (9-12),291900.0,0.227,0.20674474981262,0.640551050037476,0.4922307060307379,49.223070603073786,1131,30.085
Jaloni No.1 (Jaloni Chah Bagan No.1),291566,173.0,182,37,a,a,a,b,,,,,,0.0,No,No,Yes,No,No,No,No,No,Yes,b,a,b,a,a,c,c,a,Yes,a,Yes,Yes,b,b,b,a,c,c,b,Yes,No,No,No,0.0,29.0,0.0,0.0,0.0,0.0,0.0,17.4,0.0,17.4,0.75,0.75,0.75,0.5,0.0,0.0,0.0,0.0,0.0,1.0,0.5,0.75,0.75,0.5,0.75,0.25,0.5,0.0,0.4305555555555556,0.9505494505494504,0.0796262869850254,0.5,0.75,0.75,0.25,0.25,0.75,1.0,1.0,0.675,0.1676300578034682,0.0,0.0,0.0,0.5,0.3814756671899529,0.4063405940731359,40.63405940731359,1200,1.0,291566,0.0,Not listed,291566.0,0.881,0.179106367551786,0.6998787264896429,0.4920794124206065,49.20794124206065,1132,47.657
Lengeri No.2,291824,84.1,414,93,1,a,a,b,,,,,,0.0,Yes,Yes,Yes,Yes,No,No,No,No,Yes,c,Yes,c,c,c,c,Yes,c,Yes,b,Yes,Yes,c,c,c,Yes,c,Yes,a,Yes,No,No,No,0.0,20.5,0.0,0.0,7.5,0.0,0.5,48.6,0.0,48.6,1.0,0.75,0.75,0.5,0.0,0.0,0.0,1.0,1.0,1.0,0.25,1.0,0.5,0.25,1.0,1.0,0.75,0.0,0.5972222222222222,0.2031400966183574,0.2905191763044703,0.25,0.25,0.25,0.25,1.0,0.25,1.0,1.0,0.575,0.2437574316290131,0.0,0.0,0.0951248513674197,0.5475624256837099,0.4419553607595056,0.4828264217835742,48.28264217835742,657,1.0,291824,0.5,Moderate (9-12),291824.0,0.426,0.134287152652459,0.5953425694695083,0.4920601259778467,49.20601259778468,1133,23.783
Sessa Nepali,292014,150.4,452,87,1,1,b,c,,,1.0,,,0.0,No,Yes,Yes,Yes,No,No,No,No,b,c,b,c,b,b,c,c,c,Yes,a,Yes,Yes,b,c,b,Yes,c,Yes,Yes,Yes,No,No,No,0.0,1.6,0.0,0.0,0.0,0.0,0.0,148.8,0.0,148.8,1.0,1.0,0.5,0.25,1.0,0.0,0.0,0.0,1.0,0.5,0.25,0.5,0.75,0.5,1.0,1.0,1.0,0.0,0.5694444444444444,0.3327433628318584,0.2364418366278982,0.25,0.5,0.5,0.25,0.25,0.25,1.0,1.0,0.525,0.0106382978723404,0.0,0.0,0.0,0.5,0.3814756671899529,0.4352667037060763,43.526670370607626,1044,1.0,292014,0.25,Low (5-8),292014.0,0.533,0.201323968090163,0.6748352063819674,0.4912658917882544,49.12658917882544,1134,25.469
Bamunbari No.1 Nlr Grant,291893,54.3,240,54,1,a,a,b,,,,,,0.0,No,Yes,Yes,Yes,No,No,No,No,Yes,b,b,b,b,Yes,b,a,a,Yes,b,Yes,Yes,a,b,c,a,Yes,Yes,a,Yes,No,No,No,0.0,1.9,9.8,0.0,0.5,0.8,1.5,36.4,0.0,36.4,1.0,0.75,0.75,0.5,0.0,0.0,0.0,0.0,1.0,1.0,0.5,0.5,0.5,0.75,0.75,1.0,0.75,0.0,0.5416666666666666,0.2262499999999999,0.1767800825980852,0.5,0.5,1.0,0.5,0.75,0.75,1.0,1.0,0.7,0.0349907918968692,0.1804788213627992,0.0,0.0515653775322283,0.4716390423572744,0.3454122830602704,0.458694143928242,45.86941439282421,873,1.0,291893,0.5,Moderate (9-12),291893.0,0.316,0.0872128086231081,0.6377574382753783,0.4911098384187132,49.11098384187133,1135,27.387
Chakalia Pather,292198,200.1,1330,263,1,2,a,a,,,,,,1.0,Yes,Yes,Yes,No,No,Yes,No,No,Yes,c,a,c,Yes,a,c,c,c,Yes,a,Yes,Yes,b,c,b,Yes,Yes,Yes,Yes,Yes,No,No,No,0.0,47.4,0.0,0.0,0.0,0.0,0.0,152.7,0.0,152.7,1.0,1.0,0.75,0.75,0.0,0.0,0.0,1.0,0.0,1.0,0.25,0.75,0.75,0.5,1.0,1.0,1.0,0.0,0.5972222222222222,0.1504511278195488,0.2892729194866272,0.25,1.0,0.75,0.25,0.25,0.25,1.0,1.0,0.625,0.2368815592203898,0.0,0.0,0.0,0.5,0.3814756671899529,0.485418918865203,48.5418918865203,635,1.0,292198,0.5,Moderate (9-12),292198.0,0.43,0.152746841839432,0.5904506316321136,0.4907198326029952,49.071983260299525,1136,40.069
Merbil Grant No.5,292258,40.7,518,109,1,1,1,c,,,1.0,,,0.0,Yes,No,Yes,Yes,No,No,No,No,Yes,b,Yes,b,Yes,Yes,b,Yes,Yes,Yes,b,Yes,Yes,c,b,c,a,Yes,Yes,Yes,Yes,No,No,No,0.0,5.7,0.0,0.0,0.0,0.0,0.0,30.0,0.0,30.0,1.0,1.0,1.0,0.25,1.0,0.0,0.0,1.0,1.0,1.0,0.5,1.0,0.5,0.25,0.75,1.0,1.0,0.0,0.6805555555555556,0.0785714285714285,0.2304298854890182,0.5,1.0,1.0,0.5,1.0,1.0,1.0,1.0,0.85,0.14004914004914,0.0,0.0,0.0,0.5,0.3814756671899529,0.5590414936991341,55.90414936991341,143,1.0,292258,0.5,Moderate (9-12),292258.0,0.659,0.188702269187638,0.5145595461624723,0.4906526399157365,49.06526399157365,1137,34.175
Dighala Gaon,291084,259.1,548,101,1,b,b,b,,,1.0,,,1.0,No,Yes,Yes,Yes,Yes,No,No,No,Yes,b,b,b,b,b,b,b,b,Yes,a,Yes,Yes,b,b,b,Yes,b,Yes,Yes,Yes,No,No,No,0.0,55.0,0.0,0.0,7.0,10.0,0.0,187.1,0.0,187.1,1.0,0.5,0.5,0.5,1.0,0.0,0.0,0.0,1.0,1.0,0.5,0.5,0.75,0.5,1.0,1.0,1.0,0.0,0.5972222222222222,0.4728102189781022,0.2397548503080985,0.5,0.5,0.5,0.5,0.5,0.5,1.0,1.0,0.625,0.2122732535700501,0.0,0.0,0.0656117329216518,0.532805866460826,0.4231911331762465,0.4813824947678294,48.13824947678295,677,0.910263929767343,291084,0.5,Moderate (9-12),291084.0,0.379,0.157285574242768,0.6048428851514464,0.4903545366140401,49.03545366140401,1138,7.55
Basmotia,291353,37.6,164,31,a,a,a,b,,,,,,1.0,No,No,Yes,Yes,No,No,No,Yes,c,c,Yes,c,a,a,c,c,c,Yes,a,Yes,Yes,c,c,c,Yes,c,b,b,No,No,No,No,0.0,8.1,0.0,0.0,1.0,2.1,2.0,15.4,0.0,15.4,0.75,0.75,0.75,0.5,0.0,0.0,0.0,0.0,1.0,0.25,0.25,1.0,0.75,0.25,1.0,0.5,0.5,0.0,0.4583333333333333,0.2292682926829268,0.0625657602549368,0.25,0.75,0.75,0.25,0.25,0.25,1.0,1.0,0.625,0.2154255319148936,0.0,0.0,0.1356382978723404,0.5678191489361701,0.4677135174855539,0.4112674768941783,41.12674768941783,1181,1.0,291353,0.25,Low (5-8),291353.0,0.522,0.102151627344113,0.6979696745311774,0.4899863374990382,48.998633749903824,1139,20.502
Bamunbari T.E.No.125 F.S.,292096,239.4,1092,196,1,2,1,b,,,,,,4.0,No,Yes,Yes,No,No,No,No,No,Yes,b,b,b,b,Yes,b,a,a,Yes,b,Yes,Yes,a,b,b,a,c,Yes,Yes,Yes,Yes,No,No,0.0,23.4,0.0,0.0,0.0,0.0,0.0,91.5,0.0,91.5,1.0,1.0,1.0,0.5,0.0,0.0,0.0,0.0,0.0,1.0,0.5,0.5,0.5,0.75,0.75,1.0,1.0,0.0,0.5277777777777778,0.2192307692307692,0.1766140561147131,0.5,0.5,1.0,0.5,0.75,0.75,1.0,1.0,0.7,0.0977443609022556,0.0,0.0,0.0,0.5,0.3814756671899529,0.4623930919111133,46.23930919111133,834,1.0,292096,0.5,Moderate (9-12),292096.0,0.36,0.106813602713861,0.6206372794572278,0.4896297758900623,48.96297758900623,1140,27.684
Borbil No.2,292083,85.1,310,68,1,a,a,c,,,,,,0.0,No,No,Yes,No,No,No,No,No,Yes,c,a,c,c,c,c,c,b,Yes,b,Yes,Yes,a,c,a,Yes,c,a,a,Yes,No,No,No,0.0,15.0,0.0,0.0,0.0,0.0,0.0,58.3,0.0,58.3,1.0,0.75,0.75,0.25,0.0,0.0,0.0,0.0,0.0,1.0,0.25,0.75,0.5,0.75,1.0,0.75,0.75,0.0,0.4722222222222222,0.274516129032258,0.1779217255975341,0.25,0.25,0.25,0.25,0.25,0.5,1.0,1.0,0.5,0.1762632197414806,0.0,0.0,0.0,0.5,0.3814756671899529,0.3888311203929297,38.883112039292975,1249,1.0,292083,0.25,Low (5-8),292083.0,0.4,0.178659033590706,0.7192681932818588,0.48940905879062,48.940905879062,1141,30.535
Nagabat No.1,292188,99.4,522,107,1,a,a,a,,,,,,0.0,No,No,Yes,No,No,No,No,No,Yes,c,Yes,c,c,a,c,a,Yes,Yes,b,Yes,Yes,c,c,c,Yes,a,Yes,Yes,Yes,No,No,No,0.0,0.0,9.4,0.0,0.0,0.0,0.0,70.0,0.0,70.0,1.0,0.75,0.75,0.75,0.0,0.0,0.0,0.0,0.0,1.0,0.25,1.0,0.5,0.25,1.0,1.0,1.0,0.0,0.5138888888888888,0.1904214559386973,0.2330754840338419,0.25,0.25,0.75,0.25,0.75,1.0,1.0,1.0,0.675,0.0,0.0945674044265593,0.0,0.0,0.4716297786720322,0.3454005034919091,0.4583211939290645,45.83211939290645,877,1.0,292188,0.5,Moderate (9-12),292188.0,0.36,0.172498977513967,0.6075002044972067,0.4880790283311295,48.80790283311295,1142,38.465
Kath Gaon,291388,144.0,293,59,1,a,a,b,,,,,,0.0,No,No,Yes,Yes,No,No,No,No,Yes,b,b,b,a,a,b,b,b,Yes,b,Yes,Yes,a,b,a,Yes,c,Yes,a,Yes,No,No,No,0.0,24.4,0.0,0.0,0.0,0.0,0.0,106.4,0.0,106.4,1.0,0.75,0.75,0.5,0.0,0.0,0.0,0.0,1.0,1.0,0.5,0.5,0.5,0.75,1.0,1.0,0.75,0.0,0.5555555555555556,0.4914675767918088,0.2401961544350981,0.5,0.75,0.75,0.5,0.5,0.5,1.0,1.0,0.65,0.1694444444444444,0.0,0.0,0.0,0.5,0.3814756671899529,0.470233060935654,47.0233060935654,776,1.0,291388,0.25,Low (5-8),291388.0,0.793,0.177445533112611,0.6016108933774778,0.4879147460382586,48.791474603825854,1143,24.379
Kalalur Namdang No.2,291921,109.3,165,31,a,a,a,b,,,,,,0.0,No,No,Yes,Yes,No,No,No,No,Yes,c,b,c,b,b,b,a,b,Yes,b,Yes,Yes,b,b,c,Yes,c,a,a,Yes,No,No,No,0.0,25.8,3.0,0.0,2.5,1.8,2.2,61.3,0.0,61.3,0.75,0.75,0.75,0.5,0.0,0.0,0.0,0.0,1.0,1.0,0.25,0.5,0.5,0.5,1.0,0.75,0.75,0.0,0.5,0.6624242424242424,0.1299540932129631,0.25,0.5,0.5,0.5,0.75,0.5,1.0,1.0,0.6,0.2360475754803293,0.0274473924977127,0.0,0.0594693504117108,0.5215004574565416,0.408815338367031,0.4192515909766469,41.9251590976647,1132,1.0,291921,0.5,Moderate (9-12),291921.0,0.074,0.229625987075295,0.681874802584941,0.4865607450922718,48.65607450922718,1144,35.683
Moran Chah Company Wnl - 5,291910,155.4,103,24,1,a,a,c,,,,,,0.0,No,Yes,No,Yes,No,No,No,No,Yes,c,c,c,c,c,b,b,b,Yes,b,Yes,Yes,b,c,c,a,c,Yes,a,Yes,No,No,No,0.0,7.6,0.0,0.0,0.1,0.0,2.0,1.4,0.0,1.4,1.0,0.75,0.75,0.25,0.0,0.0,0.0,0.0,1.0,1.0,0.25,0.25,0.5,0.5,0.75,1.0,0.75,0.0,0.4861111111111111,1.50873786407767,0.2071148809599749,0.25,0.25,0.25,0.5,0.5,0.5,1.0,1.0,0.5,0.0489060489060489,0.0,0.0,0.0135135135135135,0.5067567567567568,0.390067461496033,0.4013199903169781,40.13199903169781,1218,1.0,291910,0.5,Moderate (9-12),291910.0,0.148,0.0794192926372046,0.6897161414725591,0.4861752960534223,48.61752960534224,1145,35.394
Hil Kachubam,292249,150.9,450,92,1,1,1,b,,,,,,0.0,No,Yes,Yes,Yes,No,No,No,No,Yes,b,b,b,b,Yes,c,b,b,Yes,a,Yes,Yes,c,b,c,a,a,Yes,Yes,Yes,No,No,No,0.0,8.8,12.3,0.0,0.0,0.0,0.0,119.7,0.0,119.7,1.0,1.0,1.0,0.5,0.0,0.0,0.0,0.0,1.0,1.0,0.5,0.5,0.75,0.25,0.75,1.0,1.0,0.0,0.5694444444444444,0.3353333333333333,0.1793602402853388,0.5,0.5,1.0,0.25,0.5,0.5,1.0,1.0,0.65,0.0583167660702452,0.0815109343936381,0.0,0.0,0.4755467196819085,0.3503812291088633,0.4522774170042185,45.227741700421845,928,1.0,292249,0.25,Low (5-8),292249.0,0.631,0.197166795563165,0.646266640887367,0.485903900792611,48.59039007926111,1146,30.487
Haldhibari Borpather,291779,242.6,417,92,1,a,a,c,,,,,,0.0,No,No,No,Yes,No,Yes,No,No,c,c,c,Yes,Yes,b,b,Yes,b,Yes,b,Yes,Yes,b,c,c,Yes,c,Yes,b,Yes,No,No,No,0.0,10.9,2.0,75.9,0.5,0.5,0.5,150.4,0.0,150.4,1.0,0.75,0.75,0.25,0.0,0.0,0.0,0.0,1.0,0.25,0.25,0.25,0.5,0.5,1.0,1.0,0.5,0.0,0.4444444444444444,0.5817745803357314,0.2423321939407362,1.0,1.0,0.5,0.5,1.0,0.5,1.0,1.0,0.725,0.0449299258037922,0.0082440230832646,0.0,0.0061830173124484,0.5006183017312449,0.3822618907414574,0.4656465377445866,46.56465377445866,812,1.0,291779,0.75,High (13-15),291779.0,0.166,0.101745686154097,0.5548508627691806,0.4848626772040749,48.48626772040749,1147,27.492
Changamari Tekela Gaon,291083,218.9,654,124,1,a,a,b,,,1.0,,,1.0,No,Yes,Yes,No,No,No,No,Yes,Yes,b,a,b,a,a,b,b,b,Yes,b,Yes,Yes,b,b,b,a,b,Yes,Yes,Yes,No,No,No,0.0,17.4,0.0,0.0,0.0,0.0,2.0,190.2,0.0,190.2,1.0,0.75,0.75,0.5,1.0,0.0,0.0,0.0,0.0,1.0,0.5,0.75,0.5,0.5,0.75,1.0,1.0,0.0,0.5555555555555556,0.3347094801223241,0.1793454842304135,0.5,0.75,0.75,0.5,0.5,0.5,1.0,1.0,0.675,0.0794883508451347,0.0,0.0,0.0091365920511649,0.5045682960255824,0.3872846464375538,0.463682189234003,46.3682189234003,826,1.0,291083,0.5,Moderate (9-12),291083.0,0.371,0.106887573523502,0.6173224852952996,0.4848580621413563,48.48580621413563,1148,8.112
Ghahi Pather,292164,150.3,470,96,1,a,a,b,,,,,,0.0,Yes,No,Yes,No,No,No,No,No,Yes,c,a,c,a,a,c,c,a,Yes,b,Yes,Yes,c,b,c,Yes,b,Yes,Yes,Yes,No,No,No,0.0,43.5,0.0,0.0,0.0,0.0,0.0,106.8,0.0,106.8,1.0,0.75,0.75,0.5,0.0,0.0,0.0,1.0,0.0,1.0,0.25,0.75,0.5,0.25,1.0,1.0,1.0,0.0,0.5416666666666666,0.3197872340425532,0.2932782413158178,0.25,0.75,0.75,0.25,0.25,0.75,1.0,1.0,0.625,0.2894211576846307,0.0,0.0,0.0,0.5,0.3814756671899529,0.4725313604336117,47.25313604336117,760,1.0,292164,0.5,Moderate (9-12),292164.0,0.518,0.112089711419973,0.5721820577160054,0.4844137334938495,48.44137334938495,1149,40.538
Gerakoni,291600,59.0,48,11,a,a,a,b,,,,,,0.0,No,No,Yes,No,No,Yes,No,No,b,b,Yes,c,b,b,c,Yes,Yes,a,b,Yes,c,c,c,c,a,a,b,a,No,No,No,No,0.0,15.6,0.0,0.0,0.0,0.0,0.0,43.3,0.0,43.3,0.75,0.75,0.75,0.5,0.0,0.0,0.0,0.0,0.0,0.5,0.5,1.0,0.5,0.25,0.75,0.5,0.75,0.0,0.4166666666666667,1.2291666666666667,0.0290735873850197,0.25,0.5,0.5,0.25,1.0,1.0,0.75,0.25,0.6,0.2644067796610169,0.0,0.0,0.0,0.5,0.3814756671899529,0.3677301969509122,36.77301969509122,1282,1.0,291600,0.0,Not listed,291600.0,0.748,0.144822369886773,0.7466355260226454,0.483143957333806,48.3143957333806,1150,33.031
Gelipung,291696,132.0,413,82,1,1,c,c,,,,,,0.0,Yes,Yes,Yes,Yes,No,Yes,No,No,Yes,b,Yes,,b,b,b,c,Yes,Yes,b,Yes,Yes,b,c,c,Yes,Yes,Yes,a,Yes,No,No,No,0.0,30.0,0.0,8.0,0.0,0.0,0.0,70.0,0.0,70.0,1.0,1.0,0.25,0.25,0.0,0.0,0.0,1.0,1.0,1.0,0.5,1.0,0.5,0.5,1.0,1.0,0.75,0.0,0.5972222222222222,0.3196125907990315,0.2932741104638029,0.0,0.5,0.5,0.5,0.25,1.0,1.0,1.0,0.625,0.2272727272727272,0.0,0.0,0.0,0.5,0.3814756671899529,0.4864192166094969,48.64192166094969,627,1.0,291696,0.25,Low (5-8),291696.0,0.954,0.109501285926966,0.5668997428146069,0.4822997748202864,48.22997748202864,1151,57.623
Gariabam Gaon,292405,238.9,923,206,2,1,1,b,,,,,,1.0,Yes,Yes,Yes,Yes,No,No,Yes,No,Yes,a,Yes,c,Yes,Yes,b,Yes,Yes,Yes,b,Yes,Yes,a,b,c,a,Yes,Yes,Yes,Yes,No,No,No,0.0,18.7,0.0,25.1,0.0,0.0,0.0,185.1,0.0,185.1,1.0,1.0,1.0,0.5,0.0,0.0,0.0,1.0,1.0,1.0,0.75,1.0,0.5,0.75,0.75,1.0,1.0,0.0,0.6805555555555556,0.2588299024918743,0.234693555042984,0.25,1.0,1.0,0.5,1.0,1.0,1.0,1.0,0.825,0.0782754290498116,0.0,0.0,0.0,0.5,0.3814756671899529,0.5526074110876256,55.26074110876256,167,1.0,292405,0.5,Moderate (9-12),292405.0,0.746,0.117860441590516,0.5026279116818968,0.4819459035119977,48.19459035119977,1152,52.067
Lengeri No.4,291826,58.4,138,30,1,a,,b,,,,,,0.0,No,No,Yes,Yes,No,No,No,No,Yes,c,Yes,c,b,c,b,b,Yes,Yes,b,Yes,Yes,c,b,c,a,Yes,Yes,a,Yes,No,No,No,0.0,2.9,2.0,0.0,0.5,3.2,1.5,33.0,0.0,33.0,1.0,0.75,0.0,0.5,0.0,0.0,0.0,0.0,1.0,1.0,0.25,1.0,0.5,0.25,0.75,1.0,0.75,0.0,0.4861111111111111,0.4231884057971014,0.181438284049265,0.25,0.5,0.25,0.5,0.5,1.0,1.0,1.0,0.65,0.0496575342465753,0.0342465753424657,0.0,0.0890410958904109,0.5342465753424658,0.4250231177824133,0.4468919723465767,44.68919723465768,963,1.0,291826,0.5,Moderate (9-12),291826.0,0.407,0.104297061438493,0.6070405877123014,0.4819292737645988,48.192927376459885,1153,25.437
Alichiga Gaon,292348,108.4,685,145,1,a,b,b,,,,,,0.0,Yes,Yes,Yes,Yes,No,No,No,No,Yes,a,Yes,a,b,b,c,b,Yes,Yes,b,Yes,Yes,c,b,c,a,a,a,Yes,Yes,No,No,No,11.4,38.7,0.0,0.0,7.4,0.0,0.0,0.0,0.0,0.0,1.0,0.75,0.5,0.5,0.0,0.0,0.0,1.0,1.0,1.0,0.75,1.0,0.5,0.25,0.75,0.75,1.0,0.0,0.5972222222222222,0.1582481751824817,0.1751716294486564,0.75,0.5,0.5,0.25,0.5,1.0,1.0,1.0,0.7,0.3570110701107011,0.0,0.1051660516605166,0.0682656826568265,0.51309963099631,0.398132968770818,0.4827250566718832,48.27250566718833,659,1.0,292348,0.25,Low (5-8),292348.0,0.794,0.206440546029893,0.5955118907940214,0.4817176089953953,48.171760899539535,1154,50.205
Sagunechowa No.1,292074,115.2,288,60,1,2,a,a,,,,,,0.0,Yes,Yes,Yes,No,No,No,No,No,Yes,c,b,c,b,Yes,c,c,a,Yes,b,Yes,Yes,a,b,a,Yes,c,Yes,a,Yes,No,No,No,0.0,3.4,0.0,0.0,0.0,0.0,0.0,89.8,0.0,89.8,1.0,1.0,0.75,0.75,0.0,0.0,0.0,1.0,0.0,1.0,0.25,0.5,0.5,0.75,1.0,1.0,0.75,0.0,0.5694444444444444,0.4,0.2951755209311057,0.25,0.5,1.0,0.25,0.25,0.75,1.0,1.0,0.6,0.0295138888888888,0.0,0.0,0.0,0.5,0.3814756671899529,0.4724501247818781,47.24501247818782,763,1.0,292074,0.5,Moderate (9-12),292074.0,0.494,0.140717021695071,0.5736565956609858,0.4804778685756637,48.04778685756637,1155,33.685
Dihing Kinar Naga,292343,148.2,325,61,1,1,a,a,,,,,,0.0,Yes,Yes,Yes,Yes,No,No,No,No,Yes,a,a,a,a,a,c,c,c,Yes,b,Yes,Yes,c,a,c,a,a,Yes,a,Yes,No,No,No,0.0,19.6,0.0,29.2,2.1,0.0,0.0,94.1,0.0,94.1,1.0,1.0,0.75,0.75,0.0,0.0,0.0,1.0,1.0,1.0,0.75,0.75,0.5,0.25,0.75,1.0,0.75,0.0,0.625,0.4559999999999999,0.2393572367186033,0.75,0.75,0.75,0.25,0.25,0.25,1.0,1.0,0.625,0.1322537112010796,0.0,0.0,0.0141700404858299,0.5070850202429149,0.3904848766040206,0.481686284500455,48.168628450045496,672,1.0,292343,0.25,Low (5-8),292343.0,0.841,0.15597787550453,0.591504424899094,0.4800138106298915,48.001381062989154,1156,51.231
Chetia Gaon,291708,77.6,310,66,1,a,a,b,,,,,,0.0,Yes,No,No,Yes,No,Yes,No,No,Yes,c,b,c,b,a,b,a,b,Yes,a,Yes,Yes,b,c,c,Yes,c,Yes,a,Yes,No,No,No,0.0,17.6,1.1,0.0,0.3,0.0,0.4,55.8,0.0,55.8,1.0,0.75,0.75,0.5,0.0,0.0,0.0,1.0,1.0,1.0,0.25,0.5,0.75,0.5,1.0,1.0,0.75,0.0,0.5972222222222222,0.2503225806451613,0.2916351877531989,0.25,0.5,0.75,0.5,0.75,0.5,1.0,1.0,0.65,0.2268041237113402,0.0141752577319587,0.0,0.009020618556701,0.5002577319587629,0.3818033954263704,0.4935750315791294,49.357503157912944,560,1.0,291708,0.75,High (13-15),291708.0,0.167,0.141216848042185,0.546656630391563,0.4788419584088805,47.88419584088805,1157,26.194
Kuli Gaon,291935,138.7,320,68,1,a,b,b,,,,,,0.0,No,No,No,Yes,No,No,No,No,Yes,b,b,c,b,Yes,b,a,a,Yes,b,Yes,Yes,c,b,c,Yes,c,Yes,a,Yes,No,No,No,0.0,21.0,4.0,0.0,3.0,2.7,0.0,70.0,0.0,70.0,1.0,0.75,0.5,0.5,0.0,0.0,0.0,0.0,1.0,1.0,0.5,0.5,0.5,0.25,1.0,1.0,0.75,0.0,0.5138888888888888,0.4334375,0.2388235639196546,0.25,0.5,1.0,0.5,0.75,0.75,1.0,1.0,0.675,0.1514059120403749,0.0288392213410237,0.0,0.0410958904109589,0.5118961788031724,0.3966026763431235,0.4699986484707605,46.99986484707605,778,1.0,291935,0.75,High (13-15),291935.0,0.108,0.160819162300094,0.5604361675399812,0.4783707594473746,47.83707594473746,1158,35.426
Majgaon,292206,5.5,84,18,a,a,a,c,,,,,,1.0,No,No,Yes,No,No,No,No,No,b,c,c,c,b,c,c,c,a,c,a,a,Yes,b,c,b,a,c,a,a,No,No,No,No,0.0,2.0,0.0,0.0,0.0,0.0,0.0,3.5,0.0,3.5,0.75,0.75,0.75,0.25,0.0,0.0,0.0,0.0,0.0,0.5,0.25,0.25,0.75,0.5,0.75,0.75,0.75,0.0,0.3888888888888889,0.0654761904761904,0.0015487140979913,0.25,0.5,0.25,0.25,0.25,0.75,0.25,1.0,0.45,0.3636363636363636,0.0,0.0,0.0,0.5,0.3814756671899529,0.3089045341847106,30.890453418471065,1316,1.0,292206,0.0,Not listed,292206.0,0.492,0.148854551850047,0.8226290896299906,0.476660164454987,47.66601644549871,1159,41.004
Dighalia Gaon No.2,292273,31.4,746,151,1,1,a,a,,,,,,0.0,No,Yes,Yes,Yes,Yes,Yes,No,No,Yes,b,a,b,b,c,c,a,b,Yes,b,Yes,Yes,b,c,b,a,b,Yes,Yes,Yes,No,No,No,0.0,0.6,0.0,0.0,0.0,3.4,11.2,11.2,0.0,11.2,1.0,1.0,0.75,0.75,0.0,0.0,0.0,0.0,1.0,1.0,0.5,0.75,0.5,0.5,0.75,1.0,1.0,0.0,0.5833333333333334,0.0420911528150134,0.1724241571718963,0.5,0.5,0.25,0.25,0.75,0.5,1.0,1.0,0.6,0.019108280254777,0.0,0.0,0.464968152866242,0.7324840764331211,0.6770990610845026,0.5043591848432079,50.43591848432079,465,1.0,292273,0.5,Moderate (9-12),292273.0,0.63,0.159028097894429,0.5291943804211142,0.4763486506240951,47.63486506240952,1160,35.636
Bordoloni Gaon,291856,73.7,256,52,1,a,a,a,,,,,,0.0,No,Yes,Yes,Yes,No,No,No,No,Yes,c,a,c,a,a,c,a,a,Yes,a,Yes,Yes,b,Yes,b,Yes,c,Yes,a,Yes,No,No,No,0.0,10.4,7.4,0.0,2.1,0.0,1.0,51.5,0.0,51.5,1.0,0.75,0.75,0.75,0.0,0.0,0.0,0.0,1.0,1.0,0.25,0.75,0.75,0.5,1.0,1.0,0.75,0.0,0.5694444444444444,0.287890625,0.2353809308710343,0.25,0.75,0.75,0.25,0.75,0.75,1.0,1.0,0.7,0.141112618724559,0.1004070556309362,0.0,0.0420624151967435,0.4909090909090909,0.3699157984872271,0.485189503526315,48.51895035263151,639,1.0,291856,0.75,High (13-15),291856.0,0.115,0.178603429666518,0.5547793140666964,0.4762443281175212,47.62443281175212,1161,30.754
Chengelijan,292302,168.7,634,133,1,a,a,b,,,,,,0.0,Yes,Yes,Yes,Yes,No,No,No,No,c,b,a,a,a,a,c,c,b,Yes,a,Yes,Yes,c,b,c,Yes,b,Yes,Yes,Yes,No,No,No,0.0,21.4,0.0,0.0,10.3,10.3,0.0,95.4,0.0,95.4,1.0,0.75,0.75,0.5,0.0,0.0,0.0,1.0,1.0,0.25,0.5,0.75,0.75,0.25,1.0,1.0,1.0,0.0,0.5833333333333334,0.2660883280757097,0.2920080963652224,0.75,0.75,0.75,0.25,0.25,0.5,1.0,1.0,0.675,0.1268524007113218,0.0,0.0,0.1221102548903378,0.5610551274451689,0.459112485448331,0.5131578545143052,51.315785451430514,392,1.0,292302,0.5,Moderate (9-12),292302.0,0.7,0.208905923620016,0.4982188152759969,0.476156423018954,47.6156423018954,1162,41.47
Raidang,291390,1511.0,480,95,1,b,b,c,,,,,,0.0,Yes,No,Yes,Yes,No,No,No,No,Yes,c,c,c,c,c,c,c,c,Yes,a,Yes,Yes,c,b,c,a,b,Yes,Yes,Yes,No,No,No,0.0,5.6,0.0,37.5,0.0,107.1,0.0,1360.8,0.0,1360.8,1.0,0.5,0.5,0.25,0.0,0.0,0.0,1.0,1.0,1.0,0.25,0.25,0.75,0.25,0.75,1.0,1.0,0.0,0.5277777777777778,3.1479166666666667,0.3030293786371316,0.25,0.25,0.25,0.25,0.25,0.25,1.0,1.0,0.45,0.0037061548643282,0.0,0.0,0.0708802117802779,0.535440105890139,0.4265407939890308,0.4280099479015335,42.80099479015336,1093,1.0,291390,0.25,Low (5-8),291390.0,0.837,0.0406831760202795,0.6157633647959442,0.4760438096760152,47.60438096760152,1163,26.827
Bezapather No.2,291924,105.4,455,92,1,1,a,a,,,,,,0.0,No,Yes,Yes,Yes,No,No,No,No,c,c,c,c,Yes,b,b,Yes,a,Yes,b,Yes,Yes,b,b,c,a,c,Yes,Yes,Yes,No,No,No,0.0,25.6,3.8,0.0,4.0,1.8,1.5,53.1,0.0,53.1,1.0,1.0,0.75,0.75,0.0,0.0,0.0,0.0,1.0,0.25,0.25,0.25,0.5,0.5,0.75,1.0,1.0,0.0,0.5,0.2316483516483516,0.1769077702849056,0.25,1.0,0.5,0.5,1.0,0.75,1.0,1.0,0.675,0.2428842504743833,0.0360531309297912,0.0,0.0692599620493358,0.5238140417457305,0.4117572587347594,0.4540783943181783,45.40783943181784,907,1.0,291924,0.75,High (13-15),291924.0,0.032,0.139298348125788,0.5875403303748423,0.4760066635313772,47.60066635313772,1164,38.303
Rajgarh No.1,291349,110.6,973,192,1,a,a,b,,,,,,1.0,No,Yes,Yes,Yes,No,No,No,Yes,Yes,c,b,c,Yes,Yes,c,c,c,Yes,a,Yes,Yes,c,c,c,Yes,c,Yes,Yes,Yes,No,No,No,0.0,50.7,0.0,0.0,7.6,0.0,0.0,41.1,0.0,41.1,1.0,0.75,0.75,0.5,0.0,0.0,0.0,0.0,1.0,1.0,0.25,0.5,0.75,0.25,1.0,1.0,1.0,0.0,0.5416666666666666,0.1136690647482014,0.2312600529675752,0.25,1.0,1.0,0.25,0.25,0.25,1.0,1.0,0.625,0.4584086799276673,0.0,0.0,0.0687160940325497,0.5343580470162749,0.425164863552877,0.4657646526191359,46.57646526191359,810,1.0,291349,0.5,Moderate (9-12),291349.0,0.516,0.132706801976455,0.5686586396047091,0.474053198616709,47.4053198616709,1165,18.452
Nahazar Sonowal,291777,82.8,119,26,1,a,a,b,,,,,,0.0,No,Yes,Yes,Yes,No,No,No,No,Yes,b,b,a,b,a,a,a,a,Yes,b,Yes,Yes,a,c,c,a,b,Yes,b,Yes,No,No,No,0.0,7.6,5.2,0.0,0.6,0.0,2.5,63.8,0.0,63.8,1.0,0.75,0.75,0.5,0.0,0.0,0.0,0.0,1.0,1.0,0.5,0.5,0.5,0.75,0.75,1.0,0.5,0.0,0.5277777777777778,0.6957983193277311,0.1878863503351406,0.75,0.5,0.75,0.75,0.75,0.75,1.0,1.0,0.725,0.0917874396135265,0.0628019323671497,0.0,0.03743961352657,0.4998792270531401,0.3813220940550133,0.4726804508392322,47.26804508392323,758,1.0,291777,0.75,High (13-15),291777.0,0.183,0.0440607528345447,0.5612878494330911,0.4736850414652736,47.36850414652736,1166,26.832
Ronga Gora Nepali,291665,17.7,21,5,a,a,a,c,,,,,,0.0,No,No,Yes,No,No,No,No,No,a,c,a,c,c,c,c,a,a,a,a,Yes,c,a,c,a,Yes,c,b,a,Yes,No,No,No,0.0,0.0,6.8,0.0,0.0,0.0,0.4,10.6,0.0,10.6,0.75,0.75,0.75,0.25,0.0,0.0,0.0,0.0,0.0,0.75,0.25,0.75,0.75,0.75,1.0,0.5,0.75,0.0,0.4444444444444444,0.8428571428571429,0.1342218884925849,0.25,0.25,0.25,0.25,0.75,0.75,0.75,0.25,0.5,0.0,0.384180790960452,0.0,0.0225988700564971,0.396045197740113,0.2492882420243196,0.3445242316391212,34.45242316391213,1305,1.0,291665,0.0,Not listed,291665.0,0.708,0.155962789060516,0.7564074421878968,0.4735116853019529,47.351168530195295,1167,34.523
Gulimora No.3,291511,11.0,30,6,a,b,b,b,,,,,,0.0,No,Yes,Yes,No,No,No,No,No,a,b,b,b,b,b,c,c,a,b,b,Yes,Yes,a,b,a,Yes,c,b,b,Yes,No,No,No,0.0,5.0,0.0,1.0,0.0,0.0,0.0,3.0,0.0,3.0,0.75,0.5,0.5,0.5,0.0,0.0,0.0,0.0,0.0,0.75,0.5,0.5,0.5,0.75,1.0,0.5,0.5,0.0,0.4027777777777778,0.3666666666666666,0.1229585132344659,0.5,0.5,0.5,0.25,0.25,0.75,0.5,1.0,0.525,0.4545454545454545,0.0,0.0,0.0,0.5,0.3814756671899529,0.3652292061910515,36.52292061910515,1285,1.0,291511,0.0,Not listed,291511.0,0.837,0.237757209626423,0.7013485580747154,0.4735004016169956,47.35004016169956,1168,39.348
Borbil No.2,292085,8.2,73,16,1,a,a,c,,,,,,0.0,No,No,Yes,No,No,No,No,No,Yes,c,c,c,c,c,c,c,c,b,a,Yes,Yes,a,c,a,a,c,Yes,a,Yes,No,No,No,0.0,2.7,0.0,0.0,0.0,0.0,0.0,1.0,0.0,1.0,1.0,0.75,0.75,0.25,0.0,0.0,0.0,0.0,0.0,1.0,0.25,0.25,0.75,0.75,0.75,1.0,0.75,0.0,0.4583333333333333,0.1123287671232876,0.1740854936469934,0.25,0.25,0.25,0.25,0.25,0.25,0.5,1.0,0.4,0.3292682926829269,0.0,0.0,0.0,0.5,0.3814756671899529,0.3543998401830723,35.43998401830723,1297,1.0,292085,0.25,Low (5-8),292085.0,0.399,0.118107565197655,0.731678486960469,0.4734141182744289,47.34141182744289,1169,29.94
Hati Ali Gaon,291615,158.0,727,144,1,a,b,b,,,,,,0.0,No,Yes,Yes,No,No,No,No,No,Yes,c,b,c,b,b,c,c,b,Yes,b,Yes,Yes,a,c,a,Yes,Yes,Yes,Yes,Yes,No,No,No,0.0,50.0,0.0,16.0,0.0,0.0,58.0,0.0,0.0,0.0,1.0,0.75,0.5,0.5,0.0,0.0,0.0,0.0,0.0,1.0,0.25,0.5,0.5,0.75,1.0,1.0,1.0,0.0,0.4861111111111111,0.2173314993122421,0.2337119896589717,0.25,0.5,0.5,0.25,0.25,0.5,1.0,1.0,0.525,0.3164556962025316,0.0,0.0,0.3670886075949367,0.6835443037974684,0.6148679530234685,0.4604293657972144,46.04293657972144,858,1.0,291615,0.5,Moderate (9-12),291615.0,0.598,0.138549168717432,0.5428901662565135,0.4728142568708686,47.28142568708687,1170,20.959
Deodhai,292256,134.3,201,38,1,b,a,a,,,,,,0.0,No,No,No,Yes,No,No,No,No,Yes,b,b,b,b,b,c,b,b,Yes,b,Yes,Yes,c,b,c,a,b,Yes,a,Yes,No,No,No,0.0,20.0,0.0,0.0,0.0,0.0,0.0,106.0,0.0,106.0,1.0,0.5,0.75,0.75,0.0,0.0,0.0,0.0,1.0,1.0,0.5,0.5,0.5,0.25,0.75,1.0,0.75,0.0,0.5138888888888888,0.6681592039800995,0.1872325999064187,0.5,0.5,0.5,0.25,0.5,0.5,1.0,1.0,0.575,0.1489203276247207,0.0,0.0,0.0,0.5,0.3814756671899529,0.4240755056368174,42.40755056368175,1113,1.0,292256,0.25,Low (5-8),292256.0,0.666,0.214056302844815,0.632388739431037,0.4719849958275124,47.19849958275124,1171,33.685
Kenduguri No.3,291633,145.0,97,21,1,b,a,c,,,,,,0.0,No,Yes,Yes,No,No,No,No,No,Yes,c,c,c,c,c,c,c,c,c,b,Yes,Yes,a,c,a,Yes,c,Yes,b,Yes,No,No,No,0.0,45.0,0.0,0.0,0.0,0.0,0.0,45.0,0.0,45.0,1.0,0.5,0.75,0.25,0.0,0.0,0.0,0.0,0.0,1.0,0.25,0.25,0.5,0.75,1.0,1.0,0.5,0.0,0.4305555555555556,1.4948453608247425,0.2639291375002661,0.25,0.25,0.25,0.25,0.25,0.25,0.25,1.0,0.35,0.3103448275862069,0.0,0.0,0.0,0.5,0.3814756671899529,0.354916306701946,35.4916306701946,1294,1.0,291633,0.25,Low (5-8),291633.0,0.515,0.121747865657173,0.6961504268685654,0.4716638052009856,47.16638052009856,1172,26.348
Mohmara Chapori,291477,0.0,284,45,a,a,a,a,,,,,,0.0,No,No,Yes,No,Yes,No,No,No,b,c,a,a,b,a,a,Yes,a,Yes,a,Yes,Yes,a,a,a,Yes,c,b,c,No,No,No,No,0.0,0.0,0.0,0.0,0.0,0.0,0.0,0.0,0.0,0.0,0.75,0.75,0.75,0.75,0.0,0.0,0.0,0.0,0.0,0.5,0.25,0.75,0.75,0.75,1.0,0.5,0.25,0.0,0.4305555555555556,0.0,0.0571428571428571,0.75,0.5,0.75,0.75,1.0,0.75,1.0,1.0,0.8,,,,0.0,,0.0,0.3619246031746032,36.19246031746032,1289,1.0,291477,0.0,Not listed,291477.0,0.8,0.0912589320745359,0.7417482135850928,0.4709849997197514,47.09849997197514,1173,27.285
Dighalia No.3,292070,141.4,720,154,1,b,b,b,,,,,,0.0,Yes,Yes,Yes,No,No,No,No,No,Yes,a,b,c,b,b,c,a,a,Yes,b,Yes,Yes,b,b,b,Yes,c,Yes,Yes,Yes,No,No,No,0.0,14.4,0.0,0.0,0.0,0.0,0.0,124.0,0.0,124.0,1.0,0.5,0.5,0.5,0.0,0.0,0.0,1.0,0.0,1.0,0.75,0.5,0.5,0.5,1.0,1.0,1.0,0.0,0.5416666666666666,0.1963888888888889,0.290359489393655,0.25,0.5,0.5,0.25,0.75,0.75,1.0,1.0,0.6,0.1018387553041018,0.0,0.0,0.0,0.5,0.3814756671899529,0.464301672453071,46.4301672453071,819,1.0,292070,0.5,Moderate (9-12),292070.0,0.548,0.163589957069138,0.5528820085861724,0.4709640258613756,47.096402586137565,1174,35.237
Bhakalajan Gaon,291661,7.5,137,32,a,a,a,b,,,,,,0.0,No,Yes,Yes,No,No,No,No,No,Yes,c,Yes,c,b,b,c,Yes,Yes,Yes,b,Yes,Yes,a,c,a,a,b,b,a,Yes,No,No,No,0.0,0.0,6.5,0.0,0.0,0.0,0.3,0.7,0.0,0.7,0.75,0.75,0.75,0.5,0.0,0.0,0.0,0.0,0.0,1.0,0.25,1.0,0.5,0.75,0.75,0.5,0.75,0.0,0.4583333333333333,0.0547445255474452,0.0584377342254511,0.25,0.5,0.5,0.25,1.0,1.0,1.0,1.0,0.7,0.0,0.8666666666666667,0.0,0.04,0.26,0.0762951334379905,0.3544517935772942,35.44517935772942,1296,1.0,291661,0.0,Not listed,291661.0,0.71,0.125771246845353,0.7618457506309294,0.4707920038244332,47.07920038244332,1175,29.923
Ghahi Gaon,291489,88.0,749,151,1,a,b,a,,,1.0,,,0.0,Yes,Yes,Yes,No,No,No,No,No,Yes,b,Yes,c,b,Yes,c,b,Yes,Yes,b,Yes,Yes,a,c,a,Yes,Yes,Yes,Yes,Yes,No,No,No,0.0,20.0,0.0,0.0,0.0,0.0,0.0,20.0,0.0,20.0,1.0,0.75,0.5,0.75,1.0,0.0,0.0,1.0,0.0,1.0,0.5,1.0,0.5,0.75,1.0,1.0,1.0,0.0,0.6527777777777778,0.1174899866488651,0.2884932867125506,0.25,0.5,1.0,0.25,0.5,1.0,1.0,1.0,0.7,0.2272727272727272,0.0,0.0,0.0,0.5,0.3814756671899529,0.5216128995605727,52.16128995605727,329,1.0,291489,0.5,Moderate (9-12),291489.0,0.713,0.190400661873711,0.4980198676252578,0.4685526188067337,46.85526188067337,1176,28.945
Moina Gaon No.2,291706,214.2,82,16,1,a,b,b,,,,,,0.0,No,No,No,Yes,Yes,No,No,No,c,c,b,b,b,b,b,a,b,b,b,Yes,Yes,b,c,c,Yes,c,Yes,a,No,No,No,No,0.0,15.4,86.0,0.0,0.0,0.0,0.2,110.3,0.0,110.3,1.0,0.75,0.5,0.5,0.0,0.0,0.0,0.0,1.0,0.25,0.25,0.5,0.5,0.5,1.0,1.0,0.75,0.0,0.4722222222222222,2.612195121951219,0.233215052631097,0.5,0.5,0.5,0.5,0.75,0.5,0.5,1.0,0.575,0.0718954248366013,0.4014939309056956,0.0,0.0009337068160597,0.3800186741363212,0.2289091460760128,0.3946411479285323,39.46411479285323,1239,1.0,291706,0.5,Moderate (9-12),291706.0,0.194,0.199970628203255,0.6518058743593489,0.4683624848129157,46.83624848129158,1177,23.843
Lerela Pather No.1,292127,136.0,805,163,1,1,1,b,,,,,,2.0,Yes,Yes,Yes,Yes,No,Yes,No,No,c,b,b,c,b,b,c,c,c,Yes,b,Yes,Yes,a,c,a,Yes,b,Yes,Yes,Yes,No,No,No,0.0,20.7,0.0,0.0,0.0,0.0,0.0,105.3,0.0,105.3,1.0,1.0,1.0,0.5,0.0,0.0,0.0,1.0,1.0,0.25,0.5,0.5,0.5,0.75,1.0,1.0,1.0,0.0,0.6111111111111112,0.168944099378882,0.2897103353710792,0.25,0.5,0.5,0.25,0.25,0.25,1.0,1.0,0.5,0.1522058823529411,0.0,0.0,0.0,0.5,0.3814756671899529,0.4515004950585382,45.15004950585382,933,1.0,292127,0.5,Moderate (9-12),292127.0,0.419,0.137878566935599,0.5967242866128802,0.4683386485664148,46.83386485664148,1178,34.118
Juria Pukhuri,292366,64.0,714,164,1,a,a,a,,,,,,0.0,No,Yes,Yes,Yes,No,No,No,No,b,b,b,c,c,b,c,c,c,Yes,b,Yes,Yes,c,c,c,Yes,c,Yes,Yes,Yes,No,No,No,0.0,5.0,0.0,0.0,0.0,0.0,0.0,50.0,0.0,50.0,1.0,0.75,0.75,0.75,0.0,0.0,0.0,0.0,1.0,0.5,0.5,0.5,0.5,0.25,1.0,1.0,1.0,0.0,0.5277777777777778,0.0896358543417367,0.230691593325898,0.25,0.25,0.5,0.25,0.25,0.25,1.0,1.0,0.475,0.078125,0.0,0.0,0.0,0.5,0.3814756671899529,0.4084124762139096,40.84124762139096,1190,1.0,292366,0.25,Low (5-8),292366.0,0.666,0.147481385168359,0.6457037229663283,0.4681757375964988,46.81757375964988,1179,46.788
Charaihabi Gaon No.1,291739,105.0,389,77,1,a,a,b,,,,,,0.0,Yes,No,Yes,Yes,No,Yes,No,No,Yes,c,b,c,b,b,b,c,b,Yes,a,Yes,Yes,a,c,c,a,c,Yes,a,Yes,No,No,No,0.0,11.0,7.0,0.0,1.1,0.7,0.0,81.7,0.0,81.7,1.0,0.75,0.75,0.5,0.0,0.0,0.0,1.0,1.0,1.0,0.25,0.5,0.75,0.75,0.75,1.0,0.75,0.0,0.5972222222222222,0.2699228791773779,0.2349559381971747,0.25,0.5,0.5,0.5,0.25,0.5,1.0,1.0,0.575,0.1047619047619047,0.0666666666666666,0.0,0.0171428571428571,0.4885714285714285,0.3669432608208118,0.4539331922690116,45.39331922690116,909,0.953196099752465,291739,0.5,Moderate (9-12),291739.0,0.408,0.147660245948752,0.5980679508102497,0.4680076539965153,46.80076539965153,1180,16.405
Guian Khati No.1,291640,34.0,15,4,a,a,a,b,,,,,,0.0,No,No,Yes,No,No,No,No,No,c,c,c,c,c,c,c,c,c,a,c,Yes,c,a,c,a,Yes,c,b,c,No,No,No,No,0.0,7.0,0.0,0.0,0.0,0.0,2.0,20.0,0.0,20.0,0.75,0.75,0.75,0.5,0.0,0.0,0.0,0.0,0.0,0.25,0.25,0.25,0.25,0.75,1.0,0.5,0.25,0.0,0.3472222222222222,2.2666666666666666,0.1107565233715036,0.25,0.25,0.25,0.25,0.25,0.25,0.75,0.25,0.3,0.2058823529411764,0.0,0.0,0.0588235294117647,0.5294117647058824,0.4188752424046542,0.2882697348793623,28.82697348793623,1317,1.0,291640,0.0,Not listed,291640.0,0.553,0.206963967321762,0.7927072065356475,0.467603299817833,46.76032998178331,1181,26.471
Hatiali Habi,291617,20.0,161,33,1,a,b,b,,,,,,0.0,No,Yes,Yes,No,No,No,No,No,Yes,c,b,c,a,a,c,c,b,Yes,b,Yes,Yes,b,c,b,a,Yes,Yes,b,Yes,No,No,No,0.0,5.0,5.0,1.0,1.0,0.0,0.0,7.0,7.0,0.0,1.0,0.75,0.5,0.5,0.0,0.0,0.0,0.0,0.0,1.0,0.25,0.5,0.5,0.5,0.75,1.0,0.5,0.0,0.4305555555555556,0.124223602484472,0.1743668432350372,0.25,0.75,0.75,0.25,0.25,0.5,1.0,1.0,0.575,0.25,0.25,0.0,0.05,0.4499999999999999,0.3178963893249607,0.3873098775626403,38.73098775626404,1253,1.0,291617,0.25,Low (5-8),291617.0,0.58,0.245679183989297,0.6518641632021406,0.4670218344883596,46.70218344883597,1182,19.961
Kanai Gaon,291274,206.9,670,139,2,1,a,c,,,1.0,,,1.0,Yes,Yes,No,Yes,No,No,No,Yes,Yes,c,b,c,Yes,Yes,c,c,c,Yes,a,Yes,Yes,b,b,b,Yes,c,Yes,Yes,Yes,No,No,No,0.0,32.4,7.6,7.5,1.4,0.0,0.0,148.0,0.0,148.0,1.0,1.0,0.75,0.25,1.0,0.0,0.0,1.0,1.0,1.0,0.25,0.5,0.75,0.5,1.0,1.0,1.0,0.0,0.6666666666666666,0.3088059701492537,0.2930185005141367,0.25,1.0,1.0,0.25,0.25,0.25,1.0,1.0,0.625,0.1565973900434992,0.0367327211213146,0.0,0.0067665538907684,0.4923634606089899,0.3717651539925931,0.5017743225937195,50.17743225937195,488,1.0,291274,0.5,Moderate (9-12),291274.0,0.669,0.102071776039517,0.5288856447920967,0.4655736561442618,46.55736561442618,1183,14.183
Nigam Gaon,292374,271.2,1018,218,2,2,1,a,,1.0,,,,1.0,No,No,Yes,Yes,No,Yes,No,No,Yes,a,a,a,Yes,a,a,a,a,Yes,b,Yes,Yes,c,a,c,a,a,Yes,Yes,Yes,No,No,No,0.0,13.7,0.0,28.7,0.0,0.0,0.0,142.7,0.0,142.7,1.0,1.0,1.0,0.75,0.0,1.0,0.0,0.0,1.0,1.0,0.75,0.75,0.5,0.25,0.75,1.0,1.0,0.0,0.6527777777777778,0.2664047151277013,0.1777298656103041,0.75,1.0,0.75,0.75,0.75,0.75,1.0,1.0,0.8,0.0505162241887905,0.0,0.0,0.0,0.5,0.3814756671899529,0.5239220442850111,52.39220442850111,311,1.0,292374,0.5,Moderate (9-12),292374.0,0.705,0.150319281641602,0.5084361436716796,0.4650282739497408,46.50282739497408,1184,48.525
Borbam No.1,291644,312.0,1197,252,2,a,a,b,,,,,,1.0,No,No,Yes,No,No,No,No,No,Yes,c,Yes,c,Yes,Yes,c,c,Yes,Yes,b,Yes,Yes,c,c,c,a,b,Yes,Yes,Yes,No,No,No,0.0,30.0,0.0,72.0,0.0,0.0,200.0,0.0,0.0,0.0,1.0,0.75,0.75,0.5,0.0,0.0,0.0,0.0,0.0,1.0,0.25,1.0,0.5,0.25,0.75,1.0,1.0,0.0,0.4861111111111111,0.2606516290726817,0.1775937873593313,0.25,1.0,1.0,0.25,0.25,1.0,1.0,1.0,0.725,0.0961538461538461,0.0,0.0,0.6410256410256411,0.8205128205128205,0.7890351406834925,0.5412332527543091,54.12332527543092,222,1.0,291644,0.75,High (13-15),291644.0,0.623,0.225462488722642,0.3930075022554716,0.4649567188445453,46.49567188445453,1185,26.814
Kawaimari Gaon,292371,256.4,1036,211,1,2,1,b,,,1.0,,,1.0,Yes,Yes,Yes,Yes,No,Yes,No,No,Yes,b,Yes,b,b,b,c,c,Yes,Yes,b,Yes,Yes,c,b,c,Yes,Yes,Yes,Yes,Yes,No,No,No,0.0,14.6,0.0,85.6,0.0,0.0,0.0,110.1,0.0,110.1,1.0,1.0,1.0,0.5,1.0,0.0,0.0,1.0,1.0,1.0,0.5,1.0,0.5,0.25,1.0,1.0,1.0,0.0,0.7083333333333334,0.2474903474903474,0.2915681966930324,0.5,0.5,0.5,0.25,0.25,1.0,1.0,1.0,0.65,0.0569422776911076,0.0,0.0,0.0,0.5,0.3814756671899529,0.5212705159445821,52.12705159445821,333,1.0,292371,0.5,Moderate (9-12),292371.0,0.692,0.152582500269188,0.5118834999461623,0.464866799230216,46.4866799230216,1186,46.596
Disang Borbil,292016,267.9,260,51,1,a,b,c,,1.0,1.0,,,0.0,Yes,No,Yes,Yes,No,No,No,No,a,c,a,c,b,b,c,c,c,Yes,b,Yes,Yes,c,c,a,Yes,c,Yes,a,Yes,No,No,No,0.0,27.4,0.0,0.0,0.0,0.0,0.0,240.4,0.0,240.4,1.0,0.75,0.5,0.25,1.0,1.0,0.0,1.0,1.0,0.75,0.25,0.75,0.5,0.25,1.0,1.0,0.75,0.0,0.6527777777777778,1.0303846153846152,0.3100860637391518,0.25,0.5,0.5,0.25,0.25,0.25,1.0,1.0,0.525,0.1022769690182904,0.0,0.0,0.0,0.5,0.3814756671899529,0.474511093817223,47.451109381722304,737,1.0,292016,0.5,Moderate (9-12),292016.0,0.54,0.131602038551008,0.5616795922897984,0.4644147029292003,46.44147029292003,1187,28.637
Puwali Pather,292161,133.0,571,130,1,a,a,b,,,,,,2.0,No,No,Yes,Yes,No,No,No,No,a,c,a,a,a,b,b,c,c,Yes,a,Yes,Yes,b,c,c,Yes,a,Yes,Yes,Yes,No,No,No,0.0,35.9,10.0,0.0,0.0,0.0,0.0,87.1,0.0,87.1,1.0,0.75,0.75,0.5,0.0,0.0,0.0,0.0,1.0,0.75,0.25,0.75,0.75,0.5,1.0,1.0,1.0,0.0,0.5555555555555556,0.2329246935201401,0.2340808168544279,0.75,0.75,0.5,0.5,0.25,0.25,1.0,1.0,0.65,0.2699248120300752,0.075187969924812,0.0,0.0,0.4774436090225564,0.3527932861982271,0.4629677503421413,46.296775034214136,830,1.0,292161,0.5,Moderate (9-12),292161.0,0.536,0.16482337270808,0.5562353254583841,0.4639333273266947,46.39333273266947,1188,41.091
Naharani Gaon,292291,211.4,1449,309,4,2,1,c,1.0,1.0,,,1.0,1.0,Yes,Yes,Yes,Yes,No,Yes,No,No,c,c,b,Yes,Yes,Yes,c,c,b,Yes,b,Yes,Yes,c,c,c,a,b,Yes,Yes,Yes,No,No,No,0.0,12.2,1.7,0.0,0.0,0.0,0.0,182.1,0.0,182.1,1.0,1.0,1.0,0.25,0.0,1.0,0.0,1.0,1.0,0.25,0.25,0.5,0.5,0.25,0.75,1.0,1.0,0.0,0.5972222222222222,0.1458937198067633,0.2320222655708001,1.0,1.0,1.0,0.25,0.25,0.5,1.0,1.0,0.7,0.0577105014191106,0.0080416272469252,0.0,0.0,0.4975875118259224,0.3784079820706392,0.4929927183623834,49.29927183623835,567,1.0,292291,0.5,Moderate (9-12),292291.0,0.637,0.190058305173962,0.5208883389652076,0.4631220992893789,46.31220992893789,1189,39.192
Borkurukani,292159,151.7,561,114,1,a,b,b,,,,,,0.0,Yes,No,No,Yes,No,No,No,No,Yes,c,a,c,a,a,c,c,a,Yes,a,Yes,Yes,b,b,c,a,c,Yes,Yes,Yes,No,No,No,0.0,40.8,0.0,0.0,0.0,0.0,0.0,110.9,0.0,110.9,1.0,0.75,0.5,0.5,0.0,0.0,0.0,1.0,1.0,1.0,0.25,0.75,0.75,0.5,0.75,1.0,1.0,0.0,0.5972222222222222,0.270409982174688,0.2349674596872556,0.25,0.75,0.75,0.25,0.25,0.75,1.0,1.0,0.65,0.2689518787079762,0.0,0.0,0.0,0.5,0.3814756671899529,0.47934255391536,47.934255391536006,692,1.0,292159,0.5,Moderate (9-12),292159.0,0.558,0.206563963795844,0.5412872072408312,0.4624780978966393,46.24780978966393,1190,41.543
Puwali Pather,291584,161.1,714,146,1,1,a,a,,,1.0,,,0.0,Yes,Yes,Yes,No,No,No,No,No,a,a,a,a,a,a,c,a,a,Yes,b,Yes,Yes,a,a,c,Yes,Yes,Yes,Yes,Yes,No,No,No,0.0,61.0,0.0,0.0,0.0,0.0,0.0,100.0,0.0,100.0,1.0,1.0,0.75,0.75,1.0,0.0,0.0,1.0,0.0,0.75,0.75,0.75,0.5,0.75,1.0,1.0,1.0,0.0,0.6666666666666666,0.2256302521008403,0.2910511379321768,0.75,0.75,0.75,0.25,0.75,0.75,1.0,1.0,0.725,0.3786468032278088,0.0,0.0,0.0,0.5,0.3814756671899529,0.5332245845877015,53.32245845877015,262,1.0,291584,0.5,Moderate (9-12),291584.0,0.791,0.220064200857053,0.4686871598285893,0.4624589984929729,46.24589984929729,1191,40.355
Halowa,292268,39.4,638,124,1,1,1,b,,,,,,0.0,Yes,Yes,Yes,Yes,Yes,Yes,No,No,Yes,c,Yes,c,b,c,c,c,a,Yes,b,Yes,Yes,c,c,c,a,b,Yes,Yes,Yes,No,No,No,0.0,20.0,0.0,0.0,0.0,0.0,9.0,0.0,0.0,0.0,1.0,1.0,1.0,0.5,0.0,0.0,0.0,1.0,1.0,1.0,0.25,1.0,0.5,0.25,0.75,1.0,1.0,0.0,0.625,0.0617554858934169,0.2300321365163451,0.25,0.5,0.25,0.25,0.25,0.75,1.0,1.0,0.575,0.5076142131979695,0.0,0.0,0.2284263959390863,0.6142131979695431,0.5267075201810517,0.4915995381652966,49.15995381652966,577,1.0,292268,0.5,Moderate (9-12),292268.0,0.671,0.111243592647911,0.5264512814704178,0.4620946747444111,46.20946747444111,1192,37.717
Borguri Gaon,291520,160.0,1152,235,1,a,a,a,,,,,,1.0,Yes,Yes,Yes,No,No,Yes,No,No,Yes,a,Yes,a,Yes,Yes,c,b,Yes,Yes,b,Yes,Yes,a,a,b,b,Yes,Yes,Yes,Yes,No,No,No,0.0,23.0,0.0,3.0,0.0,0.0,0.0,10.0,0.0,10.0,1.0,0.75,0.75,0.75,0.0,0.0,0.0,1.0,0.0,1.0,0.75,1.0,0.5,0.75,0.5,1.0,1.0,0.0,0.5972222222222222,0.1388888888888889,0.2318565796883799,0.75,1.0,1.0,0.25,0.5,1.0,1.0,1.0,0.8,0.14375,0.0,0.0,0.0,0.5,0.3814756671899529,0.5235648339156411,52.35648339156411,314,1.0,291520,0.5,Moderate (9-12),291520.0,0.88,0.0982159685093003,0.4663568062981399,0.4617282175198439,46.1728217519844,1193,43.845
Rajgarh No.2,291348,138.8,268,62,1,a,a,b,,,,,,1.0,No,No,No,Yes,No,No,No,Yes,Yes,c,b,b,b,Yes,c,c,c,Yes,a,Yes,Yes,c,c,c,a,c,Yes,a,Yes,No,No,No,0.0,61.8,0.0,1.6,10.0,0.0,0.0,50.8,0.0,50.8,1.0,0.75,0.75,0.5,0.0,0.0,0.0,0.0,1.0,1.0,0.25,0.5,0.75,0.25,0.75,1.0,0.75,0.0,0.5138888888888888,0.5179104477611941,0.1836787528473644,0.5,0.5,1.0,0.25,0.25,0.25,1.0,1.0,0.6,0.4452449567723342,0.0,0.0,0.0720461095100864,0.5360230547550433,0.4272820633462874,0.4398483231033208,43.98483231033208,1009,1.0,291348,0.5,Moderate (9-12),291348.0,0.503,0.110480214846146,0.5770039570307708,0.4608135805260925,46.08135805260925,1194,17.207
Miri Gaon,291394,264.5,1398,274,5,1,b,c,,,1.0,,,1.0,No,Yes,Yes,Yes,No,No,No,No,Yes,c,c,c,Yes,c,c,c,c,Yes,b,Yes,Yes,c,c,c,a,c,Yes,Yes,Yes,No,No,No,0.0,16.5,0.0,0.0,0.0,67.0,0.0,179.5,0.0,179.5,1.0,1.0,0.5,0.25,1.0,0.0,0.0,0.0,1.0,1.0,0.25,0.25,0.5,0.25,0.75,1.0,1.0,0.0,0.5416666666666666,0.1891988555078683,0.1759037086153541,0.25,1.0,0.25,0.25,0.25,0.25,1.0,1.0,0.5,0.0623818525519848,0.0,0.0,0.2533081285444234,0.6266540642722117,0.5425271460918234,0.4378980230388699,43.78980230388699,1027,1.0,291394,0.25,Low (5-8),291394.0,0.92,0.0570233032855431,0.5875953393428914,0.4603931348047687,46.03931348047687,1195,33.133
Dhekiajan Gaon No.1,291540,236.0,1023,219,1,2,c,c,,,,,,1.0,Yes,Yes,Yes,Yes,No,Yes,No,No,Yes,c,Yes,c,Yes,Yes,c,Yes,Yes,Yes,b,Yes,Yes,a,c,a,Yes,Yes,Yes,Yes,Yes,No,No,No,0.0,90.0,0.0,5.0,0.0,0.0,0.0,36.0,0.0,36.0,1.0,1.0,0.25,0.25,0.0,0.0,0.0,1.0,1.0,1.0,0.25,1.0,0.5,0.75,1.0,1.0,1.0,0.0,0.6111111111111112,0.23069403714565,0.2911709120856677,0.25,1.0,1.0,0.25,1.0,1.0,1.0,1.0,0.8,0.3813559322033898,0.0,0.0,0.0,0.5,0.3814756671899529,0.5418656392371853,54.18656392371853,214,1.0,291540,0.5,Moderate (9-12),291540.0,0.961,0.182216003562197,0.4252567992875605,0.4601167978149341,46.011679781493406,1196,54.248
Gereki Nepali,291395,133.0,244,57,1,a,a,b,,,,,,0.0,No,No,No,Yes,Yes,No,No,No,c,c,a,b,a,a,b,b,a,Yes,b,Yes,Yes,b,c,b,a,Yes,Yes,b,No,No,No,No,0.0,36.0,2.0,0.0,0.0,0.0,0.0,95.0,0.0,95.0,1.0,0.75,0.75,0.5,0.0,0.0,0.0,0.0,1.0,0.25,0.25,0.75,0.5,0.5,0.75,1.0,0.5,0.0,0.4722222222222222,0.5450819672131147,0.1271785860463398,0.5,0.75,0.75,0.5,0.5,0.75,1.0,1.0,0.7,0.2706766917293233,0.0150375939849624,0.0,0.0,0.4954887218045112,0.3757391909916077,0.434998040265462,43.4998040265462,1048,1.0,291395,0.25,Low (5-8),291395.0,0.942,0.0713611339281909,0.5781277732143619,0.4594066344460709,45.94066344460709,1197,34.952
Ouguri Kapahua No.2,292043,193.1,953,206,1,1,a,b,,,1.0,,,1.0,No,Yes,Yes,No,No,Yes,No,No,Yes,b,b,c,b,Yes,c,c,b,Yes,b,Yes,Yes,a,b,c,Yes,b,Yes,Yes,Yes,No,No,No,0.0,7.6,0.0,0.0,0.0,0.0,0.0,53.5,0.0,53.5,1.0,1.0,0.75,0.5,1.0,0.0,0.0,0.0,0.0,1.0,0.5,0.5,0.5,0.75,1.0,1.0,1.0,0.0,0.5833333333333334,0.202623294858342,0.2333640952040831,0.25,0.5,1.0,0.25,0.25,0.5,1.0,1.0,0.575,0.0393578456758156,0.0,0.0,0.0,0.5,0.3814756671899529,0.4529694905723447,45.29694905723448,920,1.0,292043,0.5,Moderate (9-12),292043.0,0.478,0.178082779674765,0.570983444065047,0.4589557515055325,45.895575150553256,1198,30.434
Tamulbari T.E.40/43 Nlr,291318,51.3,260,49,1,b,b,b,,,,,,1.0,No,No,Yes,Yes,No,No,No,Yes,Yes,c,b,b,b,b,b,b,b,Yes,a,Yes,Yes,c,c,c,a,c,Yes,a,Yes,No,No,No,0.0,5.2,0.0,0.0,1.1,0.0,2.0,35.8,0.0,35.8,1.0,0.5,0.5,0.5,0.0,0.0,0.0,0.0,1.0,1.0,0.25,0.5,0.75,0.25,0.75,1.0,0.75,0.0,0.4861111111111111,0.1973076923076923,0.1760955076460989,0.5,0.5,0.5,0.5,0.5,0.5,1.0,1.0,0.625,0.101364522417154,0.0,0.0,0.0604288499025341,0.530214424951267,0.4198958935801041,0.4370308334053234,43.70308334053234,1033,1.0,291318,0.5,Moderate (9-12),291318.0,0.589,0.0340631288420402,0.566487374231592,0.4586032106411771,45.86032106411771,1199,14.247
Sukan Pather,292052,114.8,290,60,1,2,a,a,,,,,,1.0,No,No,Yes,No,No,No,No,No,c,b,a,a,a,a,c,b,a,Yes,b,Yes,Yes,b,c,b,a,a,Yes,a,Yes,No,No,No,0.0,20.2,0.0,0.0,0.0,0.0,0.0,94.5,0.0,94.5,1.0,1.0,0.75,0.75,0.0,0.0,0.0,0.0,0.0,0.25,0.5,0.75,0.5,0.5,0.75,1.0,0.75,0.0,0.4722222222222222,0.3958620689655172,0.1807919317983208,0.75,0.75,0.75,0.25,0.5,0.75,1.0,1.0,0.7,0.1759581881533101,0.0,0.0,0.0,0.5,0.3814756671899529,0.4495486719431263,44.95486719431264,946,1.0,292052,0.5,Moderate (9-12),292052.0,0.595,0.158195603054952,0.5398608793890096,0.4583636847836769,45.836368478367696,1200,37.254
Tipam Gaon,292338,186.7,787,132,1,1,b,b,,,,,,0.0,No,Yes,Yes,Yes,No,No,No,No,Yes,c,b,c,b,b,c,c,b,Yes,a,Yes,Yes,b,c,b,a,c,Yes,Yes,Yes,No,No,No,0.0,20.0,0.9,30.5,10.1,5.2,7.2,87.6,0.0,87.6,1.0,1.0,0.5,0.5,0.0,0.0,0.0,0.0,1.0,1.0,0.25,0.5,0.75,0.5,0.75,1.0,1.0,0.0,0.5416666666666666,0.2372299872935196,0.1770397932042394,0.25,0.5,0.5,0.25,0.25,0.5,1.0,1.0,0.55,0.1071237279057311,0.0048205677557579,0.0,0.1205141938939475,0.5588109266202463,0.4562587920916791,0.4359283733860623,43.59283733860623,1041,1.0,292338,0.25,Low (5-8),292338.0,0.855,0.170821671532609,0.5843356656934782,0.456433033392203,45.6433033392203,1201,54.713
Komar Gaon,291452,224.4,1178,243,2,2,a,c,,,,,,1.0,No,Yes,Yes,No,No,No,No,No,a,a,a,a,Yes,a,a,a,a,Yes,b,Yes,Yes,c,a,a,a,c,Yes,Yes,Yes,No,No,No,0.0,5.0,0.0,7.8,0.0,0.0,0.0,161.7,0.0,161.7,1.0,1.0,0.75,0.25,0.0,0.0,0.0,0.0,0.0,0.75,0.75,0.75,0.5,0.25,0.75,1.0,1.0,0.0,0.4861111111111111,0.1904923599320883,0.1759343039893829,0.75,1.0,0.75,0.75,0.75,0.75,1.0,1.0,0.8,0.0222816399286987,0.0,0.0,0.0,0.5,0.3814756671899529,0.4818064872131141,48.18064872131141,670,1.0,291452,0.5,Moderate (9-12),291452.0,0.8,0.114716365322707,0.4870567269354586,0.4560276168500221,45.60276168500221,1202,28.563
Gohain Gaon,291309,245.1,666,132,1,1,b,b,,,1.0,,,1.0,No,No,Yes,Yes,No,No,No,Yes,Yes,c,b,b,b,Yes,b,b,b,Yes,a,Yes,Yes,b,c,b,a,c,Yes,Yes,Yes,No,No,No,0.0,113.3,0.0,8.1,3.2,0.0,0.0,112.4,0.0,112.4,1.0,1.0,0.5,0.5,1.0,0.0,0.0,0.0,1.0,1.0,0.25,0.5,0.75,0.5,0.75,1.0,1.0,0.0,0.5972222222222222,0.368018018018018,0.1801333340098123,0.5,0.5,1.0,0.5,0.5,0.5,1.0,1.0,0.675,0.4622603019175846,0.0,0.0,0.0130558955528355,0.5065279477764177,0.3897765113012533,0.4747941913182593,47.479419131825935,735,1.0,291309,0.5,Moderate (9-12),291309.0,0.614,0.110873482368712,0.5436253035262576,0.4559499316081441,45.59499316081441,1203,15.725
Nakhat Sonowal,291810,167.0,250,51,1,1,a,a,,,1.0,,,0.0,Yes,No,Yes,Yes,No,No,No,No,Yes,c,a,c,b,a,c,Yes,c,Yes,b,Yes,Yes,c,c,c,Yes,Yes,Yes,c,Yes,No,No,No,0.0,16.1,1.4,0.0,0.2,0.0,3.0,128.1,0.0,128.1,1.0,1.0,0.75,0.75,1.0,0.0,0.0,1.0,1.0,1.0,0.25,0.75,0.5,0.25,1.0,1.0,0.25,0.0,0.6388888888888888,0.668,0.3015145485263751,0.25,0.5,0.75,0.25,1.0,0.25,1.0,1.0,0.625,0.0964071856287425,0.0083832335329341,0.0,0.0191616766467065,0.507065868263473,0.3904605232235685,0.5006929639985297,50.069296399852966,495,1.0,291810,0.75,High (13-15),291810.0,0.419,0.0402537268320833,0.4912492546335834,0.4554474174685624,45.54474174685624,1204,22.549
Na-Mati Block,292289,50.4,592,130,1,a,a,a,,,,,,0.0,No,Yes,Yes,Yes,Yes,Yes,No,No,Yes,c,a,c,a,a,c,Yes,a,Yes,a,Yes,Yes,c,c,c,a,c,Yes,Yes,Yes,No,No,No,0.0,15.0,0.0,10.4,0.0,0.0,0.0,25.0,0.0,25.0,1.0,0.75,0.75,0.75,0.0,0.0,0.0,0.0,1.0,1.0,0.25,0.75,0.75,0.25,0.75,1.0,1.0,0.0,0.5555555555555556,0.0851351351351351,0.1734422802753946,0.25,0.75,0.75,0.25,1.0,0.75,1.0,1.0,0.725,0.2976190476190476,0.0,0.0,0.0,0.5,0.3814756671899529,0.4760445923957281,47.60445923957281,721,1.0,292289,0.5,Moderate (9-12),292289.0,0.633,0.177763378128609,0.5245473243742782,0.4554008498970529,45.540084989705285,1205,37.087
Chungigaon,291486,271.0,2027,434,1,2,1,a,,,,,,1.0,Yes,Yes,Yes,No,No,Yes,No,No,Yes,a,Yes,c,Yes,Yes,c,b,Yes,Yes,Yes,Yes,Yes,b,c,b,a,Yes,Yes,Yes,Yes,No,No,No,0.0,70.0,0.0,0.0,36.0,0.0,0.0,100.0,0.0,100.0,1.0,1.0,1.0,0.75,0.0,0.0,0.0,1.0,0.0,1.0,0.75,1.0,1.0,0.5,0.75,1.0,1.0,0.0,0.6527777777777778,0.1336951159348791,0.2888765880622855,0.25,1.0,1.0,0.25,0.5,1.0,1.0,1.0,0.8,0.2583025830258302,0.0,0.0,0.1328413284132841,0.566420664206642,0.4659352245013816,0.5686006363602921,56.86006363602921,108,1.0,291486,0.75,High (13-15),291486.0,0.7,0.169317513901412,0.3811364972197176,0.4545640295786656,45.456402957866565,1206,27.595
Bhadai Nagar,291691,158.0,604,128,1,1,1,c,,,,,,0.0,Yes,Yes,Yes,Yes,No,No,No,No,Yes,c,Yes,c,a,a,c,a,Yes,Yes,b,Yes,Yes,b,a,b,Yes,Yes,Yes,Yes,Yes,No,No,No,0.0,55.0,0.0,3.0,0.0,0.0,0.0,50.0,0.0,50.0,1.0,1.0,1.0,0.25,0.0,0.0,0.0,1.0,1.0,1.0,0.25,1.0,0.5,0.5,1.0,1.0,1.0,0.0,0.6388888888888888,0.2615894039735099,0.2919016829173385,0.25,0.75,0.75,0.25,0.75,1.0,1.0,1.0,0.725,0.3481012658227848,0.0,0.0,0.0,0.5,0.3814756671899529,0.5264927763895475,52.64927763895475,295,1.0,291691,0.5,Moderate (9-12),291691.0,0.932,0.114811936533821,0.4474376126932357,0.4541718158851218,45.41718158851218,1207,55.359
Nabhakatia No.1,292173,124.2,317,67,1,1,a,a,,,,,,0.0,Yes,No,Yes,No,No,No,No,No,Yes,c,Yes,c,a,a,c,c,a,Yes,b,Yes,Yes,c,c,b,Yes,a,Yes,a,Yes,No,No,No,0.0,23.8,0.0,17.7,0.0,0.0,0.0,82.6,0.0,82.6,1.0,1.0,0.75,0.75,0.0,0.0,0.0,1.0,0.0,1.0,0.25,1.0,0.5,0.25,1.0,1.0,0.75,0.0,0.5694444444444444,0.3917981072555205,0.2949815208399091,0.25,0.75,0.75,0.25,0.25,0.75,1.0,1.0,0.65,0.1916264090177133,0.0,0.0,0.0,0.5,0.3814756671899529,0.487401624759079,48.7401624759079,617,1.0,292173,0.75,High (13-15),292173.0,0.431,0.0698450555069314,0.4817309888986137,0.4536591258479157,45.36591258479157,1208,39.296
Raidangia,292061,126.2,353,74,1,a,a,a,,,,,,0.0,No,No,Yes,No,No,No,No,No,Yes,a,b,c,b,b,b,b,a,Yes,b,Yes,Yes,a,a,b,Yes,c,Yes,a,Yes,No,No,No,0.0,16.6,0.0,0.0,0.0,0.0,0.0,100.6,0.0,100.6,1.0,0.75,0.75,0.75,0.0,0.0,0.0,0.0,0.0,1.0,0.75,0.5,0.5,0.75,1.0,1.0,0.75,0.0,0.5277777777777778,0.3575070821529745,0.2370275750612492,0.25,0.5,0.5,0.5,0.5,0.75,1.0,1.0,0.6,0.1315372424722662,0.0,0.0,0.0,0.5,0.3814756671899529,0.4474964716477473,44.749647164774736,958,1.0,292061,0.5,Moderate (9-12),292061.0,0.568,0.193542122201432,0.5408915755597137,0.4528348740676907,45.28348740676908,1209,39.578
Patra Gaon,291139,191.2,818,176,1,a,a,a,,,,,,1.0,Yes,Yes,Yes,No,No,No,No,Yes,Yes,b,Yes,Yes,a,a,a,a,a,Yes,b,Yes,Yes,b,a,b,Yes,b,Yes,Yes,Yes,No,No,No,0.0,105.0,0.0,0.0,12.7,0.0,0.0,47.8,0.0,47.8,1.0,0.75,0.75,0.75,0.0,0.0,0.0,1.0,0.0,1.0,0.5,1.0,0.5,0.5,1.0,1.0,1.0,0.0,0.5972222222222222,0.2337408312958435,0.2912429781759483,1.0,0.75,0.75,0.75,0.75,0.75,1.0,1.0,0.825,0.549163179916318,0.0,0.0,0.0664225941422594,0.5332112970711297,0.423706672884796,0.5543576346765018,55.435763467650176,160,1.0,291139,1.0,Very High (16-18),291139.0,0.345,0.0941570435725427,0.3776685912854914,0.452434181990903,45.2434181990903,1210,10.566
Kheremia Gaon,291594,183.5,1054,219,3,a,a,c,,,1.0,,,1.0,Yes,Yes,Yes,No,No,Yes,No,No,Yes,c,Yes,c,c,c,c,Yes,Yes,Yes,b,Yes,Yes,c,c,c,Yes,c,Yes,Yes,Yes,No,No,No,0.0,38.2,0.0,0.0,0.0,0.0,2.0,116.5,0.0,116.5,1.0,0.75,0.75,0.25,1.0,0.0,0.0,1.0,0.0,1.0,0.25,1.0,0.5,0.25,1.0,1.0,1.0,0.0,0.5972222222222222,0.1740986717267552,0.2898322569246426,0.25,0.25,0.25,0.25,1.0,1.0,1.0,1.0,0.65,0.2081743869209809,0.0,0.0,0.0108991825613079,0.505449591280654,0.3884052887556197,0.4944446775378401,49.44446775378402,552,1.0,291594,0.5,Moderate (9-12),291594.0,0.75,0.228741555877738,0.4792516888244524,0.4524195330742845,45.24195330742845,1211,36.022
Khatua,292267,201.2,508,108,1,2,1,1,,,,,,0.0,Yes,No,Yes,Yes,No,No,No,No,Yes,b,Yes,c,Yes,Yes,c,b,b,Yes,b,Yes,Yes,c,c,c,a,Yes,Yes,Yes,Yes,No,No,No,20.8,94.2,0.0,0.0,1.7,84.5,0.0,0.0,0.0,0.0,1.0,1.0,1.0,1.0,0.0,0.0,0.0,1.0,1.0,1.0,0.5,1.0,0.5,0.25,0.75,1.0,1.0,0.0,0.6666666666666666,0.3960629921259842,0.2379395413943822,0.25,1.0,1.0,0.25,0.5,0.5,1.0,1.0,0.7,0.4681908548707754,0.0,0.1033797216699801,0.4284294234592445,0.6935387673956263,0.6275767685878451,0.5616669057328313,56.16669057328313,133,1.0,292267,0.75,High (13-15),292267.0,0.697,0.0958778027086398,0.396724439458272,0.452311176420081,45.23111764200811,1212,38.098
Bebejia Gaon,291282,233.9,1242,261,1,a,a,b,,,,,,1.0,Yes,Yes,Yes,Yes,No,No,No,Yes,Yes,b,a,b,Yes,Yes,a,a,a,Yes,a,Yes,Yes,b,b,b,Yes,b,a,Yes,Yes,No,No,No,0.0,81.7,0.0,0.0,0.0,0.0,0.0,125.1,0.0,125.1,1.0,0.75,0.75,0.5,0.0,0.0,0.0,1.0,1.0,1.0,0.5,0.75,0.75,0.5,1.0,0.75,1.0,0.0,0.625,0.1883252818035427,0.2330259030424716,0.5,1.0,1.0,0.75,0.75,0.75,1.0,1.0,0.825,0.3492945703292005,0.0,0.0,0.0,0.5,0.3814756671899529,0.5383016091986085,53.830160919860845,233,1.0,291282,0.75,High (13-15),291282.0,0.567,0.131996539157909,0.4285006921684182,0.4518781027064781,45.18781027064781,1213,7.6
Deogharia No.1,291822,177.7,630,138,1,a,a,a,,,,,,0.0,Yes,Yes,Yes,Yes,No,Yes,No,No,Yes,c,Yes,c,Yes,Yes,c,Yes,c,Yes,b,Yes,Yes,c,c,c,a,c,Yes,Yes,Yes,No,No,No,0.0,56.6,0.0,26.5,1.0,0.0,0.5,82.4,0.0,82.4,1.0,0.75,0.75,0.75,0.0,0.0,0.0,1.0,1.0,1.0,0.25,1.0,0.5,0.25,0.75,1.0,1.0,0.0,0.6111111111111112,0.282063492063492,0.2352431011826544,0.25,1.0,1.0,0.25,1.0,0.25,1.0,1.0,0.725,0.3185143500281373,0.0,0.0,0.0084411930219471,0.5042205965109736,0.3868425167564971,0.5064570564247408,50.64570564247408,444,1.0,291822,0.75,High (13-15),291822.0,0.448,0.0939390273908546,0.4718121945218291,0.4505620306178697,45.056203061786974,1214,24.408
Ouguri Bangali,292335,56.3,245,50,1,a,b,b,,,,,,0.0,No,Yes,Yes,No,No,Yes,No,No,Yes,c,b,c,b,b,c,c,b,Yes,b,Yes,Yes,c,c,c,a,c,Yes,a,Yes,No,No,No,0.0,0.0,4.3,4.3,5.5,3.4,0.0,33.4,0.0,33.4,1.0,0.75,0.5,0.5,0.0,0.0,0.0,0.0,0.0,1.0,0.25,0.5,0.5,0.25,0.75,1.0,0.75,0.0,0.4305555555555556,0.2297959183673469,0.176863954517418,0.25,0.5,0.5,0.25,0.25,0.5,1.0,1.0,0.525,0.0,0.0763765541740675,0.0,0.1580817051509769,0.5561278863232682,0.4528470768003881,0.399924292878321,39.9924292878321,1223,1.0,292335,0.25,Low (5-8),292335.0,0.888,0.132560826739778,0.5820878346520444,0.4499781840102305,44.997818401023046,1215,55.373
Maj Kapahuwa,292399,174.6,1295,261,1,2,1,c,,,,,,1.0,Yes,No,Yes,Yes,No,No,No,No,Yes,Yes,Yes,b,Yes,Yes,b,Yes,Yes,Yes,b,Yes,Yes,Yes,b,c,Yes,Yes,Yes,Yes,Yes,No,No,No,0.0,68.5,0.0,0.0,0.0,0.0,0.0,100.1,0.0,100.1,1.0,1.0,1.0,0.25,0.0,0.0,0.0,1.0,1.0,1.0,1.0,1.0,0.5,1.0,1.0,1.0,1.0,0.0,0.7083333333333334,0.1348262548262548,0.3460462001329281,0.5,1.0,1.0,0.5,1.0,1.0,1.0,1.0,0.85,0.3923253150057273,0.0,0.0,0.0,0.5,0.3814756671899529,0.5948900168045561,59.48900168045561,52,1.0,292399,0.75,High (13-15),292399.0,0.771,0.272830954006528,0.3391338091986943,0.4493864237912027,44.93864237912027,1216,51.682
Amguri Nepali,292262,301.0,842,159,1,b,b,b,,,,,,0.0,Yes,No,Yes,Yes,No,No,No,No,Yes,b,b,b,b,b,c,b,b,Yes,b,Yes,Yes,b,b,b,Yes,b,Yes,Yes,Yes,No,No,No,0.0,60.0,0.0,0.0,0.0,0.0,0.0,230.0,0.0,230.0,1.0,0.5,0.5,0.5,0.0,0.0,0.0,1.0,1.0,1.0,0.5,0.5,0.5,0.5,1.0,1.0,1.0,0.0,0.5833333333333334,0.3574821852731591,0.2941698433160162,0.5,0.5,0.5,0.25,0.5,0.5,1.0,1.0,0.575,0.1993355481727574,0.0,0.0,0.0,0.5,0.3814756671899529,0.4681709276003279,46.8170927600328,791,1.0,292262,0.5,Moderate (9-12),292262.0,0.717,0.13022045372818,0.5088559092543641,0.4493061746092426,44.93061746092426,1217,35.491
Bordubi No.1,291513,175.0,1136,227,1,a,a,a,1.0,,,,,1.0,No,No,No,Yes,No,No,No,No,Yes,b,Yes,a,a,a,Yes,Yes,Yes,Yes,b,Yes,Yes,Yes,a,b,Yes,c,Yes,Yes,Yes,No,No,No,0.0,25.0,0.0,20.0,0.0,0.0,0.0,125.0,0.0,125.0,1.0,0.75,0.75,0.75,0.0,0.0,0.0,0.0,1.0,1.0,0.5,1.0,0.5,1.0,1.0,1.0,1.0,0.0,0.625,0.1540492957746478,0.2893580272700592,0.75,0.75,0.75,1.0,1.0,1.0,1.0,1.0,0.875,0.1428571428571428,0.0,0.0,0.0,0.5,0.3814756671899529,0.5673846402555054,56.73846402555054,110,1.0,291513,0.75,High (13-15),291513.0,0.832,0.0699281048233324,0.3614143790353334,0.4491266085101411,44.91266085101412,1218,40.635
Tingrai Gaon,291602,194.0,612,118,1,a,a,a,,,,,,0.0,No,No,Yes,No,No,No,No,No,a,a,Yes,c,b,b,c,b,Yes,Yes,b,Yes,Yes,b,c,c,Yes,a,Yes,Yes,Yes,No,No,No,0.0,2.0,0.0,37.0,0.0,0.0,0.0,153.0,0.0,153.0,1.0,0.75,0.75,0.75,0.0,0.0,0.0,0.0,0.0,0.75,0.75,1.0,0.5,0.5,1.0,1.0,1.0,0.0,0.5416666666666666,0.3169934640522875,0.2360693028854117,0.25,0.5,0.5,0.25,0.5,1.0,1.0,1.0,0.65,0.0103092783505154,0.0,0.0,0.0,0.5,0.3814756671899529,0.4657291258260101,46.57291258260102,811,1.0,291602,0.5,Moderate (9-12),291602.0,0.718,0.156066397847264,0.5033867204305472,0.4475933639720648,44.75933639720648,1219,30.579
Grab T.E. 4/12/35,292051,302.3,546,121,1,a,a,a,,,,,,0.0,No,No,Yes,No,No,No,No,No,Yes,b,b,c,b,b,c,a,a,Yes,b,Yes,Yes,b,a,b,a,c,Yes,Yes,Yes,No,No,No,0.0,20.3,0.0,0.0,0.0,0.0,0.0,0.0,0.0,0.0,1.0,0.75,0.75,0.75,0.0,0.0,0.0,0.0,0.0,1.0,0.5,0.5,0.5,0.5,0.75,1.0,1.0,0.0,0.5,0.5536630036630037,0.1845244111998382,0.25,0.5,0.5,0.25,0.75,0.75,1.0,1.0,0.6,0.0671518359245782,0.0,0.0,0.0,0.5,0.3814756671899529,0.4274262362379502,42.74262362379502,1097,1.0,292051,0.5,Moderate (9-12),292051.0,0.578,0.0879703038529253,0.5590059392294149,0.4469548285702184,44.69548285702184,1220,36.805
Niz Kanai Gaon,291273,217.4,1169,243,2,a,a,c,,,1.0,,,1.0,No,Yes,No,Yes,No,No,No,Yes,Yes,c,c,c,Yes,Yes,c,c,c,Yes,a,Yes,Yes,a,b,a,Yes,c,Yes,Yes,Yes,No,No,No,0.0,25.4,7.4,7.5,0.0,0.0,0.0,163.9,0.0,163.9,1.0,0.75,0.75,0.25,1.0,0.0,0.0,0.0,1.0,1.0,0.25,0.25,0.75,0.75,1.0,1.0,1.0,0.0,0.5972222222222222,0.1859709153122326,0.2329702150045694,0.25,1.0,1.0,0.25,0.25,0.25,1.0,1.0,0.6,0.1168353265869365,0.0340386384544618,0.0,0.0,0.4897884084636614,0.3684907548752995,0.4612462602817578,46.12462602817578,848,1.0,291273,0.5,Moderate (9-12),291273.0,0.652,0.106442052192105,0.533111589561579,0.4467608028070688,44.67608028070688,1221,12.394
Moina Block N.C.,291710,112.0,40,9,a,a,a,b,,,,,,0.0,No,Yes,No,Yes,Yes,No,No,No,c,c,b,c,b,a,b,a,b,b,a,Yes,c,a,c,c,Yes,c,a,a,No,No,No,No,0.0,2.3,12.3,0.0,0.0,0.0,0.7,94.5,0.0,94.5,0.75,0.75,0.75,0.5,0.0,0.0,0.0,0.0,1.0,0.25,0.25,0.5,0.75,0.75,1.0,0.75,0.75,0.0,0.4861111111111111,2.8,0.1233715036605969,0.25,0.5,0.75,0.5,0.75,0.5,0.5,0.25,0.525,0.0205357142857142,0.1098214285714285,0.0,0.0062499999999999,0.4701785714285714,0.3435551693204754,0.3785816875570221,37.85816875570221,1272,1.0,291710,0.5,Moderate (9-12),291710.0,0.204,0.207615294998108,0.6472769410003785,0.446286927713372,44.6286927713372,1222,23.96
Bokuloni Gaon No.1,291547,187.0,869,183,2,1,b,b,,,,,,0.0,Yes,Yes,Yes,Yes,No,No,No,No,Yes,c,Yes,c,Yes,Yes,c,b,Yes,Yes,b,Yes,Yes,b,c,b,a,Yes,Yes,Yes,Yes,No,No,No,0.0,62.0,0.0,5.0,0.0,0.0,0.0,87.0,0.0,87.0,1.0,1.0,0.5,0.5,0.0,0.0,0.0,1.0,1.0,1.0,0.25,1.0,0.5,0.5,0.75,1.0,1.0,0.0,0.6111111111111112,0.2151898734177215,0.2336613335931355,0.25,1.0,1.0,0.25,0.5,1.0,1.0,1.0,0.75,0.3315508021390374,0.0,0.0,0.0,0.5,0.3814756671899529,0.5124882446140522,51.24882446140522,399,1.0,291547,0.5,Moderate (9-12),291547.0,0.909,0.136475175162908,0.4500049649674185,0.4456386694637442,44.563866946374425,1223,51.656
Naharani No.2,291620,73.0,289,53,1,a,a,b,,,,,,0.0,Yes,No,Yes,No,No,No,No,No,Yes,c,a,c,b,b,b,c,b,Yes,b,Yes,Yes,c,c,c,a,Yes,Yes,b,Yes,No,No,No,0.0,25.0,0.0,10.0,0.0,0.0,0.0,34.0,0.0,34.0,1.0,0.75,0.75,0.5,0.0,0.0,0.0,1.0,0.0,1.0,0.25,0.75,0.5,0.25,0.75,1.0,0.5,0.0,0.5,0.2525951557093425,0.2345460840284169,0.25,0.5,0.5,0.5,0.25,0.5,1.0,1.0,0.575,0.3424657534246575,0.0,0.0,0.0,0.5,0.3814756671899529,0.4324316544450948,43.243165444509486,1063,1.0,291620,0.5,Moderate (9-12),291620.0,0.566,0.22494114494226,0.535211771011548,0.4449425794902163,44.49425794902164,1224,20.937
Hiloidhari Chandoi Gaon,291268,278.0,695,142,1,b,b,b,,,1.0,,,1.0,Yes,No,Yes,No,No,No,No,Yes,Yes,b,a,b,Yes,Yes,b,b,b,Yes,b,Yes,Yes,a,a,a,Yes,b,Yes,Yes,Yes,No,No,No,0.0,65.7,0.0,0.0,0.0,0.0,0.0,62.7,0.0,62.7,1.0,0.5,0.5,0.5,1.0,0.0,0.0,1.0,0.0,1.0,0.5,0.75,0.5,0.75,1.0,1.0,1.0,0.0,0.6111111111111112,0.4,0.2951755209311057,0.5,1.0,1.0,0.5,0.5,0.5,1.0,1.0,0.725,0.2363309352517985,0.0,0.0,0.0,0.5,0.3814756671899529,0.5203667914485448,52.03667914485448,340,1.0,291268,0.75,High (13-15),291268.0,0.559,0.181716251226964,0.4209567497546073,0.4443979302131122,44.439793021311225,1225,6.1
Konwar Gaon No.1,291709,114.2,566,116,1,a,a,b,,,,,,0.0,No,No,Yes,Yes,No,Yes,No,No,c,c,b,c,b,a,b,a,b,Yes,b,Yes,Yes,b,c,c,a,c,Yes,Yes,Yes,No,No,No,0.0,20.4,0.8,0.0,0.0,0.0,0.0,90.5,0.0,90.5,1.0,0.75,0.75,0.5,0.0,0.0,0.0,0.0,1.0,0.25,0.25,0.5,0.5,0.5,0.75,1.0,1.0,0.0,0.4861111111111111,0.2017667844522968,0.1762009789451829,0.25,0.5,0.75,0.5,0.75,0.5,1.0,1.0,0.625,0.1786339754816112,0.0070052539404553,0.0,0.0,0.4978984238178633,0.3788033332691826,0.42883868916791,42.883868916791,1086,1.0,291709,0.75,High (13-15),291709.0,0.184,0.119192121220838,0.5459615757558324,0.444255375029006,44.4255375029006,1226,25.461
Kenduguri No.2,292013,165.3,285,60,1,b,c,c,,1.0,,,,0.0,No,No,Yes,Yes,No,No,No,No,Yes,c,b,c,b,b,c,c,c,Yes,b,Yes,Yes,b,c,c,Yes,Yes,Yes,a,Yes,No,No,No,0.0,23.2,0.0,0.0,0.0,0.0,0.0,142.2,0.0,142.2,1.0,0.5,0.25,0.25,0.0,1.0,0.0,0.0,1.0,1.0,0.25,0.5,0.5,0.5,1.0,1.0,0.75,0.0,0.5277777777777778,0.5800000000000001,0.2422902196358175,0.25,0.5,0.5,0.25,0.25,0.25,1.0,1.0,0.5,0.1403508771929824,0.0,0.0,0.0,0.5,0.3814756671899529,0.4188121327913894,41.88121327913895,1136,1.0,292013,0.5,Moderate (9-12),292013.0,0.53,0.128903566761857,0.5652192866476285,0.4438816196464987,44.38816196464988,1227,25.981
Powali Pather No.1,292381,121.4,579,137,1,1,a,b,,,,,,0.0,No,Yes,No,Yes,No,No,No,No,Yes,a,Yes,a,a,a,c,c,Yes,Yes,b,Yes,Yes,b,b,b,a,Yes,Yes,Yes,Yes,No,No,No,0.0,3.8,0.0,15.5,0.0,0.0,0.0,102.0,0.0,102.0,1.0,1.0,0.75,0.5,0.0,0.0,0.0,0.0,1.0,1.0,0.75,1.0,0.5,0.5,0.75,1.0,1.0,0.0,0.5972222222222222,0.2096718480138169,0.1763879581095815,0.75,0.75,0.75,0.25,0.25,1.0,1.0,1.0,0.725,0.0313014827018121,0.0,0.0,0.0,0.5,0.3814756671899529,0.4871976785209415,48.71976785209415,618,1.0,292381,0.5,Moderate (9-12),292381.0,0.752,0.156903721584725,0.4930192556830549,0.4435260418791102,44.35260418791103,1228,48.663
Charaki Chapori,291364,0.0,696,97,1,a,a,a,,,,,,0.0,No,No,No,Yes,No,No,No,No,c,b,Yes,b,b,b,c,b,Yes,Yes,b,Yes,Yes,c,c,c,a,c,Yes,Yes,No,No,No,No,0.0,0.0,0.0,0.0,0.0,0.0,0.0,0.0,0.0,0.0,1.0,0.75,0.75,0.75,0.0,0.0,0.0,0.0,1.0,0.25,0.5,1.0,0.5,0.25,0.75,1.0,1.0,0.0,0.5277777777777778,0.0,0.1142857142857142,0.5,0.5,0.5,0.25,0.5,1.0,1.0,1.0,0.675,,,,0.0,,0.0,0.363015873015873,36.3015873015873,1288,1.0,291364,0.0,Not listed,291364.0,0.97,0.0541084851091752,0.698178302978165,0.4428427497626945,44.28427497626946,1229,34.851
Merbil Bhumuk,292259,136.4,673,137,1,b,b,a,,,,,,0.0,Yes,No,Yes,No,No,Yes,No,No,Yes,b,a,b,b,b,c,b,b,Yes,b,Yes,Yes,c,b,c,a,b,Yes,Yes,Yes,No,Yes,No,0.0,20.0,0.0,0.0,0.0,0.0,0.0,100.0,0.0,100.0,1.0,0.5,0.5,0.75,0.0,0.0,0.0,1.0,0.0,1.0,0.5,0.75,0.5,0.25,0.75,1.0,1.0,0.0,0.5277777777777778,0.2026745913818722,0.2333653085252705,0.5,0.5,0.5,0.25,0.5,0.5,1.0,1.0,0.6,0.1466275659824046,0.0,0.0,0.0,0.5,0.3814756671899529,0.4465809050137526,44.65809050137526,967,1.0,292259,0.5,Moderate (9-12),292259.0,0.678,0.159363862154849,0.5147272275690302,0.4414535682374226,44.14535682374227,1230,35.674
Mathawani,292239,303.5,797,164,1,1,1,b,,1.0,,,,0.0,Yes,Yes,Yes,Yes,No,No,No,No,Yes,b,Yes,b,Yes,Yes,c,b,Yes,Yes,a,Yes,Yes,a,b,c,a,a,Yes,Yes,Yes,No,No,No,0.0,24.8,12.6,0.0,0.0,0.0,0.0,266.2,0.0,266.2,1.0,1.0,1.0,0.5,0.0,1.0,0.0,1.0,1.0,1.0,0.5,1.0,0.75,0.75,0.75,1.0,1.0,0.0,0.7361111111111112,0.3808030112923463,0.2375785957242041,0.5,1.0,1.0,0.25,0.5,1.0,1.0,1.0,0.8,0.0817133443163097,0.0415156507413509,0.0,0.0,0.4875453047775947,0.365638456624571,0.5565501180337431,55.65501180337431,151,1.0,292239,0.75,High (13-15),292239.0,0.601,0.136793435398376,0.4173413129203248,0.4411769425928666,44.117694259286665,1231,30.639
Murhani,292295,25.0,1387,272,3,2,a,a,,,,,,1.0,No,Yes,Yes,Yes,No,No,Yes,No,c,b,b,c,Yes,Yes,c,a,a,Yes,c,Yes,Yes,c,c,c,a,Yes,Yes,Yes,Yes,No,No,No,0.0,12.0,0.0,8.0,0.0,0.0,0.0,5.0,0.0,5.0,1.0,1.0,0.75,0.75,0.0,0.0,0.0,0.0,1.0,0.25,0.5,0.5,0.25,0.25,0.75,1.0,1.0,0.0,0.5,0.0180245133381398,0.1718549068294735,0.25,1.0,1.0,0.25,0.75,0.75,1.0,1.0,0.675,0.48,0.0,0.0,0.0,0.5,0.3814756671899529,0.446758860145359,44.6758860145359,964,1.0,292295,0.5,Moderate (9-12),292295.0,0.673,0.168981568202568,0.5143036863594864,0.4409065513296559,44.09065513296559,1232,38.884
Saru Abhoyapuria,291604,184.0,1159,250,1,a,a,a,,,,,,1.0,Yes,No,Yes,No,No,Yes,No,No,Yes,c,Yes,c,Yes,Yes,c,b,Yes,Yes,b,Yes,Yes,c,c,c,Yes,Yes,Yes,Yes,Yes,No,No,No,0.0,40.0,0.0,0.0,0.0,0.0,0.0,40.0,0.0,40.0,1.0,0.75,0.75,0.75,0.0,0.0,0.0,1.0,0.0,1.0,0.25,1.0,0.5,0.25,1.0,1.0,1.0,0.0,0.5694444444444444,0.1587575496117342,0.2894693920125922,0.25,1.0,1.0,0.25,0.5,1.0,1.0,1.0,0.75,0.217391304347826,0.0,0.0,0.0,0.5,0.3814756671899529,0.5160235925522497,51.602359255224975,377,1.0,291604,0.75,High (13-15),291604.0,0.681,0.0918290085967687,0.4023341982806462,0.4405223773938995,44.05223773938995,1233,29.097
Na-Sripuria,292053,121.1,598,131,1,a,a,a,,,,,,0.0,No,Yes,Yes,No,No,No,No,No,Yes,a,b,,b,b,c,b,a,Yes,b,Yes,Yes,b,a,b,Yes,c,Yes,Yes,Yes,No,No,No,0.0,20.2,0.0,0.0,0.0,0.0,0.0,100.8,0.0,100.8,1.0,0.75,0.75,0.75,0.0,0.0,0.0,0.0,0.0,1.0,0.75,0.5,0.5,0.5,1.0,1.0,1.0,0.0,0.5277777777777778,0.2025083612040133,0.2333613766682383,0.0,0.5,0.5,0.25,0.5,0.75,1.0,1.0,0.55,0.166804293971924,0.0,0.0,0.0,0.5,0.3814756671899529,0.4315799220494946,43.157992204949466,1069,1.0,292053,0.5,Moderate (9-12),292053.0,0.59,0.190089758696109,0.5349820482607782,0.4395545135498638,43.95545135498639,1234,38.155
Chengelijan Habi No.1,292306,135.0,452,93,2,a,b,b,,,,,,0.0,No,Yes,Yes,Yes,No,No,No,No,Yes,c,a,b,a,a,c,c,b,Yes,a,Yes,Yes,b,b,b,Yes,b,Yes,Yes,Yes,No,No,No,0.0,10.1,10.6,0.0,0.0,0.0,0.0,104.1,0.0,104.1,1.0,0.75,0.5,0.5,0.0,0.0,0.0,0.0,1.0,1.0,0.25,0.75,0.75,0.5,1.0,1.0,1.0,0.0,0.5555555555555556,0.2986725663716814,0.2356359570795629,0.5,0.75,0.75,0.25,0.25,0.5,1.0,1.0,0.65,0.0748148148148148,0.0785185185185185,0.0,0.0,0.4764444444444444,0.3515227629513344,0.4631024307490465,46.310243074904655,829,1.0,292306,0.5,Moderate (9-12),292306.0,0.722,0.194142051845259,0.4945715896309481,0.4394660395649701,43.946603956497015,1235,42.457
Bahoni Pather,291550,71.0,517,104,1,a,c,c,,,,,,0.0,Yes,No,Yes,No,No,No,No,No,c,c,Yes,Yes,c,Yes,c,c,Yes,Yes,b,Yes,Yes,a,a,b,a,c,Yes,Yes,Yes,No,No,No,0.0,20.0,0.0,3.0,0.0,0.0,0.0,21.0,0.0,21.0,1.0,0.75,0.25,0.25,0.0,0.0,0.0,1.0,0.0,0.25,0.25,1.0,0.5,0.75,0.75,1.0,1.0,0.0,0.4861111111111111,0.1373307543520309,0.2318197249949982,1.0,0.25,1.0,0.25,0.25,1.0,1.0,1.0,0.725,0.2816901408450704,0.0,0.0,0.0,0.5,0.3814756671899529,0.4732778424645179,47.32778424645179,753,1.0,291550,0.5,Moderate (9-12),291550.0,0.906,0.152871665102718,0.4476256669794564,0.439226548119025,43.9226548119025,1236,51.062
Tepor Chali,291339,228.6,542,107,1,b,b,b,,,,,,1.0,Yes,Yes,No,Yes,No,No,No,Yes,Yes,c,a,c,a,a,c,c,c,Yes,a,Yes,Yes,c,c,c,a,c,Yes,Yes,Yes,Yes,No,No,0.0,0.0,98.9,20.8,0.0,0.0,7.1,95.1,0.0,95.1,1.0,0.5,0.5,0.5,0.0,0.0,0.0,1.0,1.0,1.0,0.25,0.75,0.75,0.25,0.75,1.0,1.0,0.0,0.5694444444444444,0.4217712177121771,0.2385476203175773,0.25,0.75,0.75,0.25,0.25,0.25,1.0,1.0,0.6,0.0,0.4326334208223972,0.0,0.0310586176727909,0.3857392825896762,0.2361833891642665,0.4292346940233587,42.92346940233588,1083,1.0,291339,0.5,Moderate (9-12),291339.0,0.562,0.121802671557303,0.5570394656885393,0.4378801997294501,43.78801997294501,1237,19.414
Kanai Gaon,291350,197.4,1034,228,2,1,a,b,,,1.0,,,1.0,No,Yes,Yes,Yes,No,No,No,Yes,Yes,c,c,c,Yes,Yes,c,c,c,Yes,a,Yes,Yes,c,c,c,a,c,Yes,Yes,Yes,No,No,No,0.0,90.3,0.0,8.1,6.2,0.0,0.0,85.8,0.0,85.8,1.0,1.0,0.75,0.5,1.0,0.0,0.0,0.0,1.0,1.0,0.25,0.25,0.75,0.25,0.75,1.0,1.0,0.0,0.5833333333333334,0.1909090909090909,0.1759441609638718,0.25,1.0,1.0,0.25,0.25,0.25,1.0,1.0,0.6,0.4574468085106383,0.0,0.0,0.0314083080040526,0.5157041540020264,0.4014448426085422,0.4501083420960097,45.01083420960097,944,1.0,291350,0.5,Moderate (9-12),291350.0,0.666,0.0877555310728327,0.5326488937854335,0.4372623241464227,43.72623241464227,1238,13.657
Hatiali Gaon,291534,156.0,219,47,1,b,b,b,,,,,,0.0,Yes,No,Yes,No,No,No,No,No,Yes,c,Yes,c,b,b,c,c,c,Yes,b,Yes,Yes,b,c,b,b,Yes,Yes,b,Yes,No,No,No,0.0,35.0,0.0,3.0,0.0,0.0,58.0,20.0,0.0,20.0,1.0,0.5,0.5,0.5,0.0,0.0,0.0,1.0,0.0,1.0,0.25,1.0,0.5,0.5,0.5,1.0,0.5,0.0,0.4861111111111111,0.7123287671232876,0.2454202036150805,0.25,0.5,0.5,0.25,0.25,0.25,1.0,1.0,0.55,0.2243589743589743,0.0,0.0,0.3717948717948718,0.6858974358974359,0.6178601618162058,0.4714548610447891,47.14548610447891,766,1.0,291534,0.5,Moderate (9-12),291534.0,0.951,0.162605772052127,0.4321788455895746,0.4369056134120309,43.690561341203086,1239,50.969
Thanaichuk,291386,174.1,179,36,2,a,b,b,,,,,,0.0,Yes,No,No,Yes,No,No,No,No,Yes,b,Yes,b,a,b,b,a,Yes,Yes,b,a,Yes,c,b,c,Yes,c,Yes,a,Yes,No,No,No,0.0,15.8,0.0,0.0,0.0,0.0,0.0,149.4,0.0,149.4,1.0,0.75,0.5,0.5,0.0,0.0,0.0,1.0,1.0,1.0,0.5,1.0,0.5,0.25,1.0,1.0,0.75,0.0,0.5972222222222222,0.9726256983240223,0.3087198869887042,0.5,0.75,0.5,0.5,0.75,1.0,1.0,1.0,0.75,0.0907524411257897,0.0,0.0,0.0,0.5,0.3814756671899529,0.5277806607407222,52.77806607407221,286,1.0,291386,0.75,High (13-15),291386.0,0.757,0.0938394395564529,0.3791321120887094,0.4360541666611527,43.60541666611528,1240,22.088
Balijan No.3,292384,50.5,537,93,2,1,1,1,,,,,,0.0,No,No,No,Yes,Yes,No,No,No,Yes,b,Yes,b,b,b,c,c,Yes,Yes,b,Yes,Yes,b,b,c,a,b,Yes,Yes,Yes,No,No,No,0.0,12.9,0.0,0.0,0.0,0.0,0.0,17.8,0.0,17.8,1.0,1.0,1.0,1.0,0.0,0.0,0.0,0.0,1.0,1.0,0.5,1.0,0.5,0.5,0.75,1.0,1.0,0.0,0.625,0.0940409683426443,0.1736529307323396,0.5,0.5,0.5,0.25,0.25,1.0,1.0,1.0,0.65,0.2554455445544554,0.0,0.0,0.0,0.5,0.3814756671899529,0.4709583661210755,47.09583661210755,771,1.0,292384,0.5,Moderate (9-12),292384.0,0.722,0.107433231809207,0.5119133536381586,0.4353999242168412,43.539992421684126,1241,48.148
Purani Sripuria,292064,71.0,279,55,a,a,a,a,,,,,,0.0,No,Yes,Yes,Yes,No,No,No,No,b,a,a,c,b,b,b,b,a,Yes,a,Yes,Yes,b,Yes,b,Yes,c,a,a,Yes,No,No,No,0.0,15.4,0.0,0.0,0.0,0.0,0.0,45.6,0.0,45.6,0.75,0.75,0.75,0.75,0.0,0.0,0.0,0.0,1.0,0.5,0.75,0.75,0.75,0.5,1.0,0.75,0.75,0.0,0.5416666666666666,0.2544802867383512,0.1203049589129026,0.25,0.5,0.5,0.5,0.5,0.75,1.0,1.0,0.65,0.2169014084507042,0.0,0.0,0.0,0.5,0.3814756671899529,0.4367880398328829,43.67880398328829,1035,1.0,292064,0.5,Moderate (9-12),292064.0,0.562,0.182654527955488,0.5448690944089024,0.4352452275702795,43.52452275702795,1242,37.956
Khowang Grant,292032,116.6,608,123,1,b,c,c,,,1.0,,,0.0,Yes,Yes,Yes,Yes,No,Yes,No,No,Yes,c,Yes,c,b,b,c,c,Yes,Yes,b,Yes,Yes,b,c,b,Yes,c,Yes,Yes,Yes,No,No,No,0.0,22.5,0.0,0.0,0.0,0.0,0.0,94.1,0.0,94.1,1.0,0.5,0.25,0.25,1.0,0.0,0.0,1.0,1.0,1.0,0.25,1.0,0.5,0.5,1.0,1.0,1.0,0.0,0.625,0.1917763157894736,0.2902503877960341,0.25,0.5,0.5,0.25,0.25,1.0,1.0,1.0,0.625,0.192967409948542,0.0,0.0,0.0,0.5,0.3814756671899529,0.4926077303869991,49.26077303869991,568,1.0,292032,0.75,High (13-15),292032.0,0.504,0.116805663525145,0.4504388672949709,0.4349594939454898,43.49594939454898,1243,27.626
Bacha Gaon,292162,248.1,576,118,1,2,a,b,,,,,,0.0,Yes,Yes,Yes,Yes,No,Yes,No,No,Yes,c,a,c,a,a,c,c,a,Yes,b,Yes,Yes,c,b,c,Yes,b,Yes,Yes,Yes,No,No,No,0.0,60.5,0.0,0.0,0.0,0.0,0.0,187.6,0.0,187.6,1.0,1.0,0.75,0.5,0.0,0.0,0.0,1.0,1.0,1.0,0.25,0.75,0.5,0.25,1.0,1.0,1.0,0.0,0.6111111111111112,0.4307291666666666,0.2959023606157312,0.25,0.75,0.75,0.25,0.25,0.75,1.0,1.0,0.625,0.2438532849657396,0.0,0.0,0.0,0.5,0.3814756671899529,0.4905485013697012,49.05485013697012,591,1.0,292162,0.75,High (13-15),292162.0,0.534,0.093301957043577,0.4461396085912845,0.4346527836689395,43.46527836689396,1244,42.027
Dalamuri,292261,104.3,201,38,1,b,a,a,,,,,,0.0,Yes,No,Yes,No,No,No,No,No,Yes,b,b,b,b,b,c,c,b,Yes,b,Yes,Yes,a,b,a,a,b,Yes,a,Yes,No,Yes,No,0.0,10.0,0.0,0.0,0.0,0.0,0.0,90.0,0.0,90.0,1.0,0.5,0.75,0.75,0.0,0.0,0.0,1.0,0.0,1.0,0.5,0.5,0.5,0.75,0.75,1.0,0.75,0.0,0.5416666666666666,0.5189054726368159,0.2408451454012087,0.5,0.5,0.5,0.25,0.25,0.5,1.0,1.0,0.55,0.0958772770853307,0.0,0.0,0.0,0.5,0.3814756671899529,0.4369230864549594,43.69230864549594,1034,1.0,292261,0.5,Moderate (9-12),292261.0,0.69,0.130560265530527,0.5168879468938946,0.4341878151863529,43.4187815186353,1245,36.235
Ghilaguri Gaon,292370,174.7,1395,275,2,a,a,b,,,,,,1.0,No,No,Yes,Yes,No,Yes,No,No,Yes,b,Yes,b,b,b,c,c,Yes,Yes,b,Yes,Yes,b,b,b,a,Yes,Yes,Yes,Yes,No,No,No,0.0,8.8,0.0,2.3,0.0,0.0,0.0,135.3,0.0,135.3,1.0,0.75,0.75,0.5,0.0,0.0,0.0,0.0,1.0,1.0,0.5,1.0,0.5,0.5,0.75,1.0,1.0,0.0,0.5694444444444444,0.1252329749103942,0.1743907180098948,0.5,0.5,0.5,0.25,0.25,1.0,1.0,1.0,0.65,0.050372066399542,0.0,0.0,0.0,0.5,0.3814756671899529,0.4572539240515754,45.72539240515754,887,1.0,292370,0.5,Moderate (9-12),292370.0,0.701,0.167508517200176,0.5061982965599647,0.4332983482049525,43.32983482049526,1246,46.191
Duwara  Pather Gaon,292390,177.4,951,214,2,a,a,a,,,,,,1.0,Yes,No,Yes,Yes,No,No,No,No,Yes,a,a,b,b,b,c,b,a,Yes,a,Yes,Yes,c,a,c,a,Yes,Yes,Yes,Yes,No,No,No,11.0,87.4,2.0,0.0,0.0,0.0,0.0,77.0,0.0,77.0,1.0,0.75,0.75,0.75,0.0,0.0,0.0,1.0,1.0,1.0,0.75,0.75,0.75,0.25,0.75,1.0,1.0,0.0,0.6388888888888888,0.186540483701367,0.2329836870558236,0.5,0.5,0.5,0.25,0.5,0.75,1.0,1.0,0.65,0.4926719278466742,0.0112739571589627,0.0620067643742953,0.0,0.4842164599774521,0.361405545654217,0.4852492531170215,48.52492531170215,638,1.0,292390,0.5,Moderate (9-12),292390.0,0.815,0.145947803135255,0.476310439372949,0.4329809293612681,43.29809293612681,1247,52.991
Balimora Chah Bagicha,292385,129.4,1107,236,1,2,b,b,,,,,,1.0,No,No,Yes,Yes,No,No,No,No,b,b,b,b,Yes,b,c,c,c,Yes,b,Yes,Yes,b,b,c,Yes,Yes,Yes,Yes,Yes,No,No,No,0.0,27.7,0.0,0.0,0.0,0.0,0.0,6.2,0.0,6.2,1.0,1.0,0.5,0.5,0.0,0.0,0.0,0.0,1.0,0.5,0.5,0.5,0.5,0.5,1.0,1.0,1.0,0.0,0.5277777777777778,0.1168925022583559,0.2313362972188009,0.5,1.0,0.5,0.25,0.25,0.25,1.0,1.0,0.575,0.214064914992272,0.0,0.0,0.0,0.5,0.3814756671899529,0.4385736521871353,43.857365218713525,1019,1.0,292385,0.5,Moderate (9-12),292385.0,0.749,0.102153822267091,0.5048692355465818,0.4320031186018259,43.20031186018259,1248,50.824
Tingrai Doom Gaon No.2,292252,138.0,419,80,1,b,a,a,,,,,,0.0,Yes,Yes,Yes,Yes,No,Yes,No,No,Yes,b,b,b,b,b,c,c,b,Yes,b,Yes,Yes,c,b,c,a,b,Yes,a,Yes,No,No,No,0.0,20.0,0.0,0.0,0.0,0.0,0.0,100.0,0.0,100.0,1.0,0.5,0.75,0.75,0.0,0.0,0.0,1.0,1.0,1.0,0.5,0.5,0.5,0.25,0.75,1.0,0.75,0.0,0.5694444444444444,0.3293556085918854,0.2363617057785953,0.5,0.5,0.5,0.25,0.25,0.5,1.0,1.0,0.55,0.144927536231884,0.0,0.0,0.0,0.5,0.3814756671899529,0.4427466709937506,44.27466709937506,997,1.0,292252,0.5,Moderate (9-12),292252.0,0.698,0.136388741851228,0.5133222516297544,0.4316406771750436,43.16406771750436,1249,32.636
Simal Chapori,291363,0.0,89,23,1,b,b,b,,,,,,0.0,No,No,Yes,No,No,No,No,No,c,a,Yes,b,b,b,c,b,Yes,c,b,Yes,Yes,c,c,c,a,c,Yes,a,No,No,No,No,0.0,0.0,0.0,0.0,0.0,0.0,0.0,0.0,0.0,0.0,1.0,0.5,0.5,0.5,0.0,0.0,0.0,0.0,0.0,0.25,0.75,1.0,0.5,0.25,0.75,1.0,0.75,0.0,0.4305555555555556,0.0,0.1142857142857142,0.5,0.5,0.5,0.25,0.5,1.0,0.25,1.0,0.6,,,,0.0,,0.0,0.3162103174603174,31.621031746031747,1315,1.0,291363,0.0,Not listed,291363.0,0.966,0.0193095580369709,0.7063380883926058,0.4311066639284708,43.11066639284709,1250,34.418
Ghugulbari,291827,113.3,459,91,2,1,2,b,,,,,,0.0,No,Yes,Yes,Yes,No,No,No,No,Yes,b,Yes,b,c,c,b,b,Yes,Yes,b,Yes,Yes,c,b,c,a,Yes,Yes,Yes,Yes,No,No,No,0.0,4.8,6.0,0.0,0.6,5.8,2.8,77.6,0.0,77.6,1.0,1.0,1.0,0.5,0.0,0.0,0.0,0.0,1.0,1.0,0.5,1.0,0.5,0.25,0.75,1.0,1.0,0.0,0.5833333333333334,0.2468409586056645,0.1772671223548552,0.5,0.25,0.25,0.5,0.5,1.0,1.0,1.0,0.65,0.0423654015887025,0.0529567519858782,0.0,0.0812003530450132,0.5247131509267431,0.4129005529837707,0.4677302245188012,46.77302245188013,794,1.0,291827,0.75,High (13-15),291827.0,0.402,0.119484407308294,0.4805031185383412,0.4284531109516159,42.84531109516159,1251,24.512
Cheleng,292303,111.2,437,92,1,1,a,b,,,,,,0.0,Yes,Yes,Yes,Yes,No,Yes,No,No,Yes,b,a,b,b,Yes,c,c,b,Yes,a,Yes,Yes,c,b,c,Yes,b,Yes,a,Yes,No,No,No,0.0,11.1,0.0,0.0,10.1,4.6,0.0,65.2,0.0,65.2,1.0,1.0,0.75,0.5,0.0,0.0,0.0,1.0,1.0,1.0,0.5,0.75,0.75,0.25,1.0,1.0,0.75,0.0,0.625,0.254462242562929,0.2917331035410042,0.5,0.5,1.0,0.25,0.25,0.5,1.0,1.0,0.65,0.099820143884892,0.0,0.0,0.1321942446043165,0.5660971223021583,0.4655238132884587,0.5172880385429428,51.72880385429429,360,1.0,292303,0.75,High (13-15),292303.0,0.688,0.14951927948199,0.3886961441036021,0.4282403055199607,42.82403055199608,1252,41.687
Dighalia No.2,292049,55.4,314,69,1,a,a,a,,,,,,0.0,Yes,Yes,Yes,Yes,No,No,No,No,Yes,b,b,c,b,b,c,c,c,Yes,b,Yes,Yes,b,a,b,a,b,a,a,Yes,No,No,Yes,0.0,10.4,0.0,0.0,0.0,0.0,0.0,45.0,0.0,45.0,1.0,0.75,0.75,0.75,0.0,0.0,0.0,1.0,1.0,1.0,0.5,0.5,0.5,0.5,0.75,0.75,0.75,1.0,0.6388888888888888,0.1764331210191082,0.17560175957357,0.25,0.5,0.5,0.25,0.25,0.25,1.0,1.0,0.5,0.187725631768953,0.0,0.0,0.0,0.5,0.3814756671899529,0.4299177955536053,42.99177955536053,1076,1.0,292049,0.5,Moderate (9-12),292049.0,0.527,0.13840896255139,0.564218207489722,0.4268090729677742,42.68090729677743,1253,34.684
Amguri,292263,547.3,1964,396,2,3,1,1,1.0,,,,,1.0,Yes,No,Yes,Yes,No,No,No,No,Yes,b,Yes,c,Yes,Yes,c,b,b,Yes,Yes,Yes,Yes,c,c,c,a,Yes,Yes,Yes,Yes,No,No,No,68.4,169.4,2.7,33.5,7.5,0.0,0.0,0.0,0.0,0.0,1.0,1.0,1.0,1.0,0.0,0.0,0.0,1.0,1.0,1.0,0.5,1.0,1.0,0.25,0.75,1.0,1.0,0.0,0.6944444444444444,0.2786659877800407,0.2923055968575718,0.25,1.0,1.0,0.25,0.5,0.5,1.0,1.0,0.75,0.3095194591631646,0.0049333089713137,0.1249771606066143,0.013703636031427,0.4803763932029965,0.3565225722047523,0.5429920247664545,54.29920247664545,209,1.0,292263,0.75,High (13-15),292263.0,0.707,0.187622370328547,0.3753755259342907,0.4267049954188221,42.670499541882215,1254,37.277
L.C.R. Grant No.11,291480,335.0,451,103,1,1,a,b,,,,,,0.0,No,Yes,Yes,No,No,No,No,No,Yes,c,b,,b,b,c,c,b,Yes,b,Yes,Yes,b,c,b,Yes,Yes,Yes,Yes,Yes,No,No,No,0.0,100.0,0.0,20.0,0.0,0.0,0.0,205.0,0.0,205.0,1.0,1.0,0.75,0.5,0.0,0.0,0.0,0.0,0.0,1.0,0.25,0.5,0.5,0.5,1.0,1.0,1.0,0.0,0.5,0.7427937915742794,0.2461407955206231,0.0,0.5,0.5,0.25,0.25,0.5,1.0,1.0,0.5,0.2985074626865671,0.0,0.0,0.0,0.5,0.3814756671899529,0.4128303323181463,41.28303323181464,1172,1.0,291480,0.5,Moderate (9-12),291480.0,0.671,0.148324207232975,0.519035158553405,0.4263706123800107,42.637061238001074,1255,21.81
Bhimpara,291330,76.1,149,29,1,a,a,a,,,,,,1.0,No,No,No,Yes,No,No,No,No,b,c,b,b,b,b,b,b,b,Yes,b,Yes,Yes,c,c,c,a,c,a,a,No,No,No,No,0.0,15.0,0.0,0.0,0.0,0.0,2.0,39.1,0.0,39.1,1.0,0.75,0.75,0.75,0.0,0.0,0.0,0.0,1.0,0.5,0.25,0.5,0.5,0.25,0.75,0.75,0.75,0.0,0.4722222222222222,0.510738255033557,0.0692233940556088,0.5,0.5,0.5,0.5,0.5,0.5,1.0,1.0,0.6,0.1971090670170828,0.0,0.0,0.026281208935611,0.5131406044678055,0.3981850700454042,0.3949984180785386,39.49984180785386,1237,1.0,291330,0.5,Moderate (9-12),291330.0,0.534,0.0938659577716441,0.5710268084456711,0.4254443323989813,42.544433239898126,1256,13.919
Thulaichuk,292153,347.9,1289,265,2,2,b,c,,,1.0,,,1.0,Yes,Yes,Yes,Yes,No,No,No,No,c,c,b,c,Yes,b,c,b,b,Yes,a,Yes,Yes,a,c,b,Yes,Yes,Yes,Yes,Yes,No,No,No,0.0,0.0,0.0,0.0,0.0,0.0,0.0,347.9,0.0,347.9,1.0,1.0,0.5,0.25,1.0,0.0,0.0,1.0,1.0,0.25,0.25,0.5,0.75,0.75,1.0,1.0,1.0,0.0,0.625,0.2698991466252909,0.2920982339918879,0.25,1.0,0.5,0.25,0.5,0.5,1.0,1.0,0.625,0.0,0.0,0.0,0.0,0.5,0.3814756671899529,0.4930696919359625,49.30696919359626,565,1.0,292153,0.75,High (13-15),292153.0,0.575,0.143202132074754,0.4238595735850492,0.4247897380104846,42.47897380104846,1257,44.561
Tingrai Borhula,291496,232.0,767,146,1,b,b,b,,,,,,0.0,No,Yes,Yes,No,No,No,No,No,b,b,Yes,c,b,b,c,c,Yes,Yes,b,Yes,Yes,b,c,b,b,c,Yes,Yes,Yes,No,No,No,0.0,60.0,0.0,4.0,0.0,0.0,0.0,160.0,0.0,160.0,1.0,0.5,0.5,0.5,0.0,0.0,0.0,0.0,0.0,0.5,0.5,1.0,0.5,0.5,0.5,1.0,1.0,0.0,0.4444444444444444,0.302477183833116,0.1785830908884874,0.25,0.5,0.5,0.25,0.25,1.0,1.0,1.0,0.625,0.2586206896551724,0.0,0.0,0.0,0.5,0.3814756671899529,0.4195520172712235,41.95520172712236,1131,1.0,291496,0.5,Moderate (9-12),291496.0,0.757,0.140878103968657,0.4947243792062686,0.4247568744831222,42.47568744831222,1258,32.776
Disang,292017,207.2,771,148,1,1,2,c,,1.0,,,,0.0,No,Yes,Yes,Yes,No,No,No,No,Yes,c,c,c,b,b,c,c,c,Yes,a,Yes,Yes,a,c,a,a,c,Yes,Yes,Yes,No,No,No,0.0,23.1,0.0,0.0,0.0,0.0,0.0,184.1,0.0,184.1,1.0,1.0,1.0,0.25,0.0,1.0,0.0,0.0,1.0,1.0,0.25,0.25,0.75,0.75,0.75,1.0,1.0,0.0,0.6111111111111112,0.2687418936446173,0.1777851470995347,0.25,0.5,0.5,0.25,0.25,0.25,1.0,1.0,0.5,0.1114864864864865,0.0,0.0,0.0,0.5,0.3814756671899529,0.4235191979906521,42.35191979906521,1118,1.0,292017,0.5,Moderate (9-12),292017.0,0.568,0.113235954845837,0.5569528090308327,0.4244487604657097,42.44487604657097,1259,28.908
Alimur Gaon,291324,290.3,1859,360,4,1,1,b,,,1.0,,,1.0,Yes,Yes,Yes,No,No,No,No,Yes,Yes,c,Yes,b,Yes,Yes,b,b,b,Yes,Yes,Yes,Yes,c,c,c,Yes,c,Yes,Yes,Yes,No,Yes,No,0.0,50.2,0.0,7.3,1.0,3.0,2.7,185.2,0.0,185.2,1.0,1.0,1.0,0.5,1.0,0.0,0.0,1.0,0.0,1.0,0.25,1.0,1.0,0.25,1.0,1.0,1.0,0.0,0.6666666666666666,0.1561592253899946,0.3465507907638707,0.5,1.0,1.0,0.5,0.5,0.5,1.0,1.0,0.8,0.1729245607991732,0.0,0.0,0.0230795728556665,0.5115397864278333,0.3961494929459104,0.5725342629468164,57.253426294681645,99,1.0,291324,1.0,Very High (16-18),291324.0,0.605,0.115971099608929,0.2953057800782142,0.4241824336641399,42.418243366414,1260,17.582
Merbil Grazing,292257,268.6,272,55,1,b,a,a,,,,,,0.0,No,No,No,Yes,No,No,No,No,Yes,b,b,b,b,b,c,c,b,Yes,b,Yes,Yes,c,b,c,a,b,Yes,a,Yes,No,No,No,0.0,40.0,0.0,0.0,0.0,0.0,0.0,208.6,0.0,208.6,1.0,0.5,0.75,0.75,0.0,0.0,0.0,0.0,1.0,1.0,0.5,0.5,0.5,0.25,0.75,1.0,0.75,0.0,0.5138888888888888,0.9875,0.1947859958700957,0.5,0.5,0.5,0.25,0.25,0.5,1.0,1.0,0.55,0.1489203276247207,0.0,0.0,0.0,0.5,0.3814756671899529,0.4184638546277368,41.84638546277368,1139,1.0,292257,0.5,Moderate (9-12),292257.0,0.647,0.184852403912036,0.5189295192175928,0.4234896567330539,42.34896567330539,1261,33.056
Changmai Gohain Gaon,291137,204.5,1374,298,1,2,1,a,,,1.0,,,1.0,Yes,Yes,Yes,Yes,No,No,Yes,Yes,Yes,a,a,c,Yes,Yes,a,a,a,Yes,b,Yes,Yes,c,a,c,a,c,Yes,Yes,Yes,No,No,No,0.0,34.6,0.0,1.3,0.0,0.0,0.0,167.1,0.0,167.1,1.0,1.0,1.0,0.75,1.0,0.0,0.0,1.0,1.0,1.0,0.75,0.75,0.5,0.25,0.75,1.0,1.0,0.0,0.7083333333333334,0.1488355167394468,0.2320918481526507,0.25,1.0,1.0,0.75,0.75,0.75,1.0,1.0,0.775,0.1691931540342298,0.0,0.0,0.0,0.5,0.3814756671899529,0.5439014288094866,54.39014288094866,205,1.0,291137,1.0,Very High (16-18),291137.0,0.326,0.10424989120634,0.381350021758732,0.4227843208201485,42.27843208201485,1262,12.315
Ghahi,292158,105.0,285,53,1,1,b,c,,,,,,1.0,Yes,No,Yes,No,No,Yes,No,No,a,c,a,c,a,a,c,c,a,Yes,a,Yes,Yes,c,b,c,a,c,Yes,a,Yes,No,No,No,0.0,1.6,0.0,0.0,0.0,0.0,0.0,103.4,0.0,103.4,1.0,1.0,0.5,0.25,0.0,0.0,0.0,1.0,0.0,0.75,0.25,0.75,0.75,0.25,0.75,1.0,0.75,0.0,0.5,0.3684210526315789,0.237285724165868,0.25,0.75,0.75,0.25,0.25,0.75,1.0,1.0,0.65,0.0152380952380952,0.0,0.0,0.0,0.5,0.3814756671899529,0.4556165644794576,45.56165644794576,897,1.0,292158,0.75,High (13-15),292158.0,0.551,0.109454006031271,0.4378091987937458,0.4216664606374583,42.16664606374583,1263,42.69
Bharalibari No.1,291744,202.4,1052,199,1,2,b,b,,,1.0,,,1.0,No,No,Yes,Yes,No,Yes,No,No,b,c,b,c,Yes,b,b,b,b,Yes,b,Yes,Yes,a,c,c,Yes,c,Yes,Yes,Yes,No,No,No,0.0,15.0,14.6,0.0,0.0,0.0,2.2,166.6,0.0,166.6,1.0,1.0,0.5,0.5,1.0,0.0,0.0,0.0,1.0,0.5,0.25,0.5,0.5,0.75,1.0,1.0,1.0,0.0,0.5833333333333334,0.1923954372623574,0.2331221747878838,0.25,1.0,0.5,0.5,0.5,0.5,1.0,1.0,0.625,0.0741106719367589,0.0721343873517786,0.0,0.0108695652173913,0.4837944664031621,0.3608689447198764,0.4637876659742795,46.37876659742796,822,1.0,291744,0.75,High (13-15),291744.0,0.435,0.17647434444333,0.459205131111334,0.421092937849486,42.109293784948605,1264,17.637
Niz Bhekulajan,291491,310.0,1461,295,1,2,a,a,,,1.0,,,1.0,Yes,Yes,Yes,No,No,No,No,No,a,a,Yes,c,a,Yes,c,c,Yes,Yes,b,Yes,Yes,b,c,a,Yes,b,Yes,Yes,Yes,No,No,No,0.0,100.0,0.0,30.0,0.0,0.0,0.0,140.0,0.0,140.0,1.0,1.0,0.75,0.75,1.0,0.0,0.0,1.0,0.0,0.75,0.75,1.0,0.5,0.5,1.0,1.0,1.0,0.0,0.6666666666666666,0.2121834360027378,0.2907330792071231,0.25,0.75,1.0,0.25,0.25,1.0,1.0,1.0,0.7,0.3225806451612903,0.0,0.0,0.0,0.5,0.3814756671899529,0.5256450699064381,52.56450699064381,297,1.0,291491,0.75,High (13-15),291491.0,0.731,0.140354588120283,0.3776290823759434,0.4209562528306511,42.09562528306511,1265,31.763
Kamar Gaon,292401,313.9,1451,319,3,2,1,1,1.0,,,,,1.0,Yes,Yes,Yes,Yes,No,Yes,No,No,Yes,Yes,Yes,b,Yes,Yes,b,a,Yes,Yes,b,Yes,Yes,a,b,c,a,Yes,Yes,Yes,Yes,No,No,No,0.0,51.4,0.0,10.5,0.0,0.0,0.0,236.4,0.0,236.4,1.0,1.0,1.0,1.0,0.0,0.0,0.0,1.0,1.0,1.0,1.0,1.0,0.5,0.75,0.75,1.0,1.0,0.0,0.7222222222222222,0.2163335630599586,0.2336883853849361,0.5,1.0,1.0,0.5,0.75,1.0,1.0,1.0,0.825,0.1637464160560688,0.0,0.0,0.0,0.5,0.3814756671899529,0.5627727853397801,56.27727853397801,129,1.0,292401,0.75,High (13-15),292401.0,0.797,0.187940337092467,0.3483119325815066,0.4199682194573296,41.99682194573297,1266,53.825
Bamun Pukhuri,292039,218.0,778,163,1,2,a,a,,,1.0,,,1.0,No,Yes,Yes,No,No,No,No,No,b,b,Yes,c,b,b,b,c,Yes,Yes,b,Yes,Yes,b,c,c,b,c,Yes,Yes,Yes,No,No,No,0.0,6.7,0.0,0.0,0.0,0.0,0.0,211.3,0.0,211.3,1.0,1.0,0.75,0.75,1.0,0.0,0.0,0.0,0.0,0.5,0.5,1.0,0.5,0.5,0.5,1.0,1.0,0.0,0.5555555555555556,0.2802056555269923,0.1780563004686317,0.25,0.5,0.5,0.5,0.25,1.0,1.0,1.0,0.65,0.0307339449541284,0.0,0.0,0.0,0.5,0.3814756671899529,0.4546980974440374,45.46980974440375,902,1.0,292039,0.75,High (13-15),292039.0,0.425,0.138011369586763,0.4698977260826474,0.4196945156287098,41.96945156287099,1267,26.305
Naharani Block No.1,292284,23.5,624,139,1,c,a,a,,,,,,0.0,Yes,Yes,Yes,Yes,No,No,Yes,No,Yes,c,Yes,c,b,c,c,a,a,Yes,b,Yes,Yes,c,c,c,Yes,b,Yes,Yes,Yes,No,No,No,0.0,10.0,0.0,0.0,0.0,0.0,0.0,10.0,0.0,10.0,1.0,0.25,0.75,0.75,0.0,0.0,0.0,1.0,1.0,1.0,0.25,1.0,0.5,0.25,1.0,1.0,1.0,0.0,0.5972222222222222,0.0376602564102564,0.2866050670748437,0.25,0.5,0.25,0.25,0.75,0.75,1.0,1.0,0.625,0.425531914893617,0.0,0.0,0.0,0.5,0.3814756671899529,0.4847519557622571,48.47519557622571,642,1.0,292284,0.75,High (13-15),292284.0,0.604,0.148965684145503,0.4140068631708994,0.4194753621155636,41.94753621155636,1268,34.623
Chengelijan,292333,143.8,748,147,1,a,b,b,,,,,,0.0,No,No,Yes,Yes,No,No,No,No,Yes,c,b,c,a,a,c,c,c,Yes,a,Yes,Yes,c,c,c,Yes,c,Yes,Yes,Yes,No,No,No,0.0,34.1,0.0,2.2,0.0,0.0,0.0,107.0,0.0,107.0,1.0,0.75,0.5,0.5,0.0,0.0,0.0,0.0,1.0,1.0,0.25,0.5,0.75,0.25,1.0,1.0,1.0,0.0,0.5277777777777778,0.1922459893048128,0.2331186398821862,0.25,0.75,0.75,0.25,0.25,0.25,1.0,1.0,0.575,0.237134909596662,0.0,0.0,0.0,0.5,0.3814756671899529,0.4390192378529816,43.901923785298166,1017,1.0,292333,0.5,Moderate (9-12),292333.0,0.872,0.092685815117525,0.469862836976495,0.4184461448396375,41.84461448396375,1269,54.008
Kheroni No.2,292088,52.8,279,56,a,b,b,c,,,,,,1.0,No,Yes,Yes,No,No,No,No,No,Yes,c,c,c,b,b,c,b,b,Yes,b,Yes,Yes,b,c,b,a,c,a,a,Yes,No,No,No,0.0,11.6,0.0,0.0,0.0,0.0,0.0,31.1,0.0,31.1,0.75,0.5,0.5,0.25,0.0,0.0,0.0,0.0,0.0,1.0,0.25,0.25,0.5,0.5,0.75,0.75,0.75,0.0,0.375,0.1892473118279569,0.061619140471245,0.25,0.5,0.5,0.25,0.5,0.5,1.0,1.0,0.525,0.2196969696969697,0.0,0.0,0.0,0.5,0.3814756671899529,0.3429499185558018,34.294991855580186,1306,1.0,292088,0.5,Moderate (9-12),292088.0,0.41,0.13622668044968,0.5997546639100639,0.4175280007603298,41.75280007603298,1270,28.237
Gharbandi Borpather,292091,112.6,496,98,1,a,a,a,,,,,,0.0,Yes,Yes,Yes,No,No,No,No,No,Yes,c,c,c,c,b,c,a,a,Yes,b,Yes,Yes,b,c,b,c,c,Yes,Yes,Yes,No,No,No,0.0,16.3,0.0,0.0,0.0,0.0,0.0,93.3,0.0,93.3,1.0,0.75,0.75,0.75,0.0,0.0,0.0,1.0,0.0,1.0,0.25,0.25,0.5,0.5,0.25,1.0,1.0,0.0,0.5,0.227016129032258,0.2339410610583939,0.25,0.25,0.5,0.25,0.75,0.75,1.0,1.0,0.55,0.1447602131438721,0.0,0.0,0.0,0.5,0.3814756671899529,0.4247803987025891,42.47803987025891,1110,1.0,292091,0.75,High (13-15),292091.0,0.41,0.115835848123916,0.4788328303752168,0.4172397474931781,41.72397474931782,1271,26.196
Phukanar Khat,291382,280.4,884,188,1,b,b,c,,,1.0,,,0.0,Yes,Yes,Yes,No,No,No,No,No,Yes,c,Yes,b,b,Yes,b,b,Yes,Yes,b,Yes,Yes,c,c,c,a,c,Yes,Yes,Yes,No,No,No,0.0,30.7,9.8,8.2,0.0,0.0,0.0,130.5,0.0,130.5,1.0,0.5,0.5,0.25,1.0,0.0,0.0,1.0,0.0,1.0,0.25,1.0,0.5,0.25,0.75,1.0,1.0,0.0,0.5555555555555556,0.3171945701357466,0.2360740596653095,0.5,0.5,1.0,0.5,0.5,1.0,1.0,1.0,0.75,0.1094864479315264,0.0349500713266761,0.0,0.0,0.4895149786019971,0.3681430654122727,0.4965360168876708,49.65360168876708,529,1.0,291382,0.75,High (13-15),291382.0,0.705,0.1725927662307,0.37898144675386,0.4158325534297122,41.58325534297123,1272,17.897
Jamuguri No.2,292094,59.2,330,61,1,a,c,c,,,,,,1.0,No,No,Yes,No,No,No,No,No,Yes,c,c,c,b,b,c,b,b,Yes,b,Yes,Yes,c,c,b,Yes,c,Yes,a,Yes,No,No,No,0.0,12.9,0.0,0.0,0.0,0.0,0.0,36.0,0.0,36.0,1.0,0.75,0.25,0.25,0.0,0.0,0.0,0.0,0.0,1.0,0.25,0.25,0.5,0.25,1.0,1.0,0.75,0.0,0.4027777777777778,0.1793939393939394,0.2328146492141236,0.25,0.5,0.5,0.25,0.5,0.5,1.0,1.0,0.525,0.2179054054054054,0.0,0.0,0.0,0.5,0.3814756671899529,0.3926932401859659,39.26932401859659,1243,1.0,292094,0.75,High (13-15),292094.0,0.382,0.120278040845468,0.4863443918309064,0.4149627691143864,41.49627691143864,1273,27.492
Dharia Gaon,291621,189.0,788,160,1,1,1,c,,,,,,0.0,No,Yes,Yes,No,No,No,No,No,Yes,c,b,c,c,c,c,c,a,Yes,b,Yes,Yes,a,c,a,a,Yes,Yes,Yes,Yes,No,No,No,0.0,79.0,0.0,10.0,0.0,0.0,0.0,90.0,0.0,90.0,1.0,1.0,1.0,0.25,0.0,0.0,0.0,0.0,0.0,1.0,0.25,0.5,0.5,0.75,0.75,1.0,1.0,0.0,0.5,0.2398477157360406,0.1771017105655605,0.25,0.25,0.25,0.25,0.25,0.75,1.0,1.0,0.5,0.4179894179894179,0.0,0.0,0.0,0.5,0.3814756671899529,0.3955705610793807,39.55705610793808,1235,1.0,291621,0.5,Moderate (9-12),291621.0,0.579,0.223397354004808,0.5316205291990385,0.4141449893994985,41.41449893994985,1274,21.89
Hudupara,292309,119.5,456,85,1,a,a,b,,,,,,0.0,Yes,No,Yes,Yes,No,No,No,No,Yes,c,Yes,,Yes,Yes,c,b,a,Yes,b,Yes,Yes,c,b,c,Yes,Yes,Yes,Yes,Yes,No,No,No,15.0,45.6,1.2,0.0,0.0,0.0,0.0,0.0,0.0,0.0,1.0,0.75,0.75,0.5,0.0,0.0,0.0,1.0,1.0,1.0,0.25,1.0,0.5,0.25,1.0,1.0,1.0,0.0,0.6111111111111112,0.2620614035087719,0.2919128471639019,0.0,1.0,1.0,0.25,0.5,0.75,1.0,1.0,0.7,0.3815899581589958,0.0100418410041841,0.1255230125523012,0.0,0.4718828451882845,0.3457222992190117,0.5049004494125556,50.49004494125556,459,1.0,292309,0.75,High (13-15),292309.0,0.734,0.159818202761828,0.3728363594476345,0.413971100452881,41.3971100452881,1275,41.727
Jamuguri No.1,292093,185.4,530,91,1,b,b,c,,,,,,1.0,Yes,Yes,Yes,No,No,No,No,No,Yes,c,c,c,c,b,c,b,b,Yes,b,Yes,Yes,c,c,b,Yes,Yes,a,Yes,Yes,No,No,No,0.0,24.9,0.0,0.0,0.0,0.0,0.0,140.6,0.0,140.6,1.0,0.5,0.5,0.25,0.0,0.0,0.0,1.0,0.0,1.0,0.25,0.25,0.5,0.25,1.0,0.75,1.0,0.0,0.4583333333333333,0.349811320754717,0.2368455465393456,0.25,0.25,0.5,0.25,0.5,0.5,1.0,1.0,0.5,0.1343042071197411,0.0,0.0,0.0,0.5,0.3814756671899529,0.4000898534061604,40.00898534061604,1222,1.0,292093,0.75,High (13-15),292093.0,0.39,0.0767935936369573,0.4926412812726085,0.4134892492223727,41.34892492223727,1276,26.92
Gulimora T.E.No.24,291512,113.0,123,32,2,a,a,b,,,,,,0.0,No,Yes,Yes,No,No,No,No,No,a,b,Yes,a,b,a,c,b,Yes,Yes,b,Yes,Yes,b,a,b,Yes,Yes,Yes,b,Yes,No,Yes,No,0.0,13.0,0.0,0.0,5.0,0.0,0.0,90.0,0.0,90.0,1.0,0.75,0.75,0.5,0.0,0.0,0.0,0.0,0.0,0.75,0.5,1.0,0.5,0.5,1.0,1.0,0.5,0.0,0.4861111111111111,0.91869918699187,0.2503015013255069,0.75,0.5,0.75,0.25,0.5,1.0,1.0,1.0,0.725,0.1150442477876106,0.0,0.0,0.0442477876106194,0.5221238938053097,0.4096080910240202,0.4835247713139585,48.35247713139586,654,1.0,291512,0.75,High (13-15),291512.0,0.833,0.0716462213189479,0.3607707557362104,0.4133248912794639,41.3324891279464,1277,39.743
Dewanbari Gaon,291126,72.8,230,49,1,a,a,a,,,1.0,,,1.0,No,Yes,Yes,No,No,No,No,No,c,c,a,c,a,a,a,a,a,Yes,a,Yes,Yes,b,c,b,Yes,c,Yes,a,No,No,No,No,0.0,26.2,0.0,0.0,0.0,0.0,0.0,42.1,0.0,42.1,1.0,0.75,0.75,0.75,1.0,0.0,0.0,0.0,0.0,0.25,0.25,0.75,0.75,0.5,1.0,1.0,0.75,0.0,0.5277777777777778,0.3165217391304347,0.1789152879914463,0.25,0.75,0.75,0.75,0.75,0.75,1.0,1.0,0.75,0.3598901098901099,0.0,0.0,0.0,0.5,0.3814756671899529,0.4779683998802966,47.79683998802967,707,1.0,291126,1.0,Very High (16-18),291126.0,0.234,0.141341166731463,0.4015317666537074,0.4125628787378375,41.25628787378375,1278,19.641
Borpather No.2,292089,54.5,345,73,1,b,b,c,,,,,,1.0,Yes,Yes,Yes,No,No,No,No,No,Yes,c,c,c,c,b,c,a,a,Yes,b,Yes,Yes,b,c,b,a,c,Yes,a,Yes,No,No,No,0.0,11.8,0.0,0.0,0.0,0.0,0.0,32.3,0.0,32.3,1.0,0.5,0.5,0.25,0.0,0.0,0.0,1.0,0.0,1.0,0.25,0.25,0.5,0.5,0.75,1.0,0.75,0.0,0.4583333333333333,0.1579710144927536,0.2323079308853176,0.25,0.25,0.5,0.25,0.75,0.75,1.0,1.0,0.55,0.2165137614678899,0.0,0.0,0.0,0.5,0.3814756671899529,0.4139554494926533,41.395544949265336,1164,1.0,292089,0.75,High (13-15),292089.0,0.416,0.189324017222599,0.4623351965554801,0.4102324114220144,41.02324114220144,1279,27.526
Borpather No.2,291543,368.0,998,214,1,a,c,b,,,,,,1.0,Yes,Yes,Yes,Yes,No,No,No,No,Yes,c,Yes,c,Yes,Yes,c,b,Yes,Yes,b,Yes,Yes,a,c,a,Yes,Yes,Yes,Yes,Yes,No,No,No,0.0,160.0,0.0,0.0,0.0,0.0,0.0,108.0,0.0,108.0,1.0,0.75,0.25,0.5,0.0,0.0,0.0,1.0,1.0,1.0,0.25,1.0,0.5,0.75,1.0,1.0,1.0,0.0,0.6111111111111112,0.3687374749498998,0.2944360656736789,0.25,1.0,1.0,0.25,0.5,1.0,1.0,1.0,0.75,0.4347826086956521,0.0,0.0,0.0,0.5,0.3814756671899529,0.5276819276341881,52.76819276341881,288,1.0,291543,0.75,High (13-15),291543.0,0.933,0.126170838616217,0.3198658322767566,0.4087766994076153,40.877669940761535,1280,53.733
Kenduguri Gaon,292388,201.7,1095,213,4,1,b,b,,,,,,1.0,Yes,Yes,Yes,Yes,No,No,No,No,Yes,a,a,b,Yes,Yes,c,a,a,Yes,b,Yes,Yes,c,b,c,a,Yes,Yes,Yes,Yes,No,No,No,4.0,82.6,0.0,40.4,0.0,0.0,0.0,0.0,0.0,0.0,1.0,1.0,0.5,0.5,0.0,0.0,0.0,1.0,1.0,1.0,0.75,0.75,0.5,0.25,0.75,1.0,1.0,0.0,0.6111111111111112,0.1842009132420091,0.2329283489897678,0.5,1.0,1.0,0.25,0.75,0.75,1.0,1.0,0.75,0.4095190877540902,0.0,0.0198314328210213,0.0,0.4960337134357957,0.3764321944787984,0.5112963039209794,51.12963039209794,406,1.0,292388,0.75,High (13-15),292388.0,0.79,0.16014464490339,0.355971071019322,0.4070853448269905,40.70853448269906,1281,51.437
Borpather No.1,291521,176.0,1444,284,1,a,a,a,,,,,,1.0,Yes,Yes,Yes,No,No,No,No,No,Yes,a,Yes,b,Yes,Yes,c,b,Yes,Yes,b,Yes,Yes,b,a,b,b,Yes,Yes,Yes,Yes,No,No,No,0.0,20.0,0.0,15.0,0.0,0.0,0.0,10.0,0.0,10.0,1.0,0.75,0.75,0.75,0.0,0.0,0.0,1.0,0.0,1.0,0.75,1.0,0.5,0.5,0.5,1.0,1.0,0.0,0.5833333333333334,0.1218836565096952,0.2314543534297393,0.5,1.0,1.0,0.25,0.5,1.0,1.0,1.0,0.775,0.1136363636363636,0.0,0.0,0.0,0.5,0.3814756671899529,0.5124920551287588,51.24920551287588,398,1.0,291521,0.75,High (13-15),291521.0,0.868,0.111373435020391,0.3423253129959218,0.4070150636342965,40.70150636342965,1282,43.908
Asamia Gaon,292382,339.2,1184,242,2,1,1,a,,,1.0,,,1.0,Yes,Yes,Yes,No,No,No,No,No,Yes,a,a,a,a,Yes,c,c,c,Yes,b,Yes,Yes,a,a,c,Yes,Yes,Yes,Yes,Yes,No,No,No,0.0,30.8,0.0,13.1,0.1,0.0,0.0,295.2,0.0,295.2,1.0,1.0,1.0,0.75,1.0,0.0,0.0,1.0,0.0,1.0,0.75,0.75,0.5,0.75,1.0,1.0,1.0,0.0,0.6944444444444444,0.2864864864864865,0.2924905758020081,0.75,0.75,1.0,0.25,0.25,0.25,1.0,1.0,0.65,0.0908018867924528,0.0,0.0,0.0002948113207547,0.5001474056603774,0.3816631060987531,0.5180663762813638,51.80663762813638,357,1.0,292382,0.75,High (13-15),292382.0,0.762,0.153622143281233,0.3656755713437534,0.4066423384028163,40.66423384028163,1283,50.086
Tipam Fakial Nepali,292337,287.8,447,85,1,a,a,b,,,,,,0.0,No,Yes,Yes,Yes,No,No,No,No,Yes,c,b,c,b,b,c,c,b,Yes,b,Yes,Yes,b,c,b,a,c,Yes,a,Yes,No,No,No,200.1,20.2,30.3,0.2,3.0,0.0,0.0,30.2,0.0,30.2,1.0,0.75,0.75,0.5,0.0,0.0,0.0,0.0,1.0,1.0,0.25,0.5,0.5,0.5,0.75,1.0,0.75,0.0,0.5138888888888888,0.643847874720358,0.1866575618950188,0.25,0.5,0.5,0.25,0.25,0.5,1.0,1.0,0.525,0.0701876302988186,0.1052814454482279,0.6952744961779013,0.0104239054899235,0.3345726198749131,0.1711205998409413,0.3668607326641652,36.68607326641652,1283,1.0,292337,0.0,Very Low (1-4),292337.0,0.868,0.83588388007036,0.572423223985928,0.4063017700442671,40.63017700442671,1284,55.86
Kenduguri No.2,291634,181.0,33,10,1,b,a,c,,,,,,0.0,No,No,No,Yes,Yes,No,No,No,Yes,c,c,c,c,c,c,c,c,c,b,Yes,c,a,c,a,a,c,Yes,b,Yes,No,No,No,0.0,20.0,40.0,0.0,0.0,0.0,0.0,50.0,0.0,50.0,1.0,0.5,0.75,0.25,0.0,0.0,0.0,0.0,1.0,1.0,0.25,0.25,0.5,0.75,0.75,1.0,0.5,0.0,0.4722222222222222,5.484848484848484,0.3011621755379968,0.25,0.25,0.25,0.25,0.25,0.25,0.25,0.25,0.275,0.1104972375690607,0.2209944751381215,0.0,0.0,0.4337016574585635,0.2971716523413445,0.3352804299083237,33.52804299083237,1308,1.0,291634,0.5,Moderate (9-12),291634.0,0.501,0.123377662182715,0.575024467563457,0.4048760787610836,40.48760787610837,1285,24.595
Sologuri No.1,291917,311.3,727,140,1,2,1,b,,,,,,0.0,Yes,Yes,Yes,Yes,No,No,No,No,Yes,c,c,c,c,c,b,b,b,Yes,b,Yes,Yes,b,c,c,Yes,Yes,Yes,Yes,Yes,No,No,No,0.0,40.0,12.0,0.0,6.0,3.3,0.0,160.0,0.0,160.0,1.0,1.0,1.0,0.5,0.0,0.0,0.0,1.0,1.0,1.0,0.25,0.25,0.5,0.5,1.0,1.0,1.0,0.0,0.6111111111111112,0.4281980742778542,0.2958424924646161,0.25,0.25,0.25,0.5,0.5,0.5,1.0,1.0,0.5,0.1284934147124959,0.0385480244137487,0.0,0.0298747189206553,0.5033729521362029,0.3857646644118122,0.4538913337762943,45.38913337762944,910,1.0,291917,1.0,Very High (16-18),291917.0,0.117,0.179581125350596,0.4289837749298808,0.4034188327498781,40.341883274987815,1286,34.105
Baratichuk,291369,199.0,1376,265,2,2,1,1,,1.0,,,,1.0,No,Yes,Yes,Yes,No,No,No,No,c,c,Yes,c,c,Yes,c,c,Yes,Yes,b,Yes,Yes,c,c,c,Yes,c,Yes,Yes,Yes,No,No,No,0.0,69.2,20.0,0.0,0.0,39.5,0.0,70.3,0.0,70.3,1.0,1.0,1.0,1.0,0.0,1.0,0.0,0.0,1.0,0.25,0.25,1.0,0.5,0.25,1.0,1.0,1.0,0.0,0.625,0.1446220930232558,0.2319921876705331,0.25,0.25,1.0,0.25,0.25,1.0,1.0,1.0,0.65,0.3477386934673367,0.100502512562814,0.0,0.1984924623115578,0.5690954773869347,0.469336478309917,0.5031153425796167,50.31153425796167,475,1.0,291369,0.75,High (13-15),291369.0,0.747,0.194669887756467,0.3619660224487067,0.4031849276436035,40.31849276436035,1287,19.953
Tarajan Chah Bagicha,292336,1224.1,3171,636,3,a,b,a,,,,,,1.0,Yes,Yes,Yes,Yes,No,No,No,No,Yes,c,Yes,c,b,b,c,c,b,Yes,Yes,Yes,Yes,a,c,c,a,c,Yes,Yes,Yes,No,No,No,150.0,6.2,19.0,30.1,19.7,25.1,0.0,65.9,0.0,65.9,1.0,0.75,0.5,0.75,0.0,0.0,0.0,1.0,1.0,1.0,0.25,1.0,1.0,0.75,0.75,1.0,1.0,0.0,0.6527777777777778,0.3860296436455376,0.2948450788622748,0.25,0.5,0.5,0.25,0.25,0.5,1.0,1.0,0.625,0.005064945674373,0.0155216077117882,0.1225390082509599,0.0365983171309533,0.4891348746017482,0.3676597306552842,0.49793766029107,49.793766029107,520,1.0,292336,0.5,Moderate (9-12),292336.0,0.901,0.541156646512563,0.3714686706974874,0.4024476975928563,40.24476975928563,1288,56.981
Laimekuri Chapori,291357,0.0,349,52,1,c,c,c,,,,,,0.0,No,No,No,Yes,Yes,No,No,No,c,c,c,c,c,c,c,c,c,Yes,c,Yes,Yes,c,c,c,a,Yes,b,a,No,No,No,No,0.0,0.0,0.0,0.0,0.0,0.0,0.0,0.0,0.0,0.0,1.0,0.25,0.25,0.25,0.0,0.0,0.0,0.0,1.0,0.25,0.25,0.25,0.25,0.25,0.75,0.5,0.75,0.0,0.3333333333333333,0.0,0.0571428571428571,0.25,0.25,0.25,0.25,0.25,0.25,1.0,1.0,0.4,,,,0.0,,0.0,0.2176190476190476,21.76190476190476,1318,1.0,291357,0.0,Not listed,291357.0,0.743,0.0538206657331988,0.7663358668533602,0.4008200610270584,40.08200610270584,1289,19.664
Chetia Gaon,291418,194.4,720,146,1,1,1,b,,,1.0,,,0.0,No,No,Yes,No,No,No,No,No,Yes,b,Yes,a,b,b,a,b,Yes,Yes,b,Yes,Yes,c,b,c,a,b,Yes,Yes,Yes,No,No,No,0.0,24.1,0.0,3.1,0.0,0.0,0.0,162.2,0.0,162.2,1.0,1.0,1.0,0.5,1.0,0.0,0.0,0.0,0.0,1.0,0.5,1.0,0.5,0.25,0.75,1.0,1.0,0.0,0.5833333333333334,0.27,0.1778149051999249,0.75,0.5,0.5,0.75,0.5,1.0,1.0,1.0,0.75,0.1239711934156378,0.0,0.0,0.0,0.5,0.3814756671899529,0.4915821930713052,49.15821930713052,578,1.0,291418,0.75,High (13-15),291418.0,0.765,0.141694071823598,0.3671611856352803,0.3985395506325863,39.85395506325863,1290,23.844
Borpather No.1,292056,137.9,581,121,1,a,b,b,,,,,,0.0,Yes,Yes,No,Yes,No,No,No,No,Yes,b,b,,b,b,c,a,a,Yes,b,Yes,Yes,b,b,b,a,Yes,Yes,Yes,Yes,No,No,No,0.0,53.8,0.0,0.0,0.0,0.0,0.0,84.1,0.0,84.1,1.0,0.75,0.5,0.5,0.0,0.0,0.0,1.0,1.0,1.0,0.5,0.5,0.5,0.5,0.75,1.0,1.0,0.0,0.5833333333333334,0.2373493975903614,0.2341854747693608,0.0,0.5,0.5,0.25,0.75,0.75,1.0,1.0,0.575,0.3901377810007251,0.0,0.0,0.0,0.5,0.3814756671899529,0.4531748354636641,45.31748354636642,918,1.0,292056,0.75,High (13-15),292056.0,0.626,0.10569459352367,0.4160610812952661,0.3971921512889396,39.71921512889396,1291,41.133
Ouguri Kapahua No.1,292042,116.9,421,89,1,1,a,b,,,,,,0.0,No,Yes,Yes,No,No,No,No,No,c,b,b,c,b,b,c,c,b,Yes,b,Yes,Yes,a,b,c,Yes,c,Yes,a,No,No,No,No,0.0,78.4,0.0,0.0,0.0,0.0,0.0,38.5,0.0,38.5,1.0,1.0,0.75,0.5,0.0,0.0,0.0,0.0,0.0,0.25,0.5,0.5,0.5,0.75,1.0,1.0,0.75,0.0,0.4722222222222222,0.2776722090261282,0.1779963766354969,0.25,0.5,0.5,0.25,0.25,0.5,1.0,1.0,0.525,0.6706586826347306,0.0,0.0,0.0,0.5,0.3814756671899529,0.3963497831524203,39.63497831524204,1234,1.0,292042,0.75,High (13-15),292042.0,0.469,0.0678675440038855,0.4707264911992228,0.3950110407170563,39.501104071705626,1292,29.778
Borkheremia Ghilaguri,292383,88.5,372,72,1,1,a,b,,,,,,0.0,Yes,Yes,Yes,Yes,Yes,No,No,No,Yes,b,b,b,b,b,c,b,b,Yes,b,Yes,Yes,a,a,c,Yes,Yes,Yes,a,Yes,No,No,No,0.0,6.3,0.0,0.0,0.0,0.0,0.0,54.5,0.0,54.5,1.0,1.0,0.75,0.5,0.0,0.0,0.0,1.0,1.0,1.0,0.5,0.5,0.5,0.75,1.0,1.0,0.75,0.0,0.625,0.2379032258064516,0.2913414316597734,0.5,0.5,0.5,0.25,0.5,0.5,1.0,1.0,0.575,0.0711864406779661,0.0,0.0,0.0,0.5,0.3814756671899529,0.4778804913529339,47.78804913529339,710,1.0,292383,0.75,High (13-15),292383.0,0.72,0.174350390961583,0.3741299218076834,0.3947086767165096,39.47086767165096,1293,46.92
Balimora Pather,292386,129.4,459,92,1,a,a,a,,,,,,0.0,No,No,Yes,Yes,No,No,No,No,Yes,b,b,a,Yes,Yes,c,b,c,Yes,b,Yes,Yes,c,b,c,a,b,Yes,Yes,Yes,No,No,No,0.0,48.3,0.0,0.0,0.0,0.0,0.0,75.1,0.0,75.1,1.0,0.75,0.75,0.75,0.0,0.0,0.0,0.0,1.0,1.0,0.5,0.5,0.5,0.25,0.75,1.0,1.0,0.0,0.5416666666666666,0.281917211328976,0.1780967840487049,0.75,1.0,1.0,0.25,0.5,0.25,1.0,1.0,0.675,0.3732612055641421,0.0,0.0,0.0,0.5,0.3814756671899529,0.4587359961168335,45.87359961168335,872,1.0,292386,0.75,High (13-15),292386.0,0.72,0.0843344317109333,0.3921331136578133,0.3935987915537945,39.35987915537945,1294,53.822
Nirmalia N.C.,292356,103.1,369,74,1,a,a,b,,,,,,0.0,Yes,No,Yes,Yes,No,No,Yes,No,Yes,b,a,a,b,a,b,c,b,Yes,b,Yes,Yes,c,b,c,a,a,Yes,a,Yes,No,No,No,0.0,0.0,0.0,0.0,1.6,0.0,0.0,101.5,0.0,101.5,1.0,0.75,0.75,0.5,0.0,0.0,0.0,1.0,1.0,1.0,0.5,0.75,0.5,0.25,0.75,1.0,0.75,0.0,0.5833333333333334,0.2794037940379403,0.2351801911110907,0.75,0.5,0.75,0.5,0.25,0.5,1.0,1.0,0.65,0.0,0.0,0.0,0.0155189136760426,0.5077594568380213,0.3913424804376723,0.4778968771986405,47.78968771986405,709,1.0,292356,0.75,High (13-15),292356.0,0.715,0.237493183235948,0.3630013633528104,0.3926969651845476,39.269696518454765,1295,45.478
Gariabam,292332,260.6,1042,198,1,a,b,b,,,,,,1.0,No,Yes,Yes,Yes,No,No,No,No,Yes,c,b,c,Yes,b,c,c,c,Yes,a,Yes,Yes,c,c,c,a,c,a,Yes,Yes,No,No,No,0.0,35.0,20.6,4.2,9.9,8.9,6.2,120.4,0.0,120.4,1.0,0.75,0.5,0.5,0.0,0.0,0.0,0.0,1.0,1.0,0.25,0.5,0.75,0.25,0.75,0.75,1.0,0.0,0.5,0.2500959692898273,0.1202012562662883,0.25,1.0,0.5,0.25,0.25,0.25,1.0,1.0,0.575,0.1343054489639293,0.079048349961627,0.0,0.0959324635456638,0.5242517267843438,0.4123138127085063,0.4100130766082733,41.00130766082734,1186,1.0,292332,0.5,Moderate (9-12),292332.0,0.881,0.108263208568479,0.4640473582863041,0.3925163292873697,39.25163292873697,1296,53.714
Kuli No.2,292034,169.0,643,135,1,2,b,c,,,,,,0.0,Yes,Yes,Yes,Yes,No,No,No,No,a,c,Yes,c,a,a,c,c,Yes,Yes,a,Yes,Yes,c,c,b,Yes,c,Yes,Yes,Yes,No,No,No,0.0,0.0,31.2,0.0,0.0,0.0,2.9,134.9,0.0,134.9,1.0,1.0,0.5,0.25,0.0,0.0,0.0,1.0,1.0,0.75,0.25,1.0,0.75,0.25,1.0,1.0,1.0,0.0,0.5972222222222222,0.2628304821150855,0.2919310382478883,0.25,0.75,0.75,0.25,0.25,1.0,1.0,1.0,0.7,0.0,0.1846153846153846,0.0,0.0171597633136094,0.4531952662721893,0.3219594437684041,0.4966802038712085,49.66802038712085,524,1.0,292034,1.0,Very High (16-18),292034.0,0.485,0.139730845967633,0.3265538308064735,0.391898208449822,39.1898208449822,1297,25.942
Ghogulani,292038,323.1,1066,228,1,2,a,c,,1.0,1.0,,,1.0,No,No,Yes,Yes,Yes,Yes,No,No,b,c,a,c,Yes,a,c,b,b,Yes,a,Yes,Yes,c,c,c,Yes,c,Yes,Yes,Yes,No,No,No,0.0,7.6,0.0,0.0,0.0,0.0,3.9,308.6,0.0,308.6,1.0,1.0,0.75,0.25,1.0,1.0,0.0,0.0,1.0,0.5,0.25,0.75,0.75,0.25,1.0,1.0,1.0,0.0,0.6388888888888888,0.3030956848030019,0.2357405774892393,0.25,1.0,0.75,0.25,0.5,0.5,1.0,1.0,0.675,0.0235221293717115,0.0,0.0,0.0120705663881151,0.5060352831940576,0.389150046133731,0.4989873758212783,49.89873758212783,512,1.0,292038,1.0,Very High (16-18),292038.0,0.443,0.0930668317526745,0.3484866336494651,0.3917023047521555,39.17023047521555,1298,26.484
Tairai Gaon,292305,141.2,705,143,1,1,a,b,,,,,,0.0,Yes,Yes,Yes,Yes,No,No,No,No,Yes,c,a,b,a,a,c,c,b,Yes,b,Yes,Yes,c,b,c,a,b,Yes,Yes,Yes,No,No,No,0.0,11.0,10.0,0.0,10.0,0.0,0.0,90.2,0.0,90.2,1.0,1.0,0.75,0.5,0.0,0.0,0.0,1.0,1.0,1.0,0.25,0.75,0.5,0.25,0.75,1.0,1.0,0.0,0.5972222222222222,0.2002836879432624,0.233308756275737,0.5,0.75,0.75,0.25,0.25,0.5,1.0,1.0,0.625,0.0779036827195467,0.0708215297450425,0.0,0.0708215297450425,0.5141643059490085,0.3994867940638884,0.4750301034372675,47.50301034372675,731,1.0,292305,0.75,High (13-15),292305.0,0.705,0.213251922353468,0.3708496155293064,0.39159005439024,39.159005439024,1299,42.595
Bhardhora Bongali,291450,309.1,1335,289,1,b,b,c,,1.0,,,,1.0,Yes,Yes,Yes,Yes,No,No,No,No,Yes,b,b,b,Yes,b,b,b,b,Yes,b,Yes,Yes,c,b,c,a,c,Yes,Yes,Yes,No,No,No,0.0,10.3,0.0,0.0,0.0,0.0,0.0,244.8,0.0,244.8,1.0,0.5,0.5,0.25,0.0,1.0,0.0,1.0,1.0,1.0,0.5,0.5,0.5,0.25,0.75,1.0,1.0,0.0,0.5972222222222222,0.2315355805243446,0.234047960042438,0.5,1.0,0.5,0.5,0.5,0.5,1.0,1.0,0.65,0.0333225493367842,0.0,0.0,0.0,0.5,0.3814756671899529,0.4791126790041556,47.91126790041557,693,1.0,291450,0.75,High (13-15),291450.0,0.831,0.0909216598869718,0.3575156680226057,0.3887396072981447,38.87396072981447,1300,30.435
Changmai Gaon,291811,217.0,686,132,1,a,b,b,,,,,,2.0,No,No,Yes,Yes,No,Yes,No,No,Yes,c,Yes,c,Yes,Yes,c,Yes,c,Yes,b,Yes,Yes,c,c,c,a,c,Yes,Yes,Yes,No,No,No,0.0,36.5,0.0,6.1,1.0,0.0,0.5,155.9,0.0,155.9,1.0,0.75,0.5,0.5,0.0,0.0,0.0,0.0,1.0,1.0,0.25,1.0,0.5,0.25,0.75,1.0,1.0,0.0,0.5277777777777778,0.3163265306122449,0.178910670707179,0.25,1.0,1.0,0.25,1.0,0.25,1.0,1.0,0.725,0.1682027649769585,0.0,0.0,0.0069124423963133,0.5034562211981567,0.3858705481483626,0.4713462217509117,47.13462217509117,767,1.0,291811,1.0,Very High (16-18),291811.0,0.437,0.084290072330079,0.3520419855339842,0.3884250441126428,38.84250441126429,1301,23.052
Betoni No.2,292058,204.3,183,35,1,a,b,b,,,,,,0.0,No,No,Yes,No,No,Yes,No,No,Yes,b,b,,c,b,c,a,a,Yes,b,Yes,Yes,b,a,b,a,c,Yes,a,Yes,No,No,No,0.0,15.4,0.0,0.0,0.0,0.0,0.0,188.9,0.0,188.9,1.0,0.75,0.5,0.5,0.0,0.0,0.0,0.0,0.0,1.0,0.5,0.5,0.5,0.5,0.75,1.0,0.75,0.0,0.4583333333333333,1.116393442622951,0.1978347238164993,0.0,0.25,0.5,0.25,0.75,0.75,1.0,1.0,0.55,0.075379344101811,0.0,0.0,0.0,0.5,0.3814756671899529,0.4053371477254487,40.53371477254488,1203,1.0,292058,0.75,High (13-15),292058.0,0.597,0.104708700988379,0.4249582598023241,0.3866633349535474,38.66633349535474,1302,40.213
Gulimora No.2,291509,84.0,796,160,1,1,b,b,,,,,,0.0,No,Yes,Yes,No,No,No,No,No,b,b,b,b,b,b,c,c,b,Yes,b,Yes,Yes,b,b,b,Yes,Yes,Yes,Yes,Yes,No,No,No,0.0,20.0,0.0,5.0,0.0,0.0,14.0,35.0,0.0,35.0,1.0,1.0,0.5,0.5,0.0,0.0,0.0,0.0,0.0,0.5,0.5,0.5,0.5,0.5,1.0,1.0,1.0,0.0,0.4722222222222222,0.1055276381909547,0.2310674830884288,0.5,0.5,0.5,0.25,0.25,0.5,1.0,1.0,0.55,0.238095238095238,0.0,0.0,0.1666666666666666,0.5833333333333333,0.4874411302982731,0.4383106523873174,43.83106523873174,1022,1.0,291509,0.75,High (13-15),291509.0,0.828,0.0750555211774061,0.3615888957645188,0.3855185986226557,38.55185986226557,1303,39.665
Dighalia Gaon,292272,104.9,532,100,1,b,a,a,,,,,,0.0,Yes,Yes,Yes,Yes,No,No,No,No,Yes,b,b,b,b,b,c,b,c,Yes,b,Yes,Yes,c,b,c,a,b,Yes,Yes,Yes,No,No,No,0.0,15.0,0.0,0.0,0.0,0.0,0.0,80.0,0.0,80.0,1.0,0.5,0.75,0.75,0.0,0.0,0.0,1.0,1.0,1.0,0.5,0.5,0.5,0.25,0.75,1.0,1.0,0.0,0.5833333333333334,0.1971804511278195,0.233235355142126,0.5,0.5,0.5,0.25,0.5,0.25,1.0,1.0,0.55,0.1429933269780743,0.0,0.0,0.0,0.5,0.3814756671899529,0.4454373055568554,44.54373055568554,972,1.0,292272,0.75,High (13-15),292272.0,0.649,0.159724961731887,0.3983550076536226,0.3848721919254735,38.48721919254735,1304,36.032
Bharalua,291422,203.2,1349,270,1,b,b,b,,,1.0,,,1.0,No,Yes,No,Yes,No,No,No,No,Yes,a,Yes,a,Yes,Yes,a,a,Yes,Yes,b,Yes,Yes,c,a,c,a,a,Yes,Yes,Yes,Yes,Yes,No,0.0,30.0,83.0,26.0,0.0,0.0,0.0,24.0,0.0,24.0,1.0,0.5,0.5,0.5,1.0,0.0,0.0,0.0,1.0,1.0,0.75,1.0,0.5,0.25,0.75,1.0,1.0,0.0,0.5972222222222222,0.1506300963676797,0.1749914383597386,0.75,1.0,1.0,0.75,0.75,1.0,1.0,1.0,0.875,0.1476377952755905,0.4084645669291338,0.0,0.0,0.3774606299212598,0.2256563739972064,0.5006846899449314,50.068468994493145,497,1.0,291422,0.75,High (13-15),291422.0,0.842,0.220061536479209,0.3283876927041582,0.3839513927711789,38.3951392771179,1305,28.835
Deobil Gaon,291613,317.0,971,205,1,a,a,b,,,,,,1.0,No,Yes,Yes,No,No,No,No,No,Yes,c,b,c,b,b,b,c,b,Yes,b,Yes,Yes,a,c,a,a,Yes,Yes,Yes,Yes,No,No,No,0.0,70.0,0.0,20.0,0.0,0.0,0.0,130.0,0.0,130.0,1.0,0.75,0.75,0.5,0.0,0.0,0.0,0.0,0.0,1.0,0.25,0.5,0.5,0.75,0.75,1.0,1.0,0.0,0.4861111111111111,0.3264675592173017,0.1791505373496114,0.25,0.5,0.5,0.5,0.25,0.5,1.0,1.0,0.55,0.2208201892744479,0.0,0.0,0.0,0.5,0.3814756671899529,0.4076105455531713,40.76105455531713,1194,1.0,291613,0.75,High (13-15),291613.0,0.6,0.143214720252016,0.4163570559495968,0.3785518067957345,37.85518067957345,1306,25.545
Kukura Phuia (Santipur),292269,150.5,766,157,1,c,a,a,,,,,,0.0,No,Yes,Yes,Yes,No,No,No,No,Yes,c,c,c,c,c,b,c,a,Yes,b,Yes,Yes,c,c,c,Yes,b,Yes,Yes,Yes,No,No,No,0.0,40.0,0.0,0.0,0.0,0.0,0.0,100.0,0.0,100.0,1.0,0.25,0.75,0.75,0.0,0.0,0.0,0.0,1.0,1.0,0.25,0.25,0.5,0.25,1.0,1.0,1.0,0.0,0.5,0.1964751958224543,0.2332186736762961,0.25,0.25,0.25,0.5,0.25,0.75,1.0,1.0,0.5,0.26578073089701,0.0,0.0,0.0,0.5,0.3814756671899529,0.4095998018570646,40.95998018570646,1188,1.0,292269,0.75,High (13-15),292269.0,0.66,0.115021417138387,0.4039957165723227,0.3771243051264961,37.71243051264961,1307,35.767
Sisumoria,292145,108.3,493,97,1,a,a,b,,,,,,1.0,No,No,No,Yes,No,No,No,No,c,c,b,b,b,a,c,c,c,Yes,c,Yes,Yes,a,c,b,Yes,b,a,Yes,Yes,No,No,No,0.0,10.9,0.0,0.0,0.0,0.0,0.0,90.5,0.0,90.5,1.0,0.75,0.75,0.5,0.0,0.0,0.0,0.0,1.0,0.25,0.25,0.5,0.25,0.75,1.0,0.75,1.0,0.0,0.4861111111111111,0.2196754563894523,0.1766245743392286,0.5,0.5,0.75,0.25,0.25,0.25,1.0,1.0,0.525,0.100646352723915,0.0,0.0,0.0,0.5,0.3814756671899529,0.3994790548005755,39.94790548005756,1225,1.0,292145,0.75,High (13-15),292145.0,0.566,0.169962463965791,0.4212075072068418,0.3748604965460368,37.48604965460368,1308,40.477
Bocha Gaon,291323,37.6,1345,269,2,a,a,a,,,,,,1.0,No,Yes,Yes,Yes,No,No,No,Yes,Yes,c,Yes,b,a,a,b,b,b,Yes,a,Yes,Yes,c,c,c,a,c,Yes,Yes,Yes,Yes,No,No,0.0,5.8,0.0,0.0,1.0,2.8,1.9,18.7,0.0,18.7,1.0,0.75,0.75,0.75,0.0,0.0,0.0,0.0,1.0,1.0,0.25,1.0,0.75,0.25,0.75,1.0,1.0,0.0,0.5694444444444444,0.0279553903345724,0.1720898027374049,0.5,0.75,0.75,0.5,0.5,0.5,1.0,1.0,0.725,0.1542553191489361,0.0,0.0,0.151595744680851,0.5757978723404256,0.4778591469320953,0.4984553911818814,49.84553911818814,515,1.0,291323,1.0,Very High (16-18),291323.0,0.617,0.159156749158948,0.2830686501682103,0.3729287827914496,37.29287827914496,1309,19.0
Deogharia No.2,291821,125.7,503,99,1,a,1,a,,,,,,0.0,No,Yes,Yes,Yes,No,No,No,No,Yes,c,c,c,c,c,c,c,c,Yes,b,Yes,Yes,c,c,c,a,c,Yes,Yes,Yes,No,No,No,0.0,18.0,0.0,0.0,1.3,0.0,0.5,98.7,0.0,98.7,1.0,0.75,1.0,0.75,0.0,0.0,0.0,0.0,1.0,1.0,0.25,0.25,0.5,0.25,0.75,1.0,1.0,0.0,0.5277777777777778,0.2499005964214711,0.1773394922374892,0.25,0.25,0.25,0.25,0.25,0.25,1.0,1.0,0.425,0.1431980906921241,0.0,0.0,0.0143198090692124,0.5071599045346062,0.3905800983878039,0.3818953371813775,38.18953371813775,1264,1.0,291821,0.75,High (13-15),291821.0,0.463,0.134803373261006,0.4591393253477988,0.3715776179566624,37.15776179566624,1310,24.081
Gulimora No.1,291510,45.0,134,25,1,a,a,b,,,,,,0.0,No,Yes,Yes,No,No,No,No,No,b,b,b,b,b,b,c,c,b,Yes,b,Yes,Yes,c,b,b,Yes,Yes,Yes,b,Yes,No,No,No,0.0,15.0,0.0,2.0,0.0,0.0,0.0,24.0,0.0,24.0,1.0,0.75,0.75,0.5,0.0,0.0,0.0,0.0,0.0,0.5,0.5,0.5,0.5,0.25,1.0,1.0,0.5,0.0,0.4305555555555556,0.3358208955223881,0.2365146297795796,0.5,0.5,0.5,0.25,0.25,0.5,1.0,1.0,0.55,0.3333333333333333,0.0,0.0,0.0,0.5,0.3814756671899529,0.4080626797717744,40.80626797717744,1192,1.0,291510,0.75,High (13-15),291510.0,0.816,0.0866050834604053,0.362878983307919,0.3715016008465555,37.150160084655546,1311,39.211
Romai Gaon,291333,249.3,1048,222,2,a,a,a,,,,,1.0,1.0,No,Yes,Yes,Yes,No,No,No,Yes,Yes,c,a,c,Yes,Yes,c,c,c,Yes,b,Yes,Yes,b,c,b,Yes,c,Yes,Yes,Yes,No,No,No,0.0,120.1,0.0,15.9,6.1,0.0,0.0,99.2,0.0,99.2,1.0,0.75,0.75,0.75,0.0,0.0,0.0,0.0,1.0,1.0,0.25,0.75,0.5,0.5,1.0,1.0,1.0,0.0,0.5694444444444444,0.2378816793893129,0.2341980648776147,0.25,1.0,1.0,0.25,0.25,0.25,1.0,1.0,0.625,0.4817488969113517,0.0,0.0,0.0244685118331327,0.5122342559165665,0.397032570317769,0.4678171413940686,46.78171413940686,793,1.0,291333,1.0,Very High (16-18),291333.0,0.557,0.129802780293449,0.3069394439413102,0.3658801793435931,36.588017934359314,1312,15.86
Khongia Gaon,291607,169.0,227,50,1,a,a,b,,,1.0,,,0.0,No,Yes,Yes,No,No,No,No,No,Yes,a,a,c,a,Yes,c,b,c,Yes,b,Yes,Yes,c,c,c,a,Yes,Yes,a,Yes,No,No,No,0.0,0.0,62.0,0.0,57.0,0.0,0.0,50.0,0.0,50.0,1.0,0.75,0.75,0.5,1.0,0.0,0.0,0.0,0.0,1.0,0.75,0.75,0.5,0.25,0.75,1.0,0.75,0.0,0.5416666666666666,0.7444933920704846,0.189038139177939,0.25,0.75,1.0,0.25,0.5,0.25,1.0,1.0,0.625,0.0,0.3668639053254438,0.0,0.3372781065088757,0.5585798816568048,0.45596499865308,0.4613692011917674,46.136920119176736,845,1.0,291607,1.0,Very High (16-18),291607.0,0.652,0.0509102770028874,0.2942179445994225,0.3583414624322157,35.834146243221575,1313,26.577
Tingrai N.C.,291599,3.2,71,14,a,a,a,a,,,,,,0.0,No,No,Yes,No,No,No,No,No,b,b,Yes,c,b,a,c,a,a,a,a,a,Yes,c,c,c,Yes,c,a,a,No,No,No,No,0.0,0.0,3.2,0.0,0.0,0.0,0.0,0.0,0.0,0.0,0.75,0.75,0.75,0.75,0.0,0.0,0.0,0.0,0.0,0.5,0.5,1.0,0.75,0.25,1.0,0.75,0.75,0.0,0.4722222222222222,0.0450704225352112,0.0582089118151748,0.25,0.5,0.75,0.25,0.75,0.75,0.75,1.0,0.675,0.0,1.0,0.0,0.0,0.2,0.0,0.3351077835093493,33.51077835093493,1309,1.0,291599,0.5,Moderate (9-12),291599.0,0.725,0.10871303270566,0.510757393458868,0.3538551853373409,35.38551853373409,1314,32.466
Hatigarh N.C.,291596,2.7,121,29,a,a,a,c,,,,,,0.0,No,No,No,Yes,No,No,No,No,b,b,a,c,b,b,c,a,a,Yes,a,Yes,Yes,c,c,c,Yes,c,a,a,No,No,No,No,0.0,0.0,2.7,0.0,0.0,0.0,0.0,0.0,0.0,0.0,0.75,0.75,0.75,0.25,0.0,0.0,0.0,0.0,1.0,0.5,0.5,0.75,0.75,0.25,1.0,0.75,0.75,0.0,0.4861111111111111,0.0223140495867768,0.0576706533223078,0.25,0.5,0.5,0.25,0.75,0.75,1.0,1.0,0.65,0.0,1.0,0.0,0.0,0.2,0.0,0.3309454411083548,33.09454411083548,1311,1.0,291596,0.5,Moderate (9-12),291596.0,0.74,0.090788029269591,0.5098423941460819,0.3483546209890097,34.83546209890097,1315,33.472
Na-Khangia Bangali Gaon,291650,153.0,674,128,1,1,1,b,,,,,,0.0,No,Yes,Yes,No,No,Yes,No,No,Yes,b,Yes,c,b,b,c,c,Yes,Yes,b,Yes,Yes,b,c,c,a,b,Yes,Yes,Yes,No,No,No,0.0,20.0,20.0,0.0,5.0,0.0,5.0,98.0,0.0,98.0,1.0,1.0,1.0,0.5,0.0,0.0,0.0,0.0,0.0,1.0,0.5,1.0,0.5,0.5,0.75,1.0,1.0,0.0,0.5416666666666666,0.2270029673590504,0.1767978926013216,0.25,0.5,0.5,0.25,0.25,1.0,1.0,1.0,0.625,0.130718954248366,0.130718954248366,0.0,0.065359477124183,0.4934640522875817,0.3731646504755749,0.441749069912112,44.1749069912112,1003,1.0,291650,1.0,Very High (16-18),291650.0,0.633,0.0992619125319671,0.2902476174936066,0.3412732177191092,34.12732177191092,1316,26.048
Kachalo,292033,108.0,459,92,1,a,a,c,,1.0,,,,4.0,No,Yes,Yes,Yes,No,Yes,No,No,b,b,b,c,b,b,c,c,c,Yes,b,Yes,Yes,c,c,b,Yes,c,Yes,Yes,Yes,No,No,No,0.0,0.0,11.0,0.0,0.0,0.0,0.3,96.7,0.0,96.7,1.0,0.75,0.75,0.25,0.0,1.0,0.0,0.0,1.0,0.5,0.5,0.5,0.5,0.25,1.0,1.0,1.0,0.0,0.5555555555555556,0.2352941176470588,0.2341368610519109,0.25,0.5,0.5,0.25,0.25,0.25,1.0,1.0,0.5,0.0,0.1018518518518518,0.0,0.0027777777777777,0.4708333333333333,0.3443877551020408,0.4163006551722747,41.63006551722748,1151,1.0,292033,1.0,Very High (16-18),292033.0,0.487,0.131184218006853,0.3276631563986294,0.3412576410877356,34.12576410877356,1317,27.153
Kuli No.1,292035,94.1,376,75,1,a,b,c,,,,,,1.0,No,No,Yes,Yes,No,No,No,No,c,c,c,c,c,c,c,c,c,Yes,b,Yes,Yes,c,c,a,a,b,Yes,a,Yes,No,No,No,0.0,8.5,0.0,0.0,0.0,0.0,1.6,84.0,0.0,84.0,1.0,0.75,0.5,0.25,0.0,0.0,0.0,0.0,1.0,0.25,0.25,0.25,0.5,0.25,0.75,1.0,0.75,0.0,0.4166666666666667,0.2502659574468085,0.1773481341539887,0.25,0.25,0.25,0.25,0.25,0.25,1.0,1.0,0.425,0.0903294367693942,0.0,0.0,0.0170031880977683,0.5085015940488842,0.3922861713965404,0.3544609344844719,35.44609344844719,1295,1.0,292035,1.0,Very High (16-18),292035.0,0.477,0.107059150793152,0.3354881698413696,0.3223752271845261,32.23752271845261,1318,25.442
