fid,objectid,uid,name,subdistrict,district,state,country,censusname,villagename_locallang,lgd_villagename,lgd_villagecode,lgd_subdistrictcode,lgd_districtcode,lgd_statecode,censuscode2011,premiumdata.sde.VillageBoundary26.area,level_2011,tru_2011,st_area(shape),st_perimeter(shape),slope_mean
1,206621,"182862063234730",102 No Nelami Grant,Dibrugarh West,Dibrugarh,Assam,India,102 No-Nelami Grant,,Nelami Grant,291190,2063,286,18,"291190",2.04543542,Village,Rural,2598660.31405919,7201.94283562863,1
2,210583,"182862063236012",29 No Nelami Grant,Dibrugarh West,Dibrugarh,Assam,India,29 No-Nelami Grant,,Nelami Grant,291188,2063,286,18,"291188",0.56811988,Village,Rural,721626.767650305,3370.16749247845,1
3,206409,"182862066235271",2 No Dulia,Tengakhat,Dibrugarh,Assam,India,2 No. Dulia,,Dulia,291582,2066,286,18,"291582",0.23938119,Village,Rural,304582.796123913,2606.75349980965,
4,206690,"182862066235191",2 No Naohalia,Tengakhat,Dibrugarh,Assam,India,2 No. Naohalia,,Naohalia,291571,2066,286,18,"291571",2.43369687,Village,Rural,3097844.17976954,10227.7385175217,
5,205138,"182862069235554",Abhaipuria Gaon,Naharkatiya,Dibrugarh,Assam,India,Abhaipuria Gaon,,Abhaipuria Gaon,292402,2069,286,18,"292402",1.56164468,Village,Rural,1982734.72055681,6075.40981398267,
6,206612,"182862066235235",Abhoipuria,Tengakhat,Dibrugarh,Assam,India,Abhoipuria,,Abhoipuria,291490,2066,286,18,"291490",2.37968692,Village,Rural,3030025.5143061,7141.04822817287,
7,212335,"182862067235728",Abhoipuria Bongali,Moran,Dibrugarh,Assam,India,Abhoipuria Bongali,,Abhoipuria Bongali,291994,2067,286,18,"291994",0.20572129,Village,Rural,261017.461446367,2199.64634094151,1
8,210356,"182862069235611",Achabam Chah Bagicha,Naharkatiya,Dibrugarh,Assam,India,Achabam Chah Bagicha 334/347 N,,Achabam Chah Bagicha,292367,2069,286,18,"292367",7.08469313,Village,Rural,8997882.6157068,19101.1949281915,
9,211346,"182862069235616",Achabam Chah Bagicha Appl,Naharkatiya,Dibrugarh,Assam,India,Achabam Chah Bagicha Appl,,Achabam Chah Bagicha Appl,292360,2069,286,18,"292360",1.97897438,Village,Rural,2513544.76311468,8510.97233929974,
10,206726,"182862064234918",Agni Pothar Gaon,Dibrugarh East,Dibrugarh,Assam,India,Agni Pothar Gaon,,Agni Pothar Gaon,291313,2064,286,18,"291313",1.88258847,Village,Rural,2398882.82039515,6405.76834020417,1
11,211457,"182862067236004",Ahom Gaon,Moran,Dibrugarh,Assam,India,Ahom Gaon,,Ahom Gaon,291711,2067,286,18,"291711",0.18245362,Village,Rural,231807.167690218,2061.25774564894,1
12,206475,"182862067235969",Ahomgaon Kataki Pukhuri,Moran,Dibrugarh,Assam,India,Ahomgaon Kataki Pukhuri,,Ahomgaon Kataki Pukhuri,291772,2067,286,18,"291772",0.74675921,Village,Rural,948727.387267924,4180.12601598055,1
13,212332,"182862067236006",Ahomgaon Nagar,Moran,Dibrugarh,Assam,India,Ahomgaon Nagar,,Ahomgaon Nagar,291774,2067,286,18,"291774",0.36083337,Village,Rural,458444.100764253,2974.43703287052,1
14,205247,"182862067235971",Ahomgaon No 1,Moran,Dibrugarh,Assam,India,Ahomgaon No.1,,Ahomgaon,291775,2067,286,18,"291775",0.75977288,Village,Rural,965177.358058347,4972.35198256068,1
15,206473,"182862067236003",Ahomgaon No 2,Moran,Dibrugarh,Assam,India,Ahomgaon No.2,,Ahomgaon,291778,2067,286,18,"291778",1.07954934,Village,Rural,1371398.63424267,6203.18703594701,1
16,210575,"182862067235921",Akhoi Phutia,Moran,Dibrugarh,Assam,India,Akhoi Phutia,,Akhoi Phutia,291860,2067,286,18,"291860",0.77510587,Village,Rural,983568.803690462,6303.06189632799,1
17,205343,"182862063234752",Aliachuk Gaon,Dibrugarh West,Dibrugarh,Assam,India,Aliachuk Gaon,,Aliachuk Gaon,291168,2063,286,18,"291168",0.66379385,Village,Rural,844211.044752875,3781.80076938514,1
18,205199,"182862069235589",Alichiga Gaon,Naharkatiya,Dibrugarh,Assam,India,Alichiga Gaon,,Alichiga Gaon,292348,2069,286,18,"292348",1.17037725,Village,Rural,1487018.40578294,5881.95502009711,
19,205243,"182862064234890",Alimur Gaon,Dibrugarh East,Dibrugarh,Assam,India,Alimur Gaon,,Alimur Gaon,291324,2064,286,18,"291324",2.92567408,Village,Rural,3727447.26191932,9227.18731606796,
20,205445,"182862069235668",Amguri,Naharkatiya,Dibrugarh,Assam,India,Amguri,,Amguri,292263,2069,286,18,"292263",5.07259371,Village,Rural,6451380.92036886,11216.4968258386,
21,205277,"182862069235669",Amguri Nepali,Naharkatiya,Dibrugarh,Assam,India,Amguri Nepali,,Amguri Nepali,292262,2069,286,18,"292262",3.40708434,Village,Rural,4334862.71302557,10314.5678685508,
22,206750,"182862066235249",Amulguri Chah Bagan,Tengakhat,Dibrugarh,Assam,India,Amulguri Chah Bagan,,Amulguri Chah Bagan,291497,2066,286,18,"291497",0.96715667,Village,Rural,1231565.97879207,4872.65834603724,
23,205450,"182862066235148",Anandabari T E,Tengakhat,Dibrugarh,Assam,India,Anandabari T.E.,,Anandabari T.E.,291532,2066,286,18,"291532",2.57382328,Village,Rural,3276884.21887041,7925.08094242764,
24,205298,"182862069235592",Asamia Gaon,Naharkatiya,Dibrugarh,Assam,India,Asamia Gaon,,Asamia Gaon,292382,2069,286,18,"292382",3.88904509,Village,Rural,4939510.82422667,9583.51026901093,
25,205496,"182862064234915",Athabari Gaon,Dibrugarh East,Dibrugarh,Assam,India,Athabari Gaon,,Athabari Gaon,291287,2064,286,18,"291287",2.21764443,Village,Rural,2828374.48280137,7760.16981773199,1
26,210869,"182862067235824",Athabari Gaon,Moran,Dibrugarh,Assam,India,Athabari Gaon,,Athabari Gaon,291720,2067,286,18,"291720",1.51874724,Village,Rural,1929835.96640441,9198.2637347436,1
27,206478,"182862068235427",Azizbag T E,Tingkhong,Dibrugarh,Assam,India,Azizbag T.E.,,Azizbag T.E.,292135,2068,286,18,"292135",4.5786823,Village,Rural,5812216.23986343,10148.1973477967,
28,205254,"182862068235490",Bacha Gaon,Tingkhong,Dibrugarh,Assam,India,Bacha Gaon,,Bacha Gaon,292162,2068,286,18,"292162",2.4643656,Village,Rural,3127043.45469926,9563.82287523011,
29,206794,"182862069235642",Badhari Tipling,Naharkatiya,Dibrugarh,Assam,India,Badhari Tipling,,Badhari Tipling,292317,2069,286,18,"292317",2.45386013,Village,Rural,3120011.83774827,8296.82852156062,
30,205476,"182862065235060",Bagaritolia,Chabua,Dibrugarh,Assam,India,Bagaritolia,,Bagaritolia,291374,2065,286,18,"291374",1.71995345,Village,Rural,2196179.27214351,6959.23264926239,
31,205109,"182862068235389",Baghmora,Tingkhong,Dibrugarh,Assam,India,Baghmora,,Baghmora,292205,2068,286,18,"292205",0.67943991,Village,Rural,861786.650920027,4883.78646636749,
32,205310,"182862069235586",Baghmora Gaon,Naharkatiya,Dibrugarh,Assam,India,Baghmora Gaon,,Baghmora Gaon,292346,2069,286,18,"292346",1.38378976,Village,Rural,1758394.90170595,5479.0385060835,
33,205082,"182862068235400",Baghmora No 2,Tingkhong,Dibrugarh,Assam,India,Baghmora No.2,,Baghmora,292207,2068,286,18,"292207",1.47779723,Village,Rural,1874665.78270322,6627.87075763297,
34,205411,"182862068235390",Baghmora Puwali Pather,Tingkhong,Dibrugarh,Assam,India,Baghmora Puwali Pather,,Baghmora Puwali Pather,292208,2068,286,18,"292208",1.52171571,Village,Rural,1930176.04679993,6422.83909586698,
35,205240,"182862067235959",Baghtali Pather Gaon,Moran,Dibrugarh,Assam,India,Baghtali Pather Gaon,,Baghtali Pather Gaon,291770,2067,286,18,"291770",2.38120081,Village,Rural,3024770.36257466,8730.89713616268,1
36,211913,"182862067235960",Baghtoli Bahani,Moran,Dibrugarh,Assam,India,Baghtoli Bahani,,Baghtoli Bahani,291798,2067,286,18,"291798",1.11707622,Village,Rural,1418829.85416531,5725.02478149169,1
37,206618,"182862067235970",Baghtoli Sonowal,Moran,Dibrugarh,Assam,India,Baghtoli Sonowal,,Baghtoli Sonowal,291773,2067,286,18,"291773",0.59831704,Village,Rural,760003.923402753,4218.51790669569,1
38,205157,"182862063234815",Bagibill Gaon,Dibrugarh West,Dibrugarh,Assam,India,Bagibill Gaon,,Bagibill Gaon,291080,2063,286,18,"291080",2.53608999,Village,Rural,3231097.02723817,8007.54221387164,1
39,205257,"182862068235425",Bahani Ratanpur,Tingkhong,Dibrugarh,Assam,India,Bahani (Ratanpur),,Bahani (Ratanpur),292137,2068,286,18,"292137",1.90467125,Village,Rural,2417890.66779258,6943.84649167261,
40,205074,"182862066235154",Bahoni Gaon,Tengakhat,Dibrugarh,Assam,India,1 No. Bahoni Gaon,,Bahoni Gaon,291549,2066,286,18,"291549",0.62003025,Village,Rural,788666.325765839,5124.33319086671,
41,206412,"182862066235155",Bahoni Pather,Tengakhat,Dibrugarh,Assam,India,Bahoni Pather,,Bahoni Pather,291550,2066,286,18,"291550",0.92208299,Village,Rural,1173069.68888926,5813.96869927882,
42,206616,"182862067235957",Bahoni Pather Block Gaon,Moran,Dibrugarh,Assam,India,Bahoni Pather Block Gaon,,Bahoni Pather Block Gaon,291797,2067,286,18,"291797",1.7681838,Village,Rural,2245648.09936681,7020.93901526952,1
43,209899,"182862068235451",Bailong Bhati Bailung,Tingkhong,Dibrugarh,Assam,India,Bailong Bhati (Bailung),,Bailong Bhati (Bailung),292068,2068,286,18,"292068",0.87171576,Village,Rural,1107240.99021375,10404.0968248023,
44,205075,"182862068235321",Bajipahumara,Tingkhong,Dibrugarh,Assam,India,Bajipahumara,,Bajipahumara,292086,2068,286,18,"292086",4.07542444,Village,Rural,5175858.97011464,10922.2851933193,
45,206764,"182862064234925",Bakulbari,Dibrugarh East,Dibrugarh,Assam,India,Bakulbari 26/147 Orr,,Bakulbari,291285,2064,286,18,"291285",3.62312612,Village,Rural,4619673.80498089,9212.64964496489,1
46,206742,"182862066235171",Bakuloni,Tengakhat,Dibrugarh,Assam,India,Bakuloni No.3,,Bakuloni,291552,2066,286,18,"291552",1.28852641,Village,Rural,1639639.90489492,5887.42900084454,
47,205368,"182862063234713",Bali Gaon,Dibrugarh West,Dibrugarh,Assam,India,Bali Gaon,,Bali Gaon,291210,2063,286,18,"291210",2.37003909,Village,Rural,3013556.00892554,8156.42291196924,1
48,206581,"182862066235255",Balijan,Tengakhat,Dibrugarh,Assam,India,Balijan 240 Wl,,Balijan,291501,2066,286,18,"291501",2.37982833,Village,Rural,3031220.34837746,10525.5321160223,
49,206711,"182862065235026",Balijan Bangali,Chabua,Dibrugarh,Assam,India,Balijan Bangali,,Balijan Bangali,291389,2065,286,18,"291389",5.29774378,Village,Rural,6764358.93292402,16611.6831335255,
50,210913,"182862066235253",Balijan Chah Bagan,Tengakhat,Dibrugarh,Assam,India,Balijan Chah Bagan,,Balijan Chah Bagan,291500,2066,286,18,"291500",2.72341596,Village,Rural,3468321.98182913,8248.36925361323,
51,205186,"182862066235286",Balijangaon,Tengakhat,Dibrugarh,Assam,India,Balijangaon,,Balijangaon,291503,2066,286,18,"291503",0.49305746,Village,Rural,627818.665181662,5529.21903248059,
52,211470,"182862065235025",Balijan Gaon,Chabua,Dibrugarh,Assam,India,Balijan Gaon,,Balijan Gaon,291408,2065,286,18,"291408",1.0216122,Village,Rural,1304093.57142803,7383.47898140044,
53,205392,"182862066235287",Balijan Grant,Tengakhat,Dibrugarh,Assam,India,Balijan 173/174 Nlr Grant,,Balijan Grant,291504,2066,286,18,"291504",3.74784779,Village,Rural,4771215.60794373,8971.54091970299,
54,211482,"182862069235634",Balijan Maje,Naharkatiya,Dibrugarh,Assam,India,Balijan Maje,,Balijan Maje,292378,2069,286,18,"292378",1.71500875,Village,Rural,2179008.91670331,6859.96683494369,
55,205370,"182862069235591",Balijan No 1,Naharkatiya,Dibrugarh,Assam,India,Balijan No.1,,Balijan,292380,2069,286,18,"292380",1.31532418,Village,Rural,1671159.63322427,5698.26996784235,
56,205426,"182862069235601",Balijan No 2,Naharkatiya,Dibrugarh,Assam,India,Balijan No.2,,Balijan,292377,2069,286,18,"292377",1.65871872,Village,Rural,2107415.15039075,5980.95647357361,
57,206530,"182862069235598",Balijan No 3,Naharkatiya,Dibrugarh,Assam,India,Balijan No.3,,Balijan,292384,2069,286,18,"292384",1.39190477,Village,Rural,1767637.90150117,7655.48702117078,
58,205470,"182862065235023",Balijan Pani Era,Chabua,Dibrugarh,Assam,India,Balijan Pani Era,,Balijan Pani Era,291409,2065,286,18,"291409",2.45311321,Village,Rural,3131150.49105986,7624.13972927941,
59,210333,"182862065235002",Balijan T E,Chabua,Dibrugarh,Assam,India,Balijan T.E.,,Balijan T.E.,291405,2065,286,18,"291405",2.48529376,Village,Rural,3173583.77932353,8523.23018965275,
60,210334,"182862065235022",Balijan T E,Chabua,Dibrugarh,Assam,India,Balijan T.E.,,Balijan T.E.,291407,2065,286,18,"291407",4.49528903,Village,Rural,5738787.40819876,11460.0434112092,
61,210960,"182862066235285",Balijan T E,Tengakhat,Dibrugarh,Assam,India,Balijan T.E. 5/54 No.,,Balijan T.E.,291505,2066,286,18,"291505",0.78346059,Village,Rural,997520.349527466,4184.81278812998,
62,205078,"182862069235561",Balimora Chah Bagicha,Naharkatiya,Dibrugarh,Assam,India,Balimora Chah Bagicha,,Balimora Chah Bagicha,292385,2069,286,18,"292385",1.65122605,Village,Rural,2096710.84684437,6934.32279000032,
63,211483,"182862069235559",Balimora Pather,Naharkatiya,Dibrugarh,Assam,India,Balimora Pather,,Balimora Pather,292386,2069,286,18,"292386",0.49623357,Village,Rural,629642.397740261,3968.38307285643,
64,205093,"182862069235662",Balipara,Naharkatiya,Dibrugarh,Assam,India,Balipara,,Balipara,292264,2069,286,18,"292264",2.45665793,Village,Rural,3124160.08851586,7595.6450875654,
65,211539,"182862067235740",Bamunbari,Moran,Dibrugarh,Assam,India,Bamunbari 50/162 Or Grant,,Bamunbari,291889,2067,286,18,"291889",0.63071869,Village,Rural,801155.723223686,3846.84027959995,1
66,206622,"182862067235737",Bamunbari 264 Nlr Grant,Moran,Dibrugarh,Assam,India,Bamunbari 264 Nlr Grant,,Bamunbari Grant,291892,2067,286,18,"291892",1.63541217,Village,Rural,2076992.22340429,6157.77169031001,1
67,211535,"182862067235780",Bamunbari 320 No Nlr Grant,Moran,Dibrugarh,Assam,India,Bamunbari 320 No.Nlr Grant,,Bamunbari Grant,291832,2067,286,18,"291832",0.73285544,Village,Rural,931020.550699891,4315.75268366197,1
68,211516,"182862068235305",Bamunbari Darkhastor,Tingkhong,Dibrugarh,Assam,India,Bamunbari No.2 Darkhastor,,Bamunbari Darkhastor,292104,2068,286,18,"292104",0.20554269,Village,Rural,260938.324278383,2492.74978433981,1
69,210867,"182862067235736",Bamunbari No 1 Nlr Grant,Moran,Dibrugarh,Assam,India,Bamunbari No.1 Nlr Grant,,Bamunbari Grant,291893,2067,286,18,"291893",1.46847709,Village,Rural,1864864.2142795,8467.2171122344,1
70,205139,"182862068235311",Bamunbari T E,Tingkhong,Dibrugarh,Assam,India,Bamunbari T.E.No.125 F.S.,,Bamunbari T.E,292096,2068,286,18,"292096",2.24252584,Village,Rural,2848123.45581958,6659.15943051787,1
71,206787,"182862069235711",Bamuni Bill,Naharkatiya,Dibrugarh,Assam,India,Bamuni Bill No.1,,Bamuni Bill,292242,2069,286,18,"292242",3.05946905,Village,Rural,3891687.73510023,8692.09123970797,
72,206574,"182862069235703",Bamuni Bill Bamuni Bill,Naharkatiya,Dibrugarh,Assam,India,Bamuni Bill No.2 (Bamuni Bill No.3),,Bamuni Bill (Bamuni Bill),292238,2069,286,18,"292238",1.98278442,Village,Rural,2521608.59547974,9143.26386774936,
73,205174,"182862065235030",Bamuni Hiloidhari,Chabua,Dibrugarh,Assam,India,Bamuni Hiloidhari,,Bamuni Hiloidhari,291411,2065,286,18,"291411",1.90762531,Village,Rural,2434391.02706473,6831.71712532686,
74,210895,"182862066235197",Bamuni Kuria No 1,Tengakhat,Dibrugarh,Assam,India,Bamuni Kuria No.1,,Bamuni Kuria,291637,2066,286,18,"291637",1.60306284,Village,Rural,2039374.11803901,6999.87679527782,
75,211473,"182862066235201",Bamuni Kuria No 2,Tengakhat,Dibrugarh,Assam,India,Bamuni Kuria No.2,,Bamuni Kuria,291642,2066,286,18,"291642",0.50844607,Village,Rural,646895.719827851,3813.55549901563,
76,206529,"182862068235476",Bamun Pukhuri,Tingkhong,Dibrugarh,Assam,India,Bamun Pukhuri,,Bamun Pukhuri,292039,2068,286,18,"292039",2.2206648,Village,Rural,2821730.44145378,8056.69414731119,
77,205394,"182862063234724",Banhbari Gaon No 1,Dibrugarh West,Dibrugarh,Assam,India,Banhbari Gaon No.1,,Banhbari Gaon,291201,2063,286,18,"291201",1.31998089,Village,Rural,1676900.17903289,5951.59238250564,1
78,211857,"182862063234723",Banhbari Gaon No 2,Dibrugarh West,Dibrugarh,Assam,India,Banhbari Gaon No.2,,Banhbari Gaon,291200,2063,286,18,"291200",0.08801912,Village,Rural,111859.034936678,1351.510545733,1
79,205401,"182862063234722",Banhbari Grant,Dibrugarh West,Dibrugarh,Assam,India,182 No.Banhbari Grant,,Banhbari Grant,291199,2063,286,18,"291199",0.84372319,Village,Rural,1072068.64484323,4947.45052928554,1
80,206638,"182862066235292",Bantana Gaon,Tengakhat,Dibrugarh,Assam,India,Bantana Gaon,,Bantana Gaon,291653,2066,286,18,"291653",1.01218539,Village,Rural,1287895.58170861,6431.40809952194,
81,211794,"182862065235028",Barahi Da Pathar,Chabua,Dibrugarh,Assam,India,Barahi-Da-Pathar,,Barahi-Da-Pathar,291375,2065,286,18,"291375",1.07839283,Village,Rural,1376604.67294645,4621.53523802346,
82,205498,"182862065235054",Baratichuk,Chabua,Dibrugarh,Assam,India,Baratichuk,,Baratichuk,291369,2065,286,18,"291369",1.83214242,Village,Rural,2339190.97779728,6824.08835969183,
83,205206,"182862069235659",Barbam No 1,Naharkatiya,Dibrugarh,Assam,India,Barbam No.1,,Barbam,292301,2069,286,18,"292301",1.80725145,Village,Rural,2297169.46001558,7383.55643075381,
84,205204,"182862069235655",Barbam No 2,Naharkatiya,Dibrugarh,Assam,India,Barbam No.2,,Barbam,292307,2069,286,18,"292307",0.62028893,Village,Rural,788403.864815247,3716.0757542569,
85,210771,"182862064234934",Barbari,Dibrugarh East,Dibrugarh,Assam,India,Barbari 12/141 Orr,,Barbari,291266,2064,286,18,"291266",2.12532368,Village,Rural,2711181.22845916,8109.79385183591,1
86,211677,"182862064236014",Barbari Amc Area CT,Dibrugarh East,Dibrugarh,Assam,India,Barbari (Amc Area) (CT),,Barbari (Amc Area) (CT),291355,2064,286,18,"291355",1.80977686,Town,Urban,2308442.14421022,7701.12209191312,1
87,206335,"182862064234927",Bashbari Gaon,Dibrugarh East,Dibrugarh,Assam,India,Bashbari Gaon,,Bashbari Gaon,291284,2064,286,18,"291284",1.93460466,Village,Rural,2467870.82508751,6808.40113089845,1
88,206549,"182862066235076",Basmatia,Tengakhat,Dibrugarh,Assam,India,Basmatia No.2,,Basmatia,291629,2066,286,18,"291629",1.07011942,Village,Rural,1361544.99856163,6310.39587842901,
89,206596,"182862066235202",Basmatia Grant No 2,Tengakhat,Dibrugarh,Assam,India,Basmatia Grant No.2,,Basmatia Grant,291612,2066,286,18,"291612",0.9878517,Village,Rural,1257433.41863312,8525.27329499887,
90,206680,"182862066235078",Basmatia Grant No 7,Tengakhat,Dibrugarh,Assam,India,Basmatia Grant No.7,,Basmatia Grant,291623,2066,286,18,"291623",2.50957294,Village,Rural,3193773.33854652,7099.40688946407,
91,210337,"182862066235077",Basmatia Grant No 8,Tengakhat,Dibrugarh,Assam,India,Basmatia Grant No.8,,Basmatia Grant,291624,2066,286,18,"291624",0.80516429,Village,Rural,1024891.62356803,5060.78339947298,
92,206302,"182862064234857",Basmotia,Dibrugarh East,Dibrugarh,Assam,India,Basmotia,,Basmotia,291353,2064,286,18,"291353",1.96103276,Village,Rural,2495346.7009008,6579.9217382767,
93,206408,"182862064234858",Basmotia T E,Dibrugarh East,Dibrugarh,Assam,India,Basmotia T.E.,,Basmotia T.E.,291354,2064,286,18,"291354",2.74046168,Village,Rural,3488047.37021779,9466.33552982628,
94,206557,"182862066235246",Bayanchuk Bhoyn Chuk,Tengakhat,Dibrugarh,Assam,India,Bayanchuk (Bhoyn Chuk),,Bayanchuk (Bhoyn Chuk),291495,2066,286,18,"291495",0.83674423,Village,Rural,1065918.02946298,6613.19845823588,
95,206770,"182862064234928",Bebejia Gaon,Dibrugarh East,Dibrugarh,Assam,India,Bebejia Gaon,,Bebejia Gaon,291282,2064,286,18,"291282",2.26234091,Village,Rural,2885476.23196529,7658.95372166226,1
96,206759,"182862064234937",Behia Chetia Gaon,Dibrugarh East,Dibrugarh,Assam,India,Behia Chetia Gaon,,Behia Chetia Gaon,291255,2064,286,18,"291255",1.81183045,Village,Rural,2310493.78568048,7011.23391368473,0.867088607814996
97,206429,"182862063234795",Behiating T E,Dibrugarh West,Dibrugarh,Assam,India,Behiating T.E.,,Behiating T.E.,291113,2063,286,18,"291113",1.40263267,Village,Rural,1787222.43178106,5640.60205545855,1
98,206306,"182862069235610",Betanibam Habi Gaon,Naharkatiya,Dibrugarh,Assam,India,Betanibam Habi Gaon,,Betanibam Habi Gaon,292368,2069,286,18,"292368",0.69256175,Village,Rural,879500.12376364,3801.79702515159,
99,205108,"182862065235006",Betmela Gaon,Chabua,Dibrugarh,Assam,India,Betmela Gaon,,Betmela Gaon,291449,2065,286,18,"291449",1.61149927,Village,Rural,2055807.30178372,6760.77507020398,
100,205142,"182862068235504",Betoni No 1,Tingkhong,Dibrugarh,Assam,India,Betoni No.1,,Betoni,292060,2068,286,18,"292060",1.22623103,Village,Rural,1556958.16250443,7566.68900438692,
101,205069,"182862068235519",Betoni No 2,Tingkhong,Dibrugarh,Assam,India,Betoni No.2,,Betoni,292058,2068,286,18,"292058",2.83483615,Village,Rural,3599886.84194263,14271.0259288583,
102,206341,"182862067235904",Bezapather No 1,Moran,Dibrugarh,Assam,India,Bezapather No.1,,Bezapather,291925,2067,286,18,"291925",1.2440124,Village,Rural,1577669.83955908,10154.8342284604,1
103,205098,"182862067235902",Bezapather No 2,Moran,Dibrugarh,Assam,India,Bezapather No.2,,Bezapather,291924,2067,286,18,"291924",1.97271159,Village,Rural,2501553.22467756,6249.35920943077,1
104,206786,"182862067235852",Bezarchuk Bongali,Moran,Dibrugarh,Assam,India,Bezarchuk Bongali,,Bezarchuk Bongali,291990,2067,286,18,"291990",0.50240187,Village,Rural,637476.626073772,4130.20507330577,1
105,206369,"182862067235953",Bezgaon,Moran,Dibrugarh,Assam,India,Bezgaon No.2,,Bezgaon,291852,2067,286,18,"291852",0.46125819,Village,Rural,585514.313711889,3125.32551085979,1
106,206357,"182862067235978",Bez Gaon,Moran,Dibrugarh,Assam,India,Bez Gaon,,Bez Gaon,291850,2067,286,18,"291850",0.74565888,Village,Rural,946643.831169705,3995.22705125643,1
107,205312,"182862066235143",Bhadai Nagar,Tengakhat,Dibrugarh,Assam,India,Bhadai Nagar,,Bhadai Nagar,291691,2066,286,18,"291691",1.59108447,Village,Rural,2023384.76415209,5727.85183951449,
108,205412,"182862066235095",Bhaga Muria Gaon,Tengakhat,Dibrugarh,Assam,India,Bhaga Muria Gaon,,Bhaga Muria Gaon,291655,2066,286,18,"291655",1.45379065,Village,Rural,1849880.75367743,5840.62554656071,
109,206534,"182862066235217",Bhajoni,Tengakhat,Dibrugarh,Assam,India,Bhajoni,,Bhajoni,291483,2066,286,18,"291483",2.34079867,Village,Rural,2981220.35349832,8023.75637280794,
110,206428,"182862066235240",Bhakalajan Gaon,Tengakhat,Dibrugarh,Assam,India,Bhakalajan Gaon,,Bhakalajan Gaon,291661,2066,286,18,"291661",2.16571448,Village,Rural,2757610.65779746,11196.691112873,
111,205095,"182862067235878",Bhalukaguri,Moran,Dibrugarh,Assam,India,Bhalukaguri,,Bhalukaguri,291947,2067,286,18,"291947",1.40927046,Village,Rural,1786104.33824971,5323.6415431952,1
112,205222,"182862068235336",Bhalukaguri Bhalukagari,Tingkhong,Dibrugarh,Assam,India,Bhalukaguri (Bhalukagari),,Bhalukaguri (Bhalukagari),292098,2068,286,18,"292098",2.16546635,Village,Rural,2749563.48801444,7201.05087766772,
113,205169,"182862067235765",Bharalibari No 1,Moran,Dibrugarh,Assam,India,Bharalibari No.1,,Bharalibari,291744,2067,286,18,"291744",2.0192024,Village,Rural,2568814.80978488,7380.93060173749,1
114,212340,"182862067236008",Bharalibari No 2,Moran,Dibrugarh,Assam,India,Bharalibari No.2,,Bharalibari,291745,2067,286,18,"291745",3.33595015,Village,Rural,4244877.6370406,11817.0887328071,0.97376093298805
115,206670,"182862067235766",Bharalibari No 3,Moran,Dibrugarh,Assam,India,Bharalibari No.3,,Bharalibari,291746,2067,286,18,"291746",0.91455755,Village,Rural,1163279.34656801,4550.18435330347,1
116,210871,"182862067238062",Bharali Forest Village,Moran,Dibrugarh,Assam,India,Bharali Forest Village,,Bharali Forest Village,292010,2067,286,18,"292010",4.43802133,Village,Rural,5641393.85652671,14775.9523263386,1
117,205473,"182862065234993",Bharalua,Chabua,Dibrugarh,Assam,India,Bharalua,,Bharalua,291422,2065,286,18,"291422",2.0814792,Village,Rural,2657057.5082678,6639.00701294708,
118,205464,"182862065234974",Bhardhora Bongali,Chabua,Dibrugarh,Assam,India,Bhardhora Bongali,,Bhardhora Bongali,291450,2065,286,18,"291450",3.93717319,Village,Rural,5022635.93760516,8952.83750951869,
119,205320,"182862066235094",Bhereki Bam Gaon,Naharkatiya,Dibrugarh,Assam,India,Bhereki Bam Gaon,,Bhereki Bam Gaon,291654,2069,286,18,"291654",2.28855702,Village,Rural,2911822.23353448,7926.02231234574,
120,206579,"182862064234875",Bhimpara,Dibrugarh East,Dibrugarh,Assam,India,Bhimpara,,Bhimpara,291330,2064,286,18,"291330",1.2987716,Village,Rural,1654254.62439702,6983.27321369776,
121,210524,"182862063234750",Bhogamur Gaon,Dibrugarh West,Dibrugarh,Assam,India,Bhogamur Gaon,,Bhogamur Gaon,291173,2063,286,18,"291173",4.60770005,Village,Rural,5859802.72016668,11759.7045418376,1
122,205380,"182862063234715",Bhogamur Gaon No 1,Dibrugarh West,Dibrugarh,Assam,India,Bhogamur Gaon No.1,,Bhogamur Gaon,291207,2063,286,18,"291207",2.05253661,Village,Rural,2608690.4645016,7343.2095532657,1
123,206375,"182862063234827",Bhogamur Gaon No 2,Dibrugarh West,Dibrugarh,Assam,India,Bhogamur Gaon No.2,,Bhogamur Gaon,291174,2063,286,18,"291174",0.89469089,Village,Rural,1137528.92382282,4484.93152916011,1
124,211614,"182862063234749",Bhogamur Gaon No 3,Dibrugarh West,Dibrugarh,Assam,India,Bhogamur Gaon No.3,,Bhogamur Gaon,291209,2063,286,18,"291209",0.453801,Village,Rural,576965.592800454,3394.72598374859,1
125,205295,"182862063234714",Bhogamur Tiniali Gaon,Dibrugarh West,Dibrugarh,Assam,India,Bhogamur Tiniali Gaon,,Bhogamur Tiniali Gaon,291208,2063,286,18,"291208",2.42871892,Village,Rural,3087137.41812749,9885.27898113476,0.997151898738893
126,210880,"182862063234683",Bhorbhuri Nogaon No 2,Dibrugarh West,Dibrugarh,Assam,India,Bhorbhuri Nogaon No.2,,Bhorbhuri Gaon,291238,2063,286,18,"291238",1.11020853,Village,Rural,1413335.20146835,6440.18171546904,1
127,210881,"182862063234687",Bhorbhuri Nogaon No 3,Dibrugarh West,Dibrugarh,Assam,India,Bhorbhuri Nogaon No.3,,Bhorbhuri Gaon,291237,2063,286,18,"291237",1.62408162,Village,Rural,2067367.87900386,8802.73366710606,1
128,211532,"182862067238061",Bhugali Pather F V,Moran,Dibrugarh,Assam,India,Bhugali Pather F/V,,Bhugali Pather F/V,292004,2067,286,18,"292004",0.9375894,Village,Rural,1192002.37642463,4980.50805094545,1
129,206407,"182862063234682",Bhurbhuri Gaon,Dibrugarh West,Dibrugarh,Assam,India,Bhurbhuri Gaon No.1,,Bhurbhuri Gaon,291152,2063,286,18,"291152",1.09550763,Village,Rural,1394857.44664355,5175.5846949446,1
130,206752,"182862066235262",Bijulibari T E,Tengakhat,Dibrugarh,Assam,India,Bijulibari T.E.,,Bijulibari T.E.,291516,2066,286,18,"291516",0.61192803,Village,Rural,779197.4329259,3974.59498485142,
131,205482,"182862065234998",Bindhakota Gaon,Chabua,Dibrugarh,Assam,India,Bindhakota Gaon,,Bindhakota Gaon,291392,2065,286,18,"291392",2.72726317,Village,Rural,3483700.26386944,7594.26077546431,
132,206679,"182862063234760",Binoigutia Gaon,Dibrugarh West,Dibrugarh,Assam,India,Binoigutia Gaon,,Binoigutia Gaon,291131,2063,286,18,"291131",4.03105537,Village,Rural,5129384.20088458,9863.1487599986,1
133,205316,"182862064234881",Bocha Gaon,Dibrugarh East,Dibrugarh,Assam,India,Bocha Gaon,,Bocha Gaon,291323,2064,286,18,"291323",2.3314163,Village,Rural,2970153.05866555,7346.3414924577,
134,210905,"182862065234985",Bogdungkinar,Chabua,Dibrugarh,Assam,India,Bogdungkinar,,Bogdungkinar,291426,2065,286,18,"291426",2.13102346,Village,Rural,2720917.13999262,7942.00638887812,
135,206582,"182862063234676",Bogpara Gaon,Dibrugarh West,Dibrugarh,Assam,India,Bogpara Gaon,,Bogpara Gaon,291100,2063,286,18,"291100",1.82634931,Village,Rural,2327723.17859719,6776.08006496019,1
136,206763,"182862063234672",Boiragimoth Kachari Gaon,Dibrugarh East,Dibrugarh,Assam,India,Boiragimoth Kachari Gaon,,Boiragimoth Kachari Gaon,291092,2064,286,18,"291092",3.7152603,Village,Rural,4737660.22536773,8595.9325853577,1
137,205326,"182862064234924",Bokul Maj Gaon,Dibrugarh West,Dibrugarh,Assam,India,Bokul Maj Gaon,,Bokul Maj Gaon,291301,2063,286,18,"291301",3.2332519,Village,Rural,4121552.60117847,8927.6396962037,1
138,206725,"182862066235174",Bokuloni,Tengakhat,Dibrugarh,Assam,India,Bokuloni No.2,,Bokuloni,291546,2066,286,18,"291546",2.60693135,Village,Rural,3316975.87973292,7973.80081461057,
139,212351,"182862066235172",Bokuloni Gaon,Tengakhat,Dibrugarh,Assam,India,Bokuloni Gaon No.1,,Bokuloni Gaon,291547,2066,286,18,"291547",0.69650167,Village,Rural,886029.91630075,3933.10042834937,
140,211501,"182862064234921",Bokul T E,Dibrugarh West,Dibrugarh,Assam,India,"Bokul T.E. 6 No.L,C,R",,Bokul T.E.,291302,2063,286,18,"291302",1.22574505,Village,Rural,1562158.75170247,5287.73753353187,1
141,206550,"182862063234704",Bolaibari Gaon,Dibrugarh West,Dibrugarh,Assam,India,Bolaibari Gaon,,Bolaibari Gaon,291160,2063,286,18,"291160",3.92193177,Village,Rural,4992678.04334481,12993.8751402475,1
142,206387,"182862063234754",Bolai Gaon,Dibrugarh West,Dibrugarh,Assam,India,Bolai Gaon,,Bolai Gaon,291220,2063,286,18,"291220",2.95278236,Village,Rural,3756153.23300023,8353.14182117643,1
143,206674,"182862063234705",Bolai No Gaon,Dibrugarh West,Dibrugarh,Assam,India,Bolai No-Gaon,,Bolai No-Gaon,291222,2063,286,18,"291222",1.42198629,Village,Rural,1809033.43097835,8011.05076380759,1
144,211607,"182862063234703",Bolai Te,Dibrugarh West,Dibrugarh,Assam,India,Bolai T.E. 42/137 Rr Grant,,Bolai T.E.,291159,2063,286,18,"291159",2.84967883,Village,Rural,3626561.81528425,8662.32024841226,1
145,205497,"182862063234769",Bolai T E A No 45 Grant,Dibrugarh West,Dibrugarh,Assam,India,Bolai T.E. (A) No-45-Grant,,Bolai T.E,291161,2063,286,18,"291161",2.7826008,Village,Rural,3543357.4756981,8873.26138314952,1
146,205189,"182862063234768",Bolai T E B No 45 Grant,Dibrugarh West,Dibrugarh,Assam,India,Bolai T.E. (B) No-45-Grant,,Bolai T.E.,291162,2063,286,18,"291162",2.88780949,Village,Rural,3676202.85055094,10113.1739473256,1
147,205187,"182862066235267",Bolimora Balimora,Tengakhat,Dibrugarh,Assam,India,Bolimora (Balimora),,Bolimora (Balimora),291507,2066,286,18,"291507",1.49162053,Village,Rural,1898857.00192926,7375.10690420878,
148,206767,"182862064234933",Bongal Gaon,Dibrugarh East,Dibrugarh,Assam,India,Bongal Gaon,,Bongal Gaon,291267,2064,286,18,"291267",1.29357641,Village,Rural,1649861.40508974,5908.75920938429,1
149,212352,"182862063234761",Bora Bogpara T E,Dibrugarh West,Dibrugarh,Assam,India,Bora Bogpara T.E.8/185 Orr Grant,,Bora Bogpara T.E.,291099,2063,286,18,"291099",0.76441457,Village,Rural,972815.741854003,6228.05911708772,1
150,205356,"182862066235163",Boragadhai,Tengakhat,Dibrugarh,Assam,India,Boragadhai,,Boragadhai,291578,2066,286,18,"291578",1.49449194,Village,Rural,1901501.1801252,5610.36270189856,
151,206712,"182862065234995",Boragadhoi Gaon,Chabua,Dibrugarh,Assam,India,Boragadhoi Gaon,,Boragadhoi Gaon,291403,2065,286,18,"291403",2.26948473,Village,Rural,2898317.36099587,6705.28982935426,
152,206737,"182862063234798",Borahajer Konwar Gaon,Dibrugarh West,Dibrugarh,Assam,India,Borahajer Konwar Gaon,,Borahajer Konwar Gaon,291140,2063,286,18,"291140",1.81599838,Village,Rural,2312744.238239,6460.74899786032,1
153,206501,"182862066235204",Borbam,Tengakhat,Dibrugarh,Assam,India,Borbam No.1,,Borbam,291644,2066,286,18,"291644",1.20553502,Village,Rural,1534151.29208517,6302.73694097853,
154,206310,"182862067235874",Borbam Block Gaon,Moran,Dibrugarh,Assam,India,Borbam Block Gaon,,Borbam Block Gaon,291953,2067,286,18,"291953",0.678546,Village,Rural,859645.454600185,4288.45236372586,1
155,210914,"182862066235203",Borbam Gaon,Tengakhat,Dibrugarh,Assam,India,Borbam Gaon No.2,,Borbam Gaon,291611,2066,286,18,"291611",1.07779307,Village,Rural,1371685.18690201,6898.59824454172,
156,206391,"182862065234980",Borbaribongali,Chabua,Dibrugarh,Assam,India,Borbaribongali,,Borbaribongali,291433,2065,286,18,"291433",1.51548626,Village,Rural,1933732.2156728,6160.23515983844,
157,211844,"182862067235967",Borbil Block Borbil Gaon,Moran,Dibrugarh,Assam,India,Borbil Block (Borbil Gaon),,Borbil Block (Borbil Gaon),291717,2067,286,18,"291717",0.65308561,Village,Rural,830057.117040893,3661.43676822822,1
158,210155,"182862067235968",Borbil Block Gaon,Moran,Dibrugarh,Assam,India,Borbil Block Gaon,,Borbil Block Gaon,291718,2067,286,18,"291718",2.11095354,Village,Rural,2682321.30990505,8374.51336203864,0.987050359733671
159,206439,"182862068235436",Borbil Bokalial,Tingkhong,Dibrugarh,Assam,India,Borbil Bokalial,,Borbil Bokalial,292117,2068,286,18,"292117",0.6631071,Village,Rural,841927.654591635,4273.57589672117,
160,211531,"182862067238065",Borbil F V,Moran,Dibrugarh,Assam,India,Borbil F.V.,,Borbil F.V.,292007,2067,286,18,"292007",0.49413397,Village,Rural,628291.214196039,3607.32495071397,1
161,212331,"182862067235951",Borbil Gaon,Moran,Dibrugarh,Assam,India,Borbil Gaon,,Borbil Gaon,291911,2067,286,18,"291911",0.93762573,Village,Rural,1191177.11874191,5518.10740947931,1
162,206721,"182862067235966",Borbil Gergeri Gaon,Moran,Dibrugarh,Assam,India,Borbil Gergeri Gaon,,Borbil Gergeri Gaon,291714,2067,286,18,"291714",1.76030076,Village,Rural,2237747.43307336,6083.08500070838,1
163,206604,"182862067235965",Borbil Khaliamari Gaon,Moran,Dibrugarh,Assam,India,Borbil Khaliamari Gaon,,Borbil Khaliamari Gaon,291715,2067,286,18,"291715",2.16451683,Village,Rural,2751249.45524793,8905.90055870105,0.987323943682959
164,206560,"182862063234689",Borbill Gaon No 1,Dibrugarh West,Dibrugarh,Assam,India,Borbill Gaon No.1,,Borbill Gaon,291233,2063,286,18,"291233",1.40660823,Village,Rural,1790080.48375052,6457.4703108951,1
165,206717,"182862063234691",Borbill Gaon No 2,Dibrugarh West,Dibrugarh,Assam,India,Borbill Gaon No.2,,Borbill Gaon,291232,2063,286,18,"291232",0.89356149,Village,Rural,1137303.27207479,4213.03787590293,1
166,206609,"182862068235337",Borbil No 1,Tingkhong,Dibrugarh,Assam,India,Borbil No.1,,Borbil,292116,2068,286,18,"292116",0.70974265,Village,Rural,901072.686980618,4528.03072724984,
167,206479,"182862068235323",Borbil No 2,Tingkhong,Dibrugarh,Assam,India,Borbil No.2,,Borbil,292083,2068,286,18,"292083",0.70561048,Village,Rural,895971.715933255,3983.43885267559,
168,212327,"182862068235335",Borbil No 2,Tingkhong,Dibrugarh,Assam,India,Borbil No.2,,Borbil,292085,2068,286,18,"292085",0.31984705,Village,Rural,406167.997719826,2536.42848829607,
169,206379,"182862063234796",Borborua T E,Dibrugarh West,Dibrugarh,Assam,India,Borborua T.E. 13/76 Orr Grant,,Borborua T.E.,291143,2063,286,18,"291143",2.30549277,Village,Rural,2937236.0810246,7687.04500204771,1
170,206541,"182862063234739",Bordoibam Bridhi Blook,Dibrugarh West,Dibrugarh,Assam,India,Bordoibam Bridhi Blook,,Bordoibam Bridhi Blook,291178,2063,286,18,"291178",1.16242911,Village,Rural,1478349.43684213,7113.7081547751,1
171,210682,"182862063234736",Bordoibam Gaon,Dibrugarh West,Dibrugarh,Assam,India,Bordoibam Gaon,,Bordoibam Gaon,291180,2063,286,18,"291180",1.75058099,Village,Rural,2226104.1219357,6955.57268167724,1
172,206518,"182862067236322",Bordolani Pather,Moran,Dibrugarh,Assam,India,Bordolani Pather,,Bordolani Pather,291788,2067,286,18,"291788",1.0221877,Village,Rural,1297893.08963258,4993.05517221832,1
173,210531,"182862067235994",Bordoloni Gaon,Moran,Dibrugarh,Assam,India,Bordoloni Gaon,,Bordoloni Gaon,291856,2067,286,18,"291856",0.6549583,Village,Rural,831511.753142454,3803.07613362665,1
174,206496,"182862066235290",Bordubi,Tengakhat,Dibrugarh,Assam,India,Bordubi No.1,,Bordubi,291513,2066,286,18,"291513",1.81539361,Village,Rural,2311306.50507783,7221.57246217431,
175,205379,"182862067235794",Borghuguloni,Moran,Dibrugarh,Assam,India,Borghuguloni,,Borghuguloni,291805,2067,286,18,"291805",1.1878239,Village,Rural,1509358.10042191,6308.1820206076,1
176,206694,"182862066235179",Borguri Gaon,Tengakhat,Dibrugarh,Assam,India,Borguri Gaon,,Borguri Gaon,291520,2066,286,18,"291520",0.84356819,Village,Rural,1074151.84914618,5041.66073718144,
177,210873,"182862067238064",Borhula F V,Moran,Dibrugarh,Assam,India,Borhula F.V.,,Borhula F.V.,292008,2067,286,18,"292008",1.14365783,Village,Rural,1454069.6720156,6412.4818886997,1
178,206691,"182862066235243",Borhula Kachari,Tengakhat,Dibrugarh,Assam,India,Borhula Kachari,,Borhula Kachari,291493,2066,286,18,"291493",2.10310415,Village,Rural,2678306.7774898,6850.97327625594,
179,206634,"182862069235599",Borkeremia Gaon,Naharkatiya,Dibrugarh,Assam,India,Borkeremia Gaon No.1,,Borkeremia Gaon,292376,2069,286,18,"292376",2.99519562,Village,Rural,3802818.22447814,8489.74569963529,
180,206603,"182862069235632",Borkheremia Ghilaguri,Naharkatiya,Dibrugarh,Assam,India,Borkheremia Ghilaguri,,Borkheremia Ghilaguri,292383,2069,286,18,"292383",1.29132911,Village,Rural,1640173.14734733,6920.16533917026,
181,206417,"182862069235600",Borkhermia Gaon,Naharkatiya,Dibrugarh,Assam,India,Borkhermia Gaon No.2,,Borkhermia Gaon,292375,2069,286,18,"292375",1.2175968,Village,Rural,1546465.65306983,6243.50009247724,
182,205494,"182862066235192",Borkula Naohalia Borkula,Tengakhat,Dibrugarh,Assam,India,Borkula (Naohalia No.2 Borkula,,Borkula (Naohalia Borkula,291572,2066,286,18,"291572",0.85913154,Village,Rural,1093451.78185901,4684.32123339466,
183,209897,"182862068235492",Borkurukani,Tingkhong,Dibrugarh,Assam,India,Borkurukani,,Borkurukani,292159,2068,286,18,"292159",1.62805099,Village,Rural,2066367.06912876,8443.61474776655,
184,206331,"182862067235754",Bormeslow Gaon,Moran,Dibrugarh,Assam,India,Bormeslow Gaon,,Bormeslow Gaon,291813,2067,286,18,"291813",1.50181618,Village,Rural,1909755.08918045,7372.31610481634,
185,205413,"182862063234767",Borpather Kakoti Gaon,Dibrugarh West,Dibrugarh,Assam,India,Borpather Kakoti Gaon,,Borpather Kakoti Gaon,291163,2063,286,18,"291163",2.53512456,Village,Rural,3227470.06417886,7616.80953794792,1
186,206754,"182862063234793",Borpather Konwar Gaon,Dibrugarh West,Dibrugarh,Assam,India,Borpather Konwar Gaon,,Borpather Konwar Gaon,291111,2063,286,18,"291111",3.83606321,Village,Rural,4888673.73433597,9347.25463573697,1
187,206380,"182862066235194",Borpather No 1,Tengakhat,Dibrugarh,Assam,India,Borpather No.1,,Borpather,291521,2066,286,18,"291521",1.69329211,Village,Rural,2155725.22940888,5965.52366616773,
188,206307,"182862068235517",Borpather No 1,Tingkhong,Dibrugarh,Assam,India,Borpather No.1,,Borpather,292056,2068,286,18,"292056",1.24085915,Village,Rural,1575934.64935617,6135.74755801385,
189,206599,"182862066235151",Borpather No 2,Tengakhat,Dibrugarh,Assam,India,Borpather No.2,,Borpather,291543,2066,286,18,"291543",3.69712729,Village,Rural,4703029.8195584,10298.4619952104,
190,206321,"182862068235317",Borpather No 2,Tingkhong,Dibrugarh,Assam,India,Borpather No.2,,Borpather,292089,2068,286,18,"292089",0.84823274,Village,Rural,1077595.83064991,4243.77606934564,
191,212356,"182862064234943",Borsaikia Gaon,Dibrugarh East,Dibrugarh,Assam,India,Borsaikia Gaon,,Borsaikia Gaon,291264,2064,286,18,"291264",0.99011264,Village,Rural,1263138.418925,6347.44931939467,1
192,211436,"182862067235883",Bortani Darkhasta No 5,Moran,Dibrugarh,Assam,India,Bortani Darkhasta No.5,,Bortani Darkhasta,291964,2067,286,18,"291964",0.26239112,Village,Rural,332553.58457091,2481.21314747029,1
193,206485,"182862067235882",Bortani Darkhasta No 95,Moran,Dibrugarh,Assam,India,Bortani Darkhasta No.95,,Bortani Darkhasta,291960,2067,286,18,"291960",1.8680234,Village,Rural,2367249.85089548,7944.25514509997,1
194,206523,"182862068235508",Bortani No 1,Tingkhong,Dibrugarh,Assam,India,Bortani No.1,,Bortani,292151,2068,286,18,"292151",1.32714674,Village,Rural,1684334.57954009,5414.53801716677,
195,206468,"182862068235509",Bortani No 2,Tingkhong,Dibrugarh,Assam,India,Bortani No.2,,Bortani,292152,2068,286,18,"292152",1.56796062,Village,Rural,1989909.21811196,5742.99863584329,
196,211517,"182862063234772",Bor Temtow Gaon,Dibrugarh West,Dibrugarh,Assam,India,Bor Temtow Gaon,,Bor Temtow Gaon,291155,2063,286,18,"291155",0.46405788,Village,Rural,590951.239537126,3250.3476660621,1
197,211489,"182862066235111",Bosajan,Tengakhat,Dibrugarh,Assam,India,Bosajan,,Bosajan,291670,2066,286,18,"291670",0.39276055,Village,Rural,499720.887115309,3148.98167725199,
198,206368,"182862065235330",Brahmaputra River,Chabua,Dibrugarh,Assam,India,,,,0,2065,286,18,,358.40636162,Village,Rural,458247728.155354,229994.555320796,0.605470129213842
199,205128,"182862064235325",Brahmaputra River,Dibrugarh East,Dibrugarh,Assam,India,,,,0,2064,286,18,,142.08228595,Village,Rural,181421808.007978,89043.6038960969,0.404382023458066
200,206624,"182862063234824",Brahmaputra River,Dibrugarh West,Dibrugarh,Assam,India,,,,0,2063,286,18,,312.37134729,Village,Rural,397477894.599046,136446.229036178,0.475723896744023
201,206372,"182862067235962",Bukahula,Moran,Dibrugarh,Assam,India,Bukahula,,Bukahula,291771,2067,286,18,"291771",0.97407471,Village,Rural,1237504.05301378,4653.4602430117,1
202,206487,"182862068235373",Bukukhucha Reserve Block,Tingkhong,Dibrugarh,Assam,India,Bukukhucha Reserve Block,,Bukukhucha Reserve Block,292231,2068,286,18,"292231",0.79927007,Village,Rural,1013186.61400273,3859.6596426598,
203,211468,"182862064235327",Bulua Chapori,Chabua,Dibrugarh,Assam,India,Bulua Chapori,,Bulua Chapori,291260,2065,286,18,"291260",1.31443859,Village,Rural,1681240.91537522,6403.10615560767,
204,206436,"182862067235816",Burikhowang Khowang,Moran,Dibrugarh,Assam,India,No.2 Burikhowang (No.2 Khowang,,Burikhowang ( Khowang),291729,2067,286,18,"291729",1.22288771,Village,Rural,1554572.4456646,6014.80597917017,1
205,205058,"182862063234729",Burisuti Kaibatra Gaon,Dibrugarh West,Dibrugarh,Assam,India,Burisuti Kaibatra Gaon,,Burisuti Kaibatra Gaon,291189,2063,286,18,"291189",0.96448569,Village,Rural,1225145.0775863,4740.41185698684,1
206,210336,"182862065235009",Chabua,Chabua,Dibrugarh,Assam,India,Chabua (TC),,Chabua,249898,2065,286,18,"801587",1.68038279,Town,Urban,2143444.3577962,6654.22665057745,
207,205417,"182862065235015",Chabua Grant T E,Chabua,Dibrugarh,Assam,India,Chabua Grant (T.E.),,Chabua Grant (T.E.),291445,2065,286,18,"291445",13.1313774,Village,Rural,16743507.0390786,20003.2433726609,
208,205461,"182862065234970",Chabua T E,Chabua,Dibrugarh,Assam,India,Chabua T.E.,,Chabua T.E.,291456,2065,286,18,"291456",4.16831431,Village,Rural,5313493.45669071,17466.2198871579,
209,205241,"182862067235870",Chagali Pather,Moran,Dibrugarh,Assam,India,Chagali Pather,,Chagali Pather,291973,2067,286,18,"291973",2.12738466,Village,Rural,2698094.89854147,7771.59570876912,1
210,211845,"182862067235759",Chaharikata,Tengakhat,Dibrugarh,Assam,India,Chaharikata No.3,,Chaharikata,291750,2066,286,18,"291750",0.85670852,Village,Rural,1089893.45306885,3934.45913267537,
211,210884,"182862066235072",Chahari Kata,Dibrugarh East,Dibrugarh,Assam,India,Chahari Kata No.2,,Chahari Kata,291631,2064,286,18,"291631",1.13910514,Village,Rural,1450079.05792031,5769.32484112812,
212,210882,"182862066235071",Chahari Kata,Moran,Dibrugarh,Assam,India,Chahari Kata No.1,,Chahari Kata,291632,2067,286,18,"291632",1.27276272,Village,Rural,1619853.88760458,4938.78629571037,
213,206682,"182862067235760",Chaharikata N C,Moran,Dibrugarh,Assam,India,Chaharikata N.C. Block - 3,,Chaharikata N.C.,291751,2067,286,18,"291751",1.78642316,Village,Rural,2273093.34484604,5926.29712609564,
214,211522,"182862067235758",Chaharikata No 1,Moran,Dibrugarh,Assam,India,Chaharikata No.1,,Chaharikata,291756,2067,286,18,"291756",1.48847588,Village,Rural,1893238.88922815,9505.75404289369,1
215,205066,"182862067235757",Chaharikata No 2,Moran,Dibrugarh,Assam,India,Chaharikata No.2,,Chaharikata,291753,2067,286,18,"291753",1.33769221,Village,Rural,1701560.59417115,6871.55179118042,
216,206312,"182862069235545",Chaikya Gaon,Naharkatiya,Dibrugarh,Assam,India,Chaikya Gaon,,Chaikya Gaon,292418,2069,286,18,"292418",1.4270906,Village,Rural,1810232.37381118,6825.90262627506,
217,210866,"182862067235791",Chakalia Gaon,Moran,Dibrugarh,Assam,India,Chakalia Gaon,,Chakalia Gaon,291901,2067,286,18,"291901",1.24903128,Village,Rural,1586033.60813078,7623.07919052372,1
218,205532,"182862069235696",Chakalia Gaon,Naharkatiya,Dibrugarh,Assam,India,Chakalia Gaon,,Chakalia Gaon,292281,2069,286,18,"292281",1.27866639,Village,Rural,1625221.61202888,4825.01691971105,
219,205265,"182862067235887",Chakalia No 1,Moran,Dibrugarh,Assam,India,Chakalia No.1,,Chakalia,291945,2067,286,18,"291945",1.74280531,Village,Rural,2209352.41771992,10272.8257153539,1
220,206355,"182862067235885",Chakalia No 2,Moran,Dibrugarh,Assam,India,Chakalia No.2,,Chakalia,291966,2067,286,18,"291966",0.55422134,Village,Rural,702560.75082818,4665.71559190062,1
221,211446,"182862067235888",Chakalia No 3,Moran,Dibrugarh,Assam,India,Chakalia No.3,,Chakalia,291967,2067,286,18,"291967",0.50210822,Village,Rural,636605.925914128,3377.18610416195,1
222,205080,"182862068235408",Chakalia Pather,Tingkhong,Dibrugarh,Assam,India,Chakalia Pather,,Chakalia Pather,292198,2068,286,18,"292198",1.71496355,Village,Rural,2175204.36858891,6894.32587520918,
223,206384,"182862066235198",Chakalia Pather Gaon,Tengakhat,Dibrugarh,Assam,India,Chakalia Pather Gaon,,Chakalia Pather Gaon,291641,2066,286,18,"291641",1.51641502,Village,Rural,1929186.56892564,6079.21798704746,
224,209880,"182862068235407",Chakalia Pather No 2,Tingkhong,Dibrugarh,Assam,India,Chakalia Pather No.2,,Chakalia Pather,292202,2068,286,18,"292202",1.58032719,Village,Rural,2004567.48574303,6545.33502280455,
225,205351,"182862065234977",Chakali Bharia,Chabua,Dibrugarh,Assam,India,Chakali Bharia,,Chakali Bharia,291428,2065,286,18,"291428",3.58933483,Village,Rural,4581336.19485608,10287.3996280877,
226,206338,"182862066235233",Chakali Bhoria Gaon,Tengakhat,Dibrugarh,Assam,India,Chakali Bhoria Gaon,,Chakali Bhoria Gaon,291605,2066,286,18,"291605",1.20959632,Village,Rural,1539867.92594301,5457.95469135312,
227,205328,"182862063234733",Chakoi Pathar Bridhi Blook,Dibrugarh West,Dibrugarh,Assam,India,Chakoi Pathar Bridhi Blook,,Chakoi Pathar Bridhi Blook,291184,2063,286,18,"291184",2.36846594,Village,Rural,3010678.75937469,9342.137197826,1
228,209863,"182862063234832",Chakoi Pathar Gaon No 1,Dibrugarh West,Dibrugarh,Assam,India,Chakoi Pathar Gaon No.1,,Chakoi Pathar Gaon,291183,2063,286,18,"291183",2.10442498,Village,Rural,2674806.55437357,7366.26204209849,1
229,205110,"182862063234831",Chakoi Pathar Gaon No 2,Dibrugarh West,Dibrugarh,Assam,India,Chakoi Pathar Gaon No.2,,Chakoi Pathar Gaon,291186,2063,286,18,"291186",2.42981519,Village,Rural,3087718.08196959,7883.53741318692,1
230,210584,"182862063234830",Chakoi Pathar Gaon No 3,Dibrugarh West,Dibrugarh,Assam,India,Chakoi Pathar Gaon No.3,,Chakoi Pathar Gaon,291187,2063,286,18,"291187",0.71738557,Village,Rural,911470.048614957,4968.71287910934,1
231,210714,"182862064235328",Chakula Chapori,Dibrugarh East,Dibrugarh,Assam,India,Chakula Chapori,,Chakula Chapori,291259,2064,286,18,"291259",3.32043815,Village,Rural,4241241.21471653,9072.78443796154,0.177904329379354
232,205414,"182862066235274",Chalakataki No 1,Tengakhat,Dibrugarh,Assam,India,Chalakataki No.1,,Chalakataki,291581,2066,286,18,"291581",1.78134341,Village,Rural,2266270.79062717,6250.18211443497,
233,205409,"182862066235162",Chalakataki No 2,Tengakhat,Dibrugarh,Assam,India,Chalakataki No.2,,Chalakataki,291580,2066,286,18,"291580",1.16444334,Village,Rural,1481408.80022992,5525.88274274738,
234,206462,"182862069235609",Chamaguri Gaon,Naharkatiya,Dibrugarh,Assam,India,Chamaguri Gaon,,Chamaguri Gaon,292369,2069,286,18,"292369",1.78178353,Village,Rural,2262215.24387529,7098.67406968285,
235,206637,"182862063234697",Chamoguri Bangali Gaon,Dibrugarh West,Dibrugarh,Assam,India,Chamoguri Bangali Gaon,,Chamoguri Bangali Gaon,291234,2063,286,18,"291234",1.14227083,Village,Rural,1454071.97007391,5576.19209601812,1
236,212354,"182862063234700",Chamoguri Kachari Gaon,Dibrugarh West,Dibrugarh,Assam,India,Chamoguri Kachari Gaon,,Chamoguri Kachari Gaon,291157,2063,286,18,"291157",0.99986732,Village,Rural,1273044.88722737,6876.08574656431,1
237,205469,"182862065235053",Chamoni Gaon,Chabua,Dibrugarh,Assam,India,Chamoni Gaon,,Chamoni Gaon,291376,2065,286,18,"291376",1.6493032,Village,Rural,2105284.3711933,5833.16373288989,
238,212355,"182862063234686",Changamari Gaon,Dibrugarh West,Dibrugarh,Assam,India,Changamari Gaon,,Changamari Gaon,291239,2063,286,18,"291239",1.91828556,Village,Rural,2442170.52953114,6882.3543237474,1
239,205333,"182862063234814",Changamari Habi,Dibrugarh West,Dibrugarh,Assam,India,Changamari Habi,,Changamari Habi,291082,2063,286,18,"291082",2.31569111,Village,Rural,2950979.70619954,6846.58793359371,0.944660194266383
240,205504,"182862063234813",Changamari Tekela Gaon,Dibrugarh West,Dibrugarh,Assam,India,Changamari Tekela Gaon,,Changamari Tekela Gaon,291083,2063,286,18,"291083",2.03133373,Village,Rural,2588586.28101742,7009.46662042705,1
241,205106,"182862065235031",Changmai Barua Pathar,Chabua,Dibrugarh,Assam,India,Changmai Barua Pathar,,Changmai Barua Pathar,291417,2065,286,18,"291417",1.83302792,Village,Rural,2338655.79438795,6445.52918796678,
242,205308,"182862067235753",Changmai Gaon,Moran,Dibrugarh,Assam,India,Changmai Gaon,,Changmai Gaon,291811,2067,286,18,"291811",2.03855621,Village,Rural,2591618.47843875,7055.64885220241,
243,205347,"182862063234779",Changmai Garia Gaon,Dibrugarh West,Dibrugarh,Assam,India,Changmai Garia Gaon,,Changmai Garia Gaon,291142,2063,286,18,"291142",2.35634131,Village,Rural,3001017.11938598,8149.70739309074,1
244,205188,"182862063234800",Changmai Gohain Gaon,Dibrugarh West,Dibrugarh,Assam,India,Changmai Gohain Gaon,,Changmai Gohain Gaon,291137,2063,286,18,"291137",1.81572047,Village,Rural,2311772.87034503,5954.16288986082,1
245,206573,"182862066235131",Chapatali Bangali,Tengakhat,Dibrugarh,Assam,India,Chapatali Bangali,,Chapatali Bangali,291699,2066,286,18,"291699",0.57574433,Village,Rural,731951.500170516,3617.70141893286,
246,206342,"182862066235137",Chapatali Na Gaon,Tengakhat,Dibrugarh,Assam,India,Chapatali Na-Gaon,,Chapatali Na-Gaon,291693,2066,286,18,"291693",1.20013839,Village,Rural,1526309.17296072,5511.30825519256,
247,206499,"182862066235136",Chapatali No 1,Tengakhat,Dibrugarh,Assam,India,Chapatali No.1,,Chapatali,291692,2066,286,18,"291692",1.32979274,Village,Rural,1691167.69912422,5828.72227610977,
248,205071,"182862068235386",Chapatali No 1,Tingkhong,Dibrugarh,Assam,India,Chapatali No.1,,Chapatali,292224,2068,286,18,"292224",1.9257599,Village,Rural,2442012.99599921,8976.53211968542,
249,205113,"182862066235128",Chapatali No 2,Tengakhat,Dibrugarh,Assam,India,Chapatali No.2,,Chapatali,291688,2066,286,18,"291688",4.03772573,Village,Rural,5134768.56822142,9407.89664808725,
250,205184,"182862068235385",Chapatali No 2,Tingkhong,Dibrugarh,Assam,India,Chapatali No.2,,Chapatali,292223,2068,286,18,"292223",1.69055677,Village,Rural,2143820.47762415,6475.15110993804,
251,205094,"182862066235130",Chapatali No 3,Tengakhat,Dibrugarh,Assam,India,Chapatali No.3,,Chapatali,291695,2066,286,18,"291695",2.9872033,Village,Rural,3797974.58066703,10133.9526868547,
252,205092,"182862068235388",Chapatali No 3,Tingkhong,Dibrugarh,Assam,India,Chapatali No.3,,Chapatali,292204,2068,286,18,"292204",0.84605986,Village,Rural,1073035.09029037,4581.41613248089,
253,206588,"182862066235144",Chapatali No 4,Tengakhat,Dibrugarh,Assam,India,Chapatali No.4,,Chapatali,291689,2066,286,18,"291689",1.00760793,Village,Rural,1281343.52022917,6147.8292854874,
254,205151,"182862068235378",Chapatali No 4,Tingkhong,Dibrugarh,Assam,India,Chapatali No.4,,Chapatali,292235,2068,286,18,"292235",0.9825885,Village,Rural,1245731.8819901,6562.87698249594,
255,206701,"182862065234958",Charai Chungi,Chabua,Dibrugarh,Assam,India,Charai Chungi,,Charai Chungi,291469,2065,286,18,"291469",0.61607072,Village,Rural,785010.764293531,3956.83120252854,
256,206704,"182862065234957",Charai Chungi Habi,Chabua,Dibrugarh,Assam,India,Charai Chungi Habi,,Charai Chungi Habi,291463,2065,286,18,"291463",1.58381683,Village,Rural,2018362.73819649,6556.98539038576,
257,205435,"182862067235808",Charaihabi,Moran,Dibrugarh,Assam,India,No.2 Charaihabi,,Charaihabi,291741,2067,286,18,"291741",2.51485016,Village,Rural,3198144.09716997,9026.35143559214,1
258,210890,"182862067235810",Charaihabi Gaon No 1,Moran,Dibrugarh,Assam,India,Charaihabi Gaon No.1,,Charaihabi Gaon,291739,2067,286,18,"291739",7.04305942,Village,Rural,8960498.35071451,14926.6824492512,0.953196099752465
259,206663,"182862067235809",Charaihabi Gaon No 3,Moran,Dibrugarh,Assam,India,Charaihabi Gaon No.3,,Charaihabi Gaon,291740,2067,286,18,"291740",1.02400225,Village,Rural,1302255.81562384,4870.88124078543,1
260,206324,"182862066235073",Charai Pung F V,Tengakhat,Dibrugarh,Assam,India,Charai Pung F/V,,Charai Pung F/V,291701,2066,286,18,"291701",3.46837817,Village,Rural,4412812.54871143,10014.5056328122,
261,211364,"182862065235064",Charaki Chapori,Chabua,Dibrugarh,Assam,India,Charaki Chapori,,Charaki Chapori,291364,2065,286,18,"291364",0.43321493,Village,Rural,554282.275665602,3800.31722036009,
262,206628,"182862068235439",Charang Pather Charing Pather,Tingkhong,Dibrugarh,Assam,India,Charang Pather (Charing Pather,,Charang Pather (Charing Pather,292079,2068,286,18,"292079",4.25102247,Village,Rural,5398700.77350305,9581.43074109467,
263,206545,"182862063234727",Chari Banhi Gaon,Dibrugarh West,Dibrugarh,Assam,India,Chari Banhi Gaon,,Chari Banhi Gaon,291195,2063,286,18,"291195",3.15063747,Village,Rural,4001909.56471381,10831.6874229035,1
264,211237,"182862063234725",Chari Banhi Hingari Gaon,Dibrugarh West,Dibrugarh,Assam,India,Chari Banhi Hingari Gaon,,Chari Banhi Hingari Gaon,291194,2063,286,18,"291194",0.53896975,Village,Rural,684607.854312372,3595.04039167746,1
265,206714,"182862065235068",Charkhalia Chapori,Chabua,Dibrugarh,Assam,India,Charkhalia Chapori,,Charkhalia Chapori,291358,2065,286,18,"291358",8.1223281,Village,Rural,10382906.5276632,18889.9288851511,0.382692308714375
266,206715,"182862065235066",Charkhalia Chapori,Chabua,Dibrugarh,Assam,India,Charkhalia Chapori,,Charkhalia Chapori,291360,2065,286,18,"291360",3.90146851,Village,Rural,4991322.68281064,13948.2866911161,
267,205507,"182862064234932",Chaulkhowa Grant Gaon,Dibrugarh East,Dibrugarh,Assam,India,Chaulkhowa Grant Gaon,,Chaulkhowa Grant Gaon,291283,2064,286,18,"291283",3.05985199,Village,Rural,3902282.76377991,7992.6819000306,0.997777777781457
268,205279,"182862068235394",Chauwani,Tingkhong,Dibrugarh,Assam,India,Chauwani,,Chauwani,292213,2068,286,18,"292213",0.96268107,Village,Rural,1221256.21100474,5946.75750481659,
269,205442,"182862063234838",Chawolkhowa Charaihabi Gaon,Dibrugarh West,Dibrugarh,Assam,India,Chawolkhowa Charaihabi Gaon,,Chawolkhowa Charaihabi Gaon,291066,2063,286,18,"291066",6.32475374,Village,Rural,8050435.22596758,17634.5633553178,0.700000000496705
270,211461,"182862063234837",Chawolkhowa N C,Dibrugarh West,Dibrugarh,Assam,India,Chawolkhowa N.C.,,Chawolkhowa N.C.,291067,2063,286,18,"291067",0.94625505,Village,Rural,1204609.15462117,5589.52578698291,1
271,205427,"182862069235661",Cheleng,Naharkatiya,Dibrugarh,Assam,India,Cheleng,,Cheleng,292303,2069,286,18,"292303",1.10150262,Village,Rural,1399683.87989658,4902.05398175374,
272,205305,"182862069235628",Cheleng Chuk,Naharkatiya,Dibrugarh,Assam,India,Cheleng Chuk,,Cheleng Chuk,292299,2069,286,18,"292299",0.94597548,Village,Rural,1202081.94763172,5784.09096699373,
273,210339,"182862065235047",Chengdhora,Chabua,Dibrugarh,Assam,India,Chengdhora,,Chengdhora,291379,2065,286,18,"291379",0.99786075,Village,Rural,1273491.25248007,4797.06168204998,
274,205172,"182862065235046",Chengdhora T E,Chabua,Dibrugarh,Assam,India,Chengdhora T.E.,,Chengdhora T.E.,291381,2065,286,18,"291381",2.18351434,Village,Rural,2786395.76267983,6670.99311813332,
275,205533,"182862069235658",Chengelijan,Naharkatiya,Dibrugarh,Assam,India,Chengelijan,,Chengelijan,292302,2069,286,18,"292302",1.81131461,Village,Rural,2302013.74121897,8744.25487400646,
276,206668,"182862069235533",Chengelijan,Naharkatiya,Dibrugarh,Assam,India,Chengelijan,,Chengelijan,292333,2069,286,18,"292333",1.35748776,Village,Rural,1725328.74637783,6233.50461596617,
277,206333,"182862069235652",Chengelijan Habi No 1,Naharkatiya,Dibrugarh,Assam,India,Chengelijan Habi No.1,,Chengelijan Habi,292306,2069,286,18,"292306",1.35850754,Village,Rural,1726702.46228954,6012.48936976492,
278,206605,"182862069235660",Chengelijan Habi No 2,Naharkatiya,Dibrugarh,Assam,India,Chengelijan Habi No.2,,Chengelijan Habi,292300,2069,286,18,"292300",0.70357052,Village,Rural,894137.936206782,4910.49315646811,
279,206753,"182862064234897",Chenglijan,Dibrugarh East,Dibrugarh,Assam,India,Chenglijan,,Chenglijan,291328,2064,286,18,"291328",2.4210392,Village,Rural,3084235.88215354,7525.30000626044,
280,205366,"182862067235821",Chenimari Gaon,Moran,Dibrugarh,Assam,India,Chenimari Gaon,,Chenimari Gaon,291724,2067,286,18,"291724",4.56711109,Village,Rural,5806536.23180136,12909.4544316193,1
281,206563,"182862066235251",Chercheria Jan,Tengakhat,Dibrugarh,Assam,India,Chercheria Jan,,Chercheria Jan,291595,2066,286,18,"291595",1.48998855,Village,Rural,1896623.84597312,7107.70186870327,
282,206656,"182862069235585",Cherepajan Bangali,Naharkatiya,Dibrugarh,Assam,India,Cherepajan Bangali,,Cherepajan Bangali,292345,2069,286,18,"292345",0.8812375,Village,Rural,1119930.75713396,4612.7082741903,
283,206295,"182862069235638",Cherepajan Pather Gaon,Naharkatiya,Dibrugarh,Assam,India,Cherepajan Pather Gaon,,Cherepajan Pather Gaon,292347,2069,286,18,"292347",0.24487803,Village,Rural,311224.562276999,2618.00881044807,
284,205465,"182862065235020",Chetia Gaon,Chabua,Dibrugarh,Assam,India,Chetia Gaon,,Chetia Gaon,291418,2065,286,18,"291418",1.86421258,Village,Rural,2378581.33256949,7773.01804040664,
285,206466,"182862067235997",Chetia Gaon,Moran,Dibrugarh,Assam,India,Chetia Gaon,,Chetia Gaon,291708,2067,286,18,"291708",2.02293196,Village,Rural,2570046.78243415,7881.73696302379,1
286,210919,"182862065234966",Chetia Pathar,Chabua,Dibrugarh,Assam,India,Chetia Pathar,,Chetia Pathar,291454,2065,286,18,"291454",0.72334252,Village,Rural,922214.790562114,4649.61283740007,
287,205149,"182862066235110",Chetia Pather,Tengakhat,Dibrugarh,Assam,India,Chetia Pather,,Chetia Pather,291589,2066,286,18,"291589",0.40594634,Village,Rural,516544.78815967,2937.83875550788,
288,206718,"182862066235107",Chetia Pather No 1,Tengakhat,Dibrugarh,Assam,India,Chetia Pather No.1,,Chetia Pather,291669,2066,286,18,"291669",0.64406868,Village,Rural,819621.041895216,4007.27064783841,
289,206498,"182862066235276",Chirika Beel,Tengakhat,Dibrugarh,Assam,India,Chirika Beel,,Chirika Beel,291672,2066,286,18,"291672",0.27608591,Village,Rural,351251.116611519,2760.29427596433,
290,206378,"182862064234865",Chiring Hula No 1,Dibrugarh East,Dibrugarh,Assam,India,Chiring Hula No.1,,Chiring Hula,291336,2064,286,18,"291336",2.49105061,Village,Rural,3172698.80484703,8283.13733228626,
291,210917,"182862064234866",Chiring Hula No 2,Dibrugarh East,Dibrugarh,Assam,India,Chiring Hula No.2,,Chiring Hula,291335,2064,286,18,"291335",1.55105559,Village,Rural,1975463.45122918,6324.48731740597,
292,205447,"182862066235283",Chiringkhat,Tengakhat,Dibrugarh,Assam,India,Chiringkhat,,Chiringkhat,291506,2066,286,18,"291506",1.36566281,Village,Rural,1738473.41127607,6156.70760395825,
293,206719,"182862066235070",Chiring Khat,Tengakhat,Dibrugarh,Assam,India,No.2 Chiring Khat,,Chiring Khat,291593,2066,286,18,"291593",1.1625458,Village,Rural,1480166.32620171,4824.09554997551,
294,206354,"182862066235231",Chowdang Gaon,Tengakhat,Dibrugarh,Assam,India,Chowdang Gaon,,Chowdang Gaon,291659,2066,286,18,"291659",2.37458281,Village,Rural,3022359.34877659,8490.68113069561,
295,205491,"182862063234670",Chring Gaon,Dibrugarh East,Dibrugarh,Assam,India,Chring Gaon,,Chring Gaon,291089,2064,286,18,"291089",2.24956192,Village,Rural,2868194.05205515,7458.65288293825,1
296,210772,"182862065235332",Chukan Chapori,Chabua,Dibrugarh,Assam,India,Chukan Chapori,,Chukan Chapori,291361,2065,286,18,"291361",1.60651507,Village,Rural,2056465.849761,7945.13469050304,
297,206392,"182862065234979",Chungichuk,Chabua,Dibrugarh,Assam,India,Chungichuk,,Chungichuk,291432,2065,286,18,"291432",2.39914509,Village,Rural,3061481.06323669,9583.85311409904,
298,205449,"182862066235226",Chungigaon,Tengakhat,Dibrugarh,Assam,India,Chungigaon,,Chungigaon,291486,2066,286,18,"291486",2.64195083,Village,Rural,3364829.51346209,8038.63144654499,
299,206348,"182862066235221",Chungi Pathar Gaon,Tengakhat,Dibrugarh,Assam,India,Chungi Pathar Gaon,,Chungi Pathar Gaon,291609,2066,286,18,"291609",2.49606468,Village,Rural,3178254.53037159,7534.54688111837,
300,206776,"182862068235438",Churatonibam,Tingkhong,Dibrugarh,Assam,India,Churatonibam,,Churatonibam,292080,2068,286,18,"292080",2.28031863,Village,Rural,2895616.75222792,7839.49336345387,
301,205278,"182862068235365",Dachuk Bokalial Bakabat,Tingkhong,Dibrugarh,Assam,India,Dachuk Bokalial (Bakabat),,Dachuk Bokalial (Bakabat),292194,2068,286,18,"292194",2.1594445,Village,Rural,2738468.44738553,7720.14558850784,
302,212362,"182862065235004",Dadhia F V,Chabua,Dibrugarh,Assam,India,Dadhia F.V.,,Dadhia F.V.,291479,2065,286,18,"291479",21.14023087,Village,Rural,27021265.0154468,33067.6475678756,
303,205357,"182862066235164",Da Hukuta,Tengakhat,Dibrugarh,Assam,India,Da-Hukuta,,Da-Hukuta,291576,2066,286,18,"291576",1.75188927,Village,Rural,2228999.65494581,7332.55146108951,
304,205268,"182862063234788",Dainijan Gaon,Dibrugarh West,Dibrugarh,Assam,India,Dainijan Gaon,,Dainijan Gaon,291110,2063,286,18,"291110",1.62400767,Village,Rural,2069227.84559082,6411.15184746646,1
305,212326,"182862069235670",Dalamuri,Naharkatiya,Dibrugarh,Assam,India,Dalamuri,,Dalamuri,292261,2069,286,18,"292261",0.4069271,Village,Rural,517515.955744086,3867.85254170232,
306,205522,"182862069235671",Dalamuri No 2,Naharkatiya,Dibrugarh,Assam,India,Dalamuri No.2,,Dalamuri,292260,2069,286,18,"292260",2.72433508,Village,Rural,3465409.66787768,9363.79380220925,
307,206351,"182862067236005",Dalanikur Gaon Dalanikur Kuma,Moran,Dibrugarh,Assam,India,Dalanikur Gaon (Dalanikur Kuma,,Dalanikur Gaon (Dalanikur Kuma,291712,2067,286,18,"291712",0.73206923,Village,Rural,930162.733575736,6021.0452032182,1
308,206645,"182862067235713",Dalanikur Kumar Gaon,Moran,Dibrugarh,Assam,India,Dalanikur Kumar Gaon,,Dalanikur Kumar Gaon,291713,2067,286,18,"291713",2.51212029,Village,Rural,3192179.84179903,7938.20725388969,0.997264437694499
309,205251,"182862068235296",Dalapa,Tingkhong,Dibrugarh,Assam,India,Dalapa,,Dalapa,292105,2068,286,18,"292105",3.20575828,Village,Rural,4069119.02931177,8800.27893057263,1
310,205181,"182862068235405",Dangalpara Dangatpara,Tingkhong,Dibrugarh,Assam,India,Dangalpara (Dangatpara),,Dangalpara (Dangatpara),292196,2068,286,18,"292196",1.09254497,Village,Rural,1385401.67846627,5112.22385022739,
311,205467,"182862065235003",Dangar Chuk,Chabua,Dibrugarh,Assam,India,Dangar Chuk,,Dangar Chuk,291421,2065,286,18,"291421",2.07045067,Village,Rural,2642323.38165923,6466.78550038754,
312,211502,"182862064234872",Dangar Pothar No 1,Dibrugarh East,Dibrugarh,Assam,India,Dangar Pothar No.1,,Dangar Pothar,291345,2064,286,18,"291345",0.84579985,Village,Rural,1076885.33749629,5052.64987257162,
313,206739,"182862064234871",Dangar Pothar No 2,Dibrugarh East,Dibrugarh,Assam,India,Dangar Pothar No.2,,Dangar Pothar,291346,2064,286,18,"291346",2.00190298,Village,Rural,2548974.95262917,6789.29576047892,
314,211444,"182862067235909",Dehingia Gaon,Moran,Dibrugarh,Assam,India,Dehingia Gaon,,Dehingia Gaon,291934,2067,286,18,"291934",1.08128231,Village,Rural,1371322.36899301,6845.88836882335,1
315,210530,"182862067235949",Demowkinar,Moran,Dibrugarh,Assam,India,Demowkinar,,Demowkinar,291851,2067,286,18,"291851",0.50949522,Village,Rural,646490.29472628,3950.44894814977,1
316,211458,"182862067235945",Demowkinar Bongali,Moran,Dibrugarh,Assam,India,Demowkinar Bongali,,Demowkinar Bongali,291871,2067,286,18,"291871",0.95431099,Village,Rural,1211337.89441663,4815.40534152968,1
317,210571,"182862067235952",Demowkinar Changmai,Moran,Dibrugarh,Assam,India,Demowkinar Changmai,,Demowkinar Changmai,291870,2067,286,18,"291870",2.56973769,Village,Rural,3261386.44801094,8461.66681029397,1
318,211912,"182862066235208",Deobil Gaon,Tengakhat,Dibrugarh,Assam,India,Deobil Gaon,,Deobil Gaon,291613,2066,286,18,"291613",3.19094402,Village,Rural,4060505.47335052,9434.61378635952,
319,211518,"182862069235676",Deodhai,Naharkatiya,Dibrugarh,Assam,India,Deodhai,,Deodhai,292256,2069,286,18,"292256",0.84963018,Village,Rural,1080647.05170991,6056.46235462985,
320,205100,"182862067235910",Deodhai Bangali,Moran,Dibrugarh,Assam,India,Deodhai Bangali,,Deodhai Bangali,291942,2067,286,18,"291942",1.82800577,Village,Rural,2318049.3463424,6948.07983256344,1
321,205270,"182862065235012",Deodhai Kopowhuwa,Chabua,Dibrugarh,Assam,India,Deodhai Kopowhuwa,,Deodhai Kopowhuwa,291435,2065,286,18,"291435",2.26390298,Village,Rural,2888343.93635729,8452.24831285911,
322,206790,"182862069235709",Deodhai No 2,Naharkatiya,Dibrugarh,Assam,India,Deodhai No.2,,Deodhai,292255,2069,286,18,"292255",1.40385297,Village,Rural,1785634.27515163,8077.94773227905,
323,205453,"182862066235244",Deogharia,Tengakhat,Dibrugarh,Assam,India,Deogharia,,Deogharia,291492,2066,286,18,"291492",1.91012086,Village,Rural,2433023.09020128,6010.84954949559,
324,205227,"182862067235747",Deogharia No 1,Moran,Dibrugarh,Assam,India,Deogharia No.1,,Deogharia,291822,2067,286,18,"291822",1.75475256,Village,Rural,2230557.77414821,6539.10970231028,
325,205122,"182862067235748",Deogharia No 2,Moran,Dibrugarh,Assam,India,Deogharia No.2,,Deogharia,291821,2067,286,18,"291821",1.01203353,Village,Rural,1286618.42746604,6138.59960642863,
326,205205,"182862063234706",Deori Gaon,Dibrugarh West,Dibrugarh,Assam,India,Deori Gaon,,Deori Gaon,291223,2063,286,18,"291223",4.70401129,Village,Rural,5982491.12758636,11409.5455165371,0.983902439051043
327,206427,"182862068235308",Deroi Alikinar,Tingkhong,Dibrugarh,Assam,India,Deroi Alikinar,,Deroi Alikinar,292099,2068,286,18,"292099",0.21982553,Village,Rural,279061.039734591,2507.51556264368,
328,206506,"182862068235303",Deroibam,Tingkhong,Dibrugarh,Assam,India,Deroibam No.79,,Deroibam,292185,2068,286,18,"292185",2.40261094,Village,Rural,3046621.33018396,7134.66869597131,1
329,209888,"182862068235345",Deroi Darkhastar,Tingkhong,Dibrugarh,Assam,India,Deroi No.57 Darkhastar,,Deroi Darkhastar,292120,2068,286,18,"292120",3.23428564,Village,Rural,4103374.71629422,8056.28941665638,
330,212330,"182862067235715",Deroighat Block,Moran,Dibrugarh,Assam,India,Deroighat Block No.1,,Deroighat Block,291956,2067,286,18,"291956",0.24795715,Village,Rural,314089.903622919,3041.01037797972,1
331,209886,"182862068235301",Deroi Grant,Tingkhong,Dibrugarh,Assam,India,Deroi Grant No.1,,Deroi Grant,292183,2068,286,18,"292183",5.47939188,Village,Rural,6949566.11757375,13502.2458689034,
332,206400,"182862068235343",Deroi T E,Tingkhong,Dibrugarh,Assam,India,Deroi T.E. 44/188,,Deroi T.E.,292182,2068,286,18,"292182",2.24470888,Village,Rural,2847240.39001647,6715.44097762604,
333,209889,"182862068235347",Deroi T E Co No 3 Darkhastor,Tingkhong,Dibrugarh,Assam,India,Deroi T.E. Co.No.3 Darkhastor,,Deroi T.E. Co Darkhastor,292113,2068,286,18,"292113",2.04511536,Village,Rural,2595331.66799081,8191.8435434342,
334,206519,"182862068235342",Deroi T E Co No 8 Darkhastor,Tingkhong,Dibrugarh,Assam,India,Deroi T.E. Co.No.8 Darkhastor,,Deroi T.E. Co Darkhastor,292112,2068,286,18,"292112",2.39836901,Village,Rural,3042804.83141534,9273.58287273725,
335,211467,"182862063234744",Dewanbari Bagisha,Dibrugarh West,Dibrugarh,Assam,India,Dewanbari Bagisha,,Dewanbari Bagisha,291129,2063,286,18,"291129",0.77798961,Village,Rural,989240.306311797,4586.01200447265,1
336,211464,"182862063234851",Dewanbari Bagisha,Dibrugarh West,Dibrugarh,Assam,India,Dewanbari Bagisha 24/149 No.Grant,,Dewanbari Bagisha,291127,2063,286,18,"291127",0.47974411,Village,Rural,610060.011459091,3607.60183914283,1
337,205309,"182862063234742",Dewanbari Gaon,Dibrugarh West,Dibrugarh,Assam,India,Dewanbari Gaon,,Dewanbari Gaon,291126,2063,286,18,"291126",0.73151889,Village,Rural,930379.261965493,4299.02549728037,1
338,210668,"182862063234743",Dewanbari Kaibatra Gaon No 1,Dibrugarh West,Dibrugarh,Assam,India,Dewanbari Kaibatra Gaon No.1,,Dewanbari Kaibatra Gaon,291171,2063,286,18,"291171",1.93286221,Village,Rural,2458787.76817316,9199.81635492997,1
339,205490,"182862063234741",Dewanbari Kaibatra Gaon No 2,Dibrugarh West,Dibrugarh,Assam,India,Dewanbari Kaibatra Gaon No.2,,Dewanbari Kaibatra Gaon,291172,2063,286,18,"291172",1.42183918,Village,Rural,1808329.94459629,5759.57125139406,1
340,205488,"182862068235516",Dhadumia,Tingkhong,Dibrugarh,Assam,India,Dhadumia No.1,,Dhadumia,292148,2068,286,18,"292148",1.13095125,Village,Rural,1435911.59156343,5426.44495305986,
341,205224,"182862068235514",Dhadumia Bangali,Tingkhong,Dibrugarh,Assam,India,Dhadumia Bangali No.2,,Dhadumia Bangali,292150,2068,286,18,"292150",2.21481613,Village,Rural,2811500.89088875,7112.80478604189,
342,205192,"182862063234673",Dhakeri Gaon,Dibrugarh East,Dibrugarh,Assam,India,Dhakeri Gaon,,Dhakeri Gaon,291095,2064,286,18,"291095",1.56102896,Village,Rural,1990454.89084104,6726.5116944201,1
343,210518,"182862068235524",Dhamon,Tingkhong,Dibrugarh,Assam,India,Dhamon No.2,,Dhamon,292015,2068,286,18,"292015",2.4949511,Village,Rural,3171982.00449391,7709.95026915154,
344,210900,"182862066235210",Dharia Gaon,Tengakhat,Dibrugarh,Assam,India,Dharia Gaon,,Dharia Gaon,291621,2066,286,18,"291621",1.96631695,Village,Rural,2502913.03993638,6129.70377614416,
345,206454,"182862063234681",Dhariatoli Gaon,Dibrugarh West,Dibrugarh,Assam,India,Dhariatoli Gaon,,Dhariatoli Gaon,291151,2063,286,18,"291151",0.59155427,Village,Rural,753334.092261036,4294.50130073364,1
346,206685,"182862066235150",Dhekiajan Gaon No 1,Tengakhat,Dibrugarh,Assam,India,Dhekiajan Gaon No.1,,Dhekiajan Gaon,291540,2066,286,18,"291540",1.70370642,Village,Rural,2167938.5741126,8745.21735842429,
347,206597,"182862066235141",Dhekiajan Gaon No 2,Tengakhat,Dibrugarh,Assam,India,Dhekiajan Gaon No.2,,Dhekiajan Gaon,291541,2066,286,18,"291541",0.55217188,Village,Rural,702530.483735005,3495.12121330575,
348,206780,"182862067235906",Dhemechi Gaon,Moran,Dibrugarh,Assam,India,Dhemechi Gaon,,Dhemechi Gaon,291932,2067,286,18,"291932",1.49275144,Village,Rural,1893555.18715983,8388.85081940227,1
349,210579,"182862067235911",Dhemechi Haladhibari,Moran,Dibrugarh,Assam,India,Dhemechi Haladhibari,,Dhemechi Haladhibari,291933,2067,286,18,"291933",2.60050981,Village,Rural,3298476.72108974,8600.44007448637,1
350,206540,"182862068235482",Dhomon,Tingkhong,Dibrugarh,Assam,India,Dhomon No.1`,,Dhomon`,292024,2068,286,18,"292024",2.16755693,Village,Rural,2755129.09625215,7360.53881986043,
351,205353,"182862065235029",Dhopabor Gaon,Chabua,Dibrugarh,Assam,India,Dhopabor Gaon,,Dhopabor Gaon,291387,2065,286,18,"291387",2.36647277,Village,Rural,3020668.54111785,7646.92986112081,
352,205183,"182862068235402",Dhowa Pather No 1,Tingkhong,Dibrugarh,Assam,India,Dhowa Pather No.1,,Dhowa Pather,292200,2068,286,18,"292200",2.94236603,Village,Rural,3731508.85919942,10551.7595192662,
353,209879,"182862068235374",Dhowa Pather No 2,Tingkhong,Dibrugarh,Assam,India,Dhowa Pather No.2,,Dhowa Pather,292226,2068,286,18,"292226",2.4402178,Village,Rural,3093897.93696253,12170.8705777141,
354,211666,"182862068235825",Dhowa Pather No 3,Tingkhong,Dibrugarh,Assam,India,Dhowa Pather No.3,,Dhowa Pather,292201,2068,286,18,"292201",0.10891977,Village,Rural,138160.592378775,1961.14480915643,
355,206577,"182862065235333",Dhumkala Chapori,Chabua,Dibrugarh,Assam,India,Dhumkala Chapori,,Dhumkala Chapori,291359,2065,286,18,"291359",1.10204173,Village,Rural,1410076.49830188,4511.00396232835,
356,206402,"182862068235350",Dhunahula Bamon,Tingkhong,Dibrugarh,Assam,India,Dhunahula Bamon,,Dhunahula Bamon,292125,2068,286,18,"292125",1.0285674,Village,Rural,1305230.4400313,4692.03068682922,
357,206793,"182862069235685",Dhunda Nahar No 1,Naharkatiya,Dibrugarh,Assam,India,Dhunda Nahar No.1,,Dhunda Nahar,292271,2069,286,18,"292271",0.43440426,Village,Rural,552367.656489182,4134.57978160585,
358,206472,"182862069235679",Dhunda Nahar No 2,Naharkatiya,Dibrugarh,Assam,India,Dhunda Nahar No.2,,Dhunda Nahar,292270,2069,286,18,"292270",0.72661001,Village,Rural,923928.031638333,5396.61051526308,
359,206728,"182862064234923",Dibrual Changmai,Dibrugarh East,Dibrugarh,Assam,India,Dibrual Changmai,,Dibrual Changmai,291303,2064,286,18,"291303",1.59971044,Village,Rural,2039169.79123627,6456.80992719998,1
360,205463,"182862064234938",Dibrugarh Mb,Dibrugarh East,Dibrugarh,Assam,India,Dibrugarh (MB + OG) (Part),,Dibrugarh,249896,2064,286,18,"801586",8.74006218,Town,Urban,11147719.1036677,16866.4539244272,0.964566929192524
361,211684,"182862063246021",Dibrugarh Mb,Dibrugarh East,Dibrugarh,Assam,India,Dibrugarh (MB + OG) (Part),,Dibrugarh,249896,2064,286,18,"801586",0.71863023,Town,Urban,916423.930679533,4327.70783061668,1
362,205359,"182862063234797",Dibuwal Dihingia Gaon,Dibrugarh West,Dibrugarh,Assam,India,Dibuwal Dihingia Gaon,,Dibuwal Dihingia Gaon,291115,2063,286,18,"291115",2.2338028,Village,Rural,2845470.66772022,7364.05845436878,1
363,206313,"182862068235339",Dichang Block,Tingkhong,Dibrugarh,Assam,India,Dichang Block,,Dichang Block,292114,2068,286,18,"292114",1.13440035,Village,Rural,1439942.57008534,5681.27299807219,
364,205362,"182862063234805",Digali Dalani Gaon,Dibrugarh West,Dibrugarh,Assam,India,Digali Dalani Gaon,,Digali Dalani Gaon,291122,2063,286,18,"291122",3.31241009,Village,Rural,4215505.8730714,9553.05113986545,1
365,205168,"182862066235123",Digboi Mukh,Tengakhat,Dibrugarh,Assam,India,Digboi Mukh,,Digboi Mukh,291685,2066,286,18,"291685",1.22241775,Village,Rural,1554340.89812289,5686.54501739411,
366,206329,"182862066235135",Digboi Pather,Tengakhat,Dibrugarh,Assam,India,Digboi Pather,,Digboi Pather,291694,2066,286,18,"291694",0.43403397,Village,Rural,551911.392021114,3167.79357340074,
367,205454,"182862063234791",Dighala Gaon,Dibrugarh West,Dibrugarh,Assam,India,Dighala Gaon,,Dighala Gaon,291084,2063,286,18,"291084",2.62196445,Village,Rural,3341956.19012412,8164.15008553169,0.910263929767343
368,212320,"182862069235596",Dighala Sonowal Gaon,Naharkatiya,Dibrugarh,Assam,India,Dighala Sonowal Gaon,,Dighala Sonowal Gaon,292352,2069,286,18,"292352",0.17257316,Village,Rural,219302.609045962,1975.63737288573,
369,211568,"182862067235868",Dighalia,Moran,Dibrugarh,Assam,India,Dighalia,,Dighalia,291975,2067,286,18,"291975",0.1171238,Village,Rural,148570.975609544,1742.33654041237,1
370,211450,"182862067235867",Dighalia Block,Moran,Dibrugarh,Assam,India,Dighalia Block,,Dighalia Block,291907,2067,286,18,"291907",0.68246434,Village,Rural,865888.370928245,3894.96841293346,1
371,205207,"182862069235682",Dighalia Gaon,Naharkatiya,Dibrugarh,Assam,India,Dighalia Gaon,,Dighalia Gaon,292272,2069,286,18,"292272",2.47472071,Village,Rural,3145980.78901241,9431.23776793774,
372,211119,"182862069235684",Dighalia Gaon No 2,Naharkatiya,Dibrugarh,Assam,India,Dighalia Gaon No.2,,Dighalia Gaon,292273,2069,286,18,"292273",3.35372697,Village,Rural,4262863.8946142,13549.5750447447,
373,206420,"182862066235214",Dighalia Hola Gaon,Tengakhat,Dibrugarh,Assam,India,Dighalia Hola Gaon,,Dighalia Hola Gaon,291614,2066,286,18,"291614",1.84338529,Village,Rural,2346210.9335066,7116.93481052813,
374,206568,"182862068235455",Dighalia No 1,Tingkhong,Dibrugarh,Assam,India,Dighalia No.1,,Dighalia,292048,2068,286,18,"292048",2.46381359,Village,Rural,3130051.46261473,10184.4135381235,
375,209900,"182862068235456",Dighalia No 2,Tingkhong,Dibrugarh,Assam,India,Dighalia No.2,,Dighalia,292049,2068,286,18,"292049",0.57037816,Village,Rural,724442.675071591,3829.1475397147,
376,205286,"182862068235309",Dighalia No 2,Tingkhong,Dibrugarh,Assam,India,Dighalia No.2,,Dighalia,292097,2068,286,18,"292097",4.35333711,Village,Rural,5527855.41038027,10349.375323954,
377,205137,"182862068235447",Dighalia No 3,Tingkhong,Dibrugarh,Assam,India,Dighalia No.3,,Dighalia,292070,2068,286,18,"292070",2.60472827,Village,Rural,3308579.06291191,10080.584252974,
378,205477,"182862065234984",Dighalibari,Chabua,Dibrugarh,Assam,India,Dighalibari,,Dighalibari,291427,2065,286,18,"291427",3.57545172,Village,Rural,4564404.11505385,10427.9278755087,
379,210349,"182862069235698",Dighali Bill,Naharkatiya,Dibrugarh,Assam,India,Dighali Bill No.1,,Dighali Bill,292243,2069,286,18,"292243",1.28876244,Village,Rural,1638979.63491489,5483.58193892018,
380,206542,"182862069235689",Dighali Block Gaon,Naharkatiya,Dibrugarh,Assam,India,Dighali Block Gaon,,Dighali Block Gaon,292279,2069,286,18,"292279",0.82998775,Village,Rural,1055053.46605987,5975.00558726802,
381,211567,"182862067235899",Dihajan Gaon,Moran,Dibrugarh,Assam,India,Dihajan Gaon,,Dihajan Gaon,291927,2067,286,18,"291927",0.93018568,Village,Rural,1179045.14361472,5483.64855731051,1
382,205134,"182862066235105",Dihing Erasuti,Naharkatiya,Dibrugarh,Assam,India,Dihing Erasuti,,Dihing Erasuti,291667,2069,286,18,"291667",1.27349039,Village,Rural,1620658.90544496,6315.40491826219,
383,211120,"182862066235103",Dihing Erasuti N C,Naharkatiya,Dibrugarh,Assam,India,Dihing Erasuti N.C.,,Dihing Erasuti N.C.,291666,2069,286,18,"291666",0.39460874,Village,Rural,502122.839978253,4230.44772973188,
384,205318,"182862066235084",Dihing Holla,Tengakhat,Dibrugarh,Assam,India,Dihing Holla No.1,,Dihing Holla,291636,2066,286,18,"291636",5.70764455,Village,Rural,7260045.28544429,11190.9527894104,
385,211472,"182862066235087",Dihing Holla Gaon,Tengakhat,Dibrugarh,Assam,India,Dihing Holla Gaon No.2,,Dihing Holla Gaon,291638,2066,286,18,"291638",1.06064145,Village,Rural,1349166.77932035,5179.04209647638,
386,206524,"182862067235991",Dihingia Gaon No 2,Moran,Dibrugarh,Assam,India,Dihingia Gaon No.2,,Dihingia Gaon,291782,2067,286,18,"291782",1.07638299,Village,Rural,1367265.42465345,6698.8859058588,1
387,205386,"182862067235989",Dihingia Gaon No 3,Moran,Dibrugarh,Assam,India,Dihingia Gaon No.3,,Dihingia Gaon,291781,2067,286,18,"291781",0.85015539,Village,Rural,1079664.09515279,5784.90684031821,1
388,211665,"182862067236324",Dihingia Nadikinar N C,Moran,Dibrugarh,Assam,India,Dihingia Nadikinar N.C. No.2,,Dihingia Nadikinar N.C.,291707,2067,286,18,"291707",1.86333722,Village,Rural,2366681.00970824,7275.07016909062,1
389,210526,"182862063234712",Dihing Kaibatra Gaon,Dibrugarh West,Dibrugarh,Assam,India,Dihing Kaibatra Gaon,,Dihing Kaibatra Gaon,291214,2063,286,18,"291214",1.67277315,Village,Rural,2126112.75678011,5518.34622961706,1
390,205443,"182862063234690",Dihing Khamtighat Gaon,Dibrugarh West,Dibrugarh,Assam,India,Dihing Khamtighat Gaon,,Dihing Khamtighat Gaon,291231,2063,286,18,"291231",0.54855208,Village,Rural,698013.268818867,3454.37266596638,1
391,205319,"182862069235640",Dihing Kinar Badhari,Naharkatiya,Dibrugarh,Assam,India,Dihing Kinar Badhari,,Dihing Kinar Badhari,292318,2069,286,18,"292318",2.33446233,Village,Rural,2968629.27762796,9672.53746610943,
392,206672,"182862069235637",Dihing Kinar Bangali,Naharkatiya,Dibrugarh,Assam,India,Dihing Kinar Bangali,,Dihing Kinar Bangali,292321,2069,286,18,"292321",0.53432109,Village,Rural,679150.249676173,3438.6402291273,
393,205274,"182862066235097",Dihing Kinar Bangali,Tengakhat,Dibrugarh,Assam,India,Dihing Kinar Bangali No.2,,Dihing Kinar Bangali,291657,2066,286,18,"291657",1.15993767,Village,Rural,1475916.68151451,5150.79871468684,
394,205527,"182862069235579",Dihing Kinar Bangali Block,Naharkatiya,Dibrugarh,Assam,India,Dihing Kinar Bangali Block,,Dihing Kinar Bangali Block,292322,2069,286,18,"292322",4.17172818,Village,Rural,5303533.15628889,10813.9562842876,
395,212325,"182862066235096",Dihing Kinar Bangali No 1,Naharkatiya,Dibrugarh,Assam,India,Dihing Kinar Bangali No.1,,Dihing Kinar Bangali,291656,2069,286,18,"291656",0.16480264,Village,Rural,209496.322853571,1936.77204083576,
396,205528,"182862069235583",Dihing Kinar Naga,Naharkatiya,Dibrugarh,Assam,India,Dihing Kinar Naga,,Dihing Kinar Naga,292343,2069,286,18,"292343",3.14270687,Village,Rural,3994567.68467335,7772.22948499863,
397,205167,"182862069235704",Dihing Kinar Nepali,Naharkatiya,Dibrugarh,Assam,India,Dihing Kinar Nepali,,Dihing Kinar Nepali,292241,2069,286,18,"292241",2.27311095,Village,Rural,2891234.12389841,8340.19796694791,
398,210516,"182862069235581",Dihing Kinar Tiyoki,Naharkatiya,Dibrugarh,Assam,India,Dihing Kinar Tiyoki,,Dihing Kinar Tiyoki,292325,2069,286,18,"292325",0.96935046,Village,Rural,1232417.0258685,5072.13682115257,
399,205438,"182862063234823",Dihingmukh Reserve Forest,Dibrugarh West,Dibrugarh,Assam,India,,,,0,2063,286,18,,44.15556886,Reserve Forest,Rural,56145438.2351103,62297.6776108032,0.893725219965649
400,205334,"182862063234695",Dihing Thakerani Gaon,Dibrugarh West,Dibrugarh,Assam,India,Dihing Thakerani Gaon,,Dihing Thakerani Gaon,291226,2063,286,18,"291226",1.98516136,Village,Rural,2526244.19948226,8980.35759736806,1
401,205508,"182862065235035",Dikam T E,Chabua,Dibrugarh,Assam,India,Dikam T.E.,,Dikam T.E.,291441,2065,286,18,"291441",7.22260763,Village,Rural,9208620.7147564,13236.0155514317,
402,210576,"182862067235900",Dikhari,Moran,Dibrugarh,Assam,India,Dikhari 119 No Fs 144/107 Nlr,,Dikhari,291926,2067,286,18,"291926",3.1490103,Village,Rural,3992495.39868856,10713.3553616517,1
403,206330,"182862067235881",Dikhari Chah Comp,Moran,Dibrugarh,Assam,India,Dikhari Chah Comp. 230/238 Nlr,,Dikhari Chah Comp.,291950,2067,286,18,"291950",1.20490675,Village,Rural,1527224.00744389,6000.11385288587,1
404,205126,"182862067235879",Dikhari Grant,Moran,Dibrugarh,Assam,India,Dikhari 283 Nlr Grant,,Dikhari Grant,291949,2067,286,18,"291949",1.65705014,Village,Rural,2100039.9208598,6243.45392346184,1
405,210568,"182862067235976",Dikhari Kinar,Moran,Dibrugarh,Assam,India,Dikhari Kinar No.4,,Dikhari Kinar,291794,2067,286,18,"291794",1.42854291,Village,Rural,1813987.89290865,6682.94375869595,1
406,206513,"182862067235984",Dikhari Kinar Saragfala,Moran,Dibrugarh,Assam,India,Dikhari Kinar Saragfala,,Dikhari Kinar Saragfala,291791,2067,286,18,"291791",0.54474568,Village,Rural,691611.931888863,3278.20368251072,1
407,205147,"182862067235854",Dikhari Moran No 1,Moran,Dibrugarh,Assam,India,Dikhari Moran No.1,,Dikhari Moran,291902,2067,286,18,"291902",1.62898203,Village,Rural,2067341.6991923,8293.28206449386,1
408,205143,"182862067235855",Dikhari Moran No 2,Moran,Dibrugarh,Assam,India,Dikhari Moran No.2,,Dikhari Moran,291988,2067,286,18,"291988",0.70418552,Village,Rural,893599.734345134,4645.69504844428,1
409,205200,"182862067235865",Dikhari Nepali,Moran,Dibrugarh,Assam,India,Dikhari Nepali,,Dikhari Nepali,291904,2067,286,18,"291904",0.93106064,Village,Rural,1181591.0201051,7258.37663560047,1
410,206700,"182862065235069",Dikom Naharani,Chabua,Dibrugarh,Assam,India,Dikom Naharani,,Dikom Naharani,291462,2065,286,18,"291462",0.853311,Village,Rural,1087136.5264445,5202.33788206464,
411,205154,"182862064234883",Dikom Sessa,Dibrugarh East,Dibrugarh,Assam,India,Dikom Sessa 15/154 Orr,,Dikom Sessa,291321,2064,286,18,"291321",3.67320114,Village,Rural,4680611.18947596,10747.9765526499,
412,205492,"182862064234882",Dikom Sessa Gaon,Dibrugarh East,Dibrugarh,Assam,India,Dikom Sessa Gaon,,Dikom Sessa Gaon,291322,2064,286,18,"291322",7.43712545,Village,Rural,9478637.69125552,13070.999244912,
413,205145,"182862068235340",Diksom Kiner,Tingkhong,Dibrugarh,Assam,India,Diksom Kiner,,Diksom Kiner,292110,2068,286,18,"292110",3.49944187,Village,Rural,4441037.21981267,14391.868744802,
414,211481,"182862069235544",Dillchah Bagicha,Naharkatiya,Dibrugarh,Assam,India,Dillchah Bagicha (313 Nlr),,Dillchah Bagicha,292419,2069,286,18,"292419",0.49835044,Village,Rural,632035.643032269,3580.03584846544,
415,205397,"182862069235548",Dillghat Gaon No 1,Naharkatiya,Dibrugarh,Assam,India,Dillghat Gaon No.1,,Dillghat Gaon,292415,2069,286,18,"292415",5.07241378,Village,Rural,6437903.15170046,10122.0359234125,
416,209875,"182862069235546",Dillghat Gaon No 2,Naharkatiya,Dibrugarh,Assam,India,Dillghat Gaon No.2,,Dillghat Gaon,292417,2069,286,18,"292417",2.1168922,Village,Rural,2685440.43235437,9362.57819711073,
417,209877,"182862068235379",Dillibari,Tingkhong,Dibrugarh,Assam,India,Dillibari,,Dillibari,292221,2068,286,18,"292221",0.73121897,Village,Rural,927255.696267318,5909.04179149927,
418,206433,"182862068235392",Dillibari,Tingkhong,Dibrugarh,Assam,India,Dillibari 15/2/ N.L.R.,,Dillibari,292210,2068,286,18,"292210",1.67205125,Village,Rural,2120957.05361663,6310.61564122199,
419,209878,"182862068235391",Dillibari 342 Nlr,Tingkhong,Dibrugarh,Assam,India,Dillibari 342 Nlr,,Dillibari,292222,2068,286,18,"292222",3.03353664,Village,Rural,3846994.35347452,11034.8562767264,
420,205483,"182862065234987",Dinjan T E,Chabua,Dibrugarh,Assam,India,Dinjan T.E.,,Dinjan T.E.,291397,2065,286,18,"291397",3.34472605,Village,Rural,4272141.96307984,9333.97714900071,
421,205249,"182862065235011",Dinjoy Chapori,Chabua,Dibrugarh,Assam,India,Dinjoy Chapori,,Dinjoy Chapori,291420,2065,286,18,"291420",1.58216251,Village,Rural,2019037.58732247,6280.01028649953,
422,205236,"182862065235021",Dinjoy Satra,Chabua,Dibrugarh,Assam,India,Dinjoy Satra,,Dinjoy Satra,291419,2065,286,18,"291419",1.49507321,Village,Rural,1907955.13709383,6178.33478218999,
423,205077,"182862069235556",Direal,Naharkatiya,Dibrugarh,Assam,India,Direal,,Direal,292400,2069,286,18,"292400",1.42445258,Village,Rural,1808597.14668015,6244.51331337014,
424,206406,"182862066235268",Dirial Gaon,Tengakhat,Dibrugarh,Assam,India,Dirial Gaon,,Dirial Gaon,291585,2066,286,18,"291585",0.38644243,Village,Rural,491826.159389328,3041.94660092662,
425,210572,"182862067235714",Diroighat,Moran,Dibrugarh,Assam,India,Diroighat,,Diroighat,291955,2067,286,18,"291955",1.97049134,Village,Rural,2496424.36030465,7470.97956484561,1
426,205262,"182862067235872",Diroighat Block Gaon,Moran,Dibrugarh,Assam,India,Diroighat Block Gaon,,Diroighat Block Gaon,291954,2067,286,18,"291954",0.78841312,Village,Rural,998827.587318152,5101.80220387201,1
427,205287,"182862069235617",Disam Chah Bagicha,Naharkatiya,Dibrugarh,Assam,India,Disam Chah Bagicha,,Disam Chah Bagicha,292361,2069,286,18,"292361",2.52977855,Village,Rural,3213411.36569269,7273.22450439353,
428,205229,"182862069235630",Disam Chah Bagicha Disang Chah Bagicha,Naharkatiya,Dibrugarh,Assam,India,Disam Chah Bagicha (Disang Chah Bagicha),,Disam Chah Bagicha (Disang Chah Bagicha),292358,2069,286,18,"292358",3.01973941,Village,Rural,3836314.10194396,9508.10733709941,
429,205436,"182862068235489",Disang,Tingkhong,Dibrugarh,Assam,India,Disang,,Disang,292017,2068,286,18,"292017",2.32969411,Village,Rural,2962277.49825625,7550.64526675379,
430,206332,"182862068235481",Disang Borbil,Tingkhong,Dibrugarh,Assam,India,Disang Borbil,,Disang Borbil,292016,2068,286,18,"292016",1.24830255,Village,Rural,1586937.08297923,5372.65967396519,
431,210348,"182862069235702",Disang Kinar,Naharkatiya,Dibrugarh,Assam,India,Disang Kinar No.2,,Disang Kinar,292237,2069,286,18,"292237",1.70654642,Village,Rural,2170312.70205534,7068.14051762388,
432,210894,"182862069235701",Disang Kinar,Tingkhong,Dibrugarh,Assam,India,Disang Kinar No.1,,Disang Kinar,292236,2068,286,18,"292236",2.0935212,Village,Rural,2661996.22088773,10789.8019513037,
433,205420,"182862069235618",Disang Kinar Bangali,Naharkatiya,Dibrugarh,Assam,India,Disang Kinar Bangali,,Disang Kinar Bangali,292297,2069,286,18,"292297",1.20823239,Village,Rural,1534988.43393481,5760.10254380828,
434,206447,"182862069235560",Disang Kinar Bangali,Naharkatiya,Dibrugarh,Assam,India,Disang Kinar Bangali,,Disang Kinar Bangali,292407,2069,286,18,"292407",1.64033107,Village,Rural,2082043.93384698,6352.00669957908,
435,206532,"182862069235631",Disang Kiner,Naharkatiya,Dibrugarh,Assam,India,Disang Kiner,,Disang Kiner,292359,2069,286,18,"292359",1.00310342,Village,Rural,1274239.83688324,6240.62645542625,
436,206730,"182862067235733",Domardalang,Moran,Dibrugarh,Assam,India,Domardalang No.1,,Domardalang,292001,2067,286,18,"292001",0.87618293,Village,Rural,1112354.61415921,4678.17082590864,1
437,211538,"182862067235789",Domordalang,Moran,Dibrugarh,Assam,India,Domordalang,,Domordalang,291895,2067,286,18,"291895",0.98008228,Village,Rural,1244489.9988703,4639.18117876172,1
438,210868,"182862067235782",Domordalang No 3,Moran,Dibrugarh,Assam,India,Domordalang No.3,,Domordalang,291886,2067,286,18,"291886",1.92854593,Village,Rural,2449547.1862968,6316.76201224045,1
439,211620,"182862067235732",Domradalang,Moran,Dibrugarh,Assam,India,Domradalang No.4,,Domradalang,292000,2067,286,18,"292000",0.16581255,Village,Rural,210490.329607186,1942.67274234708,1
440,205396,"182862069235550",Dowania Gaon,Naharkatiya,Dibrugarh,Assam,India,Dowania Gaon No.1,,Dowania Gaon,292409,2069,286,18,"292409",3.78553325,Village,Rural,4804233.28281442,10118.553971105,
441,205177,"182862066235270",Dulia,Tengakhat,Dibrugarh,Assam,India,1 No. Dulia,,Dulia,291583,2066,286,18,"291583",2.18336769,Village,Rural,2778525.7855281,8092.77000443786,
442,205382,"182862067235802",Duliabam Block,Moran,Dibrugarh,Assam,India,Duliabam Block,,Duliabam Block,291764,2067,286,18,"291764",2.29025611,Village,Rural,2910446.22972941,7807.52323534251,1
443,210527,"182862067235818",Duliabam Bongali,Moran,Dibrugarh,Assam,India,Duliabam Bongali,,Duliabam Bongali,291766,2067,286,18,"291766",0.64790042,Village,Rural,823241.189499589,4931.7006650444,1
444,206641,"182862067235801",Duliabam Gaon,Moran,Dibrugarh,Assam,India,Duliabam Gaon,,Duliabam Gaon,291765,2067,286,18,"291765",0.75912486,Village,Rural,964630.314900469,4933.11195727751,1
445,205135,"182862063234789",Dulia Gaon,Dibrugarh West,Dibrugarh,Assam,India,Dulia Gaon,,Dulia Gaon,291144,2063,286,18,"291144",2.45406871,Village,Rural,3126111.22264666,8840.21721084984,1
446,205448,"182862066235261",Duliajan No 1,Tengakhat,Dibrugarh,Assam,India,Duliajan No.1,,Duliajan,291515,2066,286,18,"291515",2.00325032,Village,Rural,2550583.75674761,8093.92118981278,
447,211507,"182862066235264",Duliajan No 2,Tengakhat,Dibrugarh,Assam,India,Duliajan No.2,,Duliajan,291518,2066,286,18,"291518",0.38853047,Village,Rural,494576.076107732,3212.81562749554,
448,206687,"182862066235272",Duliajan Oil Town CT,Tengakhat,Dibrugarh,Assam,India,Duliajan Oil Town (CT),,Duliajan Oil Town (CT),291703,2066,286,18,"291703",3.57884127,Town,Urban,4555060.7803789,11091.7558172672,
449,205065,"182862067235820",Dulia Lahowal Gaon,Moran,Dibrugarh,Assam,India,Dulia Lahowal Gaon,,Dulia Lahowal Gaon,291767,2067,286,18,"291767",1.58964628,Village,Rural,2019778.17318754,5618.82438304471,1
450,205500,"182862063234777",Dulia Mahorani Gaon,Dibrugarh West,Dibrugarh,Assam,India,Dulia Mahorani Gaon,,Dulia Mahorani Gaon,291145,2063,286,18,"291145",1.24186525,Village,Rural,1581807.36709857,7049.33709220279,1
451,205195,"182862069235570",Duwara Pather Gaon,Naharkatiya,Dibrugarh,Assam,India,Duwara Pather Gaon,,Duwara Pather Gaon,292390,2069,286,18,"292390",1.20687269,Village,Rural,1533096.53772101,5872.73835294927,
452,212357,"182862064234885",Ekoratoli Binoigutia,Dibrugarh East,Dibrugarh,Assam,India,Ekoratoli Binoigutia,,Ekoratoli Binoigutia,291295,2064,286,18,"291295",1.75582273,Village,Rural,2239033.36341491,8294.0111779942,
453,206769,"182862064234887",Ekoratoli Chiristian,Dibrugarh East,Dibrugarh,Assam,India,Ekoratoli Chiristian,,Ekoratoli Chiristian,291294,2064,286,18,"291294",2.38965555,Village,Rural,3047255.1311888,7424.76127122946,
454,212535,"182862067235762",Erameslow 2,Moran,Dibrugarh,Assam,India,Erameslow - 2,,Erameslow,291754,2067,286,18,"291754",0.67009374,Village,Rural,852515.529119376,3764.34394272646,1
455,210876,"182862067235768",Erameslow 3,Moran,Dibrugarh,Assam,India,Erameslow - 3,,Erameslow,291755,2067,286,18,"291755",1.23649457,Village,Rural,1572618.62018337,5414.62991268365,
456,212542,"182862067235763",Erameslow No 1,Moran,Dibrugarh,Assam,India,Erameslow No.1,,Erameslow,291748,2067,286,18,"291748",0.1793489,Village,Rural,228093.441503308,2077.74896879272,
457,206421,"182862066235293",Erapather,Tengakhat,Dibrugarh,Assam,India,Erapather,,Erapather,291690,2066,286,18,"291690",0.58399819,Village,Rural,742708.553439555,3743.28414322178,
458,206664,"182862069235584",Fakial,Naharkatiya,Dibrugarh,Assam,India,Fakial,,Fakial,292344,2069,286,18,"292344",1.98288624,Village,Rural,2520079.52041286,7617.24163857717,
459,206661,"182862069235571",Faltutola Gaon,Naharkatiya,Dibrugarh,Assam,India,Faltutola Gaon,,Faltutola Gaon,292342,2069,286,18,"292342",2.35379309,Village,Rural,2991035.81224159,7338.35185461344,
460,206431,"182862067235851",Fatikacua Abhaipuria Gaon,Moran,Dibrugarh,Assam,India,Fatikacua Abhaipuria Gaon,,Fatikacua Abhaipuria Gaon,291995,2067,286,18,"291995",1.75207237,Village,Rural,2223542.07292909,7142.87233575224,1
461,210860,"182862067235853",Fatikacua Ahom Gaon,Moran,Dibrugarh,Assam,India,Fatikacua Ahom Gaon,,Fatikacua Ahom Gaon,291989,2067,286,18,"291989",0.79026812,Village,Rural,1002927.79082634,4876.32532391411,1
462,206514,"182862067235729",Fatikacua Nepali,Moran,Dibrugarh,Assam,India,Fatikacua Nepali,,Fatikacua Nepali,291997,2067,286,18,"291997",1.97293237,Village,Rural,2504100.79898816,9361.96203289462,1
463,211474,"182862063234708",F C Grant,Dibrugarh West,Dibrugarh,Assam,India,53 No-F.C. Grant,,F.C. Grant,291216,2063,286,18,"291216",0.51286924,Village,Rural,652163.159851482,3659.9572459598,0.973529411808533
464,206317,"182862066235134",Fekela Bangali,Tengakhat,Dibrugarh,Assam,India,Fekela Bangali,,Fekela Bangali,291698,2066,286,18,"291698",0.83795432,Village,Rural,1065392.13743829,4471.30991034551,
465,206681,"182862066235133",Fekelajan,Tengakhat,Dibrugarh,Assam,India,Fekelajan,,Fekelajan,291697,2066,286,18,"291697",0.34563155,Village,Rural,439470.140795869,4040.81352420828,
466,206393,"182862064234940",Filnuguri Grant,Dibrugarh East,Dibrugarh,Assam,India,Filnuguri Grant 4/152,,Filnuguri Grant,291270,2064,286,18,"291270",4.6261752,Village,Rural,5903234.0166001,10565.9717773215,0.995477386942161
467,206441,"182862064234880",F S Grant Chenglijan,Dibrugarh East,Dibrugarh,Assam,India,26 No.F.S. Grant (Chenglijan),,F.S. Grant (Chenglijan),291325,2064,286,18,"291325",2.46868446,Village,Rural,3144867.55435587,6865.08315638648,
468,205365,"182862063234819",Gabharujan Gaon,Dibrugarh West,Dibrugarh,Assam,India,Gabharujan Gaon,,Gabharujan Gaon,291074,2063,286,18,"291074",1.24544098,Village,Rural,1586014.78309674,5164.52582701519,1
469,210338,"182862064234950",Gaghuli,Dibrugarh East,Dibrugarh,Assam,India,Nogaghuli 16/177 Orr,,Gaghuli,291272,2064,286,18,"291272",1.31625261,Village,Rural,1680071.6152669,5438.75715228838,0.940000000099341
470,206629,"182862069235593",Galaibangali,Naharkatiya,Dibrugarh,Assam,India,Galaibangali,,Galaibangali,292406,2069,286,18,"292406",1.71210291,Village,Rural,2173612.42815274,7126.54143562291,
471,206494,"182862066235223",Gandhia,Tengakhat,Dibrugarh,Assam,India,Gandhia,,Gandhia,291485,2066,286,18,"291485",2.12154565,Village,Rural,2701803.24729315,7076.01408410379,
472,206600,"182862068235473",Gandhia No 1,Tingkhong,Dibrugarh,Assam,India,Gandhia No.1,,Gandhia,292036,2068,286,18,"292036",1.48564537,Village,Rural,1888405.54826613,6553.06614391486,
473,206657,"182862068235474",Gandhia No 2,Tingkhong,Dibrugarh,Assam,India,Gandhia No.2,,Gandhia,292037,2068,286,18,"292037",2.07913145,Village,Rural,2642424.65089953,8712.27066813943,
474,209891,"182862068235359",Garakoni,Tingkhong,Dibrugarh,Assam,India,Garakoni No.3,,Garakoni,292132,2068,286,18,"292132",0.74679066,Village,Rural,947712.963287059,5437.82981113225,
475,205352,"182862065235051",Garapara Konwar,Chabua,Dibrugarh,Assam,India,Garapara Konwar,,Garapara Konwar,291368,2065,286,18,"291368",2.04342595,Village,Rural,2608719.09771816,6838.17477441342,
476,205121,"182862068235344",Garchinga Gorginga,Tingkhong,Dibrugarh,Assam,India,Garchinga (Gorginga),,Garchinga (Gorginga),292187,2068,286,18,"292187",2.01706612,Village,Rural,2557972.79196995,8411.79935489822,
477,206358,"182862068235518",Garguri Chaudang Garguri,Tingkhong,Dibrugarh,Assam,India,Garguri Chaudang No.1(Garguri),,Garguri Chaudang(Garguri),292057,2068,286,18,"292057",1.9794147,Village,Rural,2513483.71665204,7594.95578451756,
478,206461,"182862068235515",Garguri Choudang,Tingkhong,Dibrugarh,Assam,India,Garguri Choudang No.2,,Garguri Choudang,292149,2068,286,18,"292149",1.1548049,Village,Rural,1466282.57452252,6022.95995033152,
479,205159,"182862069235573",Gariabam,Naharkatiya,Dibrugarh,Assam,India,Gariabam,,Gariabam,292332,2069,286,18,"292332",2.77415527,Village,Rural,3526471.09193842,8907.38601699081,
480,206632,"182862069235562",Gariabam Gaon,Naharkatiya,Dibrugarh,Assam,India,Gariabam Gaon,,Gariabam Gaon,292405,2069,286,18,"292405",2.50711703,Village,Rural,3182833.08905275,7109.29021032398,
481,211843,"182862067235913",Garihali Chetia,Moran,Dibrugarh,Assam,India,Garihali Chetia,,Garihali Chetia,291919,2067,286,18,"291919",0.75293239,Village,Rural,955262.093465868,4742.96206698644,1
482,211842,"182862067235914",Garihali Chuk,Moran,Dibrugarh,Assam,India,Garihali Chuk,,Garihali Chuk,291866,2067,286,18,"291866",0.50991821,Village,Rural,647041.604384496,3456.40110936073,1
483,210892,"182862067235806",Garmara Hatigarh,Moran,Dibrugarh,Assam,India,Garmara Hatigarh,,Garmara Hatigarh,291743,2067,286,18,"291743",1.84646689,Village,Rural,2347833.17392951,8866.26671085182,1
484,205418,"182862067235964",Garoimari Gaon,Moran,Dibrugarh,Assam,India,Garoimari Gaon,,Garoimari Gaon,291716,2067,286,18,"291716",2.31423072,Village,Rural,2941024.10441564,7162.2623369645,1
485,205472,"182862065235055",Garpara Gaon,Chabua,Dibrugarh,Assam,India,Garpara Gaon,,Garpara Gaon,291366,2065,286,18,"291366",2.04361855,Village,Rural,2609359.62182898,7938.37321464987,
486,205485,"182862064234944",Garuchur Gaon,Dibrugarh East,Dibrugarh,Assam,India,Garuchur Gaon,,Garuchur Gaon,291277,2064,286,18,"291277",2.1435023,Village,Rural,2735368.43806238,6904.59870507734,
487,206383,"182862063234835",Garudharia Charaihabi Gaon,Dibrugarh West,Dibrugarh,Assam,India,Garudharia Charaihabi Gaon,,Garudharia Charaihabi Gaon,291124,2063,286,18,"291124",6.07836182,Village,Rural,7734533.24351778,18274.9658223578,1
488,205062,"182862067235755",Garuhara Gaon,Moran,Dibrugarh,Assam,India,Garuhara Gaon,,Garuhara Gaon,291814,2067,286,18,"291814",1.15367499,Village,Rural,1467303.35182771,5755.42778338631,
489,206736,"182862064234862",Garukhunda,Dibrugarh East,Dibrugarh,Assam,India,Garukhunda,,Garukhunda,291340,2064,286,18,"291340",1.6582508,Village,Rural,2111079.64041037,6392.80406689289,
490,206789,"182862069235675",Gatong,Naharkatiya,Dibrugarh,Assam,India,Gatong,,Gatong,292253,2069,286,18,"292253",2.90215052,Village,Rural,3692220.89576955,8216.38342331387,
491,206543,"182862068235294",Gela Dissang,Tingkhong,Dibrugarh,Assam,India,Gela Dissang,,Gela Dissang,292022,2068,286,18,"292022",2.38164395,Village,Rural,3027512.27035109,7995.47299680054,
492,205123,"182862066235132",Gelipung,Tengakhat,Dibrugarh,Assam,India,Gelipung,,Gelipung,291696,2066,286,18,"291696",1.2064553,Village,Rural,1534099.45680682,5974.61460640353,
493,205499,"182862065235061",Genichuk,Chabua,Dibrugarh,Assam,India,Genichuk,,Genichuk,291373,2065,286,18,"291373",2.73780797,Village,Rural,3495664.92099613,7471.69950182721,
494,206720,"182862066235291",Gerakoni,Tengakhat,Dibrugarh,Assam,India,Gerakoni,,Gerakoni,291600,2066,286,18,"291600",0.44711327,Village,Rural,569311.460659781,3329.69792925173,
495,205253,"182862068235430",Gerakoni No 1,Tingkhong,Dibrugarh,Assam,India,Gerakoni No.1,,Gerakoni,292128,2068,286,18,"292128",1.1262338,Village,Rural,1429459.59985939,5221.92486829714,
496,205220,"182862068235432",Gerakoni No 2,Tingkhong,Dibrugarh,Assam,India,Gerakoni No.2,,Gerakoni,292129,2068,286,18,"292129",1.66084481,Village,Rural,2108357.28925356,6172.7677638071,
497,206713,"182862065234989",Gereki Gaon,Chabua,Dibrugarh,Assam,India,Gereki Gaon,,Gereki Gaon,291396,2065,286,18,"291396",0.4783463,Village,Rural,611069.113059524,3689.7251319289,
498,205487,"182862065234988",Gereki Nepali,Chabua,Dibrugarh,Assam,India,Gereki Nepali,,Gereki Nepali,291395,2065,286,18,"291395",3.97610957,Village,Rural,5080003.19906545,15925.0819338353,
499,206334,"182862069235645",Gethupathar,Naharkatiya,Dibrugarh,Assam,India,Gethupathar,,Gethupathar,292313,2069,286,18,"292313",2.87138684,Village,Rural,3650071.93305216,8741.70899686565,
500,205242,"182862068235397",Ghahi,Tingkhong,Dibrugarh,Assam,India,Ghahi,,Ghahi,292158,2068,286,18,"292158",1.06641842,Village,Rural,1353234.41880809,5440.29519742625,
501,206693,"182862066235227",Ghahi Gaon,Tengakhat,Dibrugarh,Assam,India,Ghahi Gaon,,Ghahi Gaon,291489,2066,286,18,"291489",1.22360371,Village,Rural,1558341.67205675,8388.16024109806,
502,205214,"182862068235421",Ghahi Pather,Tingkhong,Dibrugarh,Assam,India,Ghahi Pather,,Ghahi Pather,292164,2068,286,18,"292164",1.6438928,Village,Rural,2086127.87096761,7746.5116401094,
503,211514,"182862068235420",Ghahi Pather N C,Tingkhong,Dibrugarh,Assam,India,Ghahi Pather N.C.,,Ghahi Pather N.C.,292165,2068,286,18,"292165",0.29531068,Village,Rural,374641.363892906,3203.17524759102,
504,205403,"182862068235316",Gharbandi Bamunpukhuri,Tingkhong,Dibrugarh,Assam,India,Gharbandi Bamunpukhuri,,Gharbandi Bamunpukhuri,292090,2068,286,18,"292090",1.13605016,Village,Rural,1443243.01910219,5571.33365116612,
505,206646,"182862068235315",Gharbandi Borpather,Tingkhong,Dibrugarh,Assam,India,Gharbandi Borpather,,Gharbandi Borpather,292091,2068,286,18,"292091",1.37323707,Village,Rural,1744812.35430935,6771.55624059123,
506,205190,"182862063234674",Gharbondi Chuk Jarua Gaon,Dibrugarh East,Dibrugarh,Assam,India,Gharbondi Chuk Jarua Gaon,,Gharbondi Chuk Jarua Gaon,291096,2064,286,18,"291096",2.25146973,Village,Rural,2870641.67548506,8367.01651619798,1
507,206497,"182862063234696",Ghetira Pather Gaon,Dibrugarh West,Dibrugarh,Assam,India,Ghetira Pather Gaon,,Ghetira Pather Gaon,291230,2063,286,18,"291230",1.41374322,Village,Rural,1799340.24021949,7113.67798822319,1
508,212321,"182862069235608",Ghilaguri Gaon,Naharkatiya,Dibrugarh,Assam,India,Ghilaguri Gaon,,Ghilaguri Gaon,292370,2069,286,18,"292370",1.82123367,Village,Rural,2313031.5449839,6424.01201997399,
509,205076,"182862069235604",Ghinai Gaon,Naharkatiya,Dibrugarh,Assam,India,Ghinai Gaon,,Ghinai Gaon,292372,2069,286,18,"292372",3.14882737,Village,Rural,3997674.04174785,8893.00616836534,
510,210620,"182862064234873",Ghograjan,Dibrugarh East,Dibrugarh,Assam,India,Ghograjan,,Ghograjan,291332,2064,286,18,"291332",2.45044237,Village,Rural,3120699.36379152,8332.3668717286,1
511,205246,"182862068235475",Ghogulani,Tingkhong,Dibrugarh,Assam,India,Ghogulani,,Ghogulani,292038,2068,286,18,"292038",3.41274344,Village,Rural,4336791.23271254,9330.07008845149,
512,205360,"182862063234776",Ghoramora Gaon,Dibrugarh West,Dibrugarh,Assam,India,Ghoramora Gaon,,Ghoramora Gaon,291108,2063,286,18,"291108",1.15058375,Village,Rural,1465657.0936412,7487.35921371085,1
513,212353,"182862063234759",Ghorania T E,Dibrugarh West,Dibrugarh,Assam,India,"Ghorania T.E.81,184,91/94No.Nlr",,Ghorania T.E.,291165,2063,286,18,"291165",0.28078799,Village,Rural,357336.912960772,2746.44392677629,1
514,205525,"182862069235647",Ghugulani,Naharkatiya,Dibrugarh,Assam,India,Ghugulani,,Ghugulani,292357,2069,286,18,"292357",1.72344042,Village,Rural,2189828.90572669,6802.22167207486,
515,206322,"182862069235690",Ghugulani Bhalukani,Naharkatiya,Dibrugarh,Assam,India,Ghugulani Bhalukani,,Ghugulani Bhalukani,292276,2069,286,18,"292276",1.34608523,Village,Rural,1711264.69413356,6117.30038170432,
516,205367,"182862069235649",Ghugulani Da Pather,Naharkatiya,Dibrugarh,Assam,India,Ghugulani Da-Pather,,Ghugulani Da-Pather,292355,2069,286,18,"292355",0.97213316,Village,Rural,1235154.50665996,6602.02421725449,
517,205422,"182862067235743",Ghugulbari,Moran,Dibrugarh,Assam,India,Ghugulbari,,Ghugulbari,291827,2067,286,18,"291827",2.00894405,Village,Rural,2553015.67377509,8643.8248514411,
518,211533,"182862067235777",Ghugulbari Ghugulpather,Moran,Dibrugarh,Assam,India,Ghugulbari (Ghugulpather),,Ghugulbari (Ghugulpather),291829,2067,286,18,"291829",1.92675515,Village,Rural,2448666.57719885,8314.91306435719,1
519,205406,"182862067235795",Ghuguloni Bongali,Moran,Dibrugarh,Assam,India,Ghuguloni Bongali,,Ghuguloni Bongali,291804,2067,286,18,"291804",1.64185405,Village,Rural,2086153.42998223,6900.78767636878,1
520,205112,"182862067235781",Ghuguloni Bongali,Moran,Dibrugarh,Assam,India,Ghuguloni Bongali,,Ghuguloni Bongali,291833,2067,286,18,"291833",1.75802869,Village,Rural,2233556.93987451,6553.90362029593,1
521,205381,"182862067235779",Ghuguloni Borbam,Moran,Dibrugarh,Assam,India,Ghuguloni Borbam,,Ghuguloni Borbam,291831,2067,286,18,"291831",1.25866153,Village,Rural,1599395.05238609,5581.14060556941,1
522,205419,"182862067235796",Ghuguloni Nepali,Moran,Dibrugarh,Assam,India,Ghuguloni Nepali,,Ghuguloni Nepali,291806,2067,286,18,"291806",1.23879168,Village,Rural,1574328.4409693,5236.21682205797,1
523,206469,"182862067235786",Ghugul Pather,Moran,Dibrugarh,Assam,India,Ghugul Pather,,Ghugul Pather,291837,2067,286,18,"291837",2.00822607,Village,Rural,2550077.99788259,7141.33936781418,1
524,206486,"182862067235877",Ghugul Pather,Moran,Dibrugarh,Assam,India,Ghugul Pather,,Ghugul Pather,291951,2067,286,18,"291951",0.45080336,Village,Rural,571299.684530176,3473.19352614082,1
525,211536,"182862067235785",Ghugulpather No 1,Moran,Dibrugarh,Assam,India,Ghugulpather No.1,,Ghugulpather,291835,2067,286,18,"291835",0.50463563,Village,Rural,640936.486924725,3488.14459160586,1
526,205061,"182862067235788",Ghugulpather No 2,Moran,Dibrugarh,Assam,India,Ghugulpather No.2,,Ghugulpather,291836,2067,286,18,"291836",1.34898637,Village,Rural,1712948.92953837,8904.8486350898,1
527,206451,"182862069235712",Ghulani Gaon,Naharkatiya,Dibrugarh,Assam,India,Ghulani Gaon No.2,,Ghulani Gaon,292277,2069,286,18,"292277",1.13810719,Village,Rural,1446243.26170287,5979.32297547419,
528,205378,"182862066235092",Ghumtat Gaon,Tengakhat,Dibrugarh,Assam,India,Ghumtat Gaon,,Ghumtat Gaon,291649,2066,286,18,"291649",3.32498471,Village,Rural,4232286.41949175,11559.2452526267,
529,205284,"182862067235792",Ghuraghas No 1,Moran,Dibrugarh,Assam,India,Ghuraghas No.1,,Ghuraghas,291838,2067,286,18,"291838",0.8943198,Village,Rural,1135804.8523868,6108.22845802044,1
530,206608,"182862067235840",Ghuraghas No 2,Moran,Dibrugarh,Assam,India,Ghuraghas No.2,,Ghuraghas,291885,2067,286,18,"291885",0.63237684,Village,Rural,802980.442161286,3835.91834646648,1
531,205282,"182862067235846",Ghuraghas No 3,Moran,Dibrugarh,Assam,India,Ghuraghas No.3,,Ghuraghas,291884,2067,286,18,"291884",0.36174501,Village,Rural,459333.66901834,3390.45261495088,1
532,206658,"182862069235629",Ghurania,Naharkatiya,Dibrugarh,Assam,India,Ghurania,,Ghurania,292304,2069,286,18,"292304",1.81574797,Village,Rural,2307010.26261204,8691.48953729941,
533,211485,"182862069235627",Ghurania Bhatichuk,Naharkatiya,Dibrugarh,Assam,India,Ghurania Bhatichuk,,Ghurania Bhatichuk,292298,2069,286,18,"292298",0.53701821,Village,Rural,682227.502644329,4351.41149552745,
534,205421,"182862069235621",Ghurania No 2,Naharkatiya,Dibrugarh,Assam,India,Ghurania No.2,,Ghurania,292287,2069,286,18,"292287",1.28026904,Village,Rural,1626673.57763841,5665.98113231061,
535,206377,"182862066235288",Ghutung Bangali,Tengakhat,Dibrugarh,Assam,India,Ghutung Bangali,,Ghutung Bangali,291627,2066,286,18,"291627",1.01014236,Village,Rural,1285250.07431809,5120.48618840398,
536,206766,"182862064234884",Godabahar Gaon,Dibrugarh East,Dibrugarh,Assam,India,Godabahar Gaon,,Godabahar Gaon,291293,2064,286,18,"291293",1.24279818,Village,Rural,1584461.04063597,8235.71913740144,
537,206572,"182862069235710",Godhabill Chamaguri Godhabill Chamaguri,Naharkatiya,Dibrugarh,Assam,India,Godhabill Chamaguri (Godhabill No.2 Chamaguri),,Godhabill Chamaguri (Godhabill Chamaguri),292247,2069,286,18,"292247",2.07133622,Village,Rural,2634307.4224379,9264.08777700726,
538,211519,"182862069235527",Godhabill Gooa,Naharkatiya,Dibrugarh,Assam,India,Godhabill Gooa,,Godhabill Gooa,292245,2069,286,18,"292245",1.95759851,Village,Rural,2489279.36430259,8685.17559043334,
539,205493,"182862064234893",Gohain Gaon,Dibrugarh East,Dibrugarh,Assam,India,Gohain Gaon,,Gohain Gaon,291309,2064,286,18,"291309",2.096925,Village,Rural,2672659.20683422,8650.41184451139,
540,205518,"182862067235936",Gozpuria Bongali,Moran,Dibrugarh,Assam,India,Gozpuria Bongali,,Gozpuria Bongali,291880,2067,286,18,"291880",0.98410596,Village,Rural,1249405.41988186,5875.30104221374,1
541,212333,"182862067235931",Gozpuria Gaon,Moran,Dibrugarh,Assam,India,Gozpuria Gaon,,Gozpuria Gaon,291912,2067,286,18,"291912",5.23556606,Village,Rural,6644421.64483049,13962.4425414367,1
542,211527,"182862067235933",Gozpuria Gozpuria Block,Moran,Dibrugarh,Assam,India,Gozpuria No.2 (Gozpuria Block),,Gozpuria (Gozpuria Block),291879,2067,286,18,"291879",0.93359476,Village,Rural,1184946.31046352,4745.54196868875,1
543,210658,"182862067235932",Gozpuria Nepali,Moran,Dibrugarh,Assam,India,Gozpuria Nepali,,Gozpuria Nepali,291878,2067,286,18,"291878",1.30699893,Village,Rural,1659077.00597159,5012.93331201513,1
544,206567,"182862068235523",Grab Te,Tingkhong,Dibrugarh,Assam,India,Grab T.E. 4/12/35,,Grab T.E.,292051,2068,286,18,"292051",2.5161648,Village,Rural,3196206.892727,8130.92005436594,
545,206649,"182862068235453",Grab Te,Tingkhong,Dibrugarh,Assam,India,Grab T.E.5/34/105,,Grab T.E.,292050,2068,286,18,"292050",1.8703819,Village,Rural,2376281.31900452,7120.65662966536,
546,206578,"182862064234878",Grant,Dibrugarh East,Dibrugarh,Assam,India,219/217 Nlr Grant,,Grant,291342,2064,286,18,"291342",1.81901473,Village,Rural,2316451.18527629,6869.93337652578,
547,206660,"182862067235770",Grant,Moran,Dibrugarh,Assam,India,107 Grant F.S.,,Grant,291758,2067,286,18,"291758",2.30066573,Village,Rural,2925339.44133318,10533.3906358947,1
548,209887,"182862068235346",Grant No 57,Tingkhong,Dibrugarh,Assam,India,Grant No.57,,Grant,292119,2068,286,18,"292119",1.93201099,Village,Rural,2451720.1524175,6680.37244185651,
549,206434,"182862068235468",Guhain Pather,Tingkhong,Dibrugarh,Assam,India,Guhain Pather,,Guhain Pather,292031,2068,286,18,"292031",0.40680685,Village,Rural,516985.343545095,4651.65679747645,
550,211524,"182862066235089",Guian Khati No 1,Tengakhat,Dibrugarh,Assam,India,Guian Khati No.1,,Guian Khati,291640,2066,286,18,"291640",0.48144912,Village,Rural,612302.040626736,3648.46874984476,
551,205158,"182862066235088",Guian Khati No 2,Tengakhat,Dibrugarh,Assam,India,Guian Khati No.2,,Guian Khati,291639,2066,286,18,"291639",3.01643629,Village,Rural,3836212.90823581,12900.0934218807,
552,211617,"182862066235075",Gulai Bam Gaon,Tengakhat,Dibrugarh,Assam,India,Gulai Bam Gaon,,Gulai Bam Gaon,291630,2066,286,18,"291630",0.4420227,Village,Rural,562417.363581904,2883.29514320082,
553,211491,"182862066235260",Gulimora No 1,Tengakhat,Dibrugarh,Assam,India,Gulimora No.1,,Gulimora,291510,2066,286,18,"291510",0.78347105,Village,Rural,997503.532119668,4089.0998741837,
554,206747,"182862066235258",Gulimora No 2,Tengakhat,Dibrugarh,Assam,India,Gulimora No.2,,Gulimora,291509,2066,286,18,"291509",0.42160068,Village,Rural,536832.923184387,3018.36129646433,
555,205315,"182862066235257",Gulimora No 3,Tengakhat,Dibrugarh,Assam,India,Gulimora No.3,,Gulimora,291511,2066,286,18,"291511",0.68564897,Village,Rural,873212.018717873,4310.86754536709,
556,205332,"182862066235259",Gulimora T E,Tengakhat,Dibrugarh,Assam,India,Gulimora T.E.No.24,,Gulimora T.E,291512,2066,286,18,"291512",1.49343619,Village,Rural,1901722.03498014,8182.13239216318,
557,205217,"182862066235146",Haatijan T E,Tengakhat,Dibrugarh,Assam,India,Haatijan T.E. 110 Appl,,Haatijan T.E.,291535,2066,286,18,"291535",2.98891224,Village,Rural,3804662.79175418,8073.57553710305,
558,206553,"182862064234902",Habi Chuk,Dibrugarh East,Dibrugarh,Assam,India,Habi Chuk,,Habi Chuk,291311,2064,286,18,"291311",1.96149957,Village,Rural,2500619.95705516,7156.24937590211,
559,206673,"182862069235644",Hajua Pathar,Naharkatiya,Dibrugarh,Assam,India,Hajua Pathar,,Hajua Pathar,292315,2069,286,18,"292315",0.93617717,Village,Rural,1190154.25714771,4673.78149657055,
560,206521,"182862067235975",Haladhi Bari Na Gaon,Moran,Dibrugarh,Assam,India,Haladhi Bari Na-Gaon,,Haladhi Bari Na-Gaon,291795,2067,286,18,"291795",0.92174667,Village,Rural,1170501.66013611,4364.57981516448,1
561,206339,"182862067235829",Halaguri Bidhi,Moran,Dibrugarh,Assam,India,Halaguri Bidhi Block - 2,,Halaguri Bidhi,291817,2067,286,18,"291817",0.8038883,Village,Rural,1022289.41302478,5031.81054176454,
562,206457,"182862067235828",Halaguri Bidhi Block,Moran,Dibrugarh,Assam,India,Halaguri Bidhi Block No.1,,Halaguri Bidhi Block,291819,2067,286,18,"291819",2.12615298,Village,Rural,2703814.05106257,7525.9966026188,
563,210360,"182862067235751",Halaguri Gaon,Moran,Dibrugarh,Assam,India,Halaguri Gaon,,Halaguri Gaon,291815,2067,286,18,"291815",0.95675567,Village,Rural,1216580.19352708,5172.1273627689,
564,206340,"182862067235749",Halaguri Nnitp Grant Vi,Moran,Dibrugarh,Assam,India,Halaguri 9/182 Nnitp Grant Vi,,Halaguri / Nnitp Grant Vi,291820,2067,286,18,"291820",1.29696597,Village,Rural,1648994.65547617,5447.92710767984,
565,205283,"182862067235988",Haldhibari Borpather,Moran,Dibrugarh,Assam,India,Haldhibari Borpather,,Haldhibari Borpather,291779,2067,286,18,"291779",2.57990558,Village,Rural,3276682.34851109,7908.44254086489,1
566,206555,"182862067235798",Halmari Darkhasta,Moran,Dibrugarh,Assam,India,Halmari 20 Darkhasta,,Halmari Darkhasta,291807,2067,286,18,"291807",1.15226917,Village,Rural,1464486.72205552,6253.6787825586,1
567,205235,"182862067235799",Halmari Grant,Moran,Dibrugarh,Assam,India,Halmari Nlr Grant No.330,,Halmari Grant,291726,2067,286,18,"291726",2.59181717,Village,Rural,3294114.5890179,9883.44625257738,1
568,205323,"182862069235667",Halowa,Naharkatiya,Dibrugarh,Assam,India,Halowa,,Halowa,292268,2069,286,18,"292268",2.4485896,Village,Rural,3112708.21505536,7464.03397767674,
569,205390,"182862069235625",Hamuktola,Naharkatiya,Dibrugarh,Assam,India,Hamuktola,,Hamuktola,292292,2069,286,18,"292292",3.01802824,Village,Rural,3834911.7715895,11756.9840162228,
570,211487,"182862069235683",Hamuktola No 2,Naharkatiya,Dibrugarh,Assam,India,Hamuktola No.2,,Hamuktola,292293,2069,286,18,"292293",1.75261542,Village,Rural,2227406.51745857,7296.98109844457,
571,206410,"182862063234698",Hanchara Gaon,Dibrugarh West,Dibrugarh,Assam,India,Hanchara Gaon,,Hanchara Gaon,291236,2063,286,18,"291236",1.18800862,Village,Rural,1512456.16474913,6422.44842897195,1
572,206415,"182862063234699",Hanchara Pather Gaon,Dibrugarh West,Dibrugarh,Assam,India,Hanchara Pather Gaon,,Hanchara Pather Gaon,291235,2063,286,18,"291235",1.28713238,Village,Rural,1638817.9308432,6932.58703229825,1
573,212358,"182862064234907",Handique Gaon,Dibrugarh East,Dibrugarh,Assam,India,Handique Gaon,,Handique Gaon,291296,2064,286,18,"291296",0.3007495,Village,Rural,383455.91441973,3294.48667493483,
574,206444,"182862063234792",Handiqui Chuk Gaon,Dibrugarh West,Dibrugarh,Assam,India,Handiqui Chuk Gaon,,Handiqui Chuk Gaon,291112,2063,286,18,"291112",1.8762595,Village,Rural,2391141.59052151,6470.49921874515,1
575,206396,"182862063234816",Hapekhati Gaon,Dibrugarh West,Dibrugarh,Assam,India,Hapekhati Gaon,,Hapekhati Gaon,291078,2063,286,18,"291078",1.87436766,Village,Rural,2387370.07655856,6374.97261974159,1
576,211671,"182862069235552",Hapjan Parbat Chah Bagicha,Naharkatiya,Dibrugarh,Assam,India,Hapjan Parbat Chah Bagicha,,Hapjan Parbat Chah Bagicha,292411,2069,286,18,"292411",0.66789613,Village,Rural,847717.682156283,5433.6725584427,
577,210354,"182862069235540",Hapjan Parbat Chah Bagicha,Naharkatiya,Dibrugarh,Assam,India,Hapjan Parbat Chah Bagicha 87/84,,Hapjan Parbat Chah Bagicha,292413,2069,286,18,"292413",1.2162311,Village,Rural,1543565.53393157,5159.39421540447,
578,205407,"182862069235539",Hapjan Parbat Chah Bagicha Nlr 85,Naharkatiya,Dibrugarh,Assam,India,Hapjan Parbat Chah Bagicha Nlr 85,,Hapjan Parbat Chah Bagicha,292412,2069,286,18,"292412",1.34467954,Village,Rural,1707044.51915889,5763.17933052542,
579,206653,"182862069235826",Hapjan Parbat Te,Naharkatiya,Dibrugarh,Assam,India,,,,0,2069,286,18,,113.90680131,Village,Rural,144497940.879157,67439.6959696225,
580,212322,"182862069235697",Hapmari Gaon,Naharkatiya,Dibrugarh,Assam,India,Hapmari Gaon,,Hapmari Gaon,292280,2069,286,18,"292280",0.36859903,Village,Rural,468645.123379567,4021.12654776535,
581,205510,"182862064234942",Harabari Grant,Dibrugarh East,Dibrugarh,Assam,India,Harabari Grant 115 F/S,,Harabari Grant,291271,2064,286,18,"291271",1.40748568,Village,Rural,1795964.41122221,5323.96136604222,1
582,205294,"182862064234941",Harabari Konwar Gaon,Dibrugarh East,Dibrugarh,Assam,India,Harabari Konwar Gaon,,Harabari Konwar Gaon,291280,2064,286,18,"291280",2.03792114,Village,Rural,2599869.47011797,6920.65210308456,1
583,205285,"182862069235615",Harishpur Chah Bagicha,Naharkatiya,Dibrugarh,Assam,India,Harishpur Chah Bagicha,,Harishpur Chah Bagicha,292365,2069,286,18,"292365",3.5440982,Village,Rural,4498470.79829043,8599.58217606781,
584,206546,"182862063234702",Harok Pather Gaon,Dibrugarh West,Dibrugarh,Assam,India,Harok Pather Gaon,,Harok Pather Gaon,291158,2063,286,18,"291158",0.80839166,Village,Rural,1029043.17313702,5029.13184975307,1
585,206751,"182862066235149",Hatiali Gaon,Tengakhat,Dibrugarh,Assam,India,Hatiali Gaon,,Hatiali Gaon,291534,2066,286,18,"291534",0.79623377,Village,Rural,1013660.41567356,5324.92223859851,
586,206319,"182862066235215",Hati Ali Gaon,Tengakhat,Dibrugarh,Assam,India,Hati Ali Gaon,,Hati Ali Gaon,291615,2066,286,18,"291615",1.62213751,Village,Rural,2065487.47679506,8368.01953995486,
587,205462,"182862065235017",Hatiali Grant,Chabua,Dibrugarh,Assam,India,Hatiali Grant,,Hatiali Grant,291443,2065,286,18,"291443",6.4608442,Village,Rural,8237160.08207746,13630.9784483201,
588,210950,"182862066235211",Hatiali Habi,Tengakhat,Dibrugarh,Assam,India,Hatiali Habi,,Hatiali Habi,291617,2066,286,18,"291617",0.15369138,Village,Rural,195687.800308491,1816.74910074631,
589,210896,"182862066235205",Hatibandha No 1,Tengakhat,Dibrugarh,Assam,India,Hatibandha No.1,,Hatibandha,291648,2066,286,18,"291648",1.39775319,Village,Rural,1778404.43585301,9788.11209949328,
590,211471,"182862066235093",Hatibandha No 2,Tengakhat,Dibrugarh,Assam,India,Hatibandha No.2,,Hatibandha,291647,2066,286,18,"291647",0.19664803,Village,Rural,250192.647910123,2155.90216616934,
591,205107,"182862065235040",Hatigadhoi,Chabua,Dibrugarh,Assam,India,Hatigadhoi,,Hatigadhoi,291413,2065,286,18,"291413",2.75790407,Village,Rural,3518843.21184103,8189.11459253764,
592,206346,"182862066235252",Hatigarh Balijan,Tengakhat,Dibrugarh,Assam,India,Hatigarh Balijan,,Hatigarh Balijan,291597,2066,286,18,"291597",0.78592085,Village,Rural,1000597.50909082,4495.60265838257,
593,205444,"182862069235641",Hatigarh Block,Naharkatiya,Dibrugarh,Assam,India,Hatigarh Block,,Hatigarh Block,292316,2069,286,18,"292316",1.69330387,Village,Rural,2153288.01972231,7285.92927624359,
594,206364,"182862066235250",Hatigarh N C,Tengakhat,Dibrugarh,Assam,India,Hatigarh N.C.,,Hatigarh N.C.,291596,2066,286,18,"291596",2.10349372,Village,Rural,2677914.23467006,12948.0823698736,
595,205457,"182862063234784",Hatimora Gaon,Dibrugarh West,Dibrugarh,Assam,India,Hatimora Gaon,,Hatimora Gaon,291093,2063,286,18,"291093",1.9722689,Village,Rural,2514268.48014649,6801.57749119022,1
596,211479,"182862067235726",Hatkhula,Moran,Dibrugarh,Assam,India,Hatkhula,,Hatkhula,291983,2067,286,18,"291983",0.37555663,Village,Rural,476415.580929756,3054.82616968023,1
597,205211,"182862065235013",Hatkhula Bongali,Chabua,Dibrugarh,Assam,India,Hatkhula Bongali,,Hatkhula Bongali,291436,2065,286,18,"291436",1.89870324,Village,Rural,2421920.5485013,6489.01982697556,
598,205325,"182862064234900",Hatkhula Gaon,Dibrugarh East,Dibrugarh,Assam,India,Hatkhula Gaon,,Hatkhula Gaon,291308,2064,286,18,"291308",2.20741116,Village,Rural,2813622.5318588,7450.26723645379,
599,211365,"182862069235612",Hilgrant Gaon,Naharkatiya,Dibrugarh,Assam,India,Hilgrant Gaon,,Hilgrant Gaon,292364,2069,286,18,"292364",1.85738672,Village,Rural,2357004.01445264,7457.78588119657,
600,206791,"182862069235707",Hil Kachubam,Naharkatiya,Dibrugarh,Assam,India,Hil Kachubam,,Hil Kachubam,292249,2069,286,18,"292249",1.62072397,Village,Rural,2061603.57781044,5973.47414369551,
601,211823,"182862063234801",Hiloibam Gaon,Dibrugarh West,Dibrugarh,Assam,India,Hiloibam Gaon,,Hiloibam Gaon,291076,2063,286,18,"291076",1.58174655,Village,Rural,2012434.75778754,6632.77379116311,1
602,205276,"182862064234931",Hiloidhari Chandoi Gaon,Dibrugarh East,Dibrugarh,Assam,India,Hiloidhari Chandoi Gaon,,Hiloidhari Chandoi Gaon,291268,2064,286,18,"291268",1.84602116,Village,Rural,2354878.38250669,6118.40989909994,1
603,206639,"182862065235033",Hiloidhari T E Grant,Chabua,Dibrugarh,Assam,India,Hiloidhari T.E. Grant,,Hiloidhari T.E. Grant,291439,2065,286,18,"291439",0.99687788,Village,Rural,1271505.25176025,5602.43195332322,
604,206671,"182862069235532",Himalubam,Naharkatiya,Dibrugarh,Assam,India,Himalubam,,Himalubam,292334,2069,286,18,"292334",0.36216202,Village,Rural,460322.610807917,3526.35011478868,
605,210357,"182862069235557",Hindu Gaon,Naharkatiya,Dibrugarh,Assam,India,Hindu Gaon,,Hindu Gaon,292404,2069,286,18,"292404",1.3541606,Village,Rural,1719113.46885479,6964.00794550832,
606,206611,"182862067235756",Hologuri No 2,Moran,Dibrugarh,Assam,India,Hologuri No.2,,Hologuri,291816,2067,286,18,"291816",3.55675131,Village,Rural,4524001.63728537,11188.1514331534,
607,211525,"182862067235750",Hologuri No 3,Moran,Dibrugarh,Assam,India,Hologuri No.3,,Hologuri,291818,2067,286,18,"291818",0.69503685,Village,Rural,883740.409140212,5405.84004460225,
608,206689,"182862066235284",Hoogrijan,Tengakhat,Dibrugarh,Assam,India,Hoogrijan,,Hoogrijan,291508,2066,286,18,"291508",0.20025858,Village,Rural,254978.545424634,2319.48539557362,
609,206556,"182862066235256",Hoogrijan T E,Tengakhat,Dibrugarh,Assam,India,Hoogrijan T.E.116/64 & 66 Nlr,,Hoogrijan T.E.,291502,2066,286,18,"291502",6.42679646,Village,Rural,8184962.96586808,15871.2554269241,
610,205244,"182862069235654",Hudupara,Naharkatiya,Dibrugarh,Assam,India,Hudupara,,Hudupara,292309,2069,286,18,"292309",1.24095533,Village,Rural,1577670.34622565,5104.90022102322,
611,206666,"182862069235686",Hukani,Naharkatiya,Dibrugarh,Assam,India,Hukani No.2,,Hukani,292275,2069,286,18,"292275",1.32934777,Village,Rural,1690177.87276084,6502.96378401511,
612,205350,"182862066235196",Hukuta,Tengakhat,Dibrugarh,Assam,India,Hukuta,,Hukuta,291574,2066,286,18,"291574",1.67910457,Village,Rural,2136821.94701296,7872.18038465075,
613,212334,"182862067235942",Hunghungia No 1,Moran,Dibrugarh,Assam,India,Hunghungia No.1,,Hunghungia,291874,2067,286,18,"291874",0.66121697,Village,Rural,839586.535907427,4541.96561918002,1
614,211528,"182862067235934",Hunghungia No 2,Moran,Dibrugarh,Assam,India,Hunghungia No.2,,Hunghungia,291876,2067,286,18,"291876",0.54779215,Village,Rural,695468.464197619,4052.92168824632,1
615,210683,"182862067235941",Hunghungia No 4,Moran,Dibrugarh,Assam,India,Hunghungia No.4,,Hunghungia,291872,2067,286,18,"291872",2.4753238,Village,Rural,3142567.67755845,10580.3166632519,1
616,205306,"182862069235626",Ikarakati,Naharkatiya,Dibrugarh,Assam,India,Ikarakati,,Ikarakati,292296,2069,286,18,"292296",0.90570771,Village,Rural,1150984.77551453,4629.82732712412,
617,212345,"182862066235209",Ikarani N C,Tengakhat,Dibrugarh,Assam,India,Ikarani N.C.,,Ikarani N.C.,291622,2066,286,18,"291622",0.1103862,Village,Rural,140482.322262509,1874.82415099328,
618,210898,"182862066235081",Ikarani No 1,Tengakhat,Dibrugarh,Assam,India,Ikarani No.1,,Ikarani,291625,2066,286,18,"291625",0.85540426,Village,Rural,1088551.53391224,4976.91199222101,
619,206684,"182862066235083",Ikarani No 2,Tengakhat,Dibrugarh,Assam,India,Ikarani No.2,,Ikarani,291628,2066,286,18,"291628",1.3022056,Village,Rural,1656913.23162544,5857.10071946911,
620,205073,"182862063234834",Jagalani Grant,Dibrugarh West,Dibrugarh,Assam,India,Jagalani Grant No.43 F.S.,,Jagalani Grant,291070,2063,286,18,"291070",5.84450868,Village,Rural,7440699.74448147,11744.0892101244,1
621,205526,"182862069235639",Jagun,Naharkatiya,Dibrugarh,Assam,India,Jagun,,Jagun,292320,2069,286,18,"292320",0.63876447,Village,Rural,811963.878373638,4289.20477167108,
622,210907,"182862069235827",Jagun Majuli,Naharkatiya,Dibrugarh,Assam,India,Jagun Majuli,,Jagun Majuli,292319,2069,286,18,"292319",0.35368256,Village,Rural,449662.407090134,3814.66199131139,
623,206589,"182862066235125",Jagunpam Gaon,Tengakhat,Dibrugarh,Assam,India,Jagunpam Gaon,,Jagunpam Gaon,291686,2066,286,18,"291686",0.73411182,Village,Rural,933710.372326216,6377.07479821973,
624,206416,"182862066235118",Jagun Pather No 1,Tengakhat,Dibrugarh,Assam,India,Jagun Pather No.1,,Jagun Pather,291680,2066,286,18,"291680",0.9257479,Village,Rural,1177532.91328559,5475.43261952991,
625,206561,"182862066235117",Jagun Pather No 2,Tengakhat,Dibrugarh,Assam,India,Jagun Pather No.2,,Jagun Pather,291679,2066,286,18,"291679",1.35548745,Village,Rural,1723832.30438269,6795.04182361732,
626,206442,"182862063234679",Jakai T E,Dibrugarh West,Dibrugarh,Assam,India,Jakai T.E. No.-1 L.C.R.,,Jakai T.E.,291149,2063,286,18,"291149",8.20216137,Village,Rural,10448677.1222725,15328.8512282749,1
627,206696,"182862066235177",Jaliabosti,Tengakhat,Dibrugarh,Assam,India,Jaliabosti,,Jaliabosti,291527,2066,286,18,"291527",2.40303885,Village,Rural,3059517.78491882,9474.78810446037,
628,212348,"182862066235159",Jaloni,Tengakhat,Dibrugarh,Assam,India,Jaloni No.81,,Jaloni,291575,2066,286,18,"291575",0.30931621,Village,Rural,393680.126540358,3474.65460136712,
629,206490,"182862066235189",Jaloni 273 Nlr Jaloni Chah Bagan,Tengakhat,Dibrugarh,Assam,India,Jaloni 273 Nlr (Jaloni Chah Bagan),,Jaloni (Jaloni Chah Bagan),291569,2066,286,18,"291569",1.5242768,Village,Rural,1939853.46629431,6583.45118528864,
630,210927,"182862066235190",Jaloni 274 Nlr Jaloni Chah Bagan,Tengakhat,Dibrugarh,Assam,India,Jaloni 274 Nlr (Jaloni Chah Bagan),,Jaloni (Jaloni Chah Bagan),291570,2066,286,18,"291570",1.27783973,Village,Rural,1626386.55037356,5089.82598506264,
631,206683,"182862066235161",Jaloni Gt,Tengakhat,Dibrugarh,Assam,India,Jaloni Gt 15,,Jaloni Gt,291577,2066,286,18,"291577",7.0487374,Village,Rural,8965917.55810639,13081.4481191281,
632,206491,"182862066235188",Jaloni Naohalia,Tengakhat,Dibrugarh,Assam,India,Jaloni Naohalia,,Jaloni Naohalia,291528,2066,286,18,"291528",0.94261003,Village,Rural,1199921.36636105,4988.70395683471,
633,212350,"182862066235185",Jaloni No 1 Jaloni Chah Bagan No 1,Tengakhat,Dibrugarh,Assam,India,Jaloni No.1 (Jaloni Chah Bagan No.1),,Jaloni (Jaloni Chah Bagan),291566,2066,286,18,"291566",0.32771545,Village,Rural,417017.915278109,3380.71983749556,
634,206381,"182862066235263",Jaloni T E,Tengakhat,Dibrugarh,Assam,India,Jaloni T.E. 263/282 Nlr,,Jaloni T.E.,291519,2066,286,18,"291519",1.90141685,Village,Rural,2420671.69197968,6777.6780150981,
635,205302,"182862069235620",Jamuguri Konwori Pathar,Naharkatiya,Dibrugarh,Assam,India,Jamuguri Konwori Pathar,,Jamuguri Konwori Pathar,292290,2069,286,18,"292290",1.84373515,Village,Rural,2342630.3727933,7306.24896309787,
636,205070,"182862068235314",Jamuguri No 1,Tingkhong,Dibrugarh,Assam,India,Jamuguri No.1,,Jamuguri,292093,2068,286,18,"292093",2.02751618,Village,Rural,2575639.42993222,9526.43955576756,
637,206303,"182862068235312",Jamuguri No 2,Tingkhong,Dibrugarh,Assam,India,Jamuguri No.2,,Jamuguri,292094,2068,286,18,"292094",0.50041631,Village,Rural,635627.575755729,3941.29685132748,
638,205400,"182862068235313",Jamuuguri Bangali,Tingkhong,Dibrugarh,Assam,India,Jamuuguri Bangali,,Jamuuguri Bangali,292095,2068,286,18,"292095",0.96424266,Village,Rural,1224855.79931018,4987.16040144518,1
639,206374,"182862063234853",Janzimukh Gaon,Dibrugarh West,Dibrugarh,Assam,India,Janzimukh Gaon,,Janzimukh Gaon,291203,2063,286,18,"291203",1.2123316,Village,Rural,1540302.84336318,5595.31785252096,0.988607594955571
640,205196,"182862063234852",Janzi Mukh N C,Dibrugarh West,Dibrugarh,Assam,India,Janzi Mukh N.C.,,Janzi Mukh N.C.,291202,2063,286,18,"291202",1.52845391,Village,Rural,1942323.03454847,8138.96390299217,1
641,206708,"182862064234936",Japara Gaon,Dibrugarh East,Dibrugarh,Assam,India,Japara Gaon,,Japara Gaon,291256,2064,286,18,"291256",2.57896269,Village,Rural,3288200.2826638,7865.83094180249,1
642,206727,"182862063234668",Japara Gaon,Dibrugarh West,Dibrugarh,Assam,India,Japara Gaon,,Japara Gaon,291109,2063,286,18,"291109",1.00112756,Village,Rural,1275870.01133848,5690.22295490829,1
643,206765,"182862064234929",Japi Sajia Gaon,Dibrugarh East,Dibrugarh,Assam,India,Japi Sajia Gaon,,Japi Sajia Gaon,291281,2064,286,18,"291281",1.70441937,Village,Rural,2173464.45457707,7138.07709028531,1
644,211435,"182862067235871",Jationi,Moran,Dibrugarh,Assam,India,Jationi,,Jationi,291972,2067,286,18,"291972",1.03353087,Village,Rural,1310644.54574325,5337.58848743182,1
645,206655,"182862069235587",Jaypur Chah Bagicha,Naharkatiya,Dibrugarh,Assam,India,Jaypur Chah Bagicha,,Jaypur Chah Bagicha,292389,2069,286,18,"292389",3.21019485,Village,Rural,4078179.50841333,10479.4825896154,
646,210343,"182862065234975",Jerai,Chabua,Dibrugarh,Assam,India,Jerai,,Jerai,291430,2065,286,18,"291430",3.8079451,Village,Rural,4859469.11966463,9015.18963044056,
647,205096,"182862067235719",Jhalam,Moran,Dibrugarh,Assam,India,Jhalam,,Jhalam,291969,2067,286,18,"291969",2.27459276,Village,Rural,2883482.34724043,8290.44571430861,1
648,205156,"182862064234874",Jilliguri Gaon,Dibrugarh East,Dibrugarh,Assam,India,Jilliguri Gaon,,Jilliguri Gaon,291331,2064,286,18,"291331",1.92217788,Village,Rural,2448359.96839296,6364.50820379494,1
649,205475,"182862065234983",Jogipathar,Chabua,Dibrugarh,Assam,India,Jogipathar,,Jogipathar,291425,2065,286,18,"291425",3.73477913,Village,Rural,4767738.89541525,9353.24070753244,
650,211392,"182862063234847",Jokai 28 Gharia Gaon F V,Dibrugarh West,Dibrugarh,Assam,India,Jokai 28 Gharia Gaon F.V.,,Jokai Gharia Gaon F.V.,291245,2063,286,18,"291245",1.5621121,Village,Rural,1985240.53483942,6022.71528018857,1
651,211236,"182862063234848",Jokai 36 Gharia Gaon F V,Dibrugarh West,Dibrugarh,Assam,India,Jokai 36 Gharia Gaon F.V.,,Jokai Gharia Gaon F.V.,291244,2063,286,18,"291244",0.83018449,Village,Rural,1056277.05607578,4279.88940305781,1
652,211227,"182862063234849",Jokai Kachari Gaon F V,Dibrugarh West,Dibrugarh,Assam,India,Jokai Kachari Gaon F.V.,,Jokai Kachari Gaon F.V.,291242,2063,286,18,"291242",0.2619612,Village,Rural,333149.791591535,2293.2671293497,1
653,210566,"182862063234845",Jokai Komar Gaon F V,Dibrugarh West,Dibrugarh,Assam,India,Jokai Komar Gaon F.V.,,Jokai Komar Gaon F.V.,291241,2063,286,18,"291241",0.36155331,Village,Rural,459850.684237231,2805.07077433306,1
654,210656,"182862063234850",Jokai Noghaaria Gaon Fv Kaibarta,Dibrugarh West,Dibrugarh,Assam,India,Jokai Noghaaria Gaon Fv.Kaibarta,,Jokai Noghaaria Gaon Fv.Kaibarta,291243,2063,286,18,"291243",2.95083581,Village,Rural,3751016.89132831,8367.82073238377,0.889556135953095
655,205372,"182862063234826",Jokai Reserve Forest,Dibrugarh West,Dibrugarh,Assam,India,,,,0,2063,286,18,,13.92261059,Reserve Forest,Rural,17719435.8537735,29075.7239162697,1
656,206580,"182862064234920",Jokai T E Co,Dibrugarh East,Dibrugarh,Assam,India,Jokai T.E. Co 29/143 Orr,,Jokai T.E. Co,291314,2064,286,18,"291314",2.0865295,Village,Rural,2658793.50755628,6861.95093613857,1
657,206395,"182862066235166",Joloni T E 138 Appl,Tengakhat,Dibrugarh,Assam,India,Joloni T.E. 138 Appl,,Joloni T.E.,291563,2066,286,18,"291563",0.77875223,Village,Rural,991016.070339938,5036.41231542752,
658,210928,"182862066235167",Joloni T E 259 Nlr,Tengakhat,Dibrugarh,Assam,India,Joloni T.E.259 Nlr,,Joloni T.E.,291564,2066,286,18,"291564",0.50312751,Village,Rural,640270.084555808,3802.00214319248,
659,206735,"182862066235160",Joloni T E 25 Appl,Tengakhat,Dibrugarh,Assam,India,Joloni T.E. 25 Appl,,Joloni T.E.,291562,2066,286,18,"291562",2.71708242,Village,Rural,3457164.68574152,10630.3015876792,
660,211430,"182862068235526",Jooktoli,Tingkhong,Dibrugarh,Assam,India,Jooktoli 208/206,,Jooktoli,292193,2068,286,18,"292193",0.0461041,Village,Rural,58450.0542840275,975.231224276526,
661,209885,"182862068235367",Jooktoli Barbam,Tingkhong,Dibrugarh,Assam,India,Jooktoli Barbam 106/103/124/17,,Jooktoli Barbam,292191,2068,286,18,"292191",1.97095747,Village,Rural,2499039.90226413,6373.75657890005,
662,205089,"182862068235371",Jooktoli Borbam,Tingkhong,Dibrugarh,Assam,India,Jooktoli Borbam 206/203 T.E.24/1,,Jooktoli Borbam,292229,2068,286,18,"292229",1.96740383,Village,Rural,2494114.85547768,6767.61182243641,
663,211431,"182862068235366",Jooktoli Borbam Te,Tingkhong,Dibrugarh,Assam,India,Jooktoli Borbam T.E. 44/171,,Jooktoli Borbam T.E.,292189,2068,286,18,"292189",0.32966843,Village,Rural,417922.992600755,2893.22144377599,
664,206503,"182862068235375",Jooktoli Borbam Te,Tingkhong,Dibrugarh,Assam,India,Jooktoli Borbam T.E. 91/166,,Jooktoli Borbam T.E.,292232,2068,286,18,"292232",1.29008333,Village,Rural,1635535.01229577,6242.03623712438,
665,209883,"182862068235369",Joonktoli Barbam,Tingkhong,Dibrugarh,Assam,India,Joonktoli Barbam 24/170 Np,,Joonktoli Barbam,292190,2068,286,18,"292190",1.84003107,Village,Rural,2332986.75400295,7878.90788391669,
666,211534,"182862067238063",Joriguri F V,Moran,Dibrugarh,Assam,India,Joriguri F.V.,,Joriguri F.V.,292009,2067,286,18,"292009",0.92654704,Village,Rural,1177688.12205937,4575.18164105799,1
667,212318,"182862069235569",Joypur Chariali,Naharkatiya,Dibrugarh,Assam,India,Joypur Chariali,,Joypur Chariali,292340,2069,286,18,"292340",0.62367868,Village,Rural,792507.128711419,4667.83224592495,
668,206527,"182862069235565",Joypur T E,Naharkatiya,Dibrugarh,Assam,India,Joypur T.E,,Joypur T.E,292397,2069,286,18,"292397",1.97705592,Village,Rural,2510766.9419525,6917.10797376797,
669,210355,"182862069235568",Joypur Town,Naharkatiya,Dibrugarh,Assam,India,Joypur Town,,Joypur Town,292341,2069,286,18,"292341",1.9212055,Village,Rural,2440860.88060576,6833.75356596166,
670,210883,"182862064234855",Juktoli Bam Gaon,Dibrugarh East,Dibrugarh,Assam,India,Juktoli Bam Gaon,,Juktoli Bam Gaon,291352,2064,286,18,"291352",1.02716638,Village,Rural,1307443.95539025,6201.78467245082,
671,206426,"182862067235996",June Gaon,Moran,Dibrugarh,Assam,India,June Gaon,,June Gaon,291786,2067,286,18,"291786",1.89462392,Village,Rural,2405670.05041665,7629.04180082259,1
672,211132,"182862063234828",Juon Gaon,Dibrugarh West,Dibrugarh,Assam,India,Juon Gaon No.2,,Juon Gaon,291193,2063,286,18,"291193",1.22864462,Village,Rural,1559976.26170408,5678.02159390286,1
673,205140,"182862069235603",Juria Pukhuri,Naharkatiya,Dibrugarh,Assam,India,Juria Pukhuri,,Juria Pukhuri,292366,2069,286,18,"292366",0.90540332,Village,Rural,1149400.84740165,5284.20559702635,
674,205216,"182862066235178",Jutlibari Borhula,Tengakhat,Dibrugarh,Assam,India,Jutlibari Borhula,,Jutlibari Borhula,291524,2066,286,18,"291524",0.83208665,Village,Rural,1059407.87381291,5974.87613154303,
675,206443,"182862066235175",Jutlibari Te,Tengakhat,Dibrugarh,Assam,India,Jutlibari T.E. 303/310 Nlr,,Jutlibari T.E.,291525,2066,286,18,"291525",1.8219966,Village,Rural,2319886.56480403,10912.6286159518,
676,205292,"182862066235176",Jutlibari T E 28,Tengakhat,Dibrugarh,Assam,India,Jutlibari T.E.28,,Jutlibari T.E.,291526,2066,286,18,"291526",0.77526832,Village,Rural,987007.100184855,4528.95960047125,
677,206515,"182862068235507",Kabula,Tingkhong,Dibrugarh,Assam,India,Kabula No.28,,Kabula,292214,2068,286,18,"292214",1.97445507,Village,Rural,2504743.14651007,9348.57420219347,
678,206692,"182862066235220",Kachagaon,Tengakhat,Dibrugarh,Assam,India,Kachagaon,,Kachagaon,291484,2066,286,18,"291484",1.27328863,Village,Rural,1621837.66877697,6357.48799757143,
679,206539,"182862068235469",Kachalo,Tingkhong,Dibrugarh,Assam,India,Kachalo,,Kachalo,292033,2068,286,18,"292033",1.39201974,Village,Rural,1769279.69937719,7804.44521646745,
680,205079,"182862068235364",Kachalubam,Tingkhong,Dibrugarh,Assam,India,Kachalubam,,Kachalubam,292178,2068,286,18,"292178",1.3358271,Village,Rural,1694388.08372064,8897.42139369259,
681,205341,"182862068235449",Kachalu Pather,Tingkhong,Dibrugarh,Assam,India,Kachalu Pather,,Kachalu Pather,292066,2068,286,18,"292066",0.61142649,Village,Rural,776406.793243554,5004.25950137242,
682,206419,"182862068235448",Kachalu Pather No 2,Tingkhong,Dibrugarh,Assam,India,Kachalu Pather No.2,,Kachalu Pather,292067,2068,286,18,"292067",0.63669013,Village,Rural,808466.581802269,4052.2974021462,
683,205213,"182862068235295",Kachamari,Tingkhong,Dibrugarh,Assam,India,Kachamari,,Kachamari,292102,2068,286,18,"292102",2.52260607,Village,Rural,3202621.2242606,7657.02681687896,1
684,211438,"182862067235896",Kachamari No 1,Moran,Dibrugarh,Assam,India,Kachamari No.1,,Kachamari,291929,2067,286,18,"291929",0.81022553,Village,Rural,1026945.0075176,4254.41517374773,1
685,206723,"182862067235897",Kachamari No 2,Moran,Dibrugarh,Assam,India,Kachamari No.2,,Kachamari,291928,2067,286,18,"291928",2.93206934,Village,Rural,3716931.66795582,9989.94476877852,1
686,205293,"182862063234794",Kachari Gaon,Dibrugarh West,Dibrugarh,Assam,India,Kachari Gaon,,Kachari Gaon,291114,2063,286,18,"291114",1.93052948,Village,Rural,2459683.1611806,6846.13547174743,1
687,205179,"182862066235282",Kachari Pathar No 1,Tengakhat,Dibrugarh,Assam,India,Kachari Pathar No.1,,Kachari Pathar,291592,2066,286,18,"291592",0.54162803,Village,Rural,689464.414224272,3231.66484237228,
688,206320,"182862066235281",Kachari Pathar No 2,Tengakhat,Dibrugarh,Assam,India,Kachari Pathar No.2,,Kachari Pathar,291591,2066,286,18,"291591",1.64019867,Village,Rural,2087580.74685078,9275.2497170667,
689,206446,"182862069235541",Kachari Pather Gaon,Naharkatiya,Dibrugarh,Assam,India,Kachari Pather Gaon,,Kachari Pather Gaon,292414,2069,286,18,"292414",1.22522816,Village,Rural,1554822.05066576,7783.56631817857,
690,205345,"182862063234693",Kachomari Deori Gaon,Dibrugarh West,Dibrugarh,Assam,India,Kachomari Deori Gaon,,Kachomari Deori Gaon,291225,2063,286,18,"291225",0.93324802,Village,Rural,1187411.77033234,5977.52487836137,1
691,205245,"182862063234854",Kachomari Deori N C,Dibrugarh West,Dibrugarh,Assam,India,Kachomari Deori N.C.,,Kachomari Deori N.C.,291224,2063,286,18,"291224",1.03049275,Village,Rural,1310920.2022481,4393.33748664375,0.972519084014965
692,206677,"182862063234692",Kachomari Hatigar Gaon,Dibrugarh West,Dibrugarh,Assam,India,Kachomari Hatigar Gaon,,Kachomari Hatigar Gaon,291227,2063,286,18,"291227",1.18243172,Village,Rural,1504467.19470816,5524.45016735795,1
693,206710,"182862065235049",Kachuwani Gaon,Chabua,Dibrugarh,Assam,India,Kachuwani Gaon,,Kachuwani Gaon,291367,2065,286,18,"291367",1.60488873,Village,Rural,2048785.0790549,7279.43162469902,
694,205339,"182862064234945",Kadamani Grant Gaon,Dibrugarh East,Dibrugarh,Assam,India,Kadamani Grant Gaon No.39,,Kadamani Grant Gaon,291276,2064,286,18,"291276",2.38866399,Village,Rural,3048174.1807179,7490.86672727437,
695,206724,"182862068235487",Kadamoni,Tingkhong,Dibrugarh,Assam,India,Kadamoni,,Kadamoni,292019,2068,286,18,"292019",0.68888666,Village,Rural,875612.795415512,4742.7898929707,
696,206640,"182862065235014",Kadamoni Gaon,Chabua,Dibrugarh,Assam,India,Kadamoni Gaon,,Kadamoni Gaon,291446,2065,286,18,"291446",0.851273,Village,Rural,1085716.20930769,4708.43711796242,
697,205255,"182862068235348",Kakawani Block,Tingkhong,Dibrugarh,Assam,India,Kakawani Block,,Kakawani Block,292118,2068,286,18,"292118",1.61650068,Village,Rural,2051769.57931951,6573.05469985268,
698,205408,"182862069235558",Kakojan Habi Gaon,Naharkatiya,Dibrugarh,Assam,India,Kakojan Habi Gaon,,Kakojan Habi Gaon,292396,2069,286,18,"292396",0.80974673,Village,Rural,1027828.54147609,5774.33876333536,
699,206481,"182862067235920",Kalalur,Moran,Dibrugarh,Assam,India,Kalalur,,Kalalur,291862,2067,286,18,"291862",0.49076066,Village,Rural,622661.502749588,5406.89992122242,1
700,206403,"182862067235922",Kalalur Block,Moran,Dibrugarh,Assam,India,Kalalur Block No.2,,Kalalur Block,291861,2067,286,18,"291861",1.15129976,Village,Rural,1460784.49754925,5575.68480765511,1
701,206360,"182862067235924",Kalalur Koch,Moran,Dibrugarh,Assam,India,Kalalur Koch,,Kalalur Koch,291863,2067,286,18,"291863",1.49791165,Village,Rural,1900317.32900623,7229.50162942391,1
702,206507,"182862067235918",Kalalur Namdang No 1,Moran,Dibrugarh,Assam,India,Kalalur Namdang No.1,,Kalalur Namdang,291922,2067,286,18,"291922",0.88010366,Village,Rural,1116571.65667097,5034.647712457,1
703,211441,"182862067235917",Kalalur Namdang No 2,Moran,Dibrugarh,Assam,India,Kalalur Namdang No.2,,Kalalur Namdang,291921,2067,286,18,"291921",0.7513106,Village,Rural,953021.716835133,5709.65500714182,1
704,206390,"182862063234806",Kalatomoni Gaon,Dibrugarh West,Dibrugarh,Assam,India,Kalatomoni Gaon,,Kalatomoni Gaon,291077,2063,286,18,"291077",2.88589754,Village,Rural,3674329.97021726,10887.6755741382,1
705,205335,"182862063234685",Kamakhya Gaon,Dibrugarh West,Dibrugarh,Assam,India,Kamakhya Gaon,,Kamakhya Gaon,291153,2063,286,18,"291153",2.03647659,Village,Rural,2593154.54006796,7805.30446131739,1
706,205097,"182862067235890",Kamaldoi Betbari,Moran,Dibrugarh,Assam,India,Kamaldoi Betbari,,Kamaldoi Betbari,291938,2067,286,18,"291938",2.89852296,Village,Rural,3675024.02568038,9021.23179697186,1
707,211445,"182862067235893",Kamaldoi Bongali,Moran,Dibrugarh,Assam,India,Kamaldoi Bongali,,Kamaldoi Bongali,291939,2067,286,18,"291939",1.38468118,Village,Rural,1755917.02106582,6811.85335561707,1
708,205129,"182862067235894",Kamaldoi Gaon,Moran,Dibrugarh,Assam,India,Kamaldoi Gaon,,Kamaldoi Gaon,291940,2067,286,18,"291940",1.56021727,Village,Rural,1978579.51466292,5734.72137303224,1
709,205087,"182862068235404",Kamarchuk Bokalial,Tingkhong,Dibrugarh,Assam,India,Kamarchuk Bokalial,,Kamarchuk Bokalial,292197,2068,286,18,"292197",1.79951085,Village,Rural,2281968.85109668,6595.1243828754,
710,205455,"182862063234667",Kamar Gaon,Dibrugarh West,Dibrugarh,Assam,India,Kamar Gaon,,Kamar Gaon,291088,2063,286,18,"291088",4.78545157,Village,Rural,6099897.75280779,13090.3205138658,1
711,211670,"182862069235555",Kamar Gaon,Naharkatiya,Dibrugarh,Assam,India,Kamar Gaon,,Kamar Gaon,292401,2069,286,18,"292401",1.38160864,Village,Rural,1754458.77307025,6120.49933892786,
712,205191,"182862065234954",Kamhatar Habi,Chabua,Dibrugarh,Assam,India,Kamhatar Habi,,Kamhatar Habi,291459,2065,286,18,"291459",4.06714948,Village,Rural,5183314.24314257,10942.059707094,
713,206695,"182862066235147",Kamini T E,Tengakhat,Dibrugarh,Assam,India,Kamini T.E. No.27,,Kamini T.E.,291531,2066,286,18,"291531",0.56853299,Village,Rural,723929.18301164,6525.75375316355,
714,212359,"182862064234947",Kanai Gaon,Dibrugarh East,Dibrugarh,Assam,India,Kanai Gaon,,Kanai Gaon,291274,2064,286,18,"291274",0.71755438,Village,Rural,915833.000707442,4713.80762327458,
715,205514,"182862064234860",Kanai Gaon,Dibrugarh East,Dibrugarh,Assam,India,Kanai Gaon,,Kanai Gaon,291350,2064,286,18,"291350",1.40650514,Village,Rural,1795288.41903745,5318.61501630811,
716,206772,"182862064234910",Kandulibari,Dibrugarh East,Dibrugarh,Assam,India,Kandulibari Grant 4 No.F.S.16 NLR,,Kandulibari,291278,2064,286,18,"291278",8.64852032,Village,Rural,11035543.1733531,20694.826432817,1
717,206476,"182862065234976",Kanjikhowa,Chabua,Dibrugarh,Assam,India,Kanjikhowa,,Kanjikhowa,291431,2065,286,18,"291431",1.547464,Village,Rural,1974698.0580653,6792.48038224459,
718,210665,"182862067235727",Kaowimari No 2,Moran,Dibrugarh,Assam,India,Kaowimari No.2,,Kaowimari,291986,2067,286,18,"291986",0.37730021,Village,Rural,478715.581251019,2810.63854812569,1
719,210857,"182862067236009",Kaowimari No 2,Moran,Dibrugarh,Assam,India,Kaowimari No.2,,Kaowimari,291991,2067,286,18,"291991",1.16733604,Village,Rural,1480994.91592436,5272.36097108662,1
720,205203,"182862066235230",Kapahua Gaon,Tengakhat,Dibrugarh,Assam,India,Kapahua Gaon,,Kapahua Gaon,291652,2066,286,18,"291652",1.87711764,Village,Rural,2389133.54268446,6227.902919652,
721,205297,"182862069235563",Kapohuwa,Naharkatiya,Dibrugarh,Assam,India,Kapohuwa,,Kapohuwa,292387,2069,286,18,"292387",1.11480462,Village,Rural,1416070.35289824,5052.71091293258,
722,205185,"182862063234817",Kapwotepor Gaon,Dibrugarh West,Dibrugarh,Assam,India,Kapwotepor Gaon,,Kapwotepor Gaon,291118,2063,286,18,"291118",3.05009079,Village,Rural,3884502.27666417,8911.89046261006,1
723,209881,"182862068235414",Karangani No 18,Tingkhong,Dibrugarh,Assam,India,Karangani No.18,,Karangani,292170,2068,286,18,"292170",0.78849464,Village,Rural,1000271.39275608,5086.21272757417,
724,205342,"182862068235415",Karangani No 340 Nlr,Tingkhong,Dibrugarh,Assam,India,Karangani No. 340 Nlr,,Karangani,292169,2068,286,18,"292169",1.76918475,Village,Rural,2244495.00593197,7758.87455363017,
725,212329,"182862068235401",Karangani No 72,Tingkhong,Dibrugarh,Assam,India,Karangani No.72,,Karangani,292203,2068,286,18,"292203",0.472356,Village,Rural,599300.630704681,3570.84373104574,
726,206467,"182862067235847",Kashi Pather,Moran,Dibrugarh,Assam,India,Kashi Pather,,Kashi Pather,291883,2067,286,18,"291883",0.7121673,Village,Rural,904183.966784007,6707.0993421906,1
727,205178,"182862065235050",Kasuwani Gaon,Chabua,Dibrugarh,Assam,India,Kasuwani Gaon,,Kasuwani Gaon,291365,2065,286,18,"291365",2.03779348,Village,Rural,2601857.48039587,6880.59069603315,
728,205165,"182862066235082",Kathalani Gaon,Tengakhat,Dibrugarh,Assam,India,Kathalani Gaon,,Kathalani Gaon,291626,2066,286,18,"291626",1.8909226,Village,Rural,2406501.18922143,8440.70724016391,
729,205495,"182862066235140",Kathalguri No 1,Tengakhat,Dibrugarh,Assam,India,Kathalguri No.1,,Kathalguri,291537,2066,286,18,"291537",3.67008492,Village,Rural,4670200.19066963,11869.6120783877,
730,206601,"182862066235142",Kathalguri No 2,Tengakhat,Dibrugarh,Assam,India,Kathalguri No.2,,Kathalguri,291545,2066,286,18,"291545",4.85455518,Village,Rural,6175413.70988675,11751.8692565643,
731,206745,"182862066235173",Kathalguri T E 109,Tengakhat,Dibrugarh,Assam,India,Kathalguri T.E. 109,,Kathalguri T.E.,291542,2066,286,18,"291542",1.68948311,Village,Rural,2149905.34350378,5870.20496422701,
732,206613,"182862066235145",Kathalguri T E 35 Grant,Tengakhat,Dibrugarh,Assam,India,Kathalguri T.E. 35 Grant,,Kathalguri T.E.,291536,2066,286,18,"291536",0.48696284,Village,Rural,619797.519695994,3692.2137500478,
733,206495,"182862066235138",Kathalguri T E 69 Appl,Tengakhat,Dibrugarh,Assam,India,Kathalguri T.E. 69 Appl,,Kathalguri T.E.,291539,2066,286,18,"291539",2.59096144,Village,Rural,3297767.0457401,8604.77672403303,
734,205471,"182862065235027",Kath Gaon,Chabua,Dibrugarh,Assam,India,Kath Gaon,,Kath Gaon,291388,2065,286,18,"291388",0.52129833,Village,Rural,665474.748223994,3414.67343143818,
735,205330,"182862063234677",Kath Gaon,Dibrugarh West,Dibrugarh,Assam,India,Kath Gaon,,Kath Gaon,291098,2063,286,18,"291098",2.32310393,Village,Rural,2960531.01550651,8480.32078224192,1
736,211460,"182862063234833",Kawaimari Gaon,Dibrugarh West,Dibrugarh,Assam,India,Kawaimari Gaon,,Kawaimari Gaon,291071,2063,286,18,"291071",0.55575548,Village,Rural,707685.76887047,4598.07875019413,1
737,206350,"182862069235607",Kawaimari Gaon,Naharkatiya,Dibrugarh,Assam,India,Kawaimari Gaon,,Kawaimari Gaon,292371,2069,286,18,"292371",2.5560913,Village,Rural,3245833.6087582,9369.38231821625,
738,211139,"182862063234709",Kawoimari N C,Dibrugarh West,Dibrugarh,Assam,India,Kawoimari N.C.,,Kawoimari N.C.,291212,2063,286,18,"291212",0.76279832,Village,Rural,969714.709173911,4471.40951848703,0.981443298999796
739,205152,"182862068235387",Kecharuguri,Tingkhong,Dibrugarh,Assam,India,Kecharuguri,,Kecharuguri,292225,2068,286,18,"292225",2.01799395,Village,Rural,2558679.63902333,7760.64450572737,
740,205180,"182862068235377",Kecharuguri No 1,Tingkhong,Dibrugarh,Assam,India,Kecharuguri No.1,,Kecharuguri,292234,2068,286,18,"292234",2.35695475,Village,Rural,2988044.32499883,8779.76822192561,
741,205090,"182862068235376",Kecharuguri No 3,Tingkhong,Dibrugarh,Assam,India,Kecharuguri No.3,,Kecharuguri,292233,2068,286,18,"292233",0.7535144,Village,Rural,955178.98403506,6151.05590097419,
742,206458,"182862068235306",Kekuri,Tingkhong,Dibrugarh,Assam,India,Kekuri No.2,,Kekuri,292103,2068,286,18,"292103",0.59914394,Village,Rural,760695.072813602,3599.52758805551,1
743,205260,"182862068235304",Kekuri Bangali,Tingkhong,Dibrugarh,Assam,India,Kekuri Bangali,,Kekuri Bangali,292101,2068,286,18,"292101",2.40531755,Village,Rural,3054134.97331695,10599.6944232056,1
744,206440,"182862068235310",Kekuri Sonowal,Tingkhong,Dibrugarh,Assam,India,Kekuri Sonowal,,Kekuri Sonowal,292100,2068,286,18,"292100",1.43657522,Village,Rural,1824181.29751245,7720.16197898844,1
745,205197,"182862069235588",Kenduguri Gaon,Naharkatiya,Dibrugarh,Assam,India,Kenduguri Gaon,,Kenduguri Gaon,292388,2069,286,18,"292388",1.4754931,Village,Rural,1874243.61922551,5826.59746214898,
746,211523,"182862066235289",Kenduguri No 1,Tengakhat,Dibrugarh,Assam,India,Kenduguri No.1,,Kenduguri,291635,2066,286,18,"291635",2.52429832,Village,Rural,3209451.65769937,8502.1021112507,
747,206551,"182862066235085",Kenduguri No 2,Tengakhat,Dibrugarh,Assam,India,Kenduguri No.2,,Kenduguri,291634,2066,286,18,"291634",1.39670002,Village,Rural,1776001.53339679,6342.0628424305,
748,211576,"182862068235477",Kenduguri No 2,Tingkhong,Dibrugarh,Assam,India,Kenduguri No.2,,Kenduguri,292013,2068,286,18,"292013",1.24597352,Village,Rural,1584409.82557524,6057.16074211198,
749,205324,"182862066235086",Kenduguri No 3,Tingkhong,Dibrugarh,Assam,India,Kenduguri No.3,,Kenduguri,291633,2068,286,18,"291633",1.89428664,Village,Rural,2408415.65263895,8130.482323153,
750,205256,"182862068235435",Kenduguri T E,Tingkhong,Dibrugarh,Assam,India,Kenduguri T.E.,,Kenduguri T.E.,292081,2068,286,18,"292081",4.38035896,Village,Rural,5560928.60902337,12968.869002537,
751,205063,"182862068235302",Kenya Pather,Tingkhong,Dibrugarh,Assam,India,Kenya Pather No.70,,Kenya Pather,292186,2068,286,18,"292186",2.10007563,Village,Rural,2662986.57271217,7101.26134534666,
752,205252,"182862068235396",Kerang,Tingkhong,Dibrugarh,Assam,India,Kerang,,Kerang,292157,2068,286,18,"292157",1.33758229,Village,Rural,1697216.15704721,8552.34284149732,
753,210957,"182862066235153",Kerekoni Kekuri,Tengakhat,Dibrugarh,Assam,India,Kerekoni No.1 (Kekuri No.1),,Kerekoni (Kekuri),291548,2066,286,18,"291548",0.9013886,Village,Rural,1146585.4703125,7118.73260638756,
754,206343,"182862066235152",Kerkoni Kekuri,Tengakhat,Dibrugarh,Assam,India,Kerkoni No.1 (Kekuri No.2),,Kerkoni (Kekuri),291544,2066,286,18,"291544",0.79025692,Village,Rural,1005190.61813425,4127.08728047684,
755,211447,"182862067235886",Khagarijan,Moran,Dibrugarh,Assam,India,Khagarijan,,Khagarijan,291965,2067,286,18,"291965",0.17983789,Village,Rural,227991.00445071,1972.18313944976,1
756,206771,"182862065235019",Khailabari Bagan Gaon,Chabua,Dibrugarh,Assam,India,Khailabari Bagan Gaon,,Khailabari Bagan Gaon,291437,2065,286,18,"291437",2.70623042,Village,Rural,3451896.74201812,7980.04665746057,
757,206761,"182862064234888",Khanikar Gaon,Dibrugarh East,Dibrugarh,Assam,India,Khanikar Gaon,,Khanikar Gaon,291307,2064,286,18,"291307",2.52605655,Village,Rural,3220458.79997763,8880.90614243203,
758,205314,"182862063234781",Khanikar T E,Dibrugarh West,Dibrugarh,Assam,India,Khanikar T.E.32/31 N.L.R.Grant,,Khanikar T.E.,291102,2063,286,18,"291102",1.36278109,Village,Rural,1736469.09699065,7439.93391964345,1
759,205166,"182862063234778",Khanikar T E L C R Grant,Dibrugarh West,Dibrugarh,Assam,India,Khanikar T.E. 2 L.C.R. Grant,,Khanikar T.E. L.C.R. Grant,291106,2063,286,18,"291106",2.31945247,Village,Rural,2954979.84090133,7735.04127058401,1
760,206755,"182862064234889",Kharikatia Gaon,Dibrugarh East,Dibrugarh,Assam,India,Kharikatia Gaon,,Kharikatia Gaon,291306,2064,286,18,"291306",2.72288573,Village,Rural,3470290.90697991,8296.80771251071,
761,205479,"182862065234996",Kharjan Gaon,Chabua,Dibrugarh,Assam,India,Kharjan Gaon,,Kharjan Gaon,291402,2065,286,18,"291402",1.02779475,Village,Rural,1312630.23973595,5214.02009559942,
762,210335,"182862065234991",Kharjan Grant,Chabua,Dibrugarh,Assam,India,Kharjan Grant,,Kharjan Grant,291401,2065,286,18,"291401",3.02783257,Village,Rural,3866343.35004992,10505.5288498649,
763,205478,"182862065234994",Kharjan T E,Chabua,Dibrugarh,Assam,India,Kharjan T.E.,,Kharjan T.E.,291406,2065,286,18,"291406",3.54502901,Village,Rural,4526471.64302153,9710.24243815959,
764,211777,"182862065234981",Kharjan T E,Chabua,Dibrugarh,Assam,India,Kharjan T.E.,,Kharjan T.E.,291424,2065,286,18,"291424",1.06546139,Village,Rural,1360123.21965077,5768.00134821879,
765,205162,"182862069235665",Khatowa Pathar Gaon,Naharkatiya,Dibrugarh,Assam,India,Khatowa Pathar Gaon,,Khatowa Pathar Gaon,292294,2069,286,18,"292294",1.45914845,Village,Rural,1854976.5147922,7678.32234638707,
766,206422,"182862069235663",Khatua,Naharkatiya,Dibrugarh,Assam,India,Khatua,,Khatua,292267,2069,286,18,"292267",2.0822662,Village,Rural,2647630.83105379,9161.22405351873,
767,205161,"182862067235721",Khelmati,Moran,Dibrugarh,Assam,India,Khelmati,,Khelmati,291971,2067,286,18,"291971",1.9944174,Village,Rural,2528843.58162207,6764.4059503338,1
768,205088,"182862068235355",Kherani,Tingkhong,Dibrugarh,Assam,India,Kherani,,Kherani,292180,2068,286,18,"292180",1.89434299,Village,Rural,2402717.33169059,6496.92216373599,
769,205377,"182862066235106",Kheremia Gaon,Tengakhat,Dibrugarh,Assam,India,Kheremia Gaon,,Kheremia Gaon,291594,2066,286,18,"291594",1.22946948,Village,Rural,1564768.10029501,5373.90521984698,
770,211116,"182862068235318",Kheroni,Tingkhong,Dibrugarh,Assam,India,Kheroni No.2,,Kheroni,292088,2068,286,18,"292088",0.51778216,Village,Rural,657706.894057595,3642.47905215103,
771,205148,"182862068235319",Kheroni Pather,Tingkhong,Dibrugarh,Assam,India,Kheroni Pather,,Kheroni Pather,292087,2068,286,18,"292087",1.19261472,Village,Rural,1514931.87789732,5229.593740523,
772,205513,"182862064234946",Kholajan Grant N C,Dibrugarh East,Dibrugarh,Assam,India,Kholajan Grant 34 No N.C.,,Kholajan Grant N.C.,291275,2064,286,18,"291275",1.55543,Village,Rural,1985218.63738476,6795.60926683168,
773,205349,"182862066235232",Khongia Gaon,Tengakhat,Dibrugarh,Assam,India,Khongia Gaon,,Khongia Gaon,291607,2066,286,18,"291607",1.78279282,Village,Rural,2269570.91558423,6097.32871385818,
774,212337,"182862067235939",Khowang,Moran,Dibrugarh,Assam,India,Khowang 99/102 No. Nlr Grant,,Khowang,291843,2067,286,18,"291843",0.09835617,Village,Rural,124944.150897804,2020.38309215022,1
775,205399,"182862067235793",Khowang 312 No Nlr Grant,Moran,Dibrugarh,Assam,India,Khowang 312 No. Nlr Grant,,Khowang Grant,291802,2067,286,18,"291802",2.06058101,Village,Rural,2617604.30295607,7405.08040303021,1
776,210888,"182862067235784",Khowang 319 No Nlr Grant,Moran,Dibrugarh,Assam,India,Khowang 319 No. Nlr Grant,,Khowang Grant,291803,2067,286,18,"291803",1.94431893,Village,Rural,2469913.51159455,6308.20757813378,1
777,205133,"182862067235935",Khowang Chah Co Grant,Moran,Dibrugarh,Assam,India,Khowang Chah Co. 108 No Fs Grant,,Khowang Chah Co. Grant,291903,2067,286,18,"291903",2.53294444,Village,Rural,3215265.2764027,8695.02309916155,1
778,205239,"182862067235836",Khowang Grant,Moran,Dibrugarh,Assam,India,Khowang 11/164 Nlr Grant,,Khowang Grant,291768,2067,286,18,"291768",4.7369322,Village,Rural,6017099.70870473,12014.1808254034,1
779,206552,"182862068235478",Khowang Grant,Tingkhong,Dibrugarh,Assam,India,Khowang Grant,,Khowang Grant,292032,2068,286,18,"292032",1.27222731,Village,Rural,1617117.12484484,5031.04742255764,
780,205060,"182862067235839",Khowang Nlr Grant No 319,Moran,Dibrugarh,Assam,India,Khowang Nlr Grant No.319,,Khowang Grant,291840,2067,286,18,"291840",2.40251164,Village,Rural,3051169.90256024,7297.93459040481,1
781,205405,"182862067235963",Khowang Sonowal Bongali Gaon,Moran,Dibrugarh,Assam,India,Khowang Sonowal Bongali Gaon,,Khowang Sonowal Bongali Gaon,291719,2067,286,18,"291719",2.35427356,Village,Rural,2991391.31784693,8293.54897578255,1
782,212344,"182862067238059",Koch Gaon F V,Moran,Dibrugarh,Assam,India,Koch Gaon F.V.,,Koch Gaon F.V.,292005,2067,286,18,"292005",0.50968437,Village,Rural,647932.026959405,4477.05135147585,1
783,206631,"182862067235741",Koilagarah Gaon,Moran,Dibrugarh,Assam,India,Koilagarah Gaon,,Koilagarah Gaon,291890,2067,286,18,"291890",1.01469439,Village,Rural,1289029.0496642,5289.83393265321,1
784,206474,"182862067235738",Koilagarah Habi,Moran,Dibrugarh,Assam,India,Koilagarah Habi,,Koilagarah Habi,291891,2067,286,18,"291891",0.92568774,Village,Rural,1175711.57825328,5197.76004430684,1
785,206630,"182862063234731",Kolakhowa Gozal Gaon,Dibrugarh West,Dibrugarh,Assam,India,Kolakhowa Gozal Gaon,,Kolakhowa Gozal Gaon,291197,2063,286,18,"291197",3.16978168,Village,Rural,4028058.32952342,9742.78555765647,1
786,210585,"182862063234771",Koliani No Gaon,Dibrugarh West,Dibrugarh,Assam,India,Koliani No.Gaon,,Koliani No.Gaon,291156,2063,286,18,"291156",2.51803258,Village,Rural,3206377.10709272,12681.4685954681,1
787,205228,"182862067235814",Kolowlowa Deori Gaon,Moran,Dibrugarh,Assam,India,Kolowlowa Deori Gaon,,Kolowlowa Deori Gaon,291728,2067,286,18,"291728",2.52910037,Village,Rural,3215731.25273154,8214.02222371006,0.997264437694499
788,206385,"182862067235813",Kolowlowa Gaon,Moran,Dibrugarh,Assam,India,Kolowlowa Gaon,,Kolowlowa Gaon,291735,2067,286,18,"291735",2.21990107,Village,Rural,2822784.12545255,9580.67466133806,1
789,206669,"182862067235833",Kolowlowa Habi,Moran,Dibrugarh,Assam,India,Kolowlowa Habi,,Kolowlowa Habi,291736,2067,286,18,"291736",2.62140869,Village,Rural,3334155.67541413,8837.59505157624,0.994812680123862
790,206425,"182862065235007",Komar Gaon,Chabua,Dibrugarh,Assam,India,Komar Gaon,,Komar Gaon,291452,2065,286,18,"291452",2.2351167,Village,Rural,2850719.76988163,7422.19063237058,
791,205136,"182862069235538",Konwabam Gaon,Naharkatiya,Dibrugarh,Assam,India,Konwabam Gaon,,Konwabam Gaon,292395,2069,286,18,"292395",1.8954261,Village,Rural,2406662.86475233,5852.12943255614,
792,206465,"182862067236001",Konwargaon,Moran,Dibrugarh,Assam,India,Konwargaon No.2,,Konwargaon,291780,2067,286,18,"291780",1.57614991,Village,Rural,2002254.66588519,7668.98765194228,1
793,206626,"182862067236002",Konwar Gaon,Moran,Dibrugarh,Assam,India,Konwar Gaon No.1,,Konwar Gaon,291709,2067,286,18,"291709",1.07719498,Village,Rural,1368586.24715988,5630.59389543024,1
794,206352,"182862063234666",Konwar Handiqui Gaon,Dibrugarh West,Dibrugarh,Assam,India,Konwar Handiqui Gaon,,Konwar Handiqui Gaon,291087,2063,286,18,"291087",2.33209006,Village,Rural,2973320.63003119,7143.92145495106,1
795,206411,"182862069235653",Konwarijan,Naharkatiya,Dibrugarh,Assam,India,Konwarijan,,Konwarijan,292310,2069,286,18,"292310",1.52928725,Village,Rural,1944350.28866019,6748.37584113119,
796,206703,"182862065234959",Kopowhuwa Gaon,Chabua,Dibrugarh,Assam,India,Kopowhuwa Gaon,,Kopowhuwa Gaon,291472,2065,286,18,"291472",3.17673771,Village,Rural,4047537.34873665,9703.1636819047,
797,205301,"182862063234710",Kotoha Bangali Gaon,Dibrugarh West,Dibrugarh,Assam,India,Kotoha Bangali Gaon,,Kotoha Bangali Gaon,291211,2063,286,18,"291211",1.45056925,Village,Rural,1844235.69346313,5988.59297988065,0.957812500069849
798,205164,"182862063234751",Kotoha Gaon,Dibrugarh West,Dibrugarh,Assam,India,Kotoha Gaon,,Kotoha Gaon,291215,2063,286,18,"291215",2.53659411,Village,Rural,3225915.47398896,9413.22154544409,0.997305389226018
799,206323,"182862063234694",Kowar Kharoni Gaon,Dibrugarh West,Dibrugarh,Assam,India,Kowar Kharoni Gaon,,Kowar Kharoni Gaon,291228,2063,286,18,"291228",0.51388841,Village,Rural,654106.348987263,3125.67189581617,1
800,205458,"182862063234675",Kuchia Khana Gaon,Dibrugarh West,Dibrugarh,Assam,India,Kuchia Khana Gaon,,Kuchia Khana Gaon,291097,2063,286,18,"291097",1.96080385,Village,Rural,2499561.94110053,7391.19851628041,1
801,205344,"182862069235681",Kukura Phuia Santipur,Naharkatiya,Dibrugarh,Assam,India,Kukura Phuia (Santipur),,Kukura Phuia (Santipur),292269,2069,286,18,"292269",2.38611412,Village,Rural,3033808.0561489,8791.70045062988,
802,210578,"182862067235892",Kuli Gaon,Moran,Dibrugarh,Assam,India,Kuli Gaon,,Kuli Gaon,291935,2067,286,18,"291935",1.31043632,Village,Rural,1662093.73268408,6070.35358949546,1
803,206328,"182862068235471",Kuli No 1,Tingkhong,Dibrugarh,Assam,India,Kuli No.1,,Kuli,292035,2068,286,18,"292035",1.11972755,Village,Rural,1423410.76358777,5388.27822802228,
804,210893,"182862068235472",Kuli No 2,Tingkhong,Dibrugarh,Assam,India,Kuli No.2,,Kuli,292034,2068,286,18,"292034",2.08934373,Village,Rural,2655969.84490583,8228.77622954432,
805,206774,"182862065235062",Lacachani,Chabua,Dibrugarh,Assam,India,Lacachani,,Lacachani,291372,2065,286,18,"291372",1.7334697,Village,Rural,2214038.04778663,7374.62204368835,
806,206676,"182862067235761",Lachan Gayan Miri Gaon,Moran,Dibrugarh,Assam,India,Lachan Gayan Miri Gaon,,Lachan Gayan Miri Gaon,291749,2067,286,18,"291749",1.72596684,Village,Rural,2195809.58667437,8470.18928332814,
807,205371,"182862067235764",Lachan Gayan Miri N C,Moran,Dibrugarh,Assam,India,Lachan Gayan Miri N.C.,,Lachan Gayan Miri N.C.,291752,2067,286,18,"291752",4.29434057,Village,Rural,5465753.36455208,12229.5576213435,0.95312500007761
808,211469,"182862064234904",Lahoal,Dibrugarh East,Dibrugarh,Assam,India,Lahoal 19/150 Orr (27 No.LC),,Lahoal,291305,2064,286,18,"291305",1.3563841,Village,Rural,1729141.6056914,6398.19487905927,
809,206762,"182862064234916",Lahoal Patra,Dibrugarh East,Dibrugarh,Assam,India,Lahoal Patra,,Lahoal Patra,291300,2064,286,18,"291300",1.95755897,Village,Rural,2495997.20658885,7670.985687714,
810,205505,"182862064234922",Lahoal T E,Dibrugarh East,Dibrugarh,Assam,India,Lahoal T.E. 27/148 Orr,,Lahoal T.E.,291304,2064,286,18,"291304",5.65463611,Village,Rural,7206975.04410163,14586.4711970745,1
811,206716,"182862065235067",Laimekuri Chapori,Chabua,Dibrugarh,Assam,India,Laimekuri Chapori,,Laimekuri Chapori,291357,2065,286,18,"291357",2.34103554,Village,Rural,2994158.63400585,7659.52140612928,1
812,206749,"182862063234775",Lakai Gaon,Dibrugarh West,Dibrugarh,Assam,India,Lakai Gaon,,Lakai Gaon,291103,2063,286,18,"291103",5.56067653,Village,Rural,7083757.49022467,14570.3679773528,1
813,206722,"182862067235898",Laokhowa,Moran,Dibrugarh,Assam,India,Laokhowa,,Laokhowa,291946,2067,286,18,"291946",1.48645577,Village,Rural,1884354.70215894,6945.10412562629,1
814,211462,"182862063235324",Laruajan Gaon,Dibrugarh West,Dibrugarh,Assam,India,Laruajan Gaon,,Laruajan Gaon,291068,2063,286,18,"291068",1.26043788,Village,Rural,1604157.13478641,6186.99844914333,1
815,206635,"182862068235450",Latomoni,Tingkhong,Dibrugarh,Assam,India,Latomoni,,Latomoni,292065,2068,286,18,"292065",1.81420268,Village,Rural,2304102.67342131,6779.6014419006,
816,206538,"182862063234719",Lazai Gaon,Dibrugarh West,Dibrugarh,Assam,India,Lazai Gaon,,Lazai Gaon,291176,2063,286,18,"291176",2.21208579,Village,Rural,2812736.92868421,7278.61890572362,1
817,210567,"182862063234735",Lazai Gaon Pather,Dibrugarh West,Dibrugarh,Assam,India,Lazai Gaon Pather,,Lazai Gaon Pather,291177,2063,286,18,"291177",2.17612934,Village,Rural,2766726.11635763,8267.44038882481,1
818,206570,"182862063234720",Lazai Miri Gaon,Dibrugarh West,Dibrugarh,Assam,India,Lazai Miri Gaon,,Lazai Miri Gaon,291204,2063,286,18,"291204",0.80701447,Village,Rural,1025763.97837434,4826.75910230078,1
819,206463,"182862066235218",L C R Grant,Tengakhat,Dibrugarh,Assam,India,L.C.R. Grant No.11,,L.C.R. Grant,291480,2066,286,18,"291480",3.16086204,Village,Rural,4027935.44774533,9655.91230375503,
820,206659,"182862069235537",Lebangkula Gaon,Naharkatiya,Dibrugarh,Assam,India,Lebangkula Gaon,,Lebangkula Gaon,292393,2069,286,18,"292393",2.37638401,Village,Rural,3018143.71837764,8960.95792689904,
821,212131,"182862066235207",Lejoni Gaon,Tengakhat,Dibrugarh,Assam,India,Lejoni Gaon,,Lejoni Gaon,291610,2066,286,18,"291610",0.37414324,Village,Rural,476176.192458081,3193.94837587674,
822,205337,"182862063234820",Lengapather Gaon,Dibrugarh West,Dibrugarh,Assam,India,Lengapather Gaon,,Lengapather Gaon,291079,2063,286,18,"291079",1.14934099,Village,Rural,1464109.02965379,5257.31286054639,1
823,206456,"182862067235746",Lengeri Gaon,Moran,Dibrugarh,Assam,India,1 No. Lengeri Gaon,,Lengeri Gaon,291823,2067,286,18,"291823",1.08841564,Village,Rural,1383341.05776256,6139.82416603806,
824,205116,"182862069235635",Lengerijan Chah Bagicha,Naharkatiya,Dibrugarh,Assam,India,Lengerijan Chah Bagicha,,Lengerijan Chah Bagicha,292353,2069,286,18,"292353",4.16309354,Village,Rural,5290780.48833272,10174.0383122016,
825,206438,"182862067235744",Lengeri No 2,Moran,Dibrugarh,Assam,India,Lengeri No.2,,Lengeri,291824,2067,286,18,"291824",1.30549343,Village,Rural,1659413.02209786,6515.12406447341,
826,205232,"182862067235745",Lengeri No 3,Moran,Dibrugarh,Assam,India,Lengeri No.3,,Lengeri,291825,2067,286,18,"291825",1.19721809,Village,Rural,1521473.58994397,5943.81783522852,
827,206782,"182862067235742",Lengeri No 4,Moran,Dibrugarh,Assam,India,Lengeri No.4,,Lengeri,291826,2067,286,18,"291826",0.51180058,Village,Rural,650341.996966087,3784.73679750778,
828,206699,"182862066235228",Lengraigaon,Tengakhat,Dibrugarh,Assam,India,Lengraigaon,,Lengraigaon,291488,2066,286,18,"291488",1.36520469,Village,Rural,1739016.11246956,5621.73919983391,
829,206558,"182862065234956",Lengrai T E,Chabua,Dibrugarh,Assam,India,Lengrai T.E. 13 No. F.S.,,Lengrai T.E.,291471,2065,286,18,"291471",3.13043715,Village,Rural,3988166.8450447,8803.6929709777,
830,210154,"182862063234762",Lepetkatta,Dibrugarh West,Dibrugarh,Assam,India,Lepetkatta 60 No-Fs 71 No.Nlr,,Lepetkatta,291133,2063,286,18,"291133",1.5901461,Village,Rural,2024076.74954664,6236.10836620398,1
831,205117,"182862063234765",Lepetkatta Bagisha,Dibrugarh West,Dibrugarh,Assam,India,Lepetkatta Bagisha,,Lepetkatta Bagisha,291136,2063,286,18,"291136",1.07054504,Village,Rural,1362850.13021614,5294.60797962783,1
832,205234,"182862063234766",Lepetkatta Bangali Gaon,Dibrugarh West,Dibrugarh,Assam,India,Lepetkatta Bangali Gaon,,Lepetkatta Bangali Gaon,291164,2063,286,18,"291164",2.10272114,Village,Rural,2676394.38868062,6517.86801531889,1
833,206548,"182862063234764",Lepetkatta Bangla Block,Dibrugarh West,Dibrugarh,Assam,India,Lepetkatta Bangla Block,,Lepetkatta Bangla Block,291135,2063,286,18,"291135",0.61688272,Village,Rural,785401.027303394,3611.34926953656,1
834,205233,"182862063234763",Lepetkatta Gaon,Dibrugarh West,Dibrugarh,Assam,India,Lepetkatta Gaon,,Lepetkatta Gaon,291134,2063,286,18,"291134",2.64599902,Village,Rural,3367827.37765829,8554.12607418312,1
835,205201,"182862063234780",Lepetkatta Kachari Gaon,Dibrugarh West,Dibrugarh,Assam,India,Lepetkatta Kachari Gaon,,Lepetkatta Kachari Gaon,291141,2063,286,18,"291141",3.26438198,Village,Rural,4156707.92185323,8888.41873670376,1
836,205146,"182862068235431",Lerela Pather,Tingkhong,Dibrugarh,Assam,India,Lerela Pather No.1,,Lerela Pather,292127,2068,286,18,"292127",1.57118077,Village,Rural,1994307.89834144,6321.63005539001,
837,211854,"182862063234734",Lezai Miri Pather Gaon,Dibrugarh West,Dibrugarh,Assam,India,Lezai Miri Pather Gaon,,Lezai Miri Pather Gaon,291182,2063,286,18,"291182",0.99971072,Village,Rural,1270838.94511226,5470.603605681,1
838,206707,"182862065234962",Lohali Gaon,Chabua,Dibrugarh,Assam,India,Lohali Gaon,,Lohali Gaon,291475,2065,286,18,"291475",2.13965196,Village,Rural,2726397.74865937,7706.24357760123,
839,206316,"182862068235399",Lonbai,Tingkhong,Dibrugarh,Assam,India,Lonbai,,Lonbai,292209,2068,286,18,"292209",1.43743485,Village,Rural,1823501.07142711,7894.47572134503,
840,206309,"182862068235409",Lonbai Pather,Tingkhong,Dibrugarh,Assam,India,Lonbai Pather,,Lonbai Pather,292195,2068,286,18,"292195",1.61371567,Village,Rural,2046669.96111905,6340.02434065847,
841,205388,"182862068235412",Lonboi,Tingkhong,Dibrugarh,Assam,India,Lonboi No.341 Nlr,,Lonboi,292174,2068,286,18,"292174",3.10690282,Village,Rural,3942197.316176,10597.3316149232,
842,206470,"182862068235525",Longabai Nahula,Tingkhong,Dibrugarh,Assam,India,Longabai Nahula,,Longabai Nahula,292163,2068,286,18,"292163",2.0042927,Village,Rural,2543034.33273931,6529.16207945772,
843,209893,"182862068235360",Longbai T E,Tingkhong,Dibrugarh,Assam,India,Longbai T.E. No.24,,Longbai T.E.,292133,2068,286,18,"292133",1.13493283,Village,Rural,1439945.14352559,6707.415738522,
844,205311,"182862069235590",Longjang,Naharkatiya,Dibrugarh,Assam,India,Longjang,,Longjang,292349,2069,286,18,"292349",0.98179274,Village,Rural,1247583.75981955,4858.76332837779,
845,206785,"182862064234949",Longsoo,Dibrugarh East,Dibrugarh,Assam,India,Longsoo,,Longsoo,291261,2064,286,18,"291261",6.36185799,Village,Rural,8122575.40988086,12766.3532571428,
846,205468,"182862065235052",Lukhurakhania,Chabua,Dibrugarh,Assam,India,Lukhurakhania,,Lukhurakhania,291377,2065,286,18,"291377",1.7462265,Village,Rural,2228957.10219418,6093.81003147201,
847,210657,"182862067235937",Lukumai,Moran,Dibrugarh,Assam,India,Lukumai No.2,,Lukumai,291877,2067,286,18,"291877",0.3833502,Village,Rural,486691.547825476,3080.64522371554,1
848,211855,"182862067235944",Lukumai Bil,Moran,Dibrugarh,Assam,India,Lukumai Bil,,Lukumai Bil,291913,2067,286,18,"291913",0.76082959,Village,Rural,965703.253351278,4490.4660423393,1
849,211113,"182862067235943",Lukumai Lukumoni,Moran,Dibrugarh,Assam,India,Lukumai No.1 (Lukumoni No.1),,Lukumai (Lukumoni),291875,2067,286,18,"291875",0.1726701,Village,Rural,219212.192659777,2608.00540895564,1
850,206308,"182862068235363",Lurarmukh Bokalial Bakatial,Tingkhong,Dibrugarh,Assam,India,Lurarmukh Bokalial (Bakatial),,Lurarmukh Bokalial (Bakatial),292175,2068,286,18,"292175",1.17212033,Village,Rural,1486668.66787764,4954.38780448081,
851,212338,"182862067235940",Madhakali No 1,Moran,Dibrugarh,Assam,India,Madhakali No.1,,Madhakali,291844,2067,286,18,"291844",0.83172617,Village,Rural,1056392.49022076,5482.55805632718,1
852,205387,"182862067235938",Madhakali No 3,Moran,Dibrugarh,Assam,India,Madhakali No.3,,Madhakali,291845,2067,286,18,"291845",0.96623311,Village,Rural,1226841.86210094,5987.30117582744,1
853,210529,"182862067235961",Madhakoli,Moran,Dibrugarh,Assam,India,Madhakoli No.2,,Madhakoli,291769,2067,286,18,"291769",0.66383318,Village,Rural,842967.167036284,4821.8041449524,1
854,211529,"182862067235958",Madhakoli Grant,Moran,Dibrugarh,Assam,India,Madhakoli Grant No.128,,Madhakoli Grant,291799,2067,286,18,"291799",1.23056605,Village,Rural,1562672.44960832,6024.02789308793,1
855,212543,"182862066235156",Madhuting 24 Nlr,Tengakhat,Dibrugarh,Assam,India,Madhuting 24 Nlr,,Madhuting,291558,2066,286,18,"291558",0.34375211,Village,Rural,437305.836565817,2752.80502251404,
856,211667,"182862066235334",Madhuting 335 Nlr,Tengakhat,Dibrugarh,Assam,India,Madhuting 335 Nlr,,Madhuting,291554,2066,286,18,"291554",0.16934644,Village,Rural,215424.510186425,2131.87376200754,
857,205355,"182862066235157",Madhuting Bongali,Tengakhat,Dibrugarh,Assam,India,Madhuting Bongali,,Madhuting Bongali,291557,2066,286,18,"291557",1.89648408,Village,Rural,2412757.86891092,7355.41947308255,
858,206733,"182862066235169",Madhuting Gaon,Tengakhat,Dibrugarh,Assam,India,Madhuting Gaon,,Madhuting Gaon,291555,2066,286,18,"291555",1.33121662,Village,Rural,1693802.35910195,6428.24752891066,
859,210926,"182862066235186",Madhuting Madhuban Chah Bagan,Tengakhat,Dibrugarh,Assam,India,Madhuting 335 Nlr (Madhuban Chah Bagan),,Madhuting (Madhuban Chah Bagan),291568,2066,286,18,"291568",0.92040546,Village,Rural,1171527.65544829,4447.78446292836,
860,212349,"182862066235168",Madhuting No 2,Tengakhat,Dibrugarh,Assam,India,Madhuting No.2,,Madhuting,291556,2066,286,18,"291556",0.71799551,Village,Rural,913765.032496872,6270.62624561176,
861,210925,"182862066235187",Madhuting Te,Tengakhat,Dibrugarh,Assam,India,Madhuting T.E. 37/139,,Madhuting T.E.,291529,2066,286,18,"291529",0.69516679,Village,Rural,884925.999189903,3999.56152252911,
862,206748,"182862066235180",Madhuting T E 51 Appl,Tengakhat,Dibrugarh,Assam,India,Madhuting T.E. 51 Appl,,Madhuting T.E.,291530,2066,286,18,"291530",1.96018143,Village,Rural,2495186.54098008,7808.12192752038,
863,205391,"182862066235181",Mahabirbari,Tengakhat,Dibrugarh,Assam,India,Mahabirbari 765/348,,Mahabirbari,291533,2066,286,18,"291533",2.51381322,Village,Rural,3199584.44855592,9149.17416728602,
864,206401,"182862068235357",Mahkhowa,Tingkhong,Dibrugarh,Assam,India,Mahkhowa,,Mahkhowa,292123,2068,286,18,"292123",1.78584184,Village,Rural,2265747.1853067,9886.71394496854,
865,206512,"182862068235358",Mahkhowa No 3,Tingkhong,Dibrugarh,Assam,India,Mahkhowa No.3,,Mahkhowa,292124,2068,286,18,"292124",1.62473732,Village,Rural,2061644.6595273,6106.28019326333,
866,206363,"182862063234812",Mahmari Pather,Dibrugarh West,Dibrugarh,Assam,India,Mahmari Pather,,Mahmari Pather,291081,2063,286,18,"291081",1.70111283,Village,Rural,2167241.50718335,8135.42415472479,1
867,205375,"182862068235384",Mahmora Alikiner,Tingkhong,Dibrugarh,Assam,India,Mahmora Alikiner,,Mahmora Alikiner,292217,2068,286,18,"292217",1.90298998,Village,Rural,2413785.28071653,6778.20637462895,
868,205503,"182862068235380",Mahmora Block No 1,Tingkhong,Dibrugarh,Assam,India,Mahmora Block No.1,,Mahmora Block,292218,2068,286,18,"292218",0.5652597,Village,Rural,716905.314880461,3451.27182805705,
869,205374,"182862068235381",Mahmora Block No 2,Tingkhong,Dibrugarh,Assam,India,Mahmora Block No.2,,Mahmora Block,292220,2068,286,18,"292220",0.31082436,Village,Rural,394170.504638301,2876.56481522957,
870,211480,"182862068235382",Mahmora Block No 3,Tingkhong,Dibrugarh,Assam,India,Mahmora Block No.3,,Mahmora Block,292219,2068,286,18,"292219",0.17335079,Village,Rural,219850.285765575,1966.69905732249,
871,205502,"182862068235383",Mahmora Block No 4,Tingkhong,Dibrugarh,Assam,India,Mahmora Block No.4,,Mahmora Block,292216,2068,286,18,"292216",0.54996985,Village,Rural,697535.619283472,4055.39747686742,
872,205083,"182862068235398",Mahmora Kapauhuwa,Tingkhong,Dibrugarh,Assam,India,Mahmora Kapauhuwa,,Mahmora Kapauhuwa,292212,2068,286,18,"292212",1.70255953,Village,Rural,2160155.38850179,6219.12462317152,
873,209898,"182862068235395",Mahmora N C Block,Tingkhong,Dibrugarh,Assam,India,Mahmora N.C. Block No.5,,Mahmora N.C. Block,292215,2068,286,18,"292215",1.12279189,Village,Rural,1424250.16800195,5879.46465982405,
874,205511,"182862065235042",Maijan,Chabua,Dibrugarh,Assam,India,Maijan,,Maijan,291383,2065,286,18,"291383",1.4088923,Village,Rural,1798070.2721402,5705.17906590695,
875,205064,"182862064234930",Maijan Grant Gaon,Dibrugarh East,Dibrugarh,Assam,India,Maijan Grant Gaon,,Maijan Grant Gaon,291269,2064,286,18,"291269",4.86305147,Village,Rural,6205253.43187825,11693.6981996846,1
876,206564,"182862064234886",Maijan Hindu Kodomoni,Dibrugarh East,Dibrugarh,Assam,India,Maijan Hindu Kodomoni,,Maijan Hindu Kodomoni,291292,2064,286,18,"291292",6.35965686,Village,Rural,8113219.76946085,15563.5187558855,
877,206504,"182862068235370",Maja Pather,Tingkhong,Dibrugarh,Assam,India,Maja Pather,,Maja Pather,292228,2068,286,18,"292228",0.86837673,Village,Rural,1101020.38694343,5446.72057744082,
878,210872,"182862067238058",Majbam F V,Moran,Dibrugarh,Assam,India,Majbam F.V.,,Majbam F.V.,292006,2067,286,18,"292006",0.80059237,Village,Rural,1017879.91115799,4273.34855533654,1
879,206509,"182862068235417",Majgaon,Tingkhong,Dibrugarh,Assam,India,Majgaon,,Majgaon,292167,2068,286,18,"292167",1.17467125,Village,Rural,1490387.59252832,7610.45586394531,
880,209896,"182862068235418",Majgaon,Tingkhong,Dibrugarh,Assam,India,Majgaon,,Majgaon,292206,2068,286,18,"292206",0.35729442,Village,Rural,453300.72636959,5025.09904375452,
881,206526,"182862069235564",Maj Kapahuwa,Naharkatiya,Dibrugarh,Assam,India,Maj Kapahuwa,,Maj Kapahuwa,292399,2069,286,18,"292399",1.63075973,Village,Rural,2070947.85564154,6335.08731970625,
882,206650,"182862068235465",Majpather No 1,Tingkhong,Dibrugarh,Assam,India,Majpather No.1,,Majpather,292029,2068,286,18,"292029",0.67338445,Village,Rural,855705.476819653,3877.43207572666,
883,206528,"182862068235464",Majpather No 2,Tingkhong,Dibrugarh,Assam,India,Majpather No.2,,Majpather,292028,2068,286,18,"292028",1.01229742,Village,Rural,1286279.27186734,4809.09776174803,
884,206586,"182862067235916",Majumelia Gaon,Moran,Dibrugarh,Assam,India,Majumelia Gaon,,Majumelia Gaon,291867,2067,286,18,"291867",2.2020042,Village,Rural,2794084.13815108,7670.9401793829,1
885,205230,"182862063234684",Maju Temtow Bagisha,Dibrugarh West,Dibrugarh,Assam,India,Maju Temtow Bagisha,,Maju Temtow Bagisha,291154,2063,286,18,"291154",2.12112655,Village,Rural,2701164.3136712,6630.86117400199,1
886,205296,"182862069235566",Mali Pather Gaon,Naharkatiya,Dibrugarh,Assam,India,Mali Pather Gaon,,Mali Pather Gaon,292394,2069,286,18,"292394",1.65290149,Village,Rural,2099453.63673134,6929.00035977814,
887,206757,"182862063234669",Mankata T E,Dibrugarh East,Dibrugarh,Assam,India,Mankata T.E. 1/159 Rra (A),,Mankata T.E.,291090,2064,286,18,"291090",1.19148444,Village,Rural,1518868.8989949,6091.19969542439,1
888,205155,"182862063234786",Mankatta T E,Dibrugarh East,Dibrugarh,Assam,India,Mankatta T.E. 1/159 Rr(B)Grant,,Mankatta T.E.,291107,2064,286,18,"291107",3.32073417,Village,Rural,4232177.27134885,9272.53715387748,1
889,206795,"182862069235578",Manmow Block Ratanpur,Naharkatiya,Dibrugarh,Assam,India,Manmow Block (Ratanpur),,Manmow Block (Ratanpur),292323,2069,286,18,"292323",3.30403415,Village,Rural,4201783.43020568,8897.99796491621,
890,206796,"182862069235577",Manmow Block Sonapur,Naharkatiya,Dibrugarh,Assam,India,Manmow Block (Sonapur),,Manmow Block (Sonapur),292324,2069,286,18,"292324",1.78553677,Village,Rural,2270515.91462008,6555.79685066256,
891,206325,"182862065235024",Maricha Gaon,Chabua,Dibrugarh,Assam,India,Maricha Gaon,,Maricha Gaon,291410,2065,286,18,"291410",1.39542275,Village,Rural,1780843.98241928,5247.9055847736,
892,205103,"182862063234810",Matak Gaon,Dibrugarh West,Dibrugarh,Assam,India,Matak Gaon,,Matak Gaon,291116,2063,286,18,"291116",1.79302236,Village,Rural,2283932.15159159,7752.58666229948,1
893,206675,"182862069235699",Mathawani,Naharkatiya,Dibrugarh,Assam,India,Mathawani,,Mathawani,292239,2069,286,18,"292239",2.5778836,Village,Rural,3278079.49231654,8578.67027205245,
894,212323,"182862069235700",Mathawani Grazing,Naharkatiya,Dibrugarh,Assam,India,Mathawani Grazing,,Mathawani Grazing,292240,2069,286,18,"292240",0.36277492,Village,Rural,461371.33064709,3536.80786424484,
895,210528,"182862067235956",Mautani,Moran,Dibrugarh,Assam,India,Mautani No.1,,Mautani,291846,2067,286,18,"291846",1.83007799,Village,Rural,2323990.43246388,7172.80148080677,1
896,206464,"182862067235973",Mautoni,Moran,Dibrugarh,Assam,India,Mautoni No.2,,Mautoni,291776,2067,286,18,"291776",0.89813687,Village,Rural,1140896.26116365,4315.49805391078,1
897,205441,"182862063234802",Medela Grant,Dibrugarh West,Dibrugarh,Assam,India,Medela Grant No.3,,Medela Grant,291132,2063,286,18,"291132",3.04424838,Village,Rural,3873897.93340247,11597.4742748958,1
898,205250,"182862065235043",Mekahiguri,Chabua,Dibrugarh,Assam,India,Mekahiguri,,Mekahiguri,291385,2065,286,18,"291385",1.14114407,Village,Rural,1456296.61025665,5660.71341661741,
899,205327,"182862064234903",Meleingal Gaon,Dibrugarh East,Dibrugarh,Assam,India,Meleingal Gaon,,Meleingal Gaon,291310,2064,286,18,"291310",3.18953704,Village,Rural,4065484.20029236,9278.71072202113,
900,205304,"182862069235623",Merbandha Gaon,Naharkatiya,Dibrugarh,Assam,India,Merbandha Gaon,,Merbandha Gaon,292288,2069,286,18,"292288",1.12189389,Village,Rural,1425710.56465742,5393.84355982877,
901,206459,"182862066235112",Merbell Pather,Tengakhat,Dibrugarh,Assam,India,Merbell Pather,,Merbell Pather,291674,2066,286,18,"291674",0.57014468,Village,Rural,725219.806480508,4214.79347082701,
902,206367,"182862069235680",Merbil Bhumuk,Naharkatiya,Dibrugarh,Assam,India,Merbil Bhumuk,,Merbil Bhumuk,292259,2069,286,18,"292259",1.38988781,Village,Rural,1767528.23945086,6092.58637346746,
903,210346,"182862069235678",Merbil Grant,Naharkatiya,Dibrugarh,Assam,India,Merbil Grant No.5,,Merbil Grant,292258,2069,286,18,"292258",2.36917739,Village,Rural,3012916.31325434,8014.49273407272,
904,211118,"182862069235677",Merbil Grazing,Naharkatiya,Dibrugarh,Assam,India,Merbil Grazing,,Merbil Grazing,292257,2069,286,18,"292257",0.70711626,Village,Rural,899287.033320194,3990.55954078367,
905,206562,"182862066235115",Merbil Majuli No 1,Tengakhat,Dibrugarh,Assam,India,Merbil Majuli No.1,,Merbil Majuli,291678,2066,286,18,"291678",1.23289166,Village,Rural,1568052.1694661,6398.6012213234,
906,205208,"182862066235116",Merbil Majuli No 2,Tengakhat,Dibrugarh,Assam,India,Merbil Majuli No.2,,Merbil Majuli,291676,2066,286,18,"291676",2.02412043,Village,Rural,2574499.88677279,7667.83326488832,
907,205115,"182862066235277",Merbil Pabhajan,Tengakhat,Dibrugarh,Assam,India,Merbil Pabhajan,,Merbil Pabhajan,291675,2066,286,18,"291675",1.13253583,Village,Rural,1440726.36388266,8112.84957964361,
908,205340,"182862065235010",Mereli Pathar,Chabua,Dibrugarh,Assam,India,Mereli Pathar,,Mereli Pathar,291434,2065,286,18,"291434",1.75367879,Village,Rural,2237404.81912873,6200.75643653712,
909,211463,"182862063234745",Metekani Gaon,Dibrugarh West,Dibrugarh,Assam,India,Metekani Gaon,,Metekani Gaon,291128,2063,286,18,"291128",0.47024918,Village,Rural,598170.853525717,3353.90434002617,1
910,205486,"182862065235001",Miri Gaon,Chabua,Dibrugarh,Assam,India,Miri Gaon,,Miri Gaon,291394,2065,286,18,"291394",2.12156346,Village,Rural,2710435.41984445,10075.6681286555,
911,211454,"182862067235725",Mirihula,Moran,Dibrugarh,Assam,India,Mirihula No.1,,Mirihula,291982,2067,286,18,"291982",0.20145908,Village,Rural,255576.418742975,2382.17158363658,1
912,206299,"182862067235857",Mirihula Block,Moran,Dibrugarh,Assam,India,Mirihula Block,,Mirihula Block,291984,2067,286,18,"291984",0.67716878,Village,Rural,859133.334881833,4851.82941804822,1
913,206706,"182862065234968",Miri Hulla,Chabua,Dibrugarh,Assam,India,Miri Hulla,,Miri Hulla,291468,2065,286,18,"291468",0.72389607,Village,Rural,922503.609075581,4207.82444883756,
914,206535,"182862064234913",Miripothar,Dibrugarh East,Dibrugarh,Assam,India,Miripothar. 16 No.F.S,,Miripothar.,291288,2064,286,18,"291288",1.20840293,Village,Rural,1541524.55359556,5863.8230881881,
915,205275,"182862064234912",Miripothar Gaon,Dibrugarh East,Dibrugarh,Assam,India,Miripothar Gaon,,Miripothar Gaon,291289,2064,286,18,"291289",2.18486739,Village,Rural,2786771.95149629,7545.0249736287,
916,210623,"182862064234898",Moderkhat T E,Dibrugarh East,Dibrugarh,Assam,India,Moderkhat T.E.,,Moderkhat T.E.,291329,2064,286,18,"291329",0.69866563,Village,Rural,890185.068542319,4274.6722193687,
917,211226,"182862063234846",Modhupur Baragharia F V,Dibrugarh West,Dibrugarh,Assam,India,Modhupur Baragharia F.V.,,Modhupur Baragharia F.V.,291248,2063,286,18,"291248",0.10773009,Village,Rural,137015.636051432,2178.74337498635,1
918,210565,"182862063234839",Modhupur Deori F V,Dibrugarh West,Dibrugarh,Assam,India,Modhupur Deori F.V.,,Modhupur Deori F.V.,291252,2063,286,18,"291252",0.16543248,Village,Rural,210395.810333427,1827.85057906523,1
919,210564,"182862063234842",Modhupur Nahoroni F V,Dibrugarh West,Dibrugarh,Assam,India,Modhupur Nahoroni F.V.,,Modhupur Nahoroni F.V.,291251,2063,286,18,"291251",0.35201432,Village,Rural,447735.73402363,2608.04980893754,1
920,211606,"182862063234844",Modhupur Nepali F V,Dibrugarh West,Dibrugarh,Assam,India,Modhupur Nepali F.V.,,Modhupur Nepali F.V.,291247,2063,286,18,"291247",5.5508558,Village,Rural,7061003.76876582,15097.6596976828,1
921,210563,"182862063234841",Modhupur Paroliguri F V,Dibrugarh West,Dibrugarh,Assam,India,Modhupur Paroliguri F.V.,,Modhupur Paroliguri F.V.,291246,2063,286,18,"291246",0.20255879,Village,Rural,257654.97652953,2207.20265364912,1
922,212145,"182862063234843",Modhupur Thakera Pukhuri F V,Dibrugarh West,Dibrugarh,Assam,India,Modhupur Thakera Pukhuri F.V.,,Modhupur Thakera Pukhuri F.V.,291249,2063,286,18,"291249",0.47944213,Village,Rural,609947.703243492,3167.63170725862,1
923,210562,"182862063234840",Modhupur Tinchukia F V,Dibrugarh West,Dibrugarh,Assam,India,Modhupur Tinchukia F.V.,,Modhupur Tinchukia F.V.,291250,2063,286,18,"291250",0.44454402,Village,Rural,565423.12730288,3020.13459578423,1
924,212501,"182862065235041",Mohabir Bari,Chabua,Dibrugarh,Assam,India,Mohabir Bari,,Mohabir Bari,291412,2065,286,18,"291412",0.42739865,Village,Rural,545391.441762972,3263.39803921428,
925,205086,"182862064234908",Mohanbari,Dibrugarh East,Dibrugarh,Assam,India,Mohanbari 31/160 Orr,,Mohanbari,291297,2064,286,18,"291297",3.31243705,Village,Rural,4224203.64497322,10582.526458003,
926,210627,"182862064234906",Mohanbari Hindu Gaon,Dibrugarh East,Dibrugarh,Assam,India,Mohanbari Hindu Gaon,,Mohanbari Hindu Gaon,291298,2064,286,18,"291298",1.58954159,Village,Rural,2026723.08019825,7166.16443766123,
927,210341,"182862065236016",Mohmara Chapori,Chabua,Dibrugarh,Assam,India,Mohmara Chapori,,Mohmara Chapori,291477,2065,286,18,"291477",0.44053212,Village,Rural,562034.235676687,3199.72983437209,
928,205102,"182862063234774",Mohmari Gaon No 1,Dibrugarh West,Dibrugarh,Assam,India,Mohmari Gaon No.1,,Mohmari Gaon,291147,2063,286,18,"291147",2.34574039,Village,Rural,2987449.28675852,7772.73243157356,1
929,205313,"182862066235113",Mohmari Gaon No 1,Tengakhat,Dibrugarh,Assam,India,Mohmari Gaon No.1,,Mohmari Gaon,291673,2066,286,18,"291673",4.87466205,Village,Rural,6200142.9029135,15236.7463173457,
930,205446,"182862063234773",Mohmari Gaon No 2,Dibrugarh West,Dibrugarh,Assam,India,Mohmari Gaon No.2,,Mohmari Gaon,291148,2063,286,18,"291148",0.91121921,Village,Rural,1160619.66235293,5330.45773912902,1
931,206366,"182862066235114",Mohmari Gaon No 2,Tengakhat,Dibrugarh,Assam,India,Mohmari Gaon No.2,,Mohmari Gaon,291677,2066,286,18,"291677",2.10546009,Village,Rural,2677210.86706266,6680.16156370494,
932,206783,"182862067236000",Moina Block N C,Moran,Dibrugarh,Assam,India,Moina Block N.C.,,Moina Block N.C.,291710,2067,286,18,"291710",2.38998048,Village,Rural,3037135.24620072,11433.6437146181,1
933,206784,"182862067235998",Moina Gaon,Dibrugarh West,Dibrugarh,Assam,India,Moina Gaon No.1,,Moina Gaon,291705,2063,286,18,"291705",2.71100511,Village,Rural,3445340.26696094,8710.25667238878,1
934,206644,"182862067235999",Moina Gaon,Moran,Dibrugarh,Assam,India,Moina Gaon No.2,,Moina Gaon,291706,2067,286,18,"291706",1.26114128,Village,Rural,1602800.76265462,9056.3702322118,1
935,210864,"182862067235841",Moni Pather,Moran,Dibrugarh,Assam,India,Moni Pather,,Moni Pather,291841,2067,286,18,"291841",1.31131586,Village,Rural,1665213.28399195,5749.05202039778,1
936,205261,"182862067235856",Moran Chah Co,Moran,Dibrugarh,Assam,India,Moran Chah Co.140/168 No Fs Grant,,Moran Chah Co,291993,2067,286,18,"291993",0.37684931,Village,Rural,478077.491401304,3261.82014225248,1
937,210858,"182862067235862",Moran Chah Co Darkhasta,Moran,Dibrugarh,Assam,India,Moran Chah Co. Darkhasta No.98,,Moran Chah Co. Darkhasta,291987,2067,286,18,"291987",0.71280753,Village,Rural,904466.958992152,5364.25193695635,1
938,206505,"182862067235722",Moran Chah Comp,Moran,Dibrugarh,Assam,India,Moran Chah Comp. 18/39 No Fs,,Moran Chah Comp.,291978,2067,286,18,"291978",2.48231099,Village,Rural,3148234.06550764,9527.92192499717,1
939,212336,"182862067235930",Moran Chah Company,Moran,Dibrugarh,Assam,India,Moran Chah Company Wnl - 5,,Moran Chah Company,291910,2067,286,18,"291910",0.23718447,Village,Rural,300805.666063381,2206.7183719027,1
940,205105,"182862065235008",Morankari Gaon,Chabua,Dibrugarh,Assam,India,Morankari Gaon,,Morankari Gaon,291448,2065,286,18,"291448",0.79266917,Village,Rural,1011027.85909413,4119.90687522515,
941,206430,"182862067236018",Moran Town CT,Moran,Dibrugarh,Assam,India,Moran Town (CT),,Moran Town (CT),292012,2067,286,18,"292012",1.96564749,Town,Urban,2494234.77611188,10705.3885411736,1
942,211824,"182862063234726",Motak Gaon,Dibrugarh West,Dibrugarh,Assam,India,Motak Gaon,,Motak Gaon,291196,2063,286,18,"291196",1.52499555,Village,Rural,1937692.51644468,6758.65394299131,1
943,206293,"182862063234728",Motak Kaibatra Gaon,Dibrugarh West,Dibrugarh,Assam,India,Motak Kaibatra Gaon,,Motak Kaibatra Gaon,291191,2063,286,18,"291191",2.32399371,Village,Rural,2952223.55584514,7580.538713349,1
944,205512,"182862064234952",Mothola,Dibrugarh East,Dibrugarh,Assam,India,Mothola 5/142 Orr,,Mothola,291263,2064,286,18,"291263",4.87618663,Village,Rural,6223756.67337405,11114.5650786642,0.595631825942517
945,210918,"182862065234964",Moud T E,Chabua,Dibrugarh,Assam,India,Moud T.E.,,Moud T.E.,291466,2065,286,18,"291466",0.69256294,Village,Rural,882742.871539856,4206.06110642406,
946,210521,"182862067235812",Mowamora Gaon No 1,Moran,Dibrugarh,Assam,India,Mowamora Gaon No.1,,Mowamora Gaon,291737,2067,286,18,"291737",2.07502951,Village,Rural,2639430.87400521,7550.61054196896,1
947,205439,"182862067235811",Mowamora Gaon No 2,Moran,Dibrugarh,Assam,India,Mowamora Gaon No.2,,Mowamora Gaon,291738,2067,286,18,"291738",3.30473826,Village,Rural,4204386.18470178,7770.02629276394,1
948,211776,"182862065234992",Mudai Gaon,Chabua,Dibrugarh,Assam,India,Mudai Gaon,,Mudai Gaon,291423,2065,286,18,"291423",1.6308712,Village,Rural,2081715.09597188,8069.70106241193,
949,206773,"182862065235056",Mukalbari T E,Chabua,Dibrugarh,Assam,India,Mukalbari T.E.,,Mukalbari T.E.,291380,2065,286,18,"291380",2.15718349,Village,Rural,2755041.00087668,7147.04114404078,
950,205481,"182862065234997",Muluk Gaon,Chabua,Dibrugarh,Assam,India,Muluk Gaon,,Muluk Gaon,291393,2065,286,18,"291393",1.91098544,Village,Rural,2440968.00074045,6389.93870660912,
951,206445,"182862068235443",Muragajuli,Tingkhong,Dibrugarh,Assam,India,Muragajuli,,Muragajuli,292075,2068,286,18,"292075",0.55364297,Village,Rural,702969.837271968,3887.35856398083,
952,205193,"182862065234963",Murani Amguri,Chabua,Dibrugarh,Assam,India,Murani Amguri,,Murani Amguri,291467,2065,286,18,"291467",2.22239293,Village,Rural,2832194.95278984,8197.27390070618,
953,206709,"182862065234965",Murani Pathar,Chabua,Dibrugarh,Assam,India,Murani Pathar,,Murani Pathar,291465,2065,286,18,"291465",1.87885526,Village,Rural,2394861.00790127,8553.78214135076,
954,211486,"182862069235666",Murhani,Naharkatiya,Dibrugarh,Assam,India,Murhani,,Murhani,292295,2069,286,18,"292295",1.41857531,Village,Rural,1803050.49448966,5891.20470717069,
955,205410,"182862068235410",Nabhakatia No 1,Tingkhong,Dibrugarh,Assam,India,Nabhakatia No.1,,Nabhakatia,292173,2068,286,18,"292173",1.01914302,Village,Rural,1292786.41779201,5228.35361526759,
956,205081,"182862068235411",Nabhakatia No 2,Tingkhong,Dibrugarh,Assam,India,Nabhakatia No.2,,Nabhakatia,292172,2068,286,18,"292172",1.02044843,Village,Rural,1294604.91893224,5208.95002951813,
957,209882,"182862068235413",Nabhakatia No 3,Tingkhong,Dibrugarh,Assam,India,Nabhakatia No.3,,Nabhakatia,292171,2068,286,18,"292171",0.51595446,Village,Rural,654497.160742001,5481.13432932379,
958,206610,"182862067235752",Na Changmai Village,Moran,Dibrugarh,Assam,India,Na-Changmai Village,,Na-Changmai Village,291812,2067,286,18,"291812",1.49949134,Village,Rural,1906484.97776955,7813.40275756316,
959,206648,"182862068235470",Nachani No 1,Tingkhong,Dibrugarh,Assam,India,Nachani No.1,,Nachani,292040,2068,286,18,"292040",9.19498512,Village,Rural,11681995.2361547,16557.7319002314,
960,205111,"182862068235461",Nachani No 2,Tingkhong,Dibrugarh,Assam,India,Nachani No.2,,Nachani,292041,2068,286,18,"292041",1.48747135,Village,Rural,1889368.87583347,6324.56107254692,
961,205225,"182862068235512",Na Choudang,Tingkhong,Dibrugarh,Assam,India,Na-Choudang,,Na-Choudang,292146,2068,286,18,"292146",1.51154898,Village,Rural,1918948.95605707,7368.12137640595,
962,205212,"182862065235039",Naduwa Gohain Gaon,Chabua,Dibrugarh,Assam,India,Naduwa Gohain Gaon,,Naduwa Gohain Gaon,291416,2065,286,18,"291416",3.31925381,Village,Rural,4234616.73987665,8862.25325017556,
963,205210,"182862065235038",Naduwa Grant Gaon,Chabua,Dibrugarh,Assam,India,Naduwa Grant Gaon,,Naduwa Grant Gaon,291415,2065,286,18,"291415",1.44275769,Village,Rural,1840429.85327552,5888.52427049396,
964,210340,"182862065235037",Naduwa T E,Chabua,Dibrugarh,Assam,India,Naduwa T.E.,,Naduwa T.E.,291414,2065,286,18,"291414",0.56183701,Village,Rural,716696.610225803,3988.05748720238,
965,205267,"182862066235139",Nagaajan Gaon,Tengakhat,Dibrugarh,Assam,India,Nagaajan Gaon,,Nagaajan Gaon,291538,2066,286,18,"291538",2.03105574,Village,Rural,2585065.62840989,7593.7374019287,
966,205120,"182862068235354",Nagabat No 1,Tingkhong,Dibrugarh,Assam,India,Nagabat No.1,,Nagabat,292188,2068,286,18,"292188",1.072994,Village,Rural,1360752.4643334,6581.00596686066,
967,206399,"182862068235353",Nagabat No 2,Tingkhong,Dibrugarh,Assam,India,Nagabat No.2,,Nagabat,292181,2068,286,18,"292181",0.96210889,Village,Rural,1220333.05930315,4850.84735864001,
968,205299,"182862069235567",Naga Gaon,Naharkatiya,Dibrugarh,Assam,India,Naga Gaon,,Naga Gaon,292398,2069,286,18,"292398",1.88199325,Village,Rural,2389976.67484413,6485.67751600415,
969,205460,"182862063234665",Nagakhalia Gaon,Dibrugarh West,Dibrugarh,Assam,India,Nagakhalia Gaon,,Nagakhalia Gaon,291086,2063,286,18,"291086",2.21497071,Village,Rural,2824528.21444727,7845.77792408846,0.609897611567388
970,211091,"182862069235551",Nagamati Kheremia Gaon,Naharkatiya,Dibrugarh,Assam,India,Nagamati Kheremia Gaon,,Nagamati Kheremia Gaon,292410,2069,286,18,"292410",0.6883494,Village,Rural,873552.922727783,4993.28405807128,
971,206450,"182862065234990",Na Gaon,Chabua,Dibrugarh,Assam,India,Na-Gaon,,Na-Gaon,291400,2065,286,18,"291400",1.191957,Village,Rural,1522491.11803047,5015.23888091439,
972,211503,"182862064234870",Na Gaon,Dibrugarh East,Dibrugarh,Assam,India,Na-Gaon,,Na-Gaon,291347,2064,286,18,"291347",1.17497025,Village,Rural,1495810.37448503,6048.33892192256,
973,205271,"182862069235643",Nagaon Dhadumia,Naharkatiya,Dibrugarh,Assam,India,Nagaon Dhadumia,,Nagaon Dhadumia,292314,2069,286,18,"292314",1.2092073,Village,Rural,1537056.32399929,5802.46427266443,
974,210577,"182862067235880",Naharani,Moran,Dibrugarh,Assam,India,Naharani 108/167 Nlr Grant,,Naharani,291948,2067,286,18,"291948",1.80189726,Village,Rural,2284160.1679456,7506.98963413299,1
975,211437,"182862067235908",Naharani Block Gaon,Moran,Dibrugarh,Assam,India,Naharani Block Gaon,,Naharani Block Gaon,291943,2067,286,18,"291943",1.65816635,Village,Rural,2102170.27915825,8770.99110528945,1
976,205429,"182862069235687",Naharani Block No 1,Naharkatiya,Dibrugarh,Assam,India,Naharani Block No.1,,Naharani Block,292284,2069,286,18,"292284",2.54608174,Village,Rural,3235917.74641185,9063.41381963965,
977,211488,"182862069235688",Naharani Block No 2,Naharkatiya,Dibrugarh,Assam,India,Naharani Block No.2,,Naharani Block,292274,2069,286,18,"292274",0.34902365,Village,Rural,443497.265367886,3349.8572401953,
978,211826,"182862067235907",Naharani Bongali,Moran,Dibrugarh,Assam,India,Naharani Bongali,,Naharani Bongali,291944,2067,286,18,"291944",0.67179413,Village,Rural,851725.619524958,4995.89745029777,1
979,210580,"182862067235895",Naharani Gaon,Moran,Dibrugarh,Assam,India,Naharani Gaon,,Naharani Gaon,291941,2067,286,18,"291941",2.69651363,Village,Rural,3419435.98878591,9540.23521163475,1
980,205431,"182862069235619",Naharani Gaon,Naharkatiya,Dibrugarh,Assam,India,Naharani Gaon,,Naharani Gaon,292291,2069,286,18,"292291",2.18733147,Village,Rural,2779043.43824681,7401.24044387176,
981,206592,"182862066235080",Naharani No 2,Tengakhat,Dibrugarh,Assam,India,Naharani No.2,,Naharani,291620,2066,286,18,"291620",0.76444761,Village,Rural,973063.897465291,3871.40378909499,
982,205281,"182862067235954",Naharani Sonowal,Moran,Dibrugarh,Assam,India,Naharani Sonowal,,Naharani Sonowal,291847,2067,286,18,"291847",1.29498467,Village,Rural,1644033.74914518,7139.32014383332,1
983,206740,"182862064234863",Nahar Haku Block Gaon,Dibrugarh East,Dibrugarh,Assam,India,Nahar Haku Block Gaon,,Nahar Haku Block Gaon,291338,2064,286,18,"291338",0.25626291,Village,Rural,326290.066325157,2527.14071218065,
984,205231,"182862064234864",Nahar Haku Gaon,Dibrugarh East,Dibrugarh,Assam,India,Nahar Haku Gaon,,Nahar Haku Gaon,291337,2064,286,18,"291337",1.88519623,Village,Rural,2400535.52946712,6966.49360566174,
985,205346,"182862066235122",Naharkatia Bamun Gaon,Tengakhat,Dibrugarh,Assam,India,Naharkatia Bamun Gaon,,Naharkatia Bamun Gaon,291683,2066,286,18,"291683",3.12567629,Village,Rural,3973804.12960603,9029.87779944069,
986,206544,"182862069235595",Naharkatia Chah Bagicha,Naharkatiya,Dibrugarh,Assam,India,Naharkatia Chah Bagicha 22/19 Nlr,,Naharkatia Chah Bagicha,292350,2069,286,18,"292350",2.79726047,Village,Rural,3554386.67029781,10173.0187217848,
987,211484,"182862069235606",Naharkatia Chah Bagicha 126 N0 F S,Naharkatiya,Dibrugarh,Assam,India,Naharkatia Chah Bagicha 126 N0 F.S.,,Naharkatia Chah Bagicha,292351,2069,286,18,"292351",0.41336768,Village,Rural,525083.890812399,3565.10461364232,
988,205322,"182862066235121",Naharkatia Kaibatra,Tengakhat,Dibrugarh,Assam,India,Naharkatia Kaibatra,,Naharkatia Kaibatra,291684,2066,286,18,"291684",0.80697488,Village,Rural,1025713.39722708,4308.4846351396,
989,205114,"182862066235124",Naharkatia Na Gaon,Tengakhat,Dibrugarh,Assam,India,Naharkatia Na Gaon,,Naharkatia Na Gaon,291682,2066,286,18,"291682",2.18760644,Village,Rural,2782275.37807294,8441.57727752391,
990,211361,"182862069235636",Naharkatiya,Naharkatiya,Dibrugarh,Assam,India,Naharkatiya (TC),,Naharkatiya,249903,2069,286,18,"801588",2.84985035,Town,Urban,3621918.45245409,14304.7113627322,
991,205385,"182862067235972",Naharoni,Moran,Dibrugarh,Assam,India,Naharoni No.2,,Naharoni,291796,2067,286,18,"291796",1.16042004,Village,Rural,1473463.59247357,6062.57245003711,1
992,205141,"182862068235322",Naharpara Bokalial,Tingkhong,Dibrugarh,Assam,India,Naharpara Bokalial,,Naharpara Bokalial,292084,2068,286,18,"292084",2.95968834,Village,Rural,3758653.43622692,7897.78660916931,
993,205415,"182862065235036",Nahartoli T E Grant,Chabua,Dibrugarh,Assam,India,Nahartoli T.E. Grant,,Nahartoli T.E. Grant,291440,2065,286,18,"291440",2.88103161,Village,Rural,3674278.46568613,9815.60821470087,
994,205104,"182862065235034",Nahatoli T E,Chabua,Dibrugarh,Assam,India,Nahatoli T.E.,,Nahatoli T.E.,291442,2065,286,18,"291442",6.1619965,Village,Rural,7857470.00167068,11412.7181669294,
995,206617,"182862067235974",Nahazar Sonowal,Moran,Dibrugarh,Assam,India,Nahazar Sonowal,,Nahazar Sonowal,291777,2067,286,18,"291777",0.87847262,Village,Rural,1115780.83725212,4362.96516663608,1
996,210870,"182862067235797",Nahorani,Moran,Dibrugarh,Assam,India,Nahorani No.1,,Nahorani,291808,2067,286,18,"291808",0.77908033,Village,Rural,990082.505317303,5365.21044019616,1
997,206398,"182862068235320",Nahula Block,Tingkhong,Dibrugarh,Assam,India,Nahula Block,,Nahula Block,292092,2068,286,18,"292092",0.48825844,Village,Rural,620195.713075918,3702.48191369915,
998,205329,"182862066235245",Nakari,Tengakhat,Dibrugarh,Assam,India,Nakari,,Nakari,291494,2066,286,18,"291494",2.25715533,Village,Rural,2875259.32750604,6831.3859689901,
999,206732,"182862066235206",Na Khangia Bangali Gaon,Tengakhat,Dibrugarh,Assam,India,Na-Khangia Bangali Gaon,,Na-Khangia Bangali Gaon,291650,2066,286,18,"291650",1.2518043,Village,Rural,1593389.27693808,7484.89704383227,
1000,206414,"182862066235229",Na Khangia Gaon,Tengakhat,Dibrugarh,Assam,India,Na-Khangia Gaon,,Na-Khangia Gaon,291651,2066,286,18,"291651",1.66749386,Village,Rural,2122282.29868255,6261.79456596535,
1001,205321,"182862069235691",Nakhatia Sonowal Gaon,Naharkatiya,Dibrugarh,Assam,India,Nakhatia Sonowal Gaon,,Nakhatia Sonowal Gaon,292246,2069,286,18,"292246",1.90813972,Village,Rural,2425998.2994379,6974.3915235835,
1002,210347,"182862069235692",Na Khatia Sowal,Naharkatiya,Dibrugarh,Assam,India,Na-Khatia Sonowal No.2,,Na-Khatia Sowal,292278,2069,286,18,"292278",0.83783552,Village,Rural,1065180.05720255,4957.05254119865,
1003,205428,"182862067235773",Nakhat Sonowal,Moran,Dibrugarh,Assam,India,Nakhat Sonowal,,Nakhat Sonowal,291810,2067,286,18,"291810",1.64289351,Village,Rural,2088543.35522345,6355.25576113603,1
1004,205248,"182862065235048",Nakoidhara,Chabua,Dibrugarh,Assam,India,Nakoidhara,,Nakoidhara,291378,2065,286,18,"291378",2.02665171,Village,Rural,2586788.62052472,6768.89473253063,
1005,210877,"182862067235830",Nalani,Moran,Dibrugarh,Assam,India,Nalani No.2,,Nalani,291757,2067,286,18,"291757",0.62065388,Village,Rural,789264.26823003,3817.71500903845,1
1006,212342,"182862067235769",Nalani Dalani 1,Moran,Dibrugarh,Assam,India,Nalani Dalani - 1,,Nalani Dalani,291759,2067,286,18,"291759",0.20916787,Village,Rural,265990.396538349,2021.63971482674,
1007,212341,"182862067235771",Nalani Dalani 2,Moran,Dibrugarh,Assam,India,Nalani Dalani - 2,,Nalani Dalani,291760,2067,286,18,"291760",0.8325751,Village,Rural,1058621.26162923,4739.58748036363,1
1008,206326,"182862065234978",Nalani Hulla,Chabua,Dibrugarh,Assam,India,Nalani Hulla,,Nalani Hulla,291429,2065,286,18,"291429",3.01990841,Village,Rural,3853797.86913714,9722.18007709175,
1009,210359,"182862068235466",Nalani Kapahua No 1,Tingkhong,Dibrugarh,Assam,India,Nalani Kapahua No.1,,Nalani Kapahua,292027,2068,286,18,"292027",0.58330585,Village,Rural,741262.527143656,4239.35611810638,
1010,206435,"182862068235479",Nalani Kapahua No 2,Tingkhong,Dibrugarh,Assam,India,Nalani Kapahua No.2,,Nalani Kapahua,292025,2068,286,18,"292025",0.95975461,Village,Rural,1219725.22265308,6992.45808436999,
1011,206311,"182862068235467",Nalani Kapahua No 3,Tingkhong,Dibrugarh,Assam,India,Nalani Kapahua No.3,,Nalani Kapahua,292030,2068,286,18,"292030",0.73962485,Village,Rural,940017.076869182,5676.14937201412,
1012,205369,"182862069235624",Na Mati Block,Naharkatiya,Dibrugarh,Assam,India,Na-Mati Block,,Na-Mati Block,292289,2069,286,18,"292289",2.02180998,Village,Rural,2569426.15772033,8474.70317491437,
1013,205430,"182862069235528",Namchang Chah Bagicha,Naharkatiya,Dibrugarh,Assam,India,Namchang Chah Bagicha,,Namchang Chah Bagicha,292392,2069,286,18,"292392",6.57594515,Village,Rural,8352283.05025577,12588.0676379529,
1014,210891,"182862067235832",Namdang R F,Moran,Dibrugarh,Assam,India,,,,0,2067,286,18,,2.51924001,Reserve Forest,Rural,3204499.04330387,10358.2900219592,1
1015,211547,"182862069235602",Namrup Chah Bagicha S F Rly,Naharkatiya,Dibrugarh,Assam,India,Namrup Chah Bagicha (S/F) Rly,,Namrup Chah Bagicha (S/F) Rly,292373,2069,286,18,"292373",0.5568647,Village,Rural,706826.260834753,4137.52404428662,
1016,206620,"182862069235549",Namrup Chah Bagicha West Of R,Naharkatiya,Dibrugarh,Assam,India,Namrup Chah Bagicha (West Of R),,Namrup Chah Bagicha (West Of R),292408,2069,286,18,"292408",8.17200235,Village,Rural,10370816.4968466,14105.9965090942,
1017,206480,"182862069235542",Namrup CT,Naharkatiya,Dibrugarh,Assam,India,Namrup (CT),,Namrup (CT),292421,2069,286,18,"292421",2.30488812,Town,Urban,2924556.03159734,8543.49871070356,
1018,206347,"182862066235193",Naohalia No 1,Tengakhat,Dibrugarh,Assam,India,Naohalia No.1,,Naohalia,291523,2066,286,18,"291523",1.46855732,Village,Rural,1869305.1646604,6585.33751233077,
1019,206455,"182862066235195",Naohalia No 3,Tengakhat,Dibrugarh,Assam,India,Naohalia No.3,,Naohalia,291522,2066,286,18,"291522",0.25603166,Village,Rural,325884.621905612,2602.63547979711,
1020,206738,"182862066235165",Naoholia Tipling,Tengakhat,Dibrugarh,Assam,India,Naoholia Tipling,,Naoholia Tipling,291573,2066,286,18,"291573",0.58640896,Village,Rural,746239.498530102,3911.97426864996,
1021,206484,"182862067235977",Na Pather,Moran,Dibrugarh,Assam,India,Na-Pather,,Na-Pather,291848,2067,286,18,"291848",0.81946822,Village,Rural,1040415.06357472,4458.0052806407,1
1022,206642,"182862068235522",Na Sripuria,Tingkhong,Dibrugarh,Assam,India,Na-Sripuria,,Na-Sripuria,292053,2068,286,18,"292053",1.13548021,Village,Rural,1442242.14047159,4907.66164712601,
1023,205175,"182862067235869",Natun Majhi,Moran,Dibrugarh,Assam,India,Natun Majhi,,Natun Majhi,291974,2067,286,18,"291974",0.97224257,Village,Rural,1233267.23314731,6310.68301991399,1
1024,206296,"182862068235299",Nemupather,Tingkhong,Dibrugarh,Assam,India,Nemupather 69 No.,,Nemupather,292184,2068,286,18,"292184",5.37980257,Village,Rural,6822653.06097967,12845.5150878186,1
1025,206517,"182862068235298",Nemupather Namoni Pather,Tingkhong,Dibrugarh,Assam,India,Nemupather (Namoni Pather),,Nemupather (Namoni Pather),292106,2068,286,18,"292106",1.30691711,Village,Rural,1658702.33153783,6154.66827859755,1
1026,211221,"182862065235331",Nepali Chapori,Chabua,Dibrugarh,Assam,India,Nepali Chapori,,Nepali Chapori,291362,2065,286,18,"291362",1.27809219,Village,Rural,1634666.68506005,8068.97363524983,
1027,206571,"182862063234753",Nibuk Gaon,Dibrugarh West,Dibrugarh,Assam,India,Nibuk Gaon,,Nibuk Gaon,291217,2063,286,18,"291217",0.88643321,Village,Rural,1127516.61775832,4247.001912859,1
1028,206305,"182862069235605",Nigam Gaon,Naharkatiya,Dibrugarh,Assam,India,Nigam Gaon,,Nigam Gaon,292374,2069,286,18,"292374",2.75893571,Village,Rural,3502897.45033526,7576.36907857823,
1029,205452,"182862063234787",Nij Khanikar Gaon,Dibrugarh West,Dibrugarh,Assam,India,Nij Khanikar Gaon,,Nij Khanikar Gaon,291105,2063,286,18,"291105",1.59424184,Village,Rural,2031441.17033226,6669.94691209078,1
1030,211515,"182862068235419",Nilmoni,Tingkhong,Dibrugarh,Assam,India,Nilmoni 15/55/79,,Nilmoni,292166,2068,286,18,"292166",1.73465269,Village,Rural,2200961.90415059,6839.01431699674,
1031,209895,"182862068235416",Nilmoni Darkhastor,Tingkhong,Dibrugarh,Assam,India,Nilmoni 84 (Darkhastor),,Nilmoni (Darkhastor),292168,2068,286,18,"292168",1.49650029,Village,Rural,1898885.44583231,6483.0745112507,
1032,205524,"182862069235650",Nirmalia Gaon,Naharkatiya,Dibrugarh,Assam,India,Nirmalia Gaon,,Nirmalia Gaon,292311,2069,286,18,"292311",1.2422051,Village,Rural,1578463.15978509,5223.44797054812,
1033,205383,"182862069235648",Nirmalia N C,Naharkatiya,Dibrugarh,Assam,India,Nirmalia N.C.,,Nirmalia N.C.,292356,2069,286,18,"292356",1.04085624,Village,Rural,1322256.7499599,5193.46864507001,
1034,210948,"182862066235236",Niz Bhekulajan,Tengakhat,Dibrugarh,Assam,India,Niz Bhekulajan,,Niz Bhekulajan,291491,2066,286,18,"291491",1.2359482,Village,Rural,1573712.75305824,5488.21516209557,
1035,205484,"182862065235005",Niz Chabua,Chabua,Dibrugarh,Assam,India,Niz Chabua,,Niz Chabua,291447,2065,286,18,"291447",1.29020567,Village,Rural,1645883.97627302,5199.04242204291,
1036,205118,"182862064234948",Niz Kanai Gaon,Dibrugarh East,Dibrugarh,Assam,India,Niz Kanai Gaon,,Niz Kanai Gaon,291273,2064,286,18,"291273",3.10434764,Village,Rural,3962606.50379965,8358.55618877727,
1037,205424,"182862067236007",Niz Khowang,Moran,Dibrugarh,Assam,India,Niz Khowang,,Niz Khowang,291721,2067,286,18,"291721",1.67107193,Village,Rural,2123746.26602933,6594.18269715815,1
1038,210889,"182862067235817",Niz Khowang Betoni,Moran,Dibrugarh,Assam,India,Niz Khowang Betoni,,Niz Khowang Betoni,291730,2067,286,18,"291730",1.71016592,Village,Rural,2173489.05198688,10805.2477641711,1
1039,211476,"182862067235822",Niz Khowang Domar Hula,Moran,Dibrugarh,Assam,India,Niz Khowang Domar Hula,,Niz Khowang Domar Hula,291723,2067,286,18,"291723",0.94438928,Village,Rural,1200400.50544434,5266.00510482357,1
1040,206779,"182862064234926",Niz Lahoal,Dibrugarh East,Dibrugarh,Assam,India,Niz Lahoal,,Niz Lahoal,291286,2064,286,18,"291286",0.23786204,Village,Rural,303338.105466911,2351.16282345687,1
1041,205459,"182862063234671",Niz Mankata CT,Dibrugarh East,Dibrugarh,Assam,India,Niz- Mankata (CT),,Niz- Mankata (CT),291253,2064,286,18,"291253",1.53480553,Town,Urban,1956953.87833028,5812.57731810329,1
1042,210626,"182862064234892",Niz Moderkhat,Dibrugarh East,Dibrugarh,Assam,India,Niz Moderkhat,,Niz Moderkhat,291320,2064,286,18,"291320",0.90463532,Village,Rural,1152769.53932128,4916.28208340556,
1043,205085,"182862064234905",Niz Moidomia,Dibrugarh East,Dibrugarh,Assam,India,Niz Moidomia,,Niz Moidomia,291299,2064,286,18,"291299",2.49603651,Village,Rural,3182977.75747773,10066.5444848705,
1044,205474,"182862065235058",Niz Rahmoria,Chabua,Dibrugarh,Assam,India,Niz-Rahmoria,,Niz-Rahmoria,291370,2065,286,18,"291370",2.86593981,Village,Rural,3659259.69906867,8908.35363091864,
1045,206686,"182862066235224",Niz Tengakhat,Tengakhat,Dibrugarh,Assam,India,Niz-Tengakhat,,Niz-Tengakhat,291606,2066,286,18,"291606",1.84968052,Village,Rural,2355120.05912224,8069.54438813697,
1046,206746,"182862064234868",Nlr Grant,Dibrugarh East,Dibrugarh,Assam,India,123/244 No. NLR. Grant,,Grant,291341,2064,286,18,"291341",1.8964602,Village,Rural,2414933.26086985,8662.33974268722,
1047,210899,"182862066235079",No 10 Willton Grant,Tengakhat,Dibrugarh,Assam,India,No.10 Willton Grant,,Willton Grant,291619,2066,286,18,"291619",0.99532935,Village,Rural,1267227.81876934,7067.43757144236,
1048,206394,"182862066235212",No 11 Willton Grant,Tengakhat,Dibrugarh,Assam,India,No.11 Willton Grant,,Willton Grant,291618,2066,286,18,"291618",1.54911879,Village,Rural,1972195.48485356,7231.34838724864,
1049,211477,"182862067235803",No 1 Burikhowang,Moran,Dibrugarh,Assam,India,No.1 Burikhowang,,Burikhowang,291731,2067,286,18,"291731",1.10982093,Village,Rural,1410690.58442394,7063.47927386084,1
1050,205433,"182862063234803",No 1 Garudharia Gaon,Dibrugarh West,Dibrugarh,Assam,India,No.1 Garudharia Gaon,,Garudharia Gaon,291125,2063,286,18,"291125",2.56369628,Village,Rural,3261162.00510096,7521.88174894738,1
1051,211577,"182862066235213",No 1 Naharani,Tengakhat,Dibrugarh,Assam,India,No.1 Naharani,,Naharani,291616,2066,286,18,"291616",2.99242506,Village,Rural,3809481.1790387,11349.2916118936,
1052,205384,"182862067235805",No 1 Rowmari,Moran,Dibrugarh,Assam,India,No.1 Rowmari,,Rowmari,291734,2067,286,18,"291734",0.87911618,Village,Rural,1117755.68761453,5438.9242488683,1
1053,210680,"182862063234740",No 2 Garudharia Gaon,Dibrugarh West,Dibrugarh,Assam,India,No.2 Garudharia Gaon,,Garudharia Gaon,291123,2063,286,18,"291123",3.92957101,Village,Rural,4998169.0049043,12953.9392127,1
1054,209890,"182862068235349",No 2 Grant No 57,Tingkhong,Dibrugarh,Assam,India,No.2 Grant No.57,,Grant,292121,2068,286,18,"292121",0.94677558,Village,Rural,1201469.06837399,6029.78477323342,
1055,206647,"182862067235804",No 2 Rowmari,Moran,Dibrugarh,Assam,India,No.2 Rowmari,,Rowmari,291733,2067,286,18,"291733",0.34070404,Village,Rural,433065.065397358,3033.34862428964,1
1056,205289,"182862067235815",No 3 Burikhowang,Moran,Dibrugarh,Assam,India,No.3 Burikhowang,,Burikhowang,291732,2067,286,18,"291732",2.78405855,Village,Rural,3539259.0106994,9638.90528757525,1
1057,211465,"182862063234721",Nogachuk Pather Gaon,Dibrugarh West,Dibrugarh,Assam,India,Nogachuk Pather Gaon,,Nogachuk Pather Gaon,291198,2063,286,18,"291198",1.54099818,Village,Rural,1958767.57431878,7303.2919048061,1
1058,206327,"182862064234951",Nogaghuli,Dibrugarh East,Dibrugarh,Assam,India,Nogaghuli 7/180 Orr,,Nogaghuli,291262,2064,286,18,"291262",4.48715374,Village,Rural,5728566.94483606,12687.024387103,0.292366413385358
1059,206413,"182862063234799",No Hazar Konwar Gaon,Dibrugarh West,Dibrugarh,Assam,India,No-Hazar Konwar Gaon,,No-Hazar Konwar Gaon,291138,2063,286,18,"291138",1.90848167,Village,Rural,2430219.16319173,6660.95314631056,1
1060,206585,"182862066235120",Noloni Pather,Tengakhat,Dibrugarh,Assam,India,Noloni Pather,,Noloni Pather,291579,2066,286,18,"291579",0.64921004,Village,Rural,825875.804445449,3635.50202748884,
1061,206678,"182862063234757",Nowjan Gaon No 1,Dibrugarh West,Dibrugarh,Assam,India,Nowjan Gaon No.1,,Nowjan Gaon,291219,2063,286,18,"291219",1.86208994,Village,Rural,2369363.45122395,7471.74876907527,1
1062,206665,"182862063234755",Nowjan Gaon No 2,Dibrugarh West,Dibrugarh,Assam,India,Nowjan Gaon No.2,,Nowjan Gaon,291221,2063,286,18,"291221",1.55024311,Village,Rural,1971864.91551211,6262.73027924929,1
1063,211240,"182862067235835",Nowjan Habi,Moran,Dibrugarh,Assam,India,Nowjan Habi,,Nowjan Habi,291727,2067,286,18,"291727",1.4215941,Village,Rural,1807654.54375242,6245.62836704144,0.990374331566739
1064,205389,"182862067235834",Nowjan N C,Moran,Dibrugarh,Assam,India,Nowjan N.C.,,Nowjan N.C.,291725,2067,286,18,"291725",1.85238168,Village,Rural,2355670.13737559,6016.24144116174,0.996265560172158
1065,210525,"182862063234707",Nowjan Salmari N C,Dibrugarh West,Dibrugarh,Assam,India,Nowjan Salmari N.C.,,Nowjan Salmari N.C.,291218,2063,286,18,"291218",0.45490707,Village,Rural,578552.632614025,3754.38452957255,1
1066,206516,"182862067236011",Nowkata Gaon,Moran,Dibrugarh,Assam,India,Nowkata Gaon,,Nowkata Gaon,291996,2067,286,18,"291996",0.91715065,Village,Rural,1164189.79219319,6789.7197977132,1
1067,209892,"182862068235352",N P Lerela Pathar,Tingkhong,Dibrugarh,Assam,India,N.P.Lerela Pathar,,N.P.Lerela Pathar,292126,2068,286,18,"292126",1.49647587,Village,Rural,1899251.73911856,7015.13228765537,
1068,211459,"182862067235955",Nunghungia,Moran,Dibrugarh,Assam,India,Nunghungia No.3,,Nunghungia,291873,2067,286,18,"291873",1.24157143,Village,Rural,1576817.78926583,8028.35175567677,1
1069,210621,"182862064234917",Nunpuria,Dibrugarh East,Dibrugarh,Assam,India,Nunpuria,,Nunpuria,291316,2064,286,18,"291316",3.55004982,Village,Rural,4522551.02826144,9892.34716889851,1
1070,206607,"182862068235307",Ophulia,Tingkhong,Dibrugarh,Assam,India,Ophulia,,Ophulia,292109,2068,286,18,"292109",4.63478733,Village,Rural,5882611.69979876,11724.2602460967,
1071,206511,"182862068235297",Ophulia Alikiner,Tingkhong,Dibrugarh,Assam,India,Ophulia Alikiner,,Ophulia Alikiner,292108,2068,286,18,"292108",1.72528185,Village,Rural,2189473.76739307,7779.97555816528,1
1072,206404,"182862068235300",Ophulia T E,Tingkhong,Dibrugarh,Assam,India,Ophulia T.E. No.33,,Ophulia T.E.,292107,2068,286,18,"292107",5.37615443,Village,Rural,6821112.01557718,12382.3142959221,1
1073,206432,"182862068235341",Ophulia T E Darkhastor,Tingkhong,Dibrugarh,Assam,India,Ophulia T.E No. 83 Darkhastor,,Ophulia T.E Darkhastor,292111,2068,286,18,"292111",3.83485345,Village,Rural,4865052.04436374,10635.6477157357,1
1074,206667,"182862069235531",Ouguri Bangali,Naharkatiya,Dibrugarh,Assam,India,Ouguri Bangali,,Ouguri Bangali,292335,2069,286,18,"292335",0.4625657,Village,Rural,587896.407093641,3646.81782984841,
1075,206643,"182862068235462",Ouguri Kapahua No 1,Tingkhong,Dibrugarh,Assam,India,Ouguri Kapahua No.1,,Ouguri Kapahua,292042,2068,286,18,"292042",1.13052354,Village,Rural,1436235.78724722,7308.56807392542,
1076,206651,"182862068235463",Ouguri Kapahua No 2,Tingkhong,Dibrugarh,Assam,India,Ouguri Kapahua No.2,,Ouguri Kapahua,292043,2068,286,18,"292043",1.84600949,Village,Rural,2345135.7054034,9173.03004384086,
1077,205317,"182862066235275",Pabhajan No 1,Tengakhat,Dibrugarh,Assam,India,Pabhajan No.1,,Pabhajan,291587,2066,286,18,"291587",1.72791294,Village,Rural,2198286.7886216,6345.42664073593,
1078,205170,"182862066235278",Pabhajan No 2,Tengakhat,Dibrugarh,Assam,India,Pabhajan No.2,,Pabhajan,291588,2066,286,18,"291588",0.35730771,Village,Rural,454589.228470367,3154.82686939341,
1079,206314,"182862068235513",Padumoni,Tingkhong,Dibrugarh,Assam,India,Padumoni,,Padumoni,292147,2068,286,18,"292147",0.20926932,Village,Rural,265697.52261346,2444.20828276852,
1080,206591,"182862066235127",Padumoni Gaon,Tengakhat,Dibrugarh,Assam,India,Padumoni Gaon,,Padumoni Gaon,291559,2066,286,18,"291559",1.92334912,Village,Rural,2446208.71077876,6745.19836095309,
1081,211615,"182862067235981",Padumoni Miri Gaon,Moran,Dibrugarh,Assam,India,Padumoni Miri Gaon,,Padumoni Miri Gaon,291859,2067,286,18,"291859",0.45322669,Village,Rural,575310.083777208,3406.68772014949,1
1082,212339,"182862067235823",Padumoni Na Gaon,Moran,Dibrugarh,Assam,India,Padumoni Na-Gaon,,Padumoni Na-Gaon,291722,2067,286,18,"291722",0.52228005,Village,Rural,663987.577708956,4150.31597798671,1
1083,210713,"182862064235329",Pahari Chapori,Dibrugarh East,Dibrugarh,Assam,India,Pahari Chapori,,Pahari Chapori,291258,2064,286,18,"291258",2.18451963,Village,Rural,2789768.50665679,8370.25051744286,0.252112677294604
1084,205515,"182862065234999",Pakharigan,Chabua,Dibrugarh,Assam,India,Pakharigan,,Pakharigan,291404,2065,286,18,"291404",0.80524189,Village,Rural,1028401.26035011,5004.50978557408,
1085,205506,"182862065236015",Pakharigania,Chabua,Dibrugarh,Assam,India,Pakharigania,,Pakharigania,291474,2065,286,18,"291474",2.15736118,Village,Rural,2748768.37808084,6950.22430353424,
1086,205501,"182862063234680",Palonia Gaon,Dibrugarh West,Dibrugarh,Assam,India,Palonia Gaon,,Palonia Gaon,291150,2063,286,18,"291150",0.78863368,Village,Rural,1004448.35549342,4488.41732954284,1
1087,206301,"182862066235108",Panch Suti Barbali,Tengakhat,Dibrugarh,Assam,India,Panch Suti Barbali,,Panch Suti Barbali,291668,2066,286,18,"291668",2.56841714,Village,Rural,3267742.67550768,8197.32184951947,
1088,206460,"182862066235109",Panch Suti Gaon,Tengakhat,Dibrugarh,Assam,India,Panch Suti Gaon,,Panch Suti Gaon,291671,2066,286,18,"291671",1.33247279,Village,Rural,1695006.9594958,6430.01746511113,
1089,206344,"182862066235098",Pandhua Gaon,Tengakhat,Dibrugarh,Assam,India,Pandhua Gaon,,Pandhua Gaon,291658,2066,286,18,"291658",1.99104471,Village,Rural,2533813.17714628,8206.40298391476,
1090,209874,"182862069235543",Panichukia F V,Naharkatiya,Dibrugarh,Assam,India,Panichukia F.V.,,Panichukia F.V.,292420,2069,286,18,"292420",5.14741422,Village,Rural,6528556.61559199,17872.1651581031,
1091,206477,"182862069235547",Panidaria Gaon,Naharkatiya,Dibrugarh,Assam,India,Panidaria Gaon,,Panidaria Gaon,292416,2069,286,18,"292416",1.59391325,Village,Rural,2022199.70712674,6027.83732752644,
1092,205288,"182862063234717",Pani Gaon No 1,Dibrugarh West,Dibrugarh,Assam,India,Pani Gaon No.1,,Pani Gaon,291205,2063,286,18,"291205",2.47869747,Village,Rural,3150870.38831873,11414.2900364702,1
1093,206531,"182862063234716",Pani Gaon No 2,Dibrugarh West,Dibrugarh,Assam,India,Pani Gaon No.2,,Pani Gaon,291206,2063,286,18,"291206",1.47104153,Village,Rural,1870142.10885444,7675.96260747127,1
1094,206418,"182862066235237",Panimudi Gaon,Tengakhat,Dibrugarh,Assam,India,Panimudi Gaon,,Panimudi Gaon,291603,2066,286,18,"291603",1.3606366,Village,Rural,1732191.23883087,6856.93566259815,
1095,205273,"182862063234701",Panitola Konwar Gaon,Dibrugarh West,Dibrugarh,Assam,India,Panitola Konwar Gaon,,Panitola Konwar Gaon,291229,2063,286,18,"291229",1.7067867,Village,Rural,2172389.61038075,8596.89254502789,1
1096,205361,"182862067235946",Panitula Gaon,Moran,Dibrugarh,Assam,India,Panitula Gaon,,Panitula Gaon,291915,2067,286,18,"291915",1.7894286,Village,Rural,2270529.39079721,7777.32904691269,1
1097,206483,"182862067235950",Panitula Pukhuri,Moran,Dibrugarh,Assam,India,Panitula Pukhuri,,Panitula Pukhuri,291914,2067,286,18,"291914",0.93677034,Village,Rural,1188838.57194717,5442.57141499155,1
1098,205531,"182862069235694",Paniyabura No 1,Naharkatiya,Dibrugarh,Assam,India,Paniyabura No.1,,Paniyabura,292285,2069,286,18,"292285",1.85810437,Village,Rural,2361427.26700637,6555.27506958074,
1099,205219,"182862069235622",Paniyabura No 2,Naharkatiya,Dibrugarh,Assam,India,Paniyabura No.2,,Paniyabura,292286,2069,286,18,"292286",1.23196449,Village,Rural,1565387.39201151,6202.7176902878,
1100,206798,"182862069235693",Paniyabura Pathar No 1,Naharkatiya,Dibrugarh,Assam,India,Paniyabura Pathar No.1,,Paniyabura Pathar,292282,2069,286,18,"292282",2.21682078,Village,Rural,2817076.41651184,14897.6006471791,
1101,206797,"182862069235695",Paniyabura Pathar No 2,Naharkatiya,Dibrugarh,Assam,India,Paniyabura Pathar No.2,,Paniyabura Pathar,292283,2069,286,18,"292283",2.8439356,Village,Rural,3615012.8208639,9502.96819419195,
1102,206298,"182862068235499",Parbatipur,Tingkhong,Dibrugarh,Assam,India,Parbatipur,,Parbatipur,292059,2068,286,18,"292059",0.8103395,Village,Rural,1029065.55813854,5965.63818501162,
1103,211452,"182862067235929",Pathalibam Chah Bagicha,Moran,Dibrugarh,Assam,India,Pathalibam Chah Bagicha 301 No,,Pathalibam Chah Bagicha,291909,2067,286,18,"291909",1.09432234,Village,Rural,1388308.8165554,4954.3396002237,1
1104,205150,"182862067235927",Pathalibam Chah Bagisha N,Moran,Dibrugarh,Assam,India,Pathalibam Chah Bagisha 127 N,,Pathalibam Chah Bagisha N,291936,2067,286,18,"291936",1.07812041,Village,Rural,1367527.36421079,5367.94769453221,1
1105,206756,"182862065234955",Patlungmora,Chabua,Dibrugarh,Assam,India,Patlungmora,,Patlungmora,291470,2065,286,18,"291470",0.52244102,Village,Rural,665658.05873157,5631.3545237109,
1106,205376,"182862063234809",Patra Gaon,Dibrugarh West,Dibrugarh,Assam,India,Patra Gaon,,Patra Gaon,291139,2063,286,18,"291139",1.92545256,Village,Rural,2452261.79172362,7927.86858902314,1
1107,206370,"182862067236321",Pena Block,Moran,Dibrugarh,Assam,India,Pena Block,,Pena Block,291849,2067,286,18,"291849",0.71431428,Village,Rural,906781.29418175,5018.79822782996,1
1108,205067,"182862068235445",Phatangibor Phatingbor,Tingkhong,Dibrugarh,Assam,India,Phatangibor (Phatingbor),,Phatangibor (Phatingbor),292072,2068,286,18,"292072",4.3288735,Village,Rural,5497144.45651995,10714.9261608773,
1109,210863,"182862067235845",Phatikasua Borbam,Moran,Dibrugarh,Assam,India,Phatikasua Borbam,,Phatikasua Borbam,291898,2067,286,18,"291898",0.35413086,Village,Rural,449579.858063163,2913.42155086828,1
1110,205132,"182862067235848",Phatikasua Ikrani,Moran,Dibrugarh,Assam,India,Phatikasua Ikrani,,Phatikasua Ikrani,291897,2067,286,18,"291897",1.58868114,Village,Rural,2016880.21931994,6183.47094113143,1
1111,205173,"182862065235045",Phukanar Khat,Chabua,Dibrugarh,Assam,India,Phukanar Khat,,Phukanar Khat,291382,2065,286,18,"291382",1.73061183,Village,Rural,2208451.97508826,7115.66262956221,
1112,206598,"182862066235239",Phukan Bari T E,Tengakhat,Dibrugarh,Assam,India,Phukan Bari T.E.No.25,,Phukan Bari T.E,291660,2066,286,18,"291660",0.69642993,Village,Rural,886455.937223291,4027.53078954028,
1113,206362,"182862066235247",Phukonbari,Tengakhat,Dibrugarh,Assam,India,Phukonbari 196/197 Grant,,Phukonbari,291498,2066,286,18,"291498",2.38150375,Village,Rural,3033353.64366396,9072.8838007447,
1114,206778,"182862064234876",Phutahula,Dibrugarh East,Dibrugarh,Assam,India,Phutahula,,Phutahula,291343,2064,286,18,"291343",1.91389413,Village,Rural,2437229.21966273,8628.58044088114,
1115,206775,"182862065235000",Piporatoli,Chabua,Dibrugarh,Assam,India,Piporatoli,,Piporatoli,291391,2065,286,18,"291391",1.088384,Village,Rural,1390192.66123819,5650.92296504411,
1116,205182,"182862068235351",Pitha Pather,Tingkhong,Dibrugarh,Assam,India,Pitha Pather,,Pitha Pather,292122,2068,286,18,"292122",1.43663529,Village,Rural,1822754.59385749,8395.93454537788,
1117,212346,"182862066235199",Pithu Nagar T E,Tengakhat,Dibrugarh,Assam,India,Pithu Nagar T.E.12 No.Appl,,Pithu Nagar T.E.,291643,2066,286,18,"291643",0.54235164,Village,Rural,690077.749726724,3845.53300240539,
1118,206510,"182862067235982",Podumoni Chetia,Moran,Dibrugarh,Assam,India,Podumoni Chetia,,Podumoni Chetia,291855,2067,286,18,"291855",1.32658343,Village,Rural,1683868.51100186,5381.08139146462,1
1119,209862,"182862067235995",Podumoni No 1,Moran,Dibrugarh,Assam,India,Podumoni No.1,,Podumoni,291857,2067,286,18,"291857",2.07142863,Village,Rural,2629726.41619268,10247.6692805387,1
1120,206405,"182862067235923",Podumoni No 2,Moran,Dibrugarh,Assam,India,Podumoni No.2,,Podumoni,291858,2067,286,18,"291858",1.49299548,Village,Rural,1895030.67565069,6635.77195795529,1
1121,205416,"182862065234972",Polonga Gaon,Chabua,Dibrugarh,Assam,India,Polonga Gaon,,Polonga Gaon,291453,2065,286,18,"291453",3.12575205,Village,Rural,3985707.91699983,8909.71329636756,
1122,205300,"182862069235594",Powali Pather,Naharkatiya,Dibrugarh,Assam,India,Powali Pather No.1,,Powali Pather,292381,2069,286,18,"292381",1.49206634,Village,Rural,1895294.61964619,6965.17201105197,
1123,211549,"182862068235495",Powali Pather,Tingkhong,Dibrugarh,Assam,India,Powali Pather No.2,,Powali Pather,292142,2068,286,18,"292142",0.26885578,Village,Rural,341269.901511396,3056.42952007177,
1124,212343,"182862067238060",Puberun Krishipam Nigam F V,Moran,Dibrugarh,Assam,India,Puberun Krishipam Nigam F.V.,,Puberun Krishipam Nigam F.V.,292011,2067,286,18,"292011",2.52563518,Village,Rural,3212091.57740064,10334.6348108236,1
1125,206554,"182862068235452",Pulungani,Tingkhong,Dibrugarh,Assam,India,Pulungani,,Pulungani,292054,2068,286,18,"292054",3.63716164,Village,Rural,4619909.20557548,12783.0976840683,
1126,206652,"182862068235520",Purani Kuwari,Tingkhong,Dibrugarh,Assam,India,Purani Kuwari,,Purani Kuwari,292055,2068,286,18,"292055",1.32735301,Village,Rural,1686117.43742929,6126.01510501788,
1127,205237,"182862068235500",Purani Sripuria,Tingkhong,Dibrugarh,Assam,India,Purani Sripuria,,Purani Sripuria,292064,2068,286,18,"292064",0.84077342,Village,Rural,1067693.46628996,5656.6827614177,
1128,206595,"182862066235269",Puwali Pather,Tengakhat,Dibrugarh,Assam,India,Puwali Pather,,Puwali Pather,291584,2066,286,18,"291584",1.60392638,Village,Rural,2041021.78325413,6797.08830571099,
1129,206492,"182862068235494",Puwali Pather,Tingkhong,Dibrugarh,Assam,India,Puwali Pather,,Puwali Pather,292161,2068,286,18,"292161",0.73204826,Village,Rural,929030.951623747,4472.33009091595,
1130,211548,"182862068235491",Puwali Pather N C,Tingkhong,Dibrugarh,Assam,India,Puwali Pather No.2 N.C.,,Puwali Pather N.C.,292160,2068,286,18,"292160",0.39800552,Village,Rural,505152.99605168,4210.06518689204,
1131,206741,"182862065235059",Rahmoria,Chabua,Dibrugarh,Assam,India,Rahmoria,,Rahmoria,291371,2065,286,18,"291371",2.50622063,Village,Rural,3200679.48667801,8890.92068522485,
1132,205516,"182862065235063",Raidang,Chabua,Dibrugarh,Assam,India,Raidang,,Raidang,291390,2065,286,18,"291390",3.18584055,Village,Rural,4068915.9759252,9411.07879317149,
1133,210361,"182862068235502",Raidangia,Tingkhong,Dibrugarh,Assam,India,Raidangia,,Raidangia,292061,2068,286,18,"292061",0.89302805,Village,Rural,1133849.45559913,5946.14711056492,
1134,211526,"182862067235730",Raidangia Gaon,Moran,Dibrugarh,Assam,India,Raidangia Gaon,,Raidangia Gaon,291998,2067,286,18,"291998",0.42544885,Village,Rural,540009.568203602,3999.17088092218,1
1135,205489,"182862068235501",Raidangia No 2,Tingkhong,Dibrugarh,Assam,India,Raidangia No.2,,Raidangia,292062,2068,286,18,"292062",0.34808677,Village,Rural,442006.343203519,2874.14595840022,
1136,205280,"182862067235731",Raidangia Sheet Grazing,Moran,Dibrugarh,Assam,India,Raidangia Sheet Grazing,,Raidangia Sheet Grazing,291999,2067,286,18,"291999",1.06221498,Village,Rural,1348354.34930936,5001.92168204157,1
1137,205291,"182862066235280",Raja Ali,Tengakhat,Dibrugarh,Assam,India,Raja Ali 300 Nlr,,Raja Ali,291590,2066,286,18,"291590",4.76157762,Village,Rural,6059308.65698286,11301.103352653,
1138,209884,"182862068235368",Rajabaribam,Tingkhong,Dibrugarh,Assam,India,Rajabaribam,,Rajabaribam,292192,2068,286,18,"292192",0.79167663,Village,Rural,1003623.04502843,4366.12628625107,
1139,205209,"182862065234973",Rajabari Gaon,Chabua,Dibrugarh,Assam,India,Rajabari Gaon,,Rajabari Gaon,291451,2065,286,18,"291451",1.78020973,Village,Rural,2270458.99718056,6409.77393900004,
1140,206583,"182862064234935",Rajabheta,Dibrugarh East,Dibrugarh,Assam,India,Rajabheta 135 F.S.,,Rajabheta,291257,2064,286,18,"291257",0.8990206,Village,Rural,1146017.06813414,4107.95917506923,1
1141,211396,"182862064234859",Rajgarh No 1,Dibrugarh East,Dibrugarh,Assam,India,Rajgarh No.1,,Rajgarh,291349,2064,286,18,"291349",1.13126893,Village,Rural,1439821.3009916,5249.40035728242,
1142,206389,"182862064234869",Rajgarh No 2,Dibrugarh East,Dibrugarh,Assam,India,Rajgarh No.2,,Rajgarh,291348,2064,286,18,"291348",1.68542529,Village,Rural,2145241.36413599,8243.81671351362,
1143,206729,"182862068235446",Rajgarh Te,Tingkhong,Dibrugarh,Assam,India,Rajgarh T.E. 275/299 Nlr,,Rajgarh T.E.,292069,2068,286,18,"292069",1.7101512,Village,Rural,2171811.91881877,7913.06162128293,
1144,206304,"182862068235496",Rajgarh Te,Tingkhong,Dibrugarh,Assam,India,Rajgarh T.E. 52/163,,Rajgarh T.E.,292141,2068,286,18,"292141",3.21272681,Village,Rural,4078695.04258513,8358.12856687159,
1145,206448,"182862068235424",Rajgarh T E 276 Nlr,Tingkhong,Dibrugarh,Assam,India,Rajgarh T.E. 276 Nlr,,Rajgarh T.E.,292138,2068,286,18,"292138",2.72109508,Village,Rural,3454696.81133682,8666.12735625305,
1146,209894,"182862068235428",Rajgarh T E No 122 Nlr,Tingkhong,Dibrugarh,Assam,India,Rajgarh T.E. No.122 Nlr,,Rajgarh T.E.,292134,2068,286,18,"292134",6.55752126,Village,Rural,8321516.18840236,16185.4503432577,
1147,205091,"182862068235429",Rajgarh T E No 332 Nlr,Tingkhong,Dibrugarh,Assam,India,Rajgarh T.E. No.332 Nlr,,Rajgarh T.E.,292131,2068,286,18,"292131",2.0147871,Village,Rural,2557212.50217693,7451.64094463023,
1148,205238,"182862069235613",Rajgar Rangali Pather Rajgar Bangali Pathar,Naharkatiya,Dibrugarh,Assam,India,Rajgar Rangali Pather (Rajgar Bangali Pathar),,Rajgar Rangali Pather (Rajgar Bangali Pathar),292362,2069,286,18,"292362",4.66733129,Village,Rural,5926666.55142392,11181.8492170748,
1149,210878,"182862067235767",Ramani Bharali,Moran,Dibrugarh,Assam,India,Ramani Bharali,,Ramani Bharali,291747,2067,286,18,"291747",0.54990574,Village,Rural,699365.510523982,3805.90317360717,1
1150,206697,"182862066235219",Ramkanai Ramkani,Tengakhat,Dibrugarh,Assam,India,Ramkanai (Ramkani),,Ramkanai (Ramkani),291482,2066,286,18,"291482",1.7760145,Village,Rural,2262429.29848565,10336.3604070378,
1151,206576,"182862068235510",Rangabanani No 1,Tingkhong,Dibrugarh,Assam,India,Rangabanani No.1,,Rangabanani,292154,2068,286,18,"292154",1.08894142,Village,Rural,1382096.59111227,5590.98656411369,
1152,205520,"182862068235433",Rangabanani No 2,Tingkhong,Dibrugarh,Assam,India,Rangabanani No.2,,Rangabanani,292130,2068,286,18,"292130",2.68274911,Village,Rural,3405240.1404485,10222.474374899,
1153,205059,"182862068235511",Rangabanani Rangabamuni,Tingkhong,Dibrugarh,Assam,India,Rangabanani No.3 (Rangabamuni,,Rangabanani (Rangabamuni),292155,2068,286,18,"292155",0.93695845,Village,Rural,1189366.38255991,5587.9334841204,
1154,206318,"182862067235889",Rangagarah No 1,Moran,Dibrugarh,Assam,India,Rangagarah No.1,,Rangagarah,291968,2067,286,18,"291968",2.35795968,Village,Rural,2989563.22970261,10334.4909008172,1
1155,205160,"182862067235720",Rangagarah No 2,Moran,Dibrugarh,Assam,India,Rangagarah No.2,,Rangagarah,291970,2067,286,18,"291970",0.53291489,Village,Rural,675655.852966835,4235.69958905026,1
1156,206345,"182862066235170",Rangajan Bongali Rongajan,Tengakhat,Dibrugarh,Assam,India,2 No Rangajan Bongali(Rongajan,,Rangajan Bongali(Rongajan,291553,2066,286,18,"291553",0.50756509,Village,Rural,645989.456654631,4128.20924414303,
1157,206734,"182862066235184",Rangajan No 1,Tengakhat,Dibrugarh,Assam,India,Rangajan No.1,,Rangajan,291565,2066,286,18,"291565",0.29528218,Village,Rural,375743.654226521,2825.51806749646,
1158,206744,"182862066235183",Rangajan No 3,Tengakhat,Dibrugarh,Assam,India,Rangajan No.3,,Rangajan,291567,2066,286,18,"291567",0.89542155,Village,Rural,1139336.78592995,5164.05865566916,
1159,205523,"182862069235646",Rangali Pathar,Naharkatiya,Dibrugarh,Assam,India,Rangali Pathar,,Rangali Pathar,292312,2069,286,18,"292312",1.65206408,Village,Rural,2099600.27975948,6006.32364873331,
1160,205163,"182862067235819",Rangchali Block,Moran,Dibrugarh,Assam,India,Rangchali Block,,Rangchali Block,291801,2067,286,18,"291801",0.57252677,Village,Rural,727329.475795085,4776.69437849318,1
1161,211530,"182862067235837",Rangchali Gaon,Moran,Dibrugarh,Assam,India,Rangchali Gaon,,Rangchali Gaon,291800,2067,286,18,"291800",0.46241634,Village,Rural,587497.945210297,3626.86829699671,1
1162,206315,"182862067235838",Rangchali Nepali,Moran,Dibrugarh,Assam,India,Rangchali Nepali,,Rangchali Nepali,291839,2067,286,18,"291839",1.36335007,Village,Rural,1731673.47110454,9225.94947973699,1
1163,206760,"182862065234967",Rang Chungi,Chabua,Dibrugarh,Assam,India,Rang Chungi,,Rang Chungi,291464,2065,286,18,"291464",2.42275015,Village,Rural,3087850.77337458,8135.87545618446,
1164,211439,"182862067235901",Rangrangia Gaon,Moran,Dibrugarh,Assam,India,Rangrangia Gaon,,Rangrangia Gaon,291930,2067,286,18,"291930",0.6483919,Village,Rural,822204.937573425,6295.96725559397,1
1165,205125,"182862068235372",Rangswal,Tingkhong,Dibrugarh,Assam,India,Rangswal,,Rangswal,292230,2068,286,18,"292230",1.82090493,Village,Rural,2308505.09381726,7348.72816001142,
1166,211449,"182862067235861",Rashi Pather,Moran,Dibrugarh,Assam,India,Rashi Pather No.2,,Rashi Pather,291985,2067,286,18,"291985",1.17328623,Village,Rural,1488436.42454672,7665.21804187356,1
1167,206614,"182862063234811",Rawomari Gaon,Dibrugarh West,Dibrugarh,Assam,India,Rawomari Gaon,,Rawomari Gaon,291117,2063,286,18,"291117",2.84017221,Village,Rural,3618304.41774994,8747.98573489996,1
1168,206575,"182862066235279",Raza Ali T E,Tengakhat,Dibrugarh,Assam,India,Raza Ali T.E. 42/17 Appl,,Raza Ali T.E.,291586,2066,286,18,"291586",0.84752542,Village,Rural,1078630.81846375,6671.80602738614,
1169,210885,"182862064234867",Romai Bongali,Dibrugarh East,Dibrugarh,Assam,India,Romai Bongali,,Romai Bongali,291334,2064,286,18,"291334",3.78715995,Village,Rural,4821278.74906884,9120.14490334639,
1170,206365,"182862064234879",Romai Gaon,Dibrugarh East,Dibrugarh,Assam,India,Romai Gaon,,Romai Gaon,291333,2064,286,18,"291333",2.31753783,Village,Rural,2951789.12806824,8236.5100015443,
1171,206397,"182862068235338",Romesh Chaharia Grant,Tingkhong,Dibrugarh,Assam,India,Romesh Chaharia Grant No.239,,Romesh Chaharia Grant,292115,2068,286,18,"292115",1.9626562,Village,Rural,2491513.29103121,7331.61275831458,
1172,206547,"182862066235126",Ronga Gorah No 1 Rangajan No 1,Tengakhat,Dibrugarh,Assam,India,Ronga Gorah No.1(Rangajan N0.1,,Ronga Gorah(Rangajan),291560,2066,286,18,"291560",1.85149433,Village,Rural,2355139.23459459,7240.76955510707,
1173,206594,"182862066235158",Ronga Gorah No 1 Rangajan No 2,Tengakhat,Dibrugarh,Assam,India,Ronga Gorah No.1(Rangajan No.2,,Ronga Gorah(Rangajan),291561,2066,286,18,"291561",2.0700084,Village,Rural,2633472.70716534,8587.93366851042,
1174,206359,"182862066235102",Ronga Gora Nepali,Tengakhat,Dibrugarh,Assam,India,Ronga Gora Nepali,,Ronga Gora Nepali,291665,2066,286,18,"291665",0.86012235,Village,Rural,1094390.49880965,6166.68860933822,
1175,206361,"182862064234891",Rongliting,Dibrugarh East,Dibrugarh,Assam,India,Rongliting No.2,,Rongliting,291326,2064,286,18,"291326",1.24319962,Village,Rural,1583994.56705848,5744.51280450328,
1176,210342,"182862065236017",Rongmala Gaon,Chabua,Dibrugarh,Assam,India,Rongmala Gaon,,Rongmala Gaon,291478,2065,286,18,"291478",0.42065947,Village,Rural,536707.316107157,3588.67641129249,
1177,212361,"182862064234896",Rongpuria,Dibrugarh East,Dibrugarh,Assam,India,Rongpuria,,Rongpuria,291327,2064,286,18,"291327",1.24093091,Village,Rural,1580914.260925,6183.69846262245,
1178,206662,"182862068235488",Ronswal,Tingkhong,Dibrugarh,Assam,India,Ronswal No.2,,Ronswal,292018,2068,286,18,"292018",1.95653699,Village,Rural,2487358.36604086,6364.50921987843,
1179,206371,"182862067235864",Roshipather Nepali,Moran,Dibrugarh,Assam,India,Roshipather Nepali,,Roshipather Nepali,291908,2067,286,18,"291908",0.94515429,Village,Rural,1199107.71046536,7908.80990382048,1
1180,211616,"182862067235866",Roshipather No 1,Moran,Dibrugarh,Assam,India,Roshipather No.1,,Roshipather,291906,2067,286,18,"291906",0.26748575,Village,Rural,339387.701520409,2488.30033616569,1
1181,206300,"182862067235863",Roshipather No 3,Moran,Dibrugarh,Assam,India,Roshipather No.3,,Roshipather,291905,2067,286,18,"291905",1.2368243,Village,Rural,1569426.95747357,5276.03532094411,1
1182,211521,"182862067235807",Rowmari No 3,Moran,Dibrugarh,Assam,India,Rowmari No.3,,Rowmari,291742,2067,286,18,"291742",0.6853563,Village,Rural,871319.899228167,4790.80269622595,1
1183,206565,"182862068235457",Sagauneswa,Tingkhong,Dibrugarh,Assam,India,Sagauneswa No.2,,Sagauneswa,292071,2068,286,18,"292071",0.85990358,Village,Rural,1092245.39371801,5264.39837318488,
1184,206777,"182862064234877",Saglikata,Dibrugarh East,Dibrugarh,Assam,India,Saglikata,,Saglikata,291344,2064,286,18,"291344",2.14278451,Village,Rural,2728719.41526996,7214.24209462403,
1185,206627,"182862068235442",Sagunechowa No 1,Tingkhong,Dibrugarh,Assam,India,Sagunechowa No.1,,Sagunechowa,292074,2068,286,18,"292074",1.15154077,Village,Rural,1462426.37195405,5890.22728659557,
1186,206623,"182862068235441",Sagunechowa No 3,Tingkhong,Dibrugarh,Assam,India,Sagunechowa No.3,,Sagunechowa,292077,2068,286,18,"292077",0.5018216,Village,Rural,637217.313227003,4113.91514535406,
1187,211678,"182862064234939",Saguni Bari Gaon,Dibrugarh East,Dibrugarh,Assam,India,Saguni Bari Gaon,,Saguni Bari Gaon,291265,2064,286,18,"291265",2.66238489,Village,Rural,3396661.247354,9134.70418246558,1
1188,206520,"182862067235993",Sagunijan,Moran,Dibrugarh,Assam,India,Sagunijan,,Sagunijan,291783,2067,286,18,"291783",0.71605048,Village,Rural,909233.056598514,5648.70964739055,1
1189,206633,"182862067235800",Salmari,Moran,Dibrugarh,Assam,India,Salmari 318 Nlr,,Salmari,291763,2067,286,18,"291763",2.11846985,Village,Rural,2691770.9161324,6432.50949340266,1
1190,205432,"182862068235486",Salmari No 1,Tingkhong,Dibrugarh,Assam,India,Salmari No.1,,Salmari,292021,2068,286,18,"292021",5.12974765,Village,Rural,6518375.06340068,10696.7635487511,
1191,206569,"182862068235459",Salmari No 2,Tingkhong,Dibrugarh,Assam,India,Salmari No.2,,Salmari,292046,2068,286,18,"292046",1.93682239,Village,Rural,2460468.79743317,7876.98987655894,
1192,206566,"182862068235485",Salmari No 3,Tingkhong,Dibrugarh,Assam,India,Salmari No.3,,Salmari,292045,2068,286,18,"292045",0.9915972,Village,Rural,1259889.40729395,5984.97740195151,
1193,206437,"182862068235444",Salmari No 4,Tingkhong,Dibrugarh,Assam,India,Salmari No.4,,Salmari,292073,2068,286,18,"292073",2.6320035,Village,Rural,3343060.08963034,12196.4468693527,
1194,206654,"182862068235483",Salmari T E Darkhastor,Tingkhong,Dibrugarh,Assam,India,Salmari T.E. 24 Darkhastor,,Salmari T.E. Darkhastor,292023,2068,286,18,"292023",1.33093543,Village,Rural,1691492.36143036,6044.38182603259,
1195,206606,"182862067235790",Samuguri,Moran,Dibrugarh,Assam,India,Samuguri,,Samuguri,291896,2067,286,18,"291896",1.20345633,Village,Rural,1527811.5241193,6161.99418839969,1
1196,206536,"182862064234909",Sani Potia,Dibrugarh East,Dibrugarh,Assam,India,Sani Potia,,Sani Potia,291291,2064,286,18,"291291",4.44505792,Village,Rural,5670250.5742547,11556.2549801655,
1197,205101,"182862066235129",Santi T E,Tengakhat,Dibrugarh,Assam,India,Santi T.E. 78 Appl,,Santi T.E.,291687,2066,286,18,"291687",1.98647599,Village,Rural,2525684.67249097,7627.66267265075,
1198,206493,"182862068235423",Sapkait No 1,Tingkhong,Dibrugarh,Assam,India,Sapkait No.1,,Sapkait,292140,2068,286,18,"292140",1.85860327,Village,Rural,2358907.83847241,7032.6708835442,
1199,206559,"182862068235422",Sapkait No 2,Tingkhong,Dibrugarh,Assam,India,Sapkait No.2,,Sapkait,292139,2068,286,18,"292139",1.09213116,Village,Rural,1386232.59866197,4982.06947008508,
1200,205130,"182862067235986",Saragfala Goan,Moran,Dibrugarh,Assam,India,Saragfala Goan,,Saragfala Goan,291793,2067,286,18,"291793",1.78384767,Village,Rural,2264900.92708821,6370.9541761984,1
1201,205373,"182862067235979",Saragfala Gohain Gaon,Moran,Dibrugarh,Assam,India,Saragfala Gohain Gaon,,Saragfala Gohain Gaon,291853,2067,286,18,"291853",1.48334506,Village,Rural,1882901.40255903,6120.78787678843,1
1202,206743,"182862066235234",Saru Abhoyapuria,Tengakhat,Dibrugarh,Assam,India,Saru Abhoyapuria,,Saru Abhoyapuria,291604,2066,286,18,"291604",1.84677931,Village,Rural,2350961.75173669,6984.24298520206,
1203,206602,"182862066235273",Sarupathar Bengali CT,Tengakhat,Dibrugarh,Assam,India,Sarupathar Bengali (CT),,Sarupathar Bengali (CT),291704,2066,286,18,"291704",2.50019337,Town,Urban,3181547.09710172,7171.69041737436,
1204,206336,"182862065234971",Sarupathar Bongali,Chabua,Dibrugarh,Assam,India,Sarupathar Bongali,,Sarupathar Bongali,291455,2065,286,18,"291455",0.91068464,Village,Rural,1161001.26579734,6447.46260884133,
1205,205084,"182862065234969",Sarupathar Gaon,Chabua,Dibrugarh,Assam,India,Sarupathar Gaon,,Sarupathar Gaon,291457,2065,286,18,"291457",1.01421714,Village,Rural,1292890.00390095,6345.00012549043,
1206,212347,"182862066235265",Sarupather Gaon,Tengakhat,Dibrugarh,Assam,India,Sarupather Gaon,,Sarupather Gaon,291517,2066,286,18,"291517",0.10418229,Village,Rural,132593.85317601,1528.92532973989,
1207,211347,"182862067235723",Sarupather No 1,Moran,Dibrugarh,Assam,India,Sarupather No.1,,Sarupather,291979,2067,286,18,"291979",0.85911534,Village,Rural,1089678.41437622,5027.18423452717,1
1208,211478,"182862067235858",Sarupather No 2,Moran,Dibrugarh,Assam,India,Sarupather No.2,,Sarupather,291980,2067,286,18,"291980",0.38483822,Village,Rural,488169.793579553,2650.39420950538,1
1209,206768,"182862064234911",Sarupothar Gaon,Dibrugarh East,Dibrugarh,Assam,India,Sarupothar Gaon,,Sarupothar Gaon,291290,2064,286,18,"291290",3.20919754,Village,Rural,4093603.62765886,8430.74616889477,
1210,206452,"182862069235664",Sasoni,Naharkatiya,Dibrugarh,Assam,India,Sasoni,,Sasoni,292266,2069,286,18,"292266",1.97261179,Village,Rural,2507918.0553191,6744.75645306923,
1211,206453,"182862069235657",Sasoni Pather Gaon,Naharkatiya,Dibrugarh,Assam,India,Sasoni Pather Gaon,,Sasoni Pather Gaon,292265,2069,286,18,"292265",1.77102185,Village,Rural,2251768.83516474,6879.12273854968,
1212,206297,"182862069235633",Satyanarayan Chah Bagicha,Naharkatiya,Dibrugarh,Assam,India,Satyanarayan Chah Bagicha,,Satyanarayan Chah Bagicha,292354,2069,286,18,"292354",1.30074554,Village,Rural,1652381.18201085,6085.30456897838,
1213,206349,"182862069235597",Satyanarayan Chah Bagicha,Naharkatiya,Dibrugarh,Assam,India,Satyanarayan Chah Bagicha,,Satyanarayan Chah Bagicha,292379,2069,286,18,"292379",1.19131669,Village,Rural,1512875.88653063,5185.89495499013,
1214,206705,"182862065234953",Sealkati Te,Chabua,Dibrugarh,Assam,India,Sealkati T.E. 206/253 Nlr,,Sealkati T.E.,291461,2065,286,18,"291461",5.26863895,Village,Rural,6713689.92546629,11744.2444809347,
1215,205354,"182862065235016",Sealkati T E 252 No Nlr,Chabua,Dibrugarh,Assam,India,Sealkati T.E. 252 No.Nlr,,Sealkati T.E.,291460,2065,286,18,"291460",3.19114083,Village,Rural,4067599.19797294,7952.18889184029,
1216,210569,"182862067235983",Sensua Pukhuri,Moran,Dibrugarh,Assam,India,Sensua Pukhuri No.2,,Sensua Pukhuri,291792,2067,286,18,"291792",0.43962449,Village,Rural,558100.659550357,3384.12612044943,1
1217,205131,"182862067235980",Sensuwa Pukhuri Gaon,Moran,Dibrugarh,Assam,India,Sensuwa Pukhuri Gaon,,Sensuwa Pukhuri Gaon,291854,2067,286,18,"291854",0.62149451,Village,Rural,788924.111592004,3899.99241108178,1
1218,210574,"182862067235717",Sepon Chah Bagicha,Moran,Dibrugarh,Assam,India,Sepon Chah Bagicha 107/110 Nlr,,Sepon Chah Bagicha,291958,2067,286,18,"291958",1.48769865,Village,Rural,1885297.73438296,5932.28311565466,1
1219,205218,"182862067235718",Sepon Chah Bagicha,Moran,Dibrugarh,Assam,India,Sepon Chah Bagicha 18/21 Nlr G,,Sepon Chah Bagicha,291962,2067,286,18,"291962",2.56139925,Village,Rural,3246465.35505371,7473.91083500109,1
1220,210573,"182862067235716",Sepon Chah Bagicha,Moran,Dibrugarh,Assam,India,Sepon Chah Bagicha 207/25 & 44,,Sepon Chah Bagicha,291957,2067,286,18,"291957",0.62973224,Village,Rural,797945.588377564,4568.16663573278,1
1221,210582,"182862067235876",Sepon Chah Bagicha,Moran,Dibrugarh,Assam,India,Sepon Chah Bagicha 224/122&116,,Sepon Chah Bagicha,291961,2067,286,18,"291961",0.77486903,Village,Rural,982098.095180736,4863.37239867535,1
1222,210581,"182862067235884",Sepon Grant,Moran,Dibrugarh,Assam,India,Sepon 284 Nlr Grant,,Sepon Grant,291963,2067,286,18,"291963",1.20403406,Village,Rural,1526257.07119742,5380.17205102339,1
1223,210517,"182862065234961",Sessa Kasa,Chabua,Dibrugarh,Assam,India,Sessa Kasa,,Sessa Kasa,291476,2065,286,18,"291476",1.52713283,Village,Rural,1945961.8010845,6972.91041073969,
1224,211466,"182862063234738",Sessakiner Bridhi Blook,Dibrugarh West,Dibrugarh,Assam,India,Sessakiner Bridhi Blook,,Sessakiner Bridhi Blook,291179,2063,286,18,"291179",0.76322512,Village,Rural,970283.95510006,4294.88344213664,1
1225,210681,"182862063234737",Sessakiner Gaon,Dibrugarh West,Dibrugarh,Assam,India,Sessakiner Gaon,,Sessakiner Gaon,291181,2063,286,18,"291181",2.37606065,Village,Rural,3021092.26516069,9516.26079197819,1
1226,211840,"182862063234747",Sessakuch Gaon No 1,Dibrugarh West,Dibrugarh,Assam,India,Sessakuch Gaon No.1,,Sessakuch Gaon,291170,2063,286,18,"291170",0.61588492,Village,Rural,783491.283746387,4037.89270029233,1
1227,210679,"182862063234748",Sessakuch Gaon No 2,Dibrugarh West,Dibrugarh,Assam,India,Sessakuch Gaon No.2,,Sessakuch Gaon,291169,2063,286,18,"291169",1.76622779,Village,Rural,2246671.9674033,7638.39679825994,1
1228,211841,"182862063234756",Sessakuch Gaon No 3,Dibrugarh West,Dibrugarh,Assam,India,Sessakuch Gaon No.3,,Sessakuch Gaon,291167,2063,286,18,"291167",0.13070243,Village,Rural,166270.102766927,1701.86938456241,1
1229,205124,"182862063234758",Sessakuch Gaon No 4,Dibrugarh West,Dibrugarh,Assam,India,Sessakuch Gaon No.4,,Sessakuch Gaon,291166,2063,286,18,"291166",1.38706833,Village,Rural,1764596.85265254,6668.26826130302,1
1230,205223,"182862063234678",Sessakuch N C,Dibrugarh West,Dibrugarh,Assam,India,Sessakuch N.C.,,Sessakuch N.C.,291104,2063,286,18,"291104",2.7016493,Village,Rural,3442429.70097585,8096.85998777871,1
1231,205402,"182862063234732",Sessamukh Gaon,Dibrugarh West,Dibrugarh,Assam,India,Sessamukh Gaon,,Sessamukh Gaon,291185,2063,286,18,"291185",1.30179758,Village,Rural,1654434.13450169,6168.36634933773,1
1232,206471,"182862068235480",Sessa Nepali,Tingkhong,Dibrugarh,Assam,India,Sessa Nepali,,Sessa Nepali,292014,2068,286,18,"292014",1.48352811,Village,Rural,1886667.62619183,7414.89144007952,
1233,205338,"182862063234770",Sessa T E,Dibrugarh West,Dibrugarh,Assam,India,Sessa T.E. 14/153 Orr Grant,,Sessa T.E.,291146,2063,286,18,"291146",3.06262129,Village,Rural,3900446.14569416,10682.2419533954,1
1234,206294,"182862063234836",Shahjan Gaon,Dibrugarh West,Dibrugarh,Assam,India,Shahjan Gaon No.2,,Shahjan Gaon,291069,2063,286,18,"291069",3.8477404,Village,Rural,4899100.10556917,11285.0576936407,0.820359281734554
1235,206382,"182862063234818",Shajan Gaon,Dibrugarh West,Dibrugarh,Assam,India,Shajan Gaon No.1,,Shajan Gaon,291075,2063,286,18,"291075",0.62793663,Village,Rural,799481.996346805,5272.19380210744,1
1236,210344,"182862065235018",Sialkati Grant T E,Chabua,Dibrugarh,Assam,India,Sialkati Grant (T.E.),,Sialkati Grant (T.E.),291444,2065,286,18,"291444",2.45764596,Village,Rural,3133803.82814476,8425.42868710451,
1237,211443,"182862067235990",Silputa Gaon,Moran,Dibrugarh,Assam,India,No.4 Silputa Gaon,,Silputa Gaon,291787,2067,286,18,"291787",0.60657515,Village,Rural,769826.574895092,4284.02758809553,1
1238,211134,"182862067235992",Silputa No 1,Moran,Dibrugarh,Assam,India,Silputa No.1,,Silputa,291785,2067,286,18,"291785",1.9547144,Village,Rural,2482566.90534355,7018.76103179169,1
1239,210570,"182862067235985",Silputa No 2,Moran,Dibrugarh,Assam,India,Silputa No.2,,Silputa,291789,2067,286,18,"291789",0.55108609,Village,Rural,699713.785636446,6253.43984059055,1
1240,211456,"182862067235987",Silputa No 3,Moran,Dibrugarh,Assam,India,Silputa No.3,,Silputa,291790,2067,286,18,"291790",0.19981899,Village,Rural,253795.901082993,2466.65143049062,1
1241,205266,"182862067236323",Silputa No 5,Moran,Dibrugarh,Assam,India,Silputa No.5,,Silputa,291784,2067,286,18,"291784",1.15423847,Village,Rural,1465783.32191557,5513.62700967805,1
1242,206482,"182862067235915",Silsili Demowkinar,Moran,Dibrugarh,Assam,India,Silsili Demowkinar,,Silsili Demowkinar,291865,2067,286,18,"291865",2.24872277,Village,Rural,2853753.00761968,8362.86321321036,1
1243,211442,"182862067235925",Silsili Kalalur Kochari Gaon,Moran,Dibrugarh,Assam,India,Silsili Kalalur Kochari Gaon,,Silsili Kalalur Kochari Gaon,291864,2067,286,18,"291864",0.61132577,Village,Rural,775812.825603778,3411.38227444241,1
1244,211338,"182862065235065",Simal Chapori,Chabua,Dibrugarh,Assam,India,Simal Chapori,,Simal Chapori,291363,2065,286,18,"291363",1.72775679,Village,Rural,2211013.42890088,6845.14103059977,
1245,205194,"182862068235393",Simaluguri,Tingkhong,Dibrugarh,Assam,India,Simaluguri,,Simaluguri,292211,2068,286,18,"292211",0.89919711,Village,Rural,1140694.21065038,4722.88364973202,
1246,211475,"182862063234711",Simoluguri Gaon,Dibrugarh West,Dibrugarh,Assam,India,Simoluguri Gaon,,Simoluguri Gaon,291213,2063,286,18,"291213",0.55720667,Village,Rural,708290.088189415,3981.9165654701,1
1247,211440,"182862067235903",Singrijan No 1,Moran,Dibrugarh,Assam,India,Singrijan No.1,,Singrijan,291923,2067,286,18,"291923",0.51801514,Village,Rural,657121.836656659,5227.64384227325,1
1248,206488,"182862067235905",Singrijan No 1,Moran,Dibrugarh,Assam,India,Singrijan No.1,,Singrijan,291931,2067,286,18,"291931",2.08049706,Village,Rural,2638800.89554563,12686.1186988688,1
1249,205393,"182862068235503",Sisumoria,Tingkhong,Dibrugarh,Assam,India,Sisumoria,,Sisumoria,292145,2068,286,18,"292145",1.0891953,Village,Rural,1382721.87057835,5943.73845114171,
1250,205221,"182862068235505",Sisumuria Borpather,Tingkhong,Dibrugarh,Assam,India,Sisumuria Borpather,,Sisumuria Borpather,292156,2068,286,18,"292156",3.03185046,Village,Rural,3847950.7771288,10427.9145247454,
1251,211451,"182862067235928",Sologuri Bongali,Moran,Dibrugarh,Assam,India,Sologuri Bongali,,Sologuri Bongali,291916,2067,286,18,"291916",1.01748313,Village,Rural,1290809.24395636,4630.87780784575,1
1252,205517,"182862067235926",Sologuri No 1,Moran,Dibrugarh,Assam,India,Sologuri No.1,,Sologuri,291917,2067,286,18,"291917",1.14629713,Village,Rural,1454231.96316396,5462.26184435103,1
1253,211453,"182862067235912",Sologuri No 2,Moran,Dibrugarh,Assam,India,Sologuri No.2,,Sologuri,291918,2067,286,18,"291918",1.84382214,Village,Rural,2339070.28447263,8473.78242133845,1
1254,206537,"182862063234718",Sonowal Gaon,Dibrugarh West,Dibrugarh,Assam,India,Sonowal Gaon,,Sonowal Gaon,291175,2063,286,18,"291175",0.5015675,Village,Rural,637712.097997849,3248.37438901484,1
1255,205258,"182862068235426",Sorojini T E,Tingkhong,Dibrugarh,Assam,India,Sorojini T.E.,,Sorojini T.E.,292136,2068,286,18,"292136",2.91080787,Village,Rural,3695029.12313036,8077.93571534569,
1256,206615,"182862068235493",Sripuria Sriparia,Tingkhong,Dibrugarh,Assam,India,Sripuria (Sriparia),,Sripuria (Sriparia),292144,2068,286,18,"292144",0.84323455,Village,Rural,1070347.51442344,4235.06061327623,
1257,206388,"182862063234807",Subachuk Gaon,Dibrugarh West,Dibrugarh,Assam,India,Subachuk Gaon,,Subachuk Gaon,291120,2063,286,18,"291120",2.04969295,Village,Rural,2609398.11568758,6873.13692102835,1
1258,205395,"182862068235434",Sukani,Tingkhong,Dibrugarh,Assam,India,Sukani,,Sukani,292076,2068,286,18,"292076",2.58322353,Village,Rural,3279987.93351891,7432.0152652167,
1259,205198,"182862068235356",Sukani Pather Block,Tingkhong,Dibrugarh,Assam,India,Sukani Pather Block,,Sukani Pather Block,292179,2068,286,18,"292179",1.64626143,Village,Rural,2088409.0623154,8404.00397352394,
1260,206525,"182862068235521",Sukan Pather,Tingkhong,Dibrugarh,Assam,India,Sukan Pather,,Sukan Pather,292052,2068,286,18,"292052",1.19455949,Village,Rural,1517534.28643151,5430.03676159559,
1261,212328,"182862068235362",Sukar Pather,Tingkhong,Dibrugarh,Assam,India,Sukar Pather,,Sukar Pather,292176,2068,286,18,"292176",0.21580258,Village,Rural,273741.37345499,2367.03455573204,
1262,206584,"182862063234783",Suta Bogpara,Dibrugarh West,Dibrugarh,Assam,India,Suta Bogpara 10/165 (B),,Suta Bogpara,291094,2063,286,18,"291094",3.58705992,Village,Rural,4572267.6407759,12467.2630381214,1
1263,205153,"182862063234782",Suta Bogpar T E,Dibrugarh West,Dibrugarh,Assam,India,Suta Bogpar T.E.10/165 O.R(A) Grant,,Suta Bogpar T.E.,291101,2063,286,18,"291101",1.9102584,Village,Rural,2434439.26984068,6341.20489772877,1
1264,205307,"182862069235651",Tairai Gaon,Naharkatiya,Dibrugarh,Assam,India,Tairai Gaon,,Tairai Gaon,292305,2069,286,18,"292305",1.36843701,Village,Rural,1738959.19892905,5691.13449377105,
1265,206792,"182862069235706",Takaubill No 1,Naharkatiya,Dibrugarh,Assam,India,Takaubill No.1,,Takaubill,292244,2069,286,18,"292244",1.77521311,Village,Rural,2258365.12330789,8745.84492735747,
1266,212324,"182862069235705",Takaubill No 2,Naharkatiya,Dibrugarh,Assam,India,Takaubill No.2,,Takaubill,292248,2069,286,18,"292248",0.76653752,Village,Rural,975020.573435674,4918.45156526829,
1267,210625,"182862064234894",Tamulbari Te,Dibrugarh East,Dibrugarh,Assam,India,Tamulbari T.E.40/43 Nlr,,Tamulbari T.E.,291318,2064,286,18,"291318",0.73275694,Village,Rural,933854.549915257,4905.3453128681,
1268,210624,"182862064234895",Tamulbari Te,Dibrugarh East,Dibrugarh,Assam,India,Tamulbari T.E.43/46 Nlr,,Tamulbari T.E.,291319,2064,286,18,"291319",1.7063776,Village,Rural,2174445.31559093,7889.56421437805,
1269,210622,"182862064234901",Tamulbari Te,Dibrugarh East,Dibrugarh,Assam,India,Tamulbari T.E.90/93 Nlr,,Tamulbari T.E.,291317,2064,286,18,"291317",1.27279203,Village,Rural,1621702.73332844,6293.10696941666,
1270,212360,"182862064234899",Tamulbari T E,Dibrugarh East,Dibrugarh,Assam,India,Tamulbari T.E.,,Tamulbari T.E.,291312,2064,286,18,"291312",1.92054263,Village,Rural,2447210.44665277,8245.88716562067,
1271,206489,"182862066235222",Tamuli Khat,Tengakhat,Dibrugarh,Assam,India,Tamuli Khat,,Tamuli Khat,291608,2066,286,18,"291608",2.37551275,Village,Rural,3024561.61475004,6942.01837810065,
1272,206636,"182862068235361",Tangapather,Tingkhong,Dibrugarh,Assam,India,Tangapather,,Tangapather,292177,2068,286,18,"292177",0.55060277,Village,Rural,698512.458140117,3282.72142666688,
1273,205303,"182862069235536",Tanti Pather,Naharkatiya,Dibrugarh,Assam,India,Tanti Pather,,Tanti Pather,292391,2069,286,18,"292391",1.57833515,Village,Rural,2004987.37316038,6041.34094210393,
1274,205099,"182862067235891",Tarajan,Moran,Dibrugarh,Assam,India,Tarajan,,Tarajan,291937,2067,286,18,"291937",1.24934688,Village,Rural,1584502.5563859,6395.41108799669,1
1275,205440,"182862069235530",Tarajan Chah Bagicha,Naharkatiya,Dibrugarh,Assam,India,Tarajan Chah Bagicha,,Tarajan Chah Bagicha,292336,2069,286,18,"292336",12.20621929,Village,Rural,15511862.2886788,19834.5864263037,
1276,205272,"182862069235656",Tarani Pathar,Naharkatiya,Dibrugarh,Assam,India,Tarani Pathar,,Tarani Pathar,292308,2069,286,18,"292308",1.62893206,Village,Rural,2070710.82462862,6799.23706364509,
1277,205068,"182862069235553",Taratali Gaon,Naharkatiya,Dibrugarh,Assam,India,Taratali Gaon,,Taratali Gaon,292403,2069,286,18,"292403",1.88925936,Village,Rural,2398208.13030748,7468.86197702283,
1278,206781,"182862067235919",Telia Pather,Moran,Dibrugarh,Assam,India,Telia Pather,,Telia Pather,291920,2067,286,18,"291920",0.26247725,Village,Rural,333035.273706135,2726.41786000536,1
1279,205519,"182862067235844",Teloibari Bengali,Moran,Dibrugarh,Assam,India,Teloibari Bengali,,Teloibari Bengali,291882,2067,286,18,"291882",0.7170206,Village,Rural,910366.539421004,3707.36154146037,1
1280,206356,"182862067235850",Teloibari Block Gaon,Moran,Dibrugarh,Assam,India,Teloibari Block Gaon,,Teloibari Block Gaon,291900,2067,286,18,"291900",1.55272656,Village,Rural,1970841.770615,6465.4855190179,1
1281,210862,"182862067235842",Teloibari Gaon,Moran,Dibrugarh,Assam,India,Teloibari Gaon,,Teloibari Gaon,291842,2067,286,18,"291842",0.54032574,Village,Rural,686116.729896327,3700.75445700197,1
1282,210865,"182862067235843",Teloibari Nepali,Moran,Dibrugarh,Assam,India,Teloibari Nepali,,Teloibari Nepali,291881,2067,286,18,"291881",0.82975491,Village,Rural,1053528.75742647,5401.23701315326,1
1283,206731,"182862067235787",Teloijan Darkhasta,Moran,Dibrugarh,Assam,India,Teloijan Darkhasta No.26,,Teloijan Darkhasta,291894,2067,286,18,"291894",0.98384291,Village,Rural,1249465.97283559,4766.29205697817,1
1284,211537,"182862067235735",Teloijan Darkhsta,Moran,Dibrugarh,Assam,India,Teloijan Darkhsta No.25,,Teloijan Darkhsta,292003,2067,286,18,"292003",0.93715648,Village,Rural,1189788.27309623,4827.85838744921,1
1285,206522,"182862067235734",Teloijan Gaon,Moran,Dibrugarh,Assam,India,Teloijan Gaon,,Teloijan Gaon,292002,2067,286,18,"292002",1.11482601,Village,Rural,1415515.96077953,5520.35820733021,1
1286,211768,"182862067235831",Teloijan Shahmiadi,Moran,Dibrugarh,Assam,India,Teloijan No.1 Shahmiadi,,Teloijan Shahmiadi,291887,2067,286,18,"291887",0.36311108,Village,Rural,461221.607487748,2597.55729678538,1
1287,206373,"182862067235739",Teloikinar Bongali,Moran,Dibrugarh,Assam,India,Teloikinar Bongali,,Teloikinar Bongali,291888,2067,286,18,"291888",2.5549718,Village,Rural,3245467.8206017,10158.06033035,1
1288,210887,"182862067235783",Teloikinar Gaon,Moran,Dibrugarh,Assam,India,Teloikinar Gaon,,Teloikinar Gaon,291834,2067,286,18,"291834",0.84891795,Village,Rural,1078442.89631589,5024.51483378301,1
1289,210879,"182862066235074",Telpani Ban Gaon R F,Tengakhat,Dibrugarh,Assam,India,Telpani Ban Gaon R/F,,Telpani Ban Gaon R/F,291702,2066,286,18,"291702",4.29321228,Village,Rural,5461263.2760595,10498.8788575394,
1290,211395,"182862064234856",Telpani Block Gaon,Dibrugarh East,Dibrugarh,Assam,India,Telpani Block Gaon,,Telpani Block Gaon,291351,2064,286,18,"291351",4.25839796,Village,Rural,5419174.75501014,15888.8379756464,
1291,210897,"182862066235200",Telpani R V,Tengakhat,Dibrugarh,Assam,India,Telpani R/V,,Telpani R/V,291700,2066,286,18,"291700",1.80554426,Village,Rural,2297491.99114602,7478.70367765639,
1292,210875,"182862067235778",Tenga Koch Tengai Koch,Moran,Dibrugarh,Assam,India,Tenga Koch (Tengai Koch),,Tenga Koch (Tengai Koch),291830,2067,286,18,"291830",2.43973511,Village,Rural,3099834.56043247,8032.32760928106,1
1293,206758,"182862063234785",Tepargaon,Dibrugarh West,Dibrugarh,Assam,India,Tepargaon,,Tepargaon,291091,2063,286,18,"291091",2.28322102,Village,Rural,2910430.73550107,7709.01634188143,1
1294,205171,"182862063234808",Tepar Pather Gaon,Dibrugarh West,Dibrugarh,Assam,India,Tepar Pather Gaon,,Tepar Pather Gaon,291119,2063,286,18,"291119",2.37694901,Village,Rural,3026622.12793098,7873.01843311584,1
1295,211448,"182862067235859",Tepojan,Moran,Dibrugarh,Assam,India,Tepojan,,Tepojan,291976,2067,286,18,"291976",0.36269948,Village,Rural,460077.073855408,3143.73688540183,1
1296,206508,"182862067235860",Tepojan No 2,Moran,Dibrugarh,Assam,India,Tepojan No.2,,Tepojan,291977,2067,286,18,"291977",1.68248193,Village,Rural,2134336.13705687,8071.56421527236,1
1297,205072,"182862067235947",Teporchal Bamgaon,Moran,Dibrugarh,Assam,India,Teporchal Bamgaon,,Teporchal Bamgaon,291868,2067,286,18,"291868",0.92289167,Village,Rural,1171084.28453778,4931.46589852394,1
1298,205176,"182862064234861",Tepor Chali,Dibrugarh East,Dibrugarh,Assam,India,Tepor Chali,,Tepor Chali,291339,2064,286,18,"291339",2.23205652,Village,Rural,2841658.04361812,6940.86170543744,
1299,206587,"182862067235948",Teporchali Chetia Block,Moran,Dibrugarh,Assam,India,Teporchali Chetia Block,,Teporchali Chetia Block,291869,2067,286,18,"291869",1.75062495,Village,Rural,2221768.71446056,8466.71867451594,1
1300,205263,"182862067235873",Tetonbari Borbam,Moran,Dibrugarh,Assam,India,Tetonbari Borbam,,Tetonbari Borbam,291952,2067,286,18,"291952",0.85592997,Village,Rural,1084512.52949687,4471.42873554656,1
1301,205264,"182862067235875",Tetun Bari,Moran,Dibrugarh,Assam,India,Tetun Bari,,Tetun Bari,291959,2067,286,18,"291959",0.87551233,Village,Rural,1109316.51173781,5209.60642293808,1
1302,205466,"182862065235044",Thanaichuk,Chabua,Dibrugarh,Assam,India,Thanaichuk,,Thanaichuk,291386,2065,286,18,"291386",1.80017644,Village,Rural,2297475.55674599,7181.12176313886,
1303,211795,"182862065235057",Thanai T E,Chabua,Dibrugarh,Assam,India,Thanai T.E.,,Thanai T.E.,291384,2065,286,18,"291384",2.6806615,Village,Rural,3421665.351885,7933.75992901307,
1304,205364,"182862063234804",Thangal Gaon,Dibrugarh West,Dibrugarh,Assam,India,Thangal Gaon,,Thangal Gaon,291121,2063,286,18,"291121",2.98370764,Village,Rural,3797692.57627512,7887.75490595155,1
1305,205259,"182862068235437",Thekeraguri,Tingkhong,Dibrugarh,Assam,India,Thekeraguri,,Thekeraguri,292082,2068,286,18,"292082",3.54234029,Village,Rural,4497351.29000907,12883.141152342,
1306,206386,"182862067235774",Thengal,Moran,Dibrugarh,Assam,India,Thengal,,Thengal,291762,2067,286,18,"291762",1.17930688,Village,Rural,1499378.72677305,5898.97807230198,1
1307,210886,"182862067235775",Thengal Gaon,Moran,Dibrugarh,Assam,India,Thengal Gaon No.2,,Thengal Gaon,291828,2067,286,18,"291828",3.68579594,Village,Rural,4683598.63215742,14058.2965573577,1
1308,205226,"182862067235772",Thengal N C,Moran,Dibrugarh,Assam,India,Thengal N.C. - 3,,Thengal N.C.,291761,2067,286,18,"291761",1.35848345,Village,Rural,1726815.59779602,6319.30164948086,1
1309,210874,"182862067235776",Thengal No 1,Moran,Dibrugarh,Assam,India,Thengal No.1,,Thengal,291809,2067,286,18,"291809",1.19477097,Village,Rural,1518712.5285723,5797.81067298077,1
1310,205144,"182862068235506",Thulaichuk,Tingkhong,Dibrugarh,Assam,India,Thulaichuk,,Thulaichuk,292153,2068,286,18,"292153",3.43152241,Village,Rural,4354167.08434441,10955.2713890977,
1311,210666,"182862067235724",Tikhari Chah Co Darkasta No,Moran,Dibrugarh,Assam,India,Tikhari Chah Co. Darkasta No,,Tikhari Chah Co. Darkasta No,291981,2067,286,18,"291981",0.291722,Village,Rural,370037.161309124,3702.19550966646,1
1312,210859,"182862067236010",Tikhori Bongali,Moran,Dibrugarh,Assam,India,Tikhori Bongali,,Tikhori Bongali,291992,2067,286,18,"291992",0.57786488,Village,Rural,733201.15249067,4960.35143666606,1
1313,205363,"182862066235091",Tikirabali,Tengakhat,Dibrugarh,Assam,India,Tikirabali,,Tikirabali,291645,2066,286,18,"291645",1.28560205,Village,Rural,1635515.1082116,6353.19916141946,
1314,211520,"182862066235090",Tikirabali N C,Tengakhat,Dibrugarh,Assam,India,Tikirabali N.C.,,Tikirabali N.C.,291646,2066,286,18,"291646",1.2402703,Village,Rural,1577727.52257563,8420.47749073395,
1315,210861,"182862067235849",Tiliki Amguri,Moran,Dibrugarh,Assam,India,Tiliki Amguri,,Tiliki Amguri,291899,2067,286,18,"291899",0.53138958,Village,Rural,674558.208386757,3729.94992174054,1
1316,205331,"182862064234919",Timona Gaon,Dibrugarh East,Dibrugarh,Assam,India,Timona Gaon,,Timona Gaon,291315,2064,286,18,"291315",2.11461311,Village,Rural,2693957.24752371,7352.00920048048,1
1317,205437,"182862063234746",Tinchukia Gaon,Dibrugarh West,Dibrugarh,Assam,India,Tinchukia Gaon,,Tinchukia Gaon,291130,2063,286,18,"291130",1.87776847,Village,Rural,2388938.6002681,7907.4640089182,1
1318,205456,"182862063234790",Tingkhong Gaon,Dibrugarh West,Dibrugarh,Assam,India,Tingkhong Gaon,,Tingkhong Gaon,291085,2063,286,18,"291085",3.10122149,Village,Rural,3953682.73388233,8484.64499389132,0.833576642611311
1319,205451,"182862066235248",Tingrai Borhula,Tengakhat,Dibrugarh,Assam,India,Tingrai Borhula,,Tingrai Borhula,291496,2066,286,18,"291496",2.38785614,Village,Rural,3041008.52693079,7117.42974978769,
1320,211846,"182862066235104",Tingrai Chaariali,Tengakhat,Dibrugarh,Assam,India,Tingrai Chaariali,,Tingrai Chaariali,291598,2066,286,18,"291598",0.81631284,Village,Rural,1039000.60981033,5442.82219240057,
1321,205202,"182862066235099",Tingrai Dom Gaon,Tengakhat,Dibrugarh,Assam,India,Tingrai Dom Gaon,,Tingrai Dom Gaon,291662,2066,286,18,"291662",1.17945146,Village,Rural,1501107.62975314,5486.60141251273,
1322,206500,"182862069235674",Tingrai Doom Gaon,Naharkatiya,Dibrugarh,Assam,India,Tingrai Doom Gaon No.2,,Tingrai Doom Gaon,292252,2069,286,18,"292252",0.58845718,Village,Rural,748860.349421343,4571.73859379106,
1323,205521,"182862069235673",Tingrai Doom Gaon Tingrai,Naharkatiya,Dibrugarh,Assam,India,Tingrai Doom Gaon No.1 (Tingrai),,Tingrai Doom Gaon (Tingrai),292251,2069,286,18,"292251",1.05907402,Village,Rural,1347655.78465416,5300.17815124431,
1324,205215,"182862066235238",Tingrai Gaon,Tengakhat,Dibrugarh,Assam,India,Tingrai Gaon,,Tingrai Gaon,291602,2066,286,18,"291602",2.95715107,Village,Rural,3765385.61061773,11958.5662252936,
1325,205336,"182862066235241",Tingrai Holla,Tengakhat,Dibrugarh,Assam,India,Tingrai Holla,,Tingrai Holla,291601,2066,286,18,"291601",1.103284,Village,Rural,1404380.19749823,5710.97345721587,
1326,210345,"182862066235242",Tingrai N C,Tengakhat,Dibrugarh,Assam,India,Tingrai N.C.,,Tingrai N.C.,291599,2066,286,18,"291599",3.4202032,Village,Rural,4354053.21151433,11479.8828475856,
1327,205358,"182862066235101",Tingrai Nepali No 1,Tengakhat,Dibrugarh,Assam,India,Tingrai Nepali No.1,,Tingrai Nepali,291664,2066,286,18,"291664",1.52447127,Village,Rural,1939950.14174652,6871.62281766437,
1328,206593,"182862066235100",Tingrai Nepali No 2,Tengakhat,Dibrugarh,Assam,India,Tingrai Nepali No.2,,Tingrai Nepali,291663,2066,286,18,"291663",0.65153974,Village,Rural,829176.52457924,4778.6248957531,
1329,206688,"182862066235266",Tingri T E Co Darkhasta,Tengakhat,Dibrugarh,Assam,India,Tingri T.E. Co-Darkhasta,,Tingri T.E. Co-Darkhasta,291514,2066,286,18,"291514",2.85587628,Village,Rural,3635233.78714181,7744.71381151834,
1330,206533,"182862068235484",Tingthengia,Tingkhong,Dibrugarh,Assam,India,Tingthengia,,Tingthengia,292026,2068,286,18,"292026",1.59874721,Village,Rural,2031512.40549932,6100.19972922093,
1331,206698,"182862066235225",Tinikuria,Tengakhat,Dibrugarh,Assam,India,Tinikuria,,Tinikuria,291487,2066,286,18,"291487",1.04490122,Village,Rural,1331025.80031648,5350.8203931549,
1332,205529,"182862069235534",Tipam Fakial,Naharkatiya,Dibrugarh,Assam,India,Tipam Fakial,,Tipam Fakial,292339,2069,286,18,"292339",3.2082243,Village,Rural,4077001.83352124,9791.95629474004,
1333,205434,"182862069235529",Tipam Fakial Nepali,Naharkatiya,Dibrugarh,Assam,India,Tipam Fakial Nepali,,Tipam Fakial Nepali,292337,2069,286,18,"292337",3.52929427,Village,Rural,4484030.27955553,9854.99262762721,
1334,205530,"182862069235535",Tipam Gaon,Naharkatiya,Dibrugarh,Assam,India,Tipam Gaon,,Tipam Gaon,292338,2069,286,18,"292338",1.67915342,Village,Rural,2133466.61092906,6433.49593831249,
1335,205404,"182862068235440",Tipamia Bangali,Tingkhong,Dibrugarh,Assam,India,Tipamia Bangali,,Tipamia Bangali,292078,2068,286,18,"292078",2.65311422,Village,Rural,3369759.3561226,12050.8584574336,
1336,206619,"182862068235497",Tipamia Bongali,Tingkhong,Dibrugarh,Assam,India,Tipamia Bongali No.3,,Tipamia Bongali,292143,2068,286,18,"292143",0.8933529,Village,Rural,1134127.49709776,5102.77913045773,
1337,210358,"182862068235454",Tipamia Dighalia,Tingkhong,Dibrugarh,Assam,India,Tipamia Dighalia,,Tipamia Dighalia,292020,2068,286,18,"292020",1.88703926,Village,Rural,2397793.23174986,6642.2480669542,
1338,205425,"182862068235458",Tipamia Dighalia,Tingkhong,Dibrugarh,Assam,India,Tipamia Dighalia,,Tipamia Dighalia,292047,2068,286,18,"292047",1.15109544,Village,Rural,1462470.59956087,5945.87516995098,
1339,206702,"182862065234960",Tipamia Gaon,Chabua,Dibrugarh,Assam,India,Tipamia Gaon,,Tipamia Gaon,291473,2065,286,18,"291473",2.88449058,Village,Rural,3675018.98173596,8082.5678177449,
1340,205119,"182862068235403",Tipamia No 1,Tingkhong,Dibrugarh,Assam,India,Tipamia No.1,,Tipamia,292227,2068,286,18,"292227",1.46638293,Village,Rural,1859306.13827675,6178.022774609,
1341,206449,"182862068235498",Tipamia No 2,Tingkhong,Dibrugarh,Assam,India,Tipamia No.2,,Tipamia,292063,2068,286,18,"292063",1.24342387,Village,Rural,1578826.76037763,6184.54001351743,
1342,205423,"182862068235460",Tipania Bangali,Tingkhong,Dibrugarh,Assam,India,Tipania Bangali No.3,,Tipania Bangali,292044,2068,286,18,"292044",1.72767579,Village,Rural,2194849.20141127,10117.5517798501,
1343,206424,"182862066235119",Tipling Purana Ghat,Tengakhat,Dibrugarh,Assam,India,Tipling Purana Ghat,,Tipling Purana Ghat,291681,2066,286,18,"291681",0.26681202,Village,Rural,339390.824548547,3379.93964675587,
1344,206376,"182862068235406",Tipomia,Tingkhong,Dibrugarh,Assam,India,Tipomia No.2,,Tipomia,292199,2068,286,18,"292199",0.64340897,Village,Rural,815990.863307748,4838.36393201601,
1345,210921,"182862066235182",Tipomia Gaon,Tengakhat,Dibrugarh,Assam,India,Tipomia Gaon,,Tipomia Gaon,291551,2066,286,18,"291551",0.71332966,Village,Rural,907770.431721748,4714.10839923507,
1346,205509,"182862064234914",Titadimoru Gaon,Dibrugarh East,Dibrugarh,Assam,India,Titadimoru Gaon,,Titadimoru Gaon,291279,2064,286,18,"291279",2.64950807,Village,Rural,3380095.46773433,8210.42597160758,
1347,205269,"182862065235032",Tiyahjalia Gaon,Chabua,Dibrugarh,Assam,India,Tiyahjalia Gaon,,Tiyahjalia Gaon,291438,2065,286,18,"291438",1.76120293,Village,Rural,2246408.71049749,6376.12319104602,
1348,212319,"182862069235580",Tiyoki,Naharkatiya,Dibrugarh,Assam,India,Tiyoki,,Tiyoki,292326,2069,286,18,"292326",0.51855082,Village,Rural,659185.725892632,3958.88875578244,
1349,210659,"182862069235582",Tiyoki Block,Naharkatiya,Dibrugarh,Assam,India,Tiyoki Block,,Tiyoki Block,292327,2069,286,18,"292327",0.87549812,Village,Rural,1113040.03479309,6040.19883345976,
1350,206337,"182862069235575",Tiyoki Block Kanowar Gaon,Naharkatiya,Dibrugarh,Assam,India,Tiyoki Block (Kanowar Gaon),,Tiyoki Block (Kanowar Gaon),292328,2069,286,18,"292328",0.48757528,Village,Rural,619833.178538695,4205.91694237003,
1351,210920,"182862065236013",Udalguri Gaon,Chabua,Dibrugarh,Assam,India,Udalguri Gaon,,Udalguri Gaon,291398,2065,286,18,"291398",0.20431556,Village,Rural,260900.226811218,2163.74307057604,
1352,205480,"182862065234986",Udalguri Gaon,Chabua,Dibrugarh,Assam,India,Udalguri Gaon,,Udalguri Gaon,291458,2065,286,18,"291458",2.79747559,Village,Rural,3572545.53957227,9933.03407831824,
1353,206502,"182862065234982",Udalguri T E,Chabua,Dibrugarh,Assam,India,Udalguri T.E.,,Udalguri T.E.,291399,2065,286,18,"291399",1.95122509,Village,Rural,2491773.35618783,10600.1914743696,
1354,206423,"182862063234688",Ulom Pather Gaon,Dibrugarh West,Dibrugarh,Assam,India,Ulom Pather Gaon,,Ulom Pather Gaon,291240,2063,286,18,"291240",0.99150499,Village,Rural,1261923.54504939,4776.01189787209,1
1355,205398,"182862069235614",Umatara Chah Bagicha,Tingkhong,Dibrugarh,Assam,India,Umatara Chah Bagicha,,Umatara Chah Bagicha,292363,2068,286,18,"292363",7.06993162,Village,Rural,8972888.85833801,22945.1163711948,
1356,206590,"182862069235708",Uriamguri,Naharkatiya,Dibrugarh,Assam,India,Uriamguri,,Uriamguri,292250,2069,286,18,"292250",2.67908843,Village,Rural,3408333.97937008,7960.69151978401,
1357,206788,"182862069235672",Urimguri Block,Naharkatiya,Dibrugarh,Assam,India,Urimguri Block,,Urimguri Block,292254,2069,286,18,"292254",1.20764628,Village,Rural,1536816.30659301,5629.3374676402,
1358,210515,"182862069235574",Usha Gaon,Naharkatiya,Dibrugarh,Assam,India,Usha Gaon,,Usha Gaon,292330,2069,286,18,"292330",1.13653791,Village,Rural,1444875.4032644,4757.93829887539,
1359,205127,"182862069235572",Ushapur,Naharkatiya,Dibrugarh,Assam,India,Ushapur,,Ushapur,292331,2069,286,18,"292331",0.9638683,Village,Rural,1225143.0919865,4826.1164066352,
1360,210660,"182862069235576",Ushapur Barbam Gaon,Naharkatiya,Dibrugarh,Assam,India,Ushapur Barbam Gaon,,Ushapur Barbam Gaon,292329,2069,286,18,"292329",1.48350482,Village,Rural,1886237.16825914,5488.60517645867,
1361,205290,"182862063234822",Walkhabi Gaon No 1,Dibrugarh West,Dibrugarh,Assam,India,Walkhabi Gaon No.1,,Walkhabi Gaon,291072,2063,286,18,"291072",1.75270472,Village,Rural,2232223.81115298,6665.42139701816,0.888495575405855
1362,205348,"182862063234821",Walkhabi Gaon No 2,Dibrugarh West,Dibrugarh,Assam,India,Walkhabi Gaon No.2,,Walkhabi Gaon,291073,2063,286,18,"291073",2.70487454,Village,Rural,3445129.07537899,8606.61420435424,0.977310924407314
1363,206353,"182862066235216",Wilton,Tengakhat,Dibrugarh,Assam,India,Wilton 22/157 Orr,,Wilton,291481,2066,286,18,"291481",16.62528455,Village,Rural,21175489.9504338,18493.5864489958,
